game,player_id,position,team,season,anytime_td,p_hierarchical_oof,p_pooled_logistic_oof_raw,p_position_logistic_oof_raw,p_lightgbm_conservative_oof_raw,component_fit_max_season
2023_02_BAL_CIN,00-0031235,WR,BAL,2023,0,0.19485287921802164,0.17228573013561965,0.2770316814820601,0.11474342896866578,2022
2023_02_BAL_CIN,00-0034184,RB,BAL,2023,1,0.1647306172148515,0.09553334455961282,0.12024993150134736,0.11531683199562111,2022
2023_02_BAL_CIN,00-0034796,QB,BAL,2023,0,0.1880424708776286,0.159262579617615,0.19554723513575775,0.13744150547799952,2022
2023_02_BAL_CIN,00-0034975,RB,BAL,2023,0,0.1965139531238892,0.049538303839319224,0.0742771273060582,0.10971363908573241,2022
2023_02_BAL_CIN,00-0036158,RB,BAL,2023,0,0.3076740994971221,0.12594033335500396,0.1243192076694738,0.23460439257976354,2022
2023_02_BAL_CIN,00-0036550,WR,BAL,2023,0,0.16048384417643013,0.08492199137437116,0.15555079581165412,0.10086031319581892,2022
2023_02_BAL_CIN,00-0037838,TE,BAL,2023,0,0.11102116612972956,0.10413928989492462,0.17084824259191533,0.09812511753723333,2022
2023_02_BAL_CIN,00-0038046,TE,BAL,2023,0,0.07020154101935483,0.044151007631978934,0.06155426482383221,0.06821991048987325,2022
2023_02_BAL_CIN,00-0039064,WR,BAL,2023,0,0.44901353276122946,0.3726703960472342,0.5093408955519334,0.27647955709889294,2022
2023_02_BAL_CIN,00-0033009,WR,CIN,2023,0,0.18341797808836058,0.14870498631468607,0.09245961650005705,0.17087271004323165,2022
2023_02_BAL_CIN,00-0033897,RB,CIN,2023,0,0.5403174706315277,0.5441660580572295,0.4023881979460555,0.40335100450387945,2022
2023_02_BAL_CIN,00-0034970,TE,CIN,2023,0,0.2171317156236522,0.10687353287526752,0.1292463887313654,0.17517842248632315,2022
2023_02_BAL_CIN,00-0035100,QB,CIN,2023,0,0.046792307572702585,0.00011894102199218658,0.0024577802684672668,0.05085656701696067,2022
2023_02_BAL_CIN,00-0035291,RB,CIN,2023,0,0.09990576053096467,0.06344763628398727,0.06033184884767113,0.06971152554407002,2022
2023_02_BAL_CIN,00-0036410,WR,CIN,2023,1,0.34248839730090697,0.20585855099037811,0.2201883495791429,0.1570185748830434,2022
2023_02_BAL_CIN,00-0036442,QB,CIN,2023,0,0.12247583944598373,0.08503994673347211,0.11455576262894007,0.07277745701018484,2022
2023_02_BAL_CIN,00-0036857,RB,CIN,2023,0,0.12307413467914596,0.05759143587459364,0.057963606481421445,0.08010612028380601,2022
2023_02_BAL_CIN,00-0036900,WR,CIN,2023,0,0.3983141053004968,0.3497268630619136,0.2941481500237973,0.3861879091570235,2022
2023_02_CHI_TB,00-0033925,RB,CHI,2023,0,0.17280284653626832,0.0961858334269222,0.08858892145425884,0.09328495401450564,2022
2023_02_CHI_TB,00-0034827,WR,CHI,2023,0,0.10792293194382041,0.14346069923787216,0.12442864996364943,0.08549468642708986,2022
2023_02_CHI_TB,00-0036290,TE,CHI,2023,0,0.23472343182050548,0.20579600344096785,0.2987255724768069,0.18332993195058334,2022
2023_02_CHI_TB,00-0036309,WR,CHI,2023,0,0.21481135701271037,0.19121851178544863,0.18622433185291942,0.19004670611054988,2022
2023_02_CHI_TB,00-0036326,WR,CHI,2023,1,0.10783454199821563,0.10221719416466479,0.10995174416606388,0.08318823497582396,2022
2023_02_CHI_TB,00-0036906,RB,CHI,2023,0,0.27623560368405087,0.17396147633280729,0.1517402042905649,0.12404927982498423,2022
2023_02_CHI_TB,00-0036945,QB,CHI,2023,1,0.22839579272535193,0.1368787572611873,0.2458635188471042,0.2440232405311954,2022
2023_02_CHI_TB,00-0038941,WR,CHI,2023,0,0.05842426655110433,0.04804855451017202,0.045230375649154934,0.060079296488378904,2022
2023_02_CHI_TB,00-0039021,RB,CHI,2023,0,0.3030586225357953,0.0791457665484097,0.06383884729041274,0.21007548790201946,2022
2023_02_CHI_TB,00-0031408,WR,TB,2023,1,0.3338210022052407,0.3183769226512451,0.3325645929374179,0.23623374318896917,2022
2023_02_CHI_TB,00-0033921,WR,TB,2023,0,0.23573728426982465,0.23129933590120597,0.17805475152972666,0.22384127185806793,2022
2023_02_CHI_TB,00-0034681,RB,TB,2023,0,0.048559700902174874,0.06159199675552988,0.03427753625716855,0.058407661632364355,2022
2023_02_CHI_TB,00-0034855,QB,TB,2023,0,0.21456734217278317,0.1980080132926638,0.30852254458929135,0.2188725905345186,2022
2023_02_CHI_TB,00-0037256,RB,TB,2023,1,0.37855010151452695,0.48928752215195814,0.27160646634960967,0.3230676263752661,2022
2023_02_CHI_TB,00-0037311,TE,TB,2023,0,0.1303026485413108,0.07900240342572233,0.09232963272192224,0.0755413250602866,2022
2023_02_CHI_TB,00-0037487,WR,TB,2023,0,0.11590560273773853,0.0815765073773427,0.06460349407810376,0.0728772674426431,2022
2023_02_CHI_TB,00-0038129,TE,TB,2023,0,0.16887186387561992,0.19406507930634978,0.24022165976937454,0.11876416577128356,2022
2023_02_CHI_TB,00-0038821,WR,TB,2023,0,0.027120256351726546,0.05114822786633443,0.030845218566659737,0.04682445790600447,2022
2023_02_CHI_TB,00-0038951,RB,TB,2023,0,0.16261862650537295,0.10071357533500876,0.04711219183651012,0.09065720011962139,2022
2023_02_CHI_TB,00-0039052,WR,TB,2023,0,0.14077463125277767,0.07505642075975993,0.06806909511573654,0.11177957284311082,2022
2023_02_CLE_PIT,00-0030068,WR,CLE,2023,0,0.0864858455506834,0.03914962858398022,0.05596758009274082,0.09337048306448228,2022
2023_02_CLE_PIT,00-0031544,WR,CLE,2023,0,0.24763583424200286,0.13005275016029338,0.17737269940571987,0.17184728809129657,2022
2023_02_CLE_PIT,00-0033537,QB,CLE,2023,0,0.13911915520533447,0.11547105922531446,0.14329730508315536,0.11960960660181856,2022
2023_02_CLE_PIT,00-0033885,TE,CLE,2023,0,0.14985543138785362,0.11017220932563579,0.13060246508442538,0.12733017676226588,2022
2023_02_CLE_PIT,00-0034364,TE,CLE,2023,0,0.051742444601420745,0.055507698695084304,0.058846537130398766,0.046192062208787014,2022
2023_02_CLE_PIT,00-0034791,RB,CLE,2023,0,0.35519326470775425,0.33088846327028293,0.23914679854800194,0.3097407795941836,2022
2023_02_CLE_PIT,00-0036232,TE,CLE,2023,0,0.12390016874249632,0.09807964585928144,0.08846230232787598,0.07432890885691143,2022
2023_02_CLE_PIT,00-0036233,WR,CLE,2023,0,0.12771946986504001,0.13986298713345185,0.1340258065065953,0.07961040465505577,2022
2023_02_CLE_PIT,00-0036980,WR,CLE,2023,0,0.26282506154263097,0.147617846323325,0.15789970373541873,0.16643801833605046,2022
2023_02_CLE_PIT,00-0037257,WR,CLE,2023,0,0.0410928018438651,0.04069491258928889,0.037936173313475166,0.044752348288642864,2022
2023_02_CLE_PIT,00-0037267,RB,CLE,2023,1,0.22138043798060558,0.19563660850268766,0.17313068095022974,0.21527108199352712,2022
2023_02_CLE_PIT,00-0031428,WR,PIT,2023,0,0.20160105724776878,0.2054943094417782,0.20028333505578205,0.14841924348480368,2022
2023_02_CLE_PIT,00-0035216,WR,PIT,2023,0,0.15194719256482048,0.1002577114377496,0.11002550108134632,0.1433683216907258,2022
2023_02_CLE_PIT,00-0036336,RB,PIT,2023,0,0.0472589320640584,0.03913980269789826,0.04297401560799292,0.07391751500281424,2022
2023_02_CLE_PIT,00-0036893,RB,PIT,2023,0,0.36276605148659347,0.30453266587664896,0.46145940402373287,0.2474845269142725,2022
2023_02_CLE_PIT,00-0036894,TE,PIT,2023,0,0.15525744231770222,0.11982967120710965,0.06950087309403193,0.1202019212257622,2022
2023_02_CLE_PIT,00-0037228,RB,PIT,2023,0,0.28464697677104167,0.1854671988629945,0.18157282010069686,0.16499539002915317,2022
2023_02_CLE_PIT,00-0037247,WR,PIT,2023,1,0.19369573714969845,0.2136091322583967,0.1882251421004042,0.18453856404243596,2022
2023_02_CLE_PIT,00-0037837,WR,PIT,2023,0,0.1484279708184344,0.13537470882886204,0.11146678923373811,0.15728657913775507,2022
2023_02_CLE_PIT,00-0038102,QB,PIT,2023,0,0.12740835227305736,0.09233555907989596,0.07462758642482638,0.06143333502736614,2022
2023_02_GB_ATL,00-0033555,WR,ATL,2023,0,0.25050097733878973,0.14125746585377455,0.2501882845566462,0.1698283841932897,2022
2023_02_GB_ATL,00-0036970,TE,ATL,2023,0,0.21873420181074954,0.12573504615567893,0.2007193175901896,0.15714529505145156,2022
2023_02_GB_ATL,00-0037238,WR,ATL,2023,1,0.13907637099283832,0.15697235155063494,0.21677653541436528,0.10950276941494357,2022
2023_02_GB_ATL,00-0037263,RB,ATL,2023,0,0.5014658379616159,0.3717290473038524,0.2851726315322423,0.33955486439928023,2022
2023_02_GB_ATL,00-0038122,QB,ATL,2023,1,0.1591157536170349,0.11449658442330736,0.08008766003398866,0.11472526911096553,2022
2023_02_GB_ATL,00-0038542,RB,ATL,2023,0,0.49827495968763025,0.43715500795341256,0.3097670254069245,0.3333869429536995,2022
2023_02_GB_ATL,00-0033293,RB,GB,2023,0,0.2872958856462733,0.18792633445358153,0.14115374749363607,0.21585319328645675,2022
2023_02_GB_ATL,00-0035973,RB,GB,2023,0,0.09191198339094275,0.06121579789516252,0.07222491015828991,0.07202064335395023,2022
2023_02_GB_ATL,00-0036264,QB,GB,2023,0,0.1083399636918212,0.08968918743952398,0.07042564755538938,0.09509906660063164,2022
2023_02_GB_ATL,00-0036265,RB,GB,2023,0,0.3267905348498923,0.26307666566723814,0.17353904388486271,0.31089454061497845,2022
2023_02_GB_ATL,00-0037098,WR,GB,2023,0,0.11904247437990323,0.06943845990661718,0.08102990135151285,0.08209587241305444,2022
2023_02_GB_ATL,00-0037816,WR,GB,2023,0,0.18860511653579837,0.10938124679512701,0.09499299450025862,0.14974272545275888,2022
2023_02_GB_ATL,00-0038391,QB,GB,2023,0,0.022855753056418404,0.020039132559082937,0.00932140992504711,0.04698969214910995,2022
2023_02_GB_ATL,00-0038393,WR,GB,2023,1,0.10818632153465346,0.07664031885754119,0.0952714336669572,0.08735158510420046,2022
2023_02_GB_ATL,00-0038465,WR,GB,2023,0,0.06257232939396129,0.06320266913260639,0.06468012836679007,0.05282349702659341,2022
2023_02_GB_ATL,00-0039144,TE,GB,2023,0,0.16748471599920722,0.13869681732024672,0.14280862480142442,0.14478163307488656,2022
2023_02_GB_ATL,00-0039146,WR,GB,2023,1,0.19366465977435998,0.10857007290804581,0.13254353767480395,0.11461733642498112,2022
2023_02_IND_HOU,00-0030431,WR,HOU,2023,0,0.25374848508873915,0.19387771615388727,0.2509257035699639,0.17730647979348943,2022
2023_02_IND_HOU,00-0033591,WR,HOU,2023,0,0.1603489876259102,0.11133514876242886,0.1350761741917392,0.1281921191299261,2022
2023_02_IND_HOU,00-0034208,RB,HOU,2023,0,0.1079534635041931,0.08250491235113896,0.032215463470968174,0.07430024537303262,2022
2023_02_IND_HOU,00-0034383,TE,HOU,2023,0,0.14799676596140388,0.08834182451014723,0.21923843484788288,0.10326213390552423,2022
2023_02_IND_HOU,00-0035250,RB,HOU,2023,0,0.18742525822158362,0.08904659334162426,0.07240952765782191,0.09769697964092296,2022
2023_02_IND_HOU,00-0036554,WR,HOU,2023,1,0.27929881667125844,0.2152007994470911,0.32530746657096443,0.1866931720362213,2022
2023_02_IND_HOU,00-0037258,RB,HOU,2023,0,0.336859918137001,0.2651821256125525,0.17338971644681497,0.2904193632813558,2022
2023_02_IND_HOU,00-0037277,TE,HOU,2023,0,0.05438894461117294,0.055087451143516666,0.08352139955034547,0.06232730752475492,2022
2023_02_IND_HOU,00-0038618,WR,HOU,2023,0,0.028717219374832625,0.044019701118486,0.04686785054801651,0.05043022770922776,2022
2023_02_IND_HOU,00-0038977,WR,HOU,2023,1,0.11897136313814616,0.09911696734427719,0.10583398151890613,0.09866268184067319,2022
2023_02_IND_HOU,00-0039163,QB,HOU,2023,0,0.18772804885211036,0.132043459881,0.17374498249828674,0.12540941669514036,2022
2023_02_IND_HOU,00-0033217,TE,IND,2023,0,0.07392222277003024,0.057454295660927523,0.0697139446552621,0.05381061906833604,2022
2023_02_IND_HOU,00-0036252,WR,IND,2023,0,0.28837541275062695,0.34507496414914385,0.3087751237778882,0.27345614405376817,2022
2023_02_IND_HOU,00-0036493,RB,IND,2023,0,0.38106374975605006,0.3459612944361638,0.2811001767700854,0.3012822377949504,2022
2023_02_IND_HOU,00-0036860,RB,IND,2023,0,0.0746330708985018,0.05668676496607144,0.05737673232124351,0.0671190752262426,2022
2023_02_IND_HOU,00-0036876,TE,IND,2023,1,0.1632515733627643,0.11501622850184766,0.13440098911978898,0.14958902013879494,2022
2023_02_IND_HOU,00-0037292,TE,IND,2023,0,0.05686447557298613,0.04590960875649746,0.046995928407779,0.049673434895128016,2022
2023_02_IND_HOU,00-0037664,WR,IND,2023,0,0.12650054854868087,0.14193918287470803,0.11825055115190695,0.0890461828634691,2022
2023_02_IND_HOU,00-0038397,RB,IND,2023,0,0.05038392747481879,0.04650770774989947,0.047952285723208685,0.05500990101481448,2022
2023_02_IND_HOU,00-0038997,WR,IND,2023,0,0.21220038720975942,0.21367587468851212,0.19507213596685602,0.1785750544717381,2022
2023_02_IND_HOU,00-0039164,QB,IND,2023,1,0.2697142232453479,0.18724579868954486,0.31170575766063263,0.29385046927733116,2022
2023_02_KC_JAX,00-0033572,WR,JAX,2023,0,0.050322711508852036,0.04902555851035761,0.04237421078904445,0.057646663121539134,2022
2023_02_KC_JAX,00-0033881,TE,JAX,2023,0,0.21986497186433285,0.18319119183442611,0.15269403649685648,0.1965841808793918,2022
2023_02_KC_JAX,00-0033891,WR,JAX,2023,0,0.2978083696083589,0.2338181946100923,0.2475134805680501,0.26305127735735767,2022
2023_02_KC_JAX,00-0034775,WR,JAX,2023,0,0.15851205244495037,0.12122971149366182,0.14103611662620724,0.08115526125259341,2022
2023_02_KC_JAX,00-0034837,WR,JAX,2023,0,0.3950016736795028,0.31830223989323686,0.365699229175009,0.3070317264528836,2022
2023_02_KC_JAX,00-0035628,RB,JAX,2023,0,0.022348863710415112,0.04461814712922658,0.06406426925763847,0.05000329779141357,2022
2023_02_KC_JAX,00-0036971,QB,JAX,2023,0,0.21703036282325527,0.17320811716641718,0.2520315105806132,0.16220097262293512,2022
2023_02_KC_JAX,00-0036973,RB,JAX,2023,0,0.4788550053672205,0.5992196216747654,0.4744622095943498,0.42152666730984534,2022
2023_02_KC_JAX,00-0038555,RB,JAX,2023,0,0.24778761811509864,0.07770490561808775,0.10094538615284941,0.09671410715542404,2022
2023_02_KC_JAX,00-0031376,RB,KC,2023,0,0.11314783872772705,0.09925709060184978,0.12324361049051123,0.09529733017810507,2022
2023_02_KC_JAX,00-0032062,TE,KC,2023,0,0.1525419480233885,0.11604208793093546,0.11429961058916785,0.09752836558283379,2022
2023_02_KC_JAX,00-0033873,QB,KC,2023,0,0.2754993736389103,0.2241164034169965,0.24798633972964176,0.2168946276658736,2022
2023_02_KC_JAX,00-0034272,WR,KC,2023,0,0.1333547928978458,0.15176320448328526,0.14627965065210288,0.13044736552932204,2022
2023_02_KC_JAX,00-0034286,WR,KC,2023,0,0.10155304520769781,0.08791578276643724,0.09288093768104522,0.05388664708532367,2022
2023_02_KC_JAX,00-0034386,WR,KC,2023,0,0.16157259887853426,0.09658174582637626,0.11675380336454826,0.10406782382921431,2022
2023_02_KC_JAX,00-0036360,RB,KC,2023,0,0.24011239529855843,0.1337204232400843,0.16228980167100573,0.14594023053237112,2022
2023_02_KC_JAX,00-0036637,TE,KC,2023,0,0.22807753047468482,0.22743805601351894,0.27342173609524745,0.2284065747594636,2022
2023_02_KC_JAX,00-0036913,WR,KC,2023,0,0.2292986889619718,0.09586231963151999,0.0950570845662344,0.11202337981718108,2022
2023_02_KC_JAX,00-0037197,RB,KC,2023,0,0.38284037841955765,0.3274973371923508,0.2857671767321793,0.3482286436060624,2022
2023_02_KC_JAX,00-0037216,WR,KC,2023,0,0.04229219383392391,0.05821260980015585,0.055948452653398865,0.0490286480452464,2022
2023_02_KC_JAX,00-0038090,WR,KC,2023,1,0.18913116147490217,0.14079188163761103,0.13695296137593602,0.08205397396269974,2022
2023_02_KC_JAX,00-0039067,WR,KC,2023,0,0.25366165457110723,0.13973807943481606,0.14618234161442994,0.14216842784341155,2022
2023_02_LAC_TEN,00-0030279,WR,LAC,2023,1,0.36132783189360307,0.31367196085531146,0.38527902166660416,0.31183846332390874,2022
2023_02_LAC_TEN,00-0033536,WR,LAC,2023,0,0.22552097230727342,0.20086717680434818,0.204758927223415,0.21664787158981708,2022
2023_02_LAC_TEN,00-0033699,RB,LAC,2023,0,0.4310038314667939,0.18041625539155162,0.09777496296024867,0.36080997364660605,2022
2023_02_LAC_TEN,00-0033895,TE,LAC,2023,0,0.17580782794184113,0.15548955774463447,0.13724037434598207,0.13627256065800286,2022
2023_02_LAC_TEN,00-0035329,TE,LAC,2023,0,0.15516538293879056,0.10790844824311428,0.10666866207021661,0.13133909848771888,2022
2023_02_LAC_TEN,00-0036355,QB,LAC,2023,0,0.17114603801009665,0.10741079721758884,0.17983163554557705,0.14514617490976026,2022
2023_02_LAC_TEN,00-0036370,RB,LAC,2023,0,0.31818441581310675,0.23322622768723614,0.22849826045782584,0.3093737764551769,2022
2023_02_LAC_TEN,00-0036988,WR,LAC,2023,0,0.08917174868661337,0.11590976442516203,0.11225501272600982,0.057737163230101286,2022
2023_02_LAC_TEN,00-0038544,WR,LAC,2023,0,0.125008900470156,0.07954412432639835,0.09380722451479857,0.06801747405897626,2022
2023_02_LAC_TEN,00-0038573,WR,LAC,2023,0,0.037996810409193116,0.045573511056617375,0.04849594245108606,0.048761288162531384,2022
2023_02_LAC_TEN,00-0029701,QB,TEN,2023,1,0.16092472452401085,0.14043196894916515,0.16234317240915885,0.13735709789448713,2022
2023_02_LAC_TEN,00-0030564,WR,TEN,2023,0,0.3789627602948181,0.2978778877227721,0.32233331358093165,0.28483043368852967,2022
2023_02_LAC_TEN,00-0032398,WR,TEN,2023,0,0.06570614096587568,0.03756628357901892,0.04930452823985482,0.08451271163444621,2022
2023_02_LAC_TEN,00-0032764,RB,TEN,2023,1,0.4527586658618965,0.477957979679579,0.30821457551779086,0.34279861149880053,2022
2023_02_LAC_TEN,00-0036182,WR,TEN,2023,1,0.24859543636240877,0.2064576533171579,0.1646906575227568,0.2208539377139668,2022
2023_02_LAC_TEN,00-0037742,WR,TEN,2023,0,0.19259424323153695,0.2041590844014103,0.15366983233099143,0.18151706672058993,2022
2023_02_LAC_TEN,00-0037809,TE,TEN,2023,0,0.12799264094977392,0.14126079685726178,0.17325765732724144,0.0772929897628603,2022
2023_02_LAC_TEN,00-0039032,RB,TEN,2023,0,0.24554458763559983,0.16076994678730916,0.09762398648451445,0.19215171413496332,2022
2023_02_LV_BUF,00-0030513,RB,BUF,2023,1,0.1585492667741898,0.09584127086121073,0.11137741036183929,0.08056321200498204,2022
2023_02_LV_BUF,00-0031588,WR,BUF,2023,0,0.4586979608343219,0.44094537567427466,0.2903931405721229,0.38107940137529395,2022
2023_02_LV_BUF,00-0034857,QB,BUF,2023,0,0.29919229639117495,0.20779626801976014,0.2544465780062869,0.18831722833779255,2022
2023_02_LV_BUF,00-0035215,WR,BUF,2023,0,0.20680850968767306,0.09766237218228152,0.1157962545811405,0.13334401687487601,2022
2023_02_LV_BUF,00-0035657,RB,BUF,2023,1,0.12004310164256327,0.06090588773133598,0.06895555058963801,0.08345973659095214,2022
2023_02_LV_BUF,00-0035689,TE,BUF,2023,1,0.2164144257484224,0.2194615809880698,0.21294238737602642,0.2184858941129852,2022
2023_02_LV_BUF,00-0036196,WR,BUF,2023,1,0.2308512738995082,0.2542006776180892,0.2640386881679637,0.17350170630948866,2022
2023_02_LV_BUF,00-0037248,RB,BUF,2023,0,0.5307764806861537,0.4693286735595297,0.5361325974404096,0.3903410681347631,2022
2023_02_LV_BUF,00-0038933,TE,BUF,2023,0,0.1994297648964919,0.21154812986049892,0.2267950767173542,0.21901334427752878,2022
2023_02_LV_BUF,00-0031345,QB,LV,2023,0,0.23630006032098871,0.130983692240802,0.28243985835824925,0.18993768078777568,2022
2023_02_LV_BUF,00-0031381,WR,LV,2023,1,0.33872653274664966,0.26870004605141007,0.41602155904497035,0.21741215086220414,2022
2023_02_LV_BUF,00-0031763,WR,LV,2023,0,0.04757278048994451,0.04466079752576312,0.04843120816828314,0.04845976659716074,2022
2023_02_LV_BUF,00-0032104,RB,LV,2023,0,0.04998173900285141,0.03694381746170011,0.055671281307359745,0.05842149925240175,2022
2023_02_LV_BUF,00-0032392,TE,LV,2023,0,0.07446962608355245,0.07208480885892317,0.05944073980064717,0.0570019583653809,2022
2023_02_LV_BUF,00-0034960,WR,LV,2023,0,0.37734734692510874,0.4225586948904705,0.48153765000581866,0.2678198440243184,2022
2023_02_LV_BUF,00-0035700,RB,LV,2023,0,0.4547302183032904,0.24791279093919716,0.22483653802491924,0.343071239979667,2022
2023_02_LV_BUF,00-0038040,RB,LV,2023,0,0.06299873338416573,0.04029879432453003,0.05490716697310572,0.059733266404330305,2022
2023_02_MIA_NE,00-0031687,RB,MIA,2023,1,0.4113795350778906,0.27675152821828125,0.32111258580388446,0.3900208719500189,2022
2023_02_MIA_NE,00-0033040,WR,MIA,2023,1,0.40508682100001225,0.35305657116961486,0.36385591403424083,0.3771487555441398,2022
2023_02_MIA_NE,00-0034054,WR,MIA,2023,0,0.17537350763187887,0.10635008320081835,0.10836034977551677,0.13097324497680587,2022
2023_02_MIA_NE,00-0034419,WR,MIA,2023,0,0.17259107895692705,0.14004226915939186,0.15334775334714013,0.16085083978400183,2022
2023_02_MIA_NE,00-0034798,TE,MIA,2023,0,0.25332737367798286,0.25260095967989343,0.3080357758459357,0.22082932739766176,2022
2023_02_MIA_NE,00-0036020,RB,MIA,2023,0,0.19859207755079478,0.09509883895449198,0.11227526633934835,0.08389494027434762,2022
2023_02_MIA_NE,00-0036212,QB,MIA,2023,0,0.2514687271942724,0.11903720970605196,0.19166363264306674,0.15869131654057822,2022
2023_02_MIA_NE,00-0036613,WR,MIA,2023,0,0.17733112005546225,0.16243287613410848,0.15665773433944893,0.18889436741581217,2022
2023_02_MIA_NE,00-0038092,WR,MIA,2023,0,0.09828495442484908,0.07461178970337196,0.05973491216952188,0.05904183981902274,2022
2023_02_MIA_NE,00-0032200,WR,NE,2023,0,0.10443998257658049,0.05738539718035974,0.04373226179631165,0.09278834830940345,2022
2023_02_MIA_NE,00-0033045,RB,NE,2023,0,0.3197028378247896,0.19484317037089302,0.10385402773895393,0.14905217792645953,2022
2023_02_MIA_NE,00-0033090,TE,NE,2023,1,0.17098256346927154,0.1940996405972621,0.2084822143480128,0.2091205699262605,2022
2023_02_MIA_NE,00-0033307,WR,NE,2023,0,0.2616952147096707,0.2706797185622411,0.2132914195984379,0.23988096640366094,2022
2023_02_MIA_NE,00-0033857,WR,NE,2023,0,0.1663986066270159,0.14168159937701377,0.10943488929875758,0.15910392518673958,2022
2023_02_MIA_NE,00-0034829,TE,NE,2023,0,0.08835196352362251,0.09813370354178014,0.07726668357593762,0.08024046115583561,2022
2023_02_MIA_NE,00-0036875,RB,NE,2023,1,0.42948988734085214,0.43860153706449007,0.2595271450353649,0.3466571917799614,2022
2023_02_MIA_NE,00-0036972,QB,NE,2023,0,0.13661027774889078,0.1232898848390052,0.12653528944545836,0.07854889856065371,2022
2023_02_MIA_NE,00-0038608,WR,NE,2023,0,0.1463493610312575,0.11487667886546747,0.11189530379634076,0.1221393750999281,2022
2023_02_MIA_NE,00-0038621,WR,NE,2023,0,0.1604769725165055,0.11916554560361124,0.09686632962603893,0.1338762172633475,2022
2023_02_MIN_PHI,00-0029604,QB,MIN,2023,0,0.1758344376625458,0.10659096812090937,0.06019012763770335,0.10609909772543336,2022
2023_02_MIN_PHI,00-0034972,RB,MIN,2023,0,0.46449368608206465,0.43866787864140677,0.585557902341948,0.2949413336676144,2022
2023_02_MIN_PHI,00-0035229,TE,MIN,2023,1,0.24010697767302747,0.23379454663515034,0.18504272953664375,0.2391675276565318,2022
2023_02_MIN_PHI,00-0035249,TE,MIN,2023,0,0.10172187392538945,0.08362440954718146,0.07875353412655493,0.11015698310605238,2022
2023_02_MIN_PHI,00-0036322,WR,MIN,2023,0,0.30184017060773016,0.36553154972122787,0.36198794712915094,0.2494864031061058,2022
2023_02_MIN_PHI,00-0036345,WR,MIN,2023,1,0.20164278108964806,0.20797952343826714,0.20506742441808698,0.1809690559456779,2022
2023_02_MIN_PHI,00-0037276,RB,MIN,2023,0,0.14010331942323984,0.0702431426657812,0.09173397895266343,0.07542632225911956,2022
2023_02_MIN_PHI,00-0038994,WR,MIN,2023,1,0.1857327478277,0.14791225798271063,0.15990623020265848,0.17129018056009265,2022
2023_02_MIN_PHI,00-0034351,TE,PHI,2023,0,0.1473513264632994,0.19396686721402898,0.1865926345421409,0.09049543852588962,2022
2023_02_MIN_PHI,00-0034414,RB,PHI,2023,0,0.10004429108776369,0.07673123792202576,0.09145465793384842,0.06266738124886304,2022
2023_02_MIN_PHI,00-0035676,WR,PHI,2023,0,0.4383807643883766,0.4555170113787646,0.4786153693228054,0.3978489632940896,2022
2023_02_MIN_PHI,00-0036271,WR,PHI,2023,0,0.16357790235563208,0.19280774632420503,0.1643597300572806,0.09915363294960929,2022
2023_02_MIN_PHI,00-0036275,RB,PHI,2023,1,0.14534637562448582,0.09795220800330956,0.10185647711950302,0.071097169443447,2022
2023_02_MIN_PHI,00-0036389,QB,PHI,2023,1,0.3616071421150897,0.3658732133295831,0.48767635171520807,0.3690685243960684,2022
2023_02_MIN_PHI,00-0036912,WR,PHI,2023,1,0.47677353933738154,0.5081889068531714,0.34669064496803603,0.39814178872978534,2022
2023_02_MIN_PHI,00-0036919,RB,PHI,2023,0,0.5323917971608365,0.5345008276078796,0.5659751231619926,0.4208595175336529,2022
2023_02_NO_CAR,00-0030035,WR,CAR,2023,1,0.11005217819906976,0.12185869567663246,0.18301823116186144,0.07475850189594573,2022
2023_02_NO_CAR,00-0034830,TE,CAR,2023,0,0.26142040183736137,0.10681339486230715,0.06284487809894156,0.16967520769715597,2022
2023_02_NO_CAR,00-0035243,RB,CAR,2023,0,0.41624441953729563,0.30108374287253914,0.3235395459626076,0.2742797146579215,2022
2023_02_NO_CAR,00-0035956,TE,CAR,2023,0,0.03471873255753011,0.03218985884786757,0.04371637550362477,0.04766679445517584,2022
2023_02_NO_CAR,00-0036268,WR,CAR,2023,0,0.10737497016571196,0.06378033079246304,0.0915217668255186,0.07954856469510235,2022
2023_02_NO_CAR,00-0036555,RB,CAR,2023,0,0.21703111437137879,0.1293824429717967,0.13879485768337144,0.12137178051742806,2022
2023_02_NO_CAR,00-0036955,WR,CAR,2023,0,0.20916921449787595,0.14713208139997871,0.3050539488028415,0.11003371497463915,2022
2023_02_NO_CAR,00-0039062,WR,CAR,2023,0,0.18301713270803932,0.13364347902279253,0.2572157908365232,0.10877707641643333,2022
2023_02_NO_CAR,00-0039150,QB,CAR,2023,0,0.113851219949471,0.08627315848663387,0.08151307909980812,0.09840861951749166,2022
2023_02_NO_CAR,00-0031280,QB,NO,2023,0,0.1366277691393274,0.12695568792766818,0.1365591061960769,0.10744641486482422,2022
2023_02_NO_CAR,00-0032765,WR,NO,2023,0,0.2802907035061324,0.2115440953637938,0.21203853741887654,0.21469383015972687,2022
2023_02_NO_CAR,00-0033357,TE,NO,2023,0,0.1315056072989227,0.059580585781059826,0.04015821219166841,0.0881090780759137,2022
2023_02_NO_CAR,00-0033948,RB,NO,2023,0,0.4271024987804416,0.5142111636092609,0.24460827121103296,0.30220746893352146,2022
2023_02_NO_CAR,00-0034317,WR,NO,2023,0,0.05992295880361487,0.06661125642774511,0.048482146010209816,0.05225220073486765,2022
2023_02_NO_CAR,00-0035860,RB,NO,2023,1,0.03308231022299357,0.05432552451768343,0.029248225181423993,0.0462515992201066,2022
2023_02_NO_CAR,00-0036040,TE,NO,2023,0,0.19896143044770354,0.1812887456799626,0.17586977241827131,0.15829803898827768,2022
2023_02_NO_CAR,00-0037239,WR,NO,2023,0,0.31389658209752236,0.30782826958669385,0.2853155189879805,0.2226242265653937,2022
2023_02_NO_CAR,00-0037545,WR,NO,2023,0,0.24838828952419878,0.18499613966265316,0.1101559820526052,0.16410603827313686,2022
2023_02_NYG_ARI,00-0030061,TE,ARI,2023,0,0.298657745601131,0.22810969278702264,0.3812598584266794,0.1984462569581663,2022
2023_02_NYG_ARI,00-0033251,WR,ARI,2023,0,0.03372607292028429,0.03890840286796031,0.031307319633441646,0.048340661047162045,2022
2023_02_NYG_ARI,00-0033553,RB,ARI,2023,1,0.40984350964253824,0.4667679401132459,0.20343515200944817,0.2834318598458128,2022
2023_02_NYG_ARI,00-0033949,QB,ARI,2023,1,0.13036755880919015,0.08899918627166084,0.11719272269877806,0.10143383402631084,2022
2023_02_NYG_ARI,00-0035662,WR,ARI,2023,1,0.2065730451909087,0.17957716779789468,0.13763584303613405,0.16548865957466755,2022
2023_02_NYG_ARI,00-0036936,WR,ARI,2023,0,0.16881529847125398,0.1489373121650828,0.08814407132990984,0.13400377056161603,2022
2023_02_NYG_ARI,00-0037299,RB,ARI,2023,0,0.1139946378875516,0.06800784032991752,0.04656232029990371,0.08007306270954873,2022
2023_02_NYG_ARI,00-0037744,TE,ARI,2023,0,0.08674033181834517,0.07155687346449689,0.05660230117150373,0.07887887409494479,2022
2023_02_NYG_ARI,00-0038559,WR,ARI,2023,0,0.16339876979087253,0.17021629791081488,0.14412608577584313,0.12375153713798841,2022
2023_02_NYG_ARI,00-0031610,TE,NYG,2023,0,0.19482519547558685,0.129757302128006,0.20751822009784676,0.1698877379866709,2022
2023_02_NYG_ARI,00-0032385,WR,NYG,2023,0,0.0555388485818763,0.05309337355215493,0.07219841273228499,0.052935052777880555,2022
2023_02_NYG_ARI,00-0033308,RB,NYG,2023,0,0.09694937380461333,0.07171925755499607,0.03808675746580753,0.08067421688320886,2022
2023_02_NYG_ARI,00-0034844,RB,NYG,2023,1,0.38119245543154334,0.3810302816081897,0.1771002606880916,0.3407434212676579,2022
2023_02_NYG_ARI,00-0035535,WR,NYG,2023,0,0.199920230935963,0.15946893295512332,0.21908008244975297,0.17664510519631982,2022
2023_02_NYG_ARI,00-0035639,WR,NYG,2023,0,0.18854662060604566,0.09166467494967599,0.09856079115988566,0.1227442715070694,2022
2023_02_NYG_ARI,00-0035710,QB,NYG,2023,1,0.32248687863845094,0.2660654566682327,0.6982698878047546,0.31849184226341265,2022
2023_02_NYG_ARI,00-0036145,TE,NYG,2023,0,0.09036252794471156,0.07397584948684768,0.09337917936250256,0.08887515139764264,2022
2023_02_NYG_ARI,00-0036165,WR,NYG,2023,1,0.1622463526144967,0.12609107619052845,0.17708506963821724,0.11356270221005567,2022
2023_02_NYG_ARI,00-0036569,RB,NYG,2023,0,0.10463930766174467,0.06900406912746997,0.03471920877007978,0.09680611992142628,2022
2023_02_NYG_ARI,00-0038115,TE,NYG,2023,0,0.08215998950980463,0.10579179077975717,0.1825741719267686,0.06718371529815043,2022
2023_02_NYG_ARI,00-0038938,WR,NYG,2023,0,0.060273280492717296,0.06724155078376004,0.08571397403521142,0.049372271463402014,2022
2023_02_NYJ_DAL,00-0031236,WR,DAL,2023,0,0.2055470766899926,0.13847411994220116,0.1579296862088705,0.11267390335075143,2022
2023_02_NYJ_DAL,00-0033077,QB,DAL,2023,0,0.0986088568377157,0.10036732880019651,0.07916323508233948,0.06096385490924396,2022
2023_02_NYJ_DAL,00-0034764,WR,DAL,2023,0,0.14701950719327372,0.14028514423164426,0.14635396753738364,0.0876607422592777,2022
2023_02_NYJ_DAL,00-0035261,RB,DAL,2023,0,0.44227330144376553,0.20131694917664308,0.15064205802272396,0.39587178947283536,2022
2023_02_NYJ_DAL,00-0036139,RB,DAL,2023,0,0.14617955942154703,0.10009161853265443,0.11272095178996258,0.1066050944125332,2022
2023_02_NYJ_DAL,00-0036358,WR,DAL,2023,0,0.22908376801976837,0.23733914823448726,0.2332731851492415,0.22506095241867372,2022
2023_02_NYJ_DAL,00-0037569,TE,DAL,2023,0,0.0893104803777166,0.07614346249413101,0.07525211177901188,0.06966230859586778,2022
2023_02_NYJ_DAL,00-0037666,WR,DAL,2023,0,0.0678871553508208,0.06203991335634336,0.06447942632691295,0.05057625242581334,2022
2023_02_NYJ_DAL,00-0037801,WR,DAL,2023,0,0.20321459966207855,0.08014005684099963,0.06763378102200347,0.12187328007072212,2022
2023_02_NYJ_DAL,00-0038041,TE,DAL,2023,1,0.32522667350264667,0.1803181606483936,0.3491908623973811,0.16199898404781773,2022
2023_02_NYJ_DAL,00-0038622,RB,DAL,2023,0,0.14476419163296717,0.0992927438112657,0.11246397309455783,0.1066050944125332,2022
2023_02_NYJ_DAL,00-0028002,WR,NYJ,2023,0,0.06081441147161892,0.04523514178750491,0.05283218018871596,0.04941974354924149,2022
2023_02_NYJ_DAL,00-0033893,RB,NYJ,2023,0,0.3123494906659521,0.24652283287365603,0.1984594164434339,0.27364664964503593,2022
2023_02_NYJ_DAL,00-0034270,TE,NYJ,2023,0,0.08190356625570916,0.08581730955738533,0.09501179211574322,0.057099231088114814,2022
2023_02_NYJ_DAL,00-0034521,WR,NYJ,2023,0,0.1836577532504836,0.11557270181209471,0.1692951950992119,0.10811651621132701,2022
2023_02_NYJ_DAL,00-0036924,RB,NYJ,2023,0,0.10645218821289426,0.047387789936210546,0.043671574172564724,0.09172471761453181,2022
2023_02_NYJ_DAL,00-0037013,QB,NYJ,2023,0,0.12266364532161123,0.055332535629773326,0.0442047902312303,0.11266992214993554,2022
2023_02_NYJ_DAL,00-0037740,WR,NYJ,2023,1,0.2628550882613646,0.20475299127377072,0.14348059131867694,0.20318504553541245,2022
2023_02_NYJ_DAL,00-0038120,RB,NYJ,2023,0,0.24645172400855886,0.18326770412226215,0.17466356375385766,0.16379353671550398,2022
2023_02_SEA_DET,00-0029293,WR,DET,2023,0,0.27347883168822573,0.14442739750018724,0.21764726599329315,0.14567242177089043,2022
2023_02_SEA_DET,00-0032464,WR,DET,2023,1,0.07195996333514387,0.08134206028806781,0.09751160736875444,0.053486807982076626,2022
2023_02_SEA_DET,00-0033106,QB,DET,2023,0,0.1983434580076261,0.17449172694853152,0.27819790915328557,0.1525216922770747,2022
2023_02_SEA_DET,00-0033943,WR,DET,2023,1,0.3046739500253294,0.22358685877105303,0.3428599819152635,0.23163200578830667,2022
2023_02_SEA_DET,00-0035685,RB,DET,2023,1,0.4667855540624489,0.3443054588658209,0.32863529736573355,0.40544420393226116,2022
2023_02_SEA_DET,00-0036754,TE,DET,2023,0,0.11828393734796927,0.09966209092584913,0.13551944895446177,0.070248070165358,2022
2023_02_SEA_DET,00-0036963,WR,DET,2023,0,0.37344322121269435,0.3169991076735513,0.4081395212434301,0.29887698602648577,2022
2023_02_SEA_DET,00-0039065,TE,DET,2023,0,0.24559074736708086,0.23847370926573025,0.4081209326527609,0.21776870040815613,2022
2023_02_SEA_DET,00-0039139,RB,DET,2023,0,0.25249023117076297,0.11832219967977654,0.0886585669745459,0.1601965666843715,2022
2023_02_SEA_DET,00-0030565,QB,SEA,2023,0,0.10987384888384921,0.11693788151527541,0.11076317648623249,0.07010373354220165,2022
2023_02_SEA_DET,00-0032211,WR,SEA,2023,1,0.22157985722695583,0.21073183424525208,0.18147362429483754,0.19119499458401945,2022
2023_02_SEA_DET,00-0034159,TE,SEA,2023,0,0.10373628421886782,0.08412444310765528,0.05691439614134153,0.07498650687636485,2022
2023_02_SEA_DET,00-0035640,WR,SEA,2023,0,0.26195309368514463,0.25891585760252306,0.24845146529554663,0.20826028264877613,2022
2023_02_SEA_DET,00-0036244,TE,SEA,2023,0,0.1231527018422881,0.09320346180063192,0.05964641040756216,0.07808613868192116,2022
2023_02_SEA_DET,00-0036425,RB,SEA,2023,0,0.12738631781022136,0.09382612350113824,0.04925356754238884,0.07928534417648878,2022
2023_02_SEA_DET,00-0038134,RB,SEA,2023,1,0.5131412714495,0.6096509835741745,0.3262899726584804,0.35032277535448525,2022
2023_02_SEA_DET,00-0038543,WR,SEA,2023,0,0.23032566168517554,0.16234131201032692,0.17724214908454589,0.1416485882619968,2022
2023_02_SEA_DET,00-0039165,RB,SEA,2023,0,0.12253474117552876,0.07982207648931075,0.046235234540591245,0.07473675112662449,2022
2023_02_SF_LA,00-0026498,QB,LA,2023,0,0.11965050062575322,0.0592528786544619,0.08227678909464341,0.08598426471999376,2022
2023_02_SF_LA,00-0033110,TE,LA,2023,0,0.14258453231816748,0.14326037565433705,0.19722484822566305,0.15019612183427275,2022
2023_02_SF_LA,00-0036414,RB,LA,2023,0,0.3093379315705107,0.1897645264320324,0.26757971434761535,0.23155884216595035,2022
2023_02_SF_LA,00-0036415,WR,LA,2023,0,0.17282756029568658,0.16527017330481125,0.2748156179976762,0.15588934637459148,2022
2023_02_SF_LA,00-0036424,TE,LA,2023,0,0.06540803713992194,0.04456814468546206,0.07841816845810468,0.05292807088302843,2022
2023_02_SF_LA,00-0036849,WR,LA,2023,0,0.22219522937362413,0.1673436387572182,0.3080439582693613,0.16092248594314976,2022
2023_02_SF_LA,00-0036862,WR,LA,2023,0,0.07818468426068703,0.04472617358355384,0.0785246438540346,0.06641047766489111,2022
2023_02_SF_LA,00-0037840,RB,LA,2023,1,0.2750398481545083,0.12655138653836476,0.20508916748262415,0.265412798798701,2022
2023_02_SF_LA,00-0039075,WR,LA,2023,0,0.34000883617862254,0.25722915382402256,0.5002121431673071,0.25131958011146477,2022
2023_02_SF_LA,00-0033280,RB,SF,2023,1,0.5833389055010038,0.8209135793837271,0.5044175239812656,0.4266320143221442,2022
2023_02_SF_LA,00-0033288,TE,SF,2023,0,0.3204587289915387,0.25605263411382373,0.13619111617360313,0.21317573776174653,2022
2023_02_SF_LA,00-0034869,QB,SF,2023,0,0.053052074740931654,0.00020710051384134777,0.0028945836803375515,0.057869790839832194,2022
2023_02_SF_LA,00-0035719,WR,SF,2023,1,0.37264002850318734,0.38403554563951514,0.3578815828324118,0.31498249803532224,2022
2023_02_SF_LA,00-0036259,WR,SF,2023,0,0.07761274382199723,0.08936128699823387,0.07956474601706295,0.04837623528347147,2022
2023_02_SF_LA,00-0036261,WR,SF,2023,0,0.37610688231865175,0.35953159173481314,0.2906196627238798,0.38641062397650605,2022
2023_02_SF_LA,00-0036567,RB,SF,2023,0,0.17969003221230928,0.14326220770202772,0.07584038618510719,0.08733973079807511,2022
2023_02_SF_LA,00-0037834,QB,SF,2023,1,0.16970983580741095,0.16245594940453428,0.20438422364497938,0.13928321086350928,2022
2023_02_WAS_DEN,00-0029263,QB,DEN,2023,0,0.1064668848382534,0.08812778407685548,0.0652469114615344,0.0624583994735166,2022
2023_02_WAS_DEN,00-0032208,WR,DEN,2023,0,0.03747559581045812,0.03986267833625176,0.044931438653232396,0.044752348288642864,2022
2023_02_WAS_DEN,00-0033526,RB,DEN,2023,0,0.3228222554006269,0.22846594359401753,0.2052132010061335,0.23918029991518724,2022
2023_02_WAS_DEN,00-0034348,WR,DEN,2023,0,0.21990503189603638,0.191436274007602,0.1767065723220459,0.18376675007122747,2022
2023_02_WAS_DEN,00-0035406,WR,DEN,2023,0,0.13497433779701407,0.12148220596778239,0.12286866616283368,0.13479543706652514,2022
2023_02_WAS_DEN,00-0036422,TE,DEN,2023,0,0.20273043664559964,0.14682947849783132,0.11675646974597044,0.17287477403837787,2022
2023_02_WAS_DEN,00-0036997,RB,DEN,2023,0,0.4631778150400221,0.3257830480280482,0.3637411612454099,0.32475673673011773,2022
2023_02_WAS_DEN,00-0037252,TE,DEN,2023,0,0.09208397850923655,0.0662984263301377,0.04534040913643801,0.06656418015725563,2022
2023_02_WAS_DEN,00-0037382,WR,DEN,2023,1,0.14359853370649445,0.09930133004061961,0.10749041699911797,0.10923516620317701,2022
2023_02_WAS_DEN,00-0038794,RB,DEN,2023,1,0.0358541127795049,0.044309730150492686,0.04903167836056108,0.046317987880113265,2022
2023_02_WAS_DEN,00-0038976,WR,DEN,2023,1,0.0789031274956088,0.06343426902361379,0.06520792643795892,0.0610365546795849,2022
2023_02_WAS_DEN,00-0031260,TE,WAS,2023,1,0.24425240454860664,0.2008289723684055,0.2481577931159718,0.16484462941692213,2022
2023_02_WAS_DEN,00-0033282,WR,WAS,2023,0,0.1859976079754232,0.17828182582313215,0.1295268700408327,0.14242696580961708,2022
2023_02_WAS_DEN,00-0035659,WR,WAS,2023,1,0.1664249949790757,0.18817356368969354,0.17180378125458265,0.1302489071586173,2022
2023_02_WAS_DEN,00-0036328,RB,WAS,2023,0,0.10785270171126171,0.08804675445029116,0.03902981665835411,0.07249716512194164,2022
2023_02_WAS_DEN,00-0037077,QB,WAS,2023,0,0.10165757835062261,0.09152163584883605,0.05613869469400473,0.07839149841654126,2022
2023_02_WAS_DEN,00-0037078,TE,WAS,2023,0,0.067635924664049,0.044043496249402764,0.03135503031184591,0.05561488235264274,2022
2023_02_WAS_DEN,00-0037741,WR,WAS,2023,0,0.2331105395656241,0.25434671325501157,0.24727908202800641,0.16858208994422705,2022
2023_02_WAS_DEN,00-0037746,RB,WAS,2023,1,0.37638772079331617,0.4394610821855166,0.3252782280661634,0.29197582308191,2022
2023_02_WAS_DEN,00-0038611,RB,WAS,2023,0,0.06262737473453539,0.03929917742103546,0.0303057816595575,0.06416847136904434,2022
2023_03_ATL_DET,00-0033555,WR,ATL,2023,0,0.24181165441450558,0.16167616534441692,0.1902651427479684,0.18514959970575717,2022
2023_03_ATL_DET,00-0033858,TE,ATL,2023,0,0.18635154860179337,0.16072764452301352,0.11597260979531118,0.13346156884025162,2022
2023_03_ATL_DET,00-0036970,TE,ATL,2023,0,0.2159795559131752,0.14699507872730058,0.16503528296280032,0.1257696566725744,2022
2023_03_ATL_DET,00-0037238,WR,ATL,2023,0,0.24617702863772506,0.22527840434404808,0.22364939403373457,0.20147645965709757,2022
2023_03_ATL_DET,00-0037263,RB,ATL,2023,0,0.3547043299571978,0.3720623144396399,0.24971898919314564,0.35076362389101573,2022
2023_03_ATL_DET,00-0038122,QB,ATL,2023,0,0.19015603557478422,0.16847685012937352,0.14074050799453144,0.1376945687262657,2022
2023_03_ATL_DET,00-0038542,RB,ATL,2023,0,0.4421712479002635,0.4940056538503511,0.3095304325546574,0.3409145529504306,2022
2023_03_ATL_DET,00-0029293,WR,DET,2023,0,0.24454871830234692,0.13935998513942863,0.2245621276295341,0.14078318458592437,2022
2023_03_ATL_DET,00-0032464,WR,DET,2023,0,0.10860610997780462,0.09115969140969482,0.08816415013009381,0.07009453402966921,2022
2023_03_ATL_DET,00-0033106,QB,DET,2023,1,0.1340367996322227,0.13208564925133745,0.12063421880412724,0.10410969532205352,2022
2023_03_ATL_DET,00-0033943,WR,DET,2023,0,0.2683379336884336,0.26602807311652626,0.2067187613905644,0.23873509040056354,2022
2023_03_ATL_DET,00-0035567,RB,DET,2023,0,0.11787754711728748,0.07341404197189491,0.10324786755039002,0.08139714828074925,2022
2023_03_ATL_DET,00-0035685,RB,DET,2023,0,0.42118291393353324,0.3412286334584275,0.4546462177026793,0.4176348266092355,2022
2023_03_ATL_DET,00-0036754,TE,DET,2023,0,0.10461326894062517,0.09598910906532669,0.11612042384146926,0.06897345709787012,2022
2023_03_ATL_DET,00-0036963,WR,DET,2023,0,0.29500174167666837,0.25429227618645356,0.2696401175555987,0.2668890304008375,2022
2023_03_ATL_DET,00-0038627,WR,DET,2023,0,0.04020939730819628,0.05433223815445856,0.0513835750472932,0.04737005408549516,2022
2023_03_ATL_DET,00-0039065,TE,DET,2023,1,0.23220116381820144,0.20674896386921227,0.19021228759087694,0.24736178612634643,2022
2023_03_ATL_DET,00-0039139,RB,DET,2023,0,0.3185570474735925,0.20211861933521277,0.1821969885892508,0.17605783455889581,2022
2023_03_BUF_WAS,00-0030513,RB,BUF,2023,1,0.19153041954217254,0.1083282681777395,0.11737805012691123,0.1046818359315654,2022
2023_03_BUF_WAS,00-0031588,WR,BUF,2023,0,0.3273567397080632,0.3366983021057588,0.33181263701889363,0.3268446245836819,2022
2023_03_BUF_WAS,00-0034577,QB,BUF,2023,0,0.04776331320068372,0.00016393000016750315,0.0018165075738798577,0.051319302195589354,2022
2023_03_BUF_WAS,00-0034857,QB,BUF,2023,1,0.1930352845495118,0.1467358432940928,0.14223218905911644,0.169698415956894,2022
2023_03_BUF_WAS,00-0035215,WR,BUF,2023,0,0.1346788695077954,0.08390234162316967,0.08654399370104417,0.10510893335384151,2022
2023_03_BUF_WAS,00-0035657,RB,BUF,2023,0,0.16084219924136534,0.08635342954651838,0.07587768505775315,0.08376032532927695,2022
2023_03_BUF_WAS,00-0035689,TE,BUF,2023,0,0.20620304272752665,0.2031945141474487,0.2043185141650322,0.21235366537881384,2022
2023_03_BUF_WAS,00-0036187,RB,BUF,2023,0,0.04343153233669039,0.05718440991420107,0.06571016496155269,0.046377047804724,2022
2023_03_BUF_WAS,00-0036196,WR,BUF,2023,1,0.23095654292997836,0.2585493827099744,0.2586456929856406,0.253670265131914,2022
2023_03_BUF_WAS,00-0037248,RB,BUF,2023,0,0.44268451991626123,0.43402733096913404,0.46393651957388826,0.3852728162702001,2022
2023_03_BUF_WAS,00-0037261,WR,BUF,2023,0,0.047130086033786434,0.05413573110068618,0.05280972078801493,0.04720576130141543,2022
2023_03_BUF_WAS,00-0038933,TE,BUF,2023,0,0.19669958368366536,0.18067514169874996,0.1928200423939661,0.22261017283598614,2022
2023_03_BUF_WAS,00-0031260,TE,WAS,2023,0,0.19052865118099926,0.128349229068299,0.09291549813332946,0.15143564387197575,2022
2023_03_BUF_WAS,00-0033282,WR,WAS,2023,0,0.15930952327493586,0.13814194848450928,0.12373048230506861,0.13971444498791105,2022
2023_03_BUF_WAS,00-0034297,WR,WAS,2023,0,0.036485175918955726,0.04323349735024796,0.0442065291722217,0.044360772749409486,2022
2023_03_BUF_WAS,00-0035659,WR,WAS,2023,0,0.18459870246279697,0.19070376201630135,0.19909085359774278,0.16660621194746605,2022
2023_03_BUF_WAS,00-0036328,RB,WAS,2023,0,0.13242028245205395,0.09814316924565226,0.08675166318150496,0.09840604462842624,2022
2023_03_BUF_WAS,00-0036626,WR,WAS,2023,0,0.06307191091785269,0.05452258197771952,0.05977978122157493,0.060791454208667134,2022
2023_03_BUF_WAS,00-0036628,TE,WAS,2023,0,0.10954268514214982,0.0698703819989142,0.03959869208744624,0.09586822192301615,2022
2023_03_BUF_WAS,00-0037077,QB,WAS,2023,0,0.10734737322383314,0.0896351919226476,0.05537282777380932,0.07501496418247203,2022
2023_03_BUF_WAS,00-0037078,TE,WAS,2023,0,0.0725615015832547,0.04402432492574394,0.02628089417713679,0.06350100476079201,2022
2023_03_BUF_WAS,00-0037741,WR,WAS,2023,0,0.2037414989001397,0.19938424054004641,0.22687454685418418,0.1651099705941762,2022
2023_03_BUF_WAS,00-0037746,RB,WAS,2023,0,0.41674809748810193,0.429185714083801,0.4910693435474949,0.36014835825181485,2022
2023_03_BUF_WAS,00-0038611,RB,WAS,2023,0,0.06670533374246157,0.0436773636818868,0.037233079132845084,0.06542043787037029,2022
2023_03_CAR_SEA,00-0030035,WR,CAR,2023,1,0.2021680589189715,0.17255048025393477,0.21558498710333662,0.17282472740993268,2022
2023_03_CAR_SEA,00-0034777,WR,CAR,2023,1,0.06063015418306583,0.07424800429327638,0.09402328098348085,0.059891427757760546,2022
2023_03_CAR_SEA,00-0034830,TE,CAR,2023,0,0.17752594689556134,0.0814598093745064,0.11617213808836038,0.14974550540348183,2022
2023_03_CAR_SEA,00-0035243,RB,CAR,2023,1,0.396703641177646,0.290057368111588,0.32523360687618197,0.26593077408172744,2022
2023_03_CAR_SEA,00-0035956,TE,CAR,2023,0,0.03136253058479199,0.03157540832828448,0.05723018366065222,0.04825629446798696,2022
2023_03_CAR_SEA,00-0036268,WR,CAR,2023,0,0.06889550564285218,0.04903709663302844,0.05852259755300043,0.06417418417305053,2022
2023_03_CAR_SEA,00-0036555,RB,CAR,2023,0,0.20147274502428325,0.11722876453545533,0.1000600357151934,0.11581221173264701,2022
2023_03_CAR_SEA,00-0036955,WR,CAR,2023,0,0.19072821436167142,0.144651505566464,0.25754791017392115,0.10248721537016285,2022
2023_03_CAR_SEA,00-0039062,WR,CAR,2023,0,0.20500084345933967,0.1500757692183881,0.27424944860700795,0.1418762941894425,2022
2023_03_CAR_SEA,00-0039150,QB,CAR,2023,0,0.10484096833639467,0.08192084418821631,0.07680591497883513,0.09057063060869652,2022
2023_03_CAR_SEA,00-0030565,QB,SEA,2023,0,0.14449076317484433,0.13292775611658333,0.10464476409258877,0.10552814502530862,2022
2023_03_CAR_SEA,00-0032211,WR,SEA,2023,0,0.3023856818495827,0.2966166830826323,0.23751465848413877,0.26351148683803916,2022
2023_03_CAR_SEA,00-0034159,TE,SEA,2023,0,0.12222350504177515,0.10176132274409355,0.09365206953911615,0.1009136881590594,2022
2023_03_CAR_SEA,00-0035640,WR,SEA,2023,0,0.2581108582624789,0.2634510943983637,0.23513808593850766,0.2705681469194572,2022
2023_03_CAR_SEA,00-0035644,TE,SEA,2023,0,0.15827796055398702,0.12642251520023548,0.0955669074381175,0.1988061904863071,2022
2023_03_CAR_SEA,00-0036244,TE,SEA,2023,0,0.13350415891093703,0.10745374628845775,0.0881918683239089,0.09513443381464537,2022
2023_03_CAR_SEA,00-0036425,RB,SEA,2023,0,0.08330294634926394,0.07131701114917388,0.08702569315636582,0.068754503641546,2022
2023_03_CAR_SEA,00-0038134,RB,SEA,2023,1,0.5214756317620108,0.4985810184630753,0.46158441268981887,0.41999627387089045,2022
2023_03_CAR_SEA,00-0038543,WR,SEA,2023,0,0.22744749971281153,0.16463662224334316,0.16267399731786678,0.20826536668226747,2022
2023_03_CAR_SEA,00-0038752,WR,SEA,2023,1,0.05061924057768186,0.0659305070754656,0.05605102356000192,0.0476739451315179,2022
2023_03_CAR_SEA,00-0039165,RB,SEA,2023,0,0.17303737069741765,0.09776231620289634,0.10658480133928452,0.07890939033853231,2022
2023_03_CHI_KC,00-0033757,TE,CHI,2023,0,0.03302640250158795,0.03462633191849622,0.02315991705999197,0.044752348288642864,2022
2023_03_CHI_KC,00-0033925,RB,CHI,2023,0,0.14733437137615546,0.08607543036020199,0.08923083839575528,0.09064185997270253,2022
2023_03_CHI_KC,00-0034827,WR,CHI,2023,1,0.1459143327887117,0.1755196688757079,0.17810699590507278,0.14415933764742586,2022
2023_03_CHI_KC,00-0036290,TE,CHI,2023,0,0.19658154086978197,0.1672181708054352,0.15003142214298446,0.152366484244243,2022
2023_03_CHI_KC,00-0036309,WR,CHI,2023,0,0.18386535584227326,0.1730313048628177,0.1937615882710569,0.16093608204163404,2022
2023_03_CHI_KC,00-0036326,WR,CHI,2023,0,0.15319088364353173,0.11693916186321729,0.14356107446117267,0.10494819980016291,2022
2023_03_CHI_KC,00-0036906,RB,CHI,2023,0,0.25185787550093686,0.17162251777753368,0.18679562533382288,0.19711107891733756,2022
2023_03_CHI_KC,00-0036945,QB,CHI,2023,0,0.1999031398461506,0.10612778519598765,0.11295173404845196,0.1986090379458398,2022
2023_03_CHI_KC,00-0037745,WR,CHI,2023,0,0.04000117346569432,0.03439394571366481,0.033586102888669714,0.062109354495901055,2022
2023_03_CHI_KC,00-0038941,WR,CHI,2023,0,0.04932002753929232,0.04275863837120778,0.04739337889163811,0.058739712498063326,2022
2023_03_CHI_KC,00-0039021,RB,CHI,2023,0,0.22530112775182898,0.1001136368757693,0.10218352159811242,0.17201543011058712,2022
2023_03_CHI_KC,00-0030506,TE,KC,2023,1,0.34883829344292305,0.23291182415445477,0.3128237848151428,0.24444021813026653,2022
2023_03_CHI_KC,00-0031376,RB,KC,2023,1,0.1581324173723765,0.1310248693118527,0.16856057309433664,0.12176796406319551,2022
2023_03_CHI_KC,00-0032062,TE,KC,2023,0,0.17121465011864934,0.13821093463785333,0.14152602823200863,0.1070359318593958,2022
2023_03_CHI_KC,00-0033873,QB,KC,2023,0,0.32128285647526955,0.25504070221783387,0.32700990970553295,0.21757406179704383,2022
2023_03_CHI_KC,00-0034272,WR,KC,2023,0,0.16806170427357803,0.19896108138935395,0.16240461782070084,0.11349633970797521,2022
2023_03_CHI_KC,00-0034286,WR,KC,2023,0,0.07758713263709893,0.0783511205674908,0.06902328796672604,0.060170060742868195,2022
2023_03_CHI_KC,00-0034386,WR,KC,2023,0,0.20121846874822646,0.13649502096976646,0.13685211534648462,0.13206675729067638,2022
2023_03_CHI_KC,00-0036360,RB,KC,2023,1,0.20290490453666354,0.11994996215026374,0.14808100315836067,0.09871392630676938,2022
2023_03_CHI_KC,00-0036637,TE,KC,2023,0,0.2073258331508827,0.21359445265480495,0.24208123271103518,0.17516605856834339,2022
2023_03_CHI_KC,00-0036913,WR,KC,2023,0,0.25284415659915416,0.1460342664517216,0.10771201977234944,0.13166070526970405,2022
2023_03_CHI_KC,00-0037197,RB,KC,2023,1,0.44984847202850164,0.36782068890894465,0.41749193362371123,0.36571376761096486,2022
2023_03_CHI_KC,00-0037216,WR,KC,2023,0,0.04784693592630673,0.07021113853421862,0.05550288012069208,0.05644538793242132,2022
2023_03_CHI_KC,00-0038090,WR,KC,2023,0,0.2045702407337171,0.1658752295161484,0.13511262563165657,0.12351830679268905,2022
2023_03_CHI_KC,00-0039067,WR,KC,2023,0,0.19970791131702448,0.12447143421770114,0.10042486829522429,0.1251840940579686,2022
2023_03_DAL_ARI,00-0030061,TE,ARI,2023,0,0.24496575181680091,0.153463258811434,0.19231854209473453,0.18777113026743902,2022
2023_03_DAL_ARI,00-0033251,WR,ARI,2023,0,0.0368161266582383,0.035935641925295234,0.04010179278361643,0.046192062208787014,2022
2023_03_DAL_ARI,00-0033553,RB,ARI,2023,1,0.38236312420844065,0.3390492377457635,0.3644810708646305,0.29424212728136767,2022
2023_03_DAL_ARI,00-0033949,QB,ARI,2023,0,0.10590223370983032,0.08050310490855962,0.08036262902243885,0.09326360237858798,2022
2023_03_DAL_ARI,00-0035662,WR,ARI,2023,1,0.2387500749546606,0.17274114744983968,0.20101956587536027,0.1902881659227843,2022
2023_03_DAL_ARI,00-0036936,WR,ARI,2023,1,0.10460892922033083,0.08722064362625398,0.08098512290106552,0.10999465949201391,2022
2023_03_DAL_ARI,00-0037299,RB,ARI,2023,0,0.06795614205794309,0.042531669412589485,0.062053535024795915,0.07103776892858739,2022
2023_03_DAL_ARI,00-0037744,TE,ARI,2023,0,0.08881372239320162,0.0579933311695597,0.03679551027198263,0.07758752991408466,2022
2023_03_DAL_ARI,00-0038559,WR,ARI,2023,0,0.11915980955421313,0.09131456885038709,0.10588054503826587,0.11401922995635885,2022
2023_03_DAL_ARI,00-0038705,RB,ARI,2023,0,0.07227067297635859,0.03734329993846848,0.046963513322667585,0.07332750838401288,2022
2023_03_DAL_ARI,00-0031236,WR,DAL,2023,0,0.2353721010638694,0.17210092754108505,0.1750964369555572,0.1249208218852633,2022
2023_03_DAL_ARI,00-0033077,QB,DAL,2023,0,0.16370112528209424,0.16455428717937678,0.17209577794728922,0.1244237285766699,2022
2023_03_DAL_ARI,00-0034764,WR,DAL,2023,0,0.1509611685733756,0.16944360366623187,0.14586177853945012,0.0890551984593505,2022
2023_03_DAL_ARI,00-0035261,RB,DAL,2023,0,0.5484072187915281,0.3674901442411244,0.2813759507689085,0.4298454973721243,2022
2023_03_DAL_ARI,00-0036139,RB,DAL,2023,1,0.1835196796026305,0.10549591036347063,0.10526006899853631,0.08517607906624652,2022
2023_03_DAL_ARI,00-0036358,WR,DAL,2023,0,0.3593437790193885,0.3412641766204501,0.3535938184604871,0.29129651198945006,2022
2023_03_DAL_ARI,00-0037569,TE,DAL,2023,0,0.08535377686181178,0.07511818371365997,0.09559394246469698,0.06461773287277016,2022
2023_03_DAL_ARI,00-0037666,WR,DAL,2023,0,0.14678293521698993,0.13120913976054688,0.11731408721868525,0.07812414663896732,2022
2023_03_DAL_ARI,00-0037801,WR,DAL,2023,0,0.15200246727375555,0.0904125968876502,0.0647901476817737,0.10272607833687203,2022
2023_03_DAL_ARI,00-0038041,TE,DAL,2023,0,0.27775468569365147,0.1918288661703637,0.27167721577249027,0.1498707806268648,2022
2023_03_DAL_ARI,00-0038547,TE,DAL,2023,0,0.09297452407207463,0.08605631224114499,0.0934656706414241,0.08954799010725349,2022
2023_03_DAL_ARI,00-0038622,RB,DAL,2023,0,0.16484872367253012,0.11267329224443995,0.11640021193758947,0.0924502406973902,2022
2023_03_DEN_MIA,00-0029263,QB,DEN,2023,0,0.1558014502718731,0.09575040290730197,0.09960541319301798,0.12011349336069306,2022
2023_03_DEN_MIA,00-0032208,WR,DEN,2023,0,0.0333285091682739,0.03773963484731006,0.038911868008951904,0.045307519821931604,2022
2023_03_DEN_MIA,00-0033526,RB,DEN,2023,0,0.2355212188170076,0.16924960772092526,0.13753723272338172,0.19865769693882512,2022
2023_03_DEN_MIA,00-0034348,WR,DEN,2023,1,0.22593731564069086,0.2123402281244606,0.20364021085339598,0.1883306137706423,2022
2023_03_DEN_MIA,00-0035406,WR,DEN,2023,0,0.10332858896135855,0.08441040466473983,0.07794630497417272,0.09395767990830681,2022
2023_03_DEN_MIA,00-0036407,WR,DEN,2023,0,0.19317223914820092,0.14866386592074496,0.17014308938016623,0.15312475208835657,2022
2023_03_DEN_MIA,00-0036422,TE,DEN,2023,0,0.15028085127064195,0.1343490539883639,0.13926567185482605,0.16249912120818488,2022
2023_03_DEN_MIA,00-0036997,RB,DEN,2023,0,0.39083128686882207,0.31071461126452726,0.3404300005046842,0.2859121201084656,2022
2023_03_DEN_MIA,00-0037252,TE,DEN,2023,0,0.08215778948204489,0.06285962022793908,0.047296048946879325,0.06535171097518519,2022
2023_03_DEN_MIA,00-0037382,WR,DEN,2023,0,0.12929320028481261,0.0887028690258939,0.09376647285231364,0.11780855018308643,2022
2023_03_DEN_MIA,00-0038794,RB,DEN,2023,0,0.04105072690260336,0.030550833843496935,0.03936706709747968,0.05303956038175604,2022
2023_03_DEN_MIA,00-0038976,WR,DEN,2023,0,0.10204005600859178,0.06738768726133314,0.06012483066749698,0.08275406913245806,2022
2023_03_DEN_MIA,00-0031687,RB,MIA,2023,1,0.48011698227717503,0.37901415567218844,0.4495687644802345,0.42685420765453,2022
2023_03_DEN_MIA,00-0033040,WR,MIA,2023,1,0.4415888668850728,0.36555732577951594,0.3606985319253715,0.39530849053632433,2022
2023_03_DEN_MIA,00-0034054,WR,MIA,2023,0,0.17033849103330556,0.10581478494142803,0.09429269475250902,0.10888286664108826,2022
2023_03_DEN_MIA,00-0034419,WR,MIA,2023,0,0.18213775470270843,0.12368412842323065,0.11809783526539097,0.13812881396866009,2022
2023_03_DEN_MIA,00-0034798,TE,MIA,2023,0,0.2581472209444524,0.2671886743921305,0.3507205192752642,0.22617593296638477,2022
2023_03_DEN_MIA,00-0036020,RB,MIA,2023,0,0.21428848752089102,0.1091054190073361,0.12410077934499551,0.09983228402379264,2022
2023_03_DEN_MIA,00-0036212,QB,MIA,2023,0,0.23376415143335216,0.15107696436386203,0.17614294800095256,0.15681673284355674,2022
2023_03_DEN_MIA,00-0036613,WR,MIA,2023,0,0.25381667363419147,0.2090734256818358,0.1837000383762005,0.1994445345776625,2022
2023_03_DEN_MIA,00-0038092,WR,MIA,2023,0,0.13426379497915175,0.06788228713370276,0.05702156598139238,0.06834803276544882,2022
2023_03_DEN_MIA,00-0039040,RB,MIA,2023,1,0.0823663267537379,0.06875233424012268,0.08231292882220133,0.05855626316354545,2022
2023_03_HOU_JAX,00-0030431,WR,HOU,2023,0,0.2029588320870348,0.1612282887468443,0.16572337113648675,0.16652047521979355,2022
2023_03_HOU_JAX,00-0033591,WR,HOU,2023,0,0.12946355053845315,0.09459398862698315,0.14065585701555638,0.11702663706992064,2022
2023_03_HOU_JAX,00-0033854,RB,HOU,2023,0,0.05062387678381397,0.045934487026638535,0.056801884415695,0.05714317254224214,2022
2023_03_HOU_JAX,00-0034208,RB,HOU,2023,0,0.08663997409307722,0.06975857627071581,0.02874755389854514,0.07328871790786082,2022
2023_03_HOU_JAX,00-0034383,TE,HOU,2023,0,0.13927717768149295,0.11082745121748516,0.13923693259053618,0.15119648081253037,2022
2023_03_HOU_JAX,00-0035250,RB,HOU,2023,0,0.12530194785135718,0.07818578069323767,0.09802270291167088,0.07935084640480104,2022
2023_03_HOU_JAX,00-0036554,WR,HOU,2023,0,0.20610146590291178,0.16368595341004502,0.19445366869342082,0.16664100721349337,2022
2023_03_HOU_JAX,00-0036556,TE,HOU,2023,1,0.04430356974027372,0.04197782420391184,0.03323717595801655,0.059248982190577205,2022
2023_03_HOU_JAX,00-0037258,RB,HOU,2023,1,0.30312360803001137,0.23165120887110824,0.2991318775417598,0.25789586963163347,2022
2023_03_HOU_JAX,00-0037277,TE,HOU,2023,0,0.04339519738140418,0.04636284714172818,0.06179455582085278,0.061774817242513276,2022
2023_03_HOU_JAX,00-0037614,WR,HOU,2023,0,0.02677846974208231,0.03874683652481209,0.03714696576466294,0.046182463076775086,2022
2023_03_HOU_JAX,00-0038618,WR,HOU,2023,0,0.025964139754316107,0.03690007737530963,0.03641955154468742,0.04672960838802591,2022
2023_03_HOU_JAX,00-0038977,WR,HOU,2023,1,0.1502420688923285,0.12564163091860023,0.1311438076657542,0.13699362030156662,2022
2023_03_HOU_JAX,00-0039163,QB,HOU,2023,0,0.12700445106131364,0.10362072779728183,0.09312676902814894,0.10306058023369376,2022
2023_03_HOU_JAX,00-0033572,WR,JAX,2023,0,0.0629796052408409,0.06801348550018015,0.04843156553462696,0.05219094739498312,2022
2023_03_HOU_JAX,00-0033881,TE,JAX,2023,0,0.24386833736174696,0.2217630285009591,0.25049179479018285,0.2109002501130822,2022
2023_03_HOU_JAX,00-0033891,WR,JAX,2023,0,0.27083453722093587,0.20767548438549777,0.169903698369667,0.21645596359048008,2022
2023_03_HOU_JAX,00-0034775,WR,JAX,2023,1,0.2952927696454729,0.24975275379463002,0.24123421842718754,0.23161601149027736,2022
2023_03_HOU_JAX,00-0034837,WR,JAX,2023,0,0.34682974821093293,0.29610122856720833,0.28046500412502096,0.27793417948178223,2022
2023_03_HOU_JAX,00-0035628,RB,JAX,2023,0,0.04846914701089122,0.05648632536487298,0.06836109837223495,0.05424587806546676,2022
2023_03_HOU_JAX,00-0036971,QB,JAX,2023,0,0.25133811743834733,0.176732335861167,0.2345456865631325,0.17677531915261108,2022
2023_03_HOU_JAX,00-0036973,RB,JAX,2023,0,0.47757496172748615,0.5828720121056497,0.5125402010153617,0.4298013477918667,2022
2023_03_HOU_JAX,00-0038555,RB,JAX,2023,1,0.2545642531175999,0.08588984484206304,0.10091003739115857,0.09798953639873412,2022
2023_03_IND_BAL,00-0031235,WR,BAL,2023,0,0.1748495519771568,0.1725798924604299,0.1644242022205295,0.17290415435233938,2022
2023_03_IND_BAL,00-0031549,WR,BAL,2023,0,0.20526476815316985,0.16503595555252917,0.1498580738324015,0.15004802970002928,2022
2023_03_IND_BAL,00-0034184,RB,BAL,2023,0,0.18541291475775012,0.1409818147470131,0.15064580778035275,0.14995901990820637,2022
2023_03_IND_BAL,00-0034753,TE,BAL,2023,0,0.27511058389495613,0.23640752715140345,0.26013014824063174,0.25566628537309255,2022
2023_03_IND_BAL,00-0034796,QB,BAL,2023,1,0.22512072993885013,0.2573983931234483,0.363676959505965,0.33593951672487826,2022
2023_03_IND_BAL,00-0034975,RB,BAL,2023,0,0.2573761772430079,0.14123632593539442,0.13922870285281494,0.30619420640749884,2022
2023_03_IND_BAL,00-0036158,RB,BAL,2023,0,0.310284987214532,0.15661588002715224,0.1578321682653026,0.3097975991809985,2022
2023_03_IND_BAL,00-0036331,WR,BAL,2023,0,0.09927845420585468,0.07376968222521446,0.0626636454332073,0.057764064895007905,2022
2023_03_IND_BAL,00-0036550,WR,BAL,2023,0,0.14119993089470162,0.1292418972097272,0.11699467416530504,0.14254283816286156,2022
2023_03_IND_BAL,00-0037838,TE,BAL,2023,0,0.08423885232986605,0.10656319530690235,0.08946447738352364,0.07683187261125879,2022
2023_03_IND_BAL,00-0038046,TE,BAL,2023,0,0.07089670740222909,0.05618554219558762,0.08467642918421397,0.07310779769196801,2022
2023_03_IND_BAL,00-0039064,WR,BAL,2023,0,0.32366992057610433,0.3311255934739357,0.26748535163656484,0.3279017917326797,2022
2023_03_IND_BAL,00-0033217,TE,IND,2023,0,0.04624859771042411,0.05180602132275949,0.04864359655495966,0.05064012534772646,2022
2023_03_IND_BAL,00-0033466,WR,IND,2023,0,0.009465383128707705,0.029290027686462175,0.030786118213238654,0.04837857174561053,2022
2023_03_IND_BAL,00-0035289,QB,IND,2023,0,0.03068226333125057,0.02670895959537105,0.014637271081972578,0.046485894310363915,2022
2023_03_IND_BAL,00-0036251,RB,IND,2023,1,0.3507944189565829,0.5976852254854085,0.5841976881043827,0.2843007244996941,2022
2023_03_IND_BAL,00-0036252,WR,IND,2023,0,0.2292481648163065,0.3250584564787064,0.3931407993133242,0.21655258604001534,2022
2023_03_IND_BAL,00-0036493,RB,IND,2023,0,0.2784006490307991,0.3197750749890523,0.2773142221560153,0.23956022877099875,2022
2023_03_IND_BAL,00-0036860,RB,IND,2023,0,0.05138547681015049,0.05069881109363916,0.05636770393553318,0.06619832126602128,2022
2023_03_IND_BAL,00-0036876,TE,IND,2023,0,0.114524317968697,0.10812841493470315,0.09251341132084787,0.13600091434523393,2022
2023_03_IND_BAL,00-0037292,TE,IND,2023,0,0.039034995034982756,0.04101057810528903,0.03409007427887215,0.04907243941291996,2022
2023_03_IND_BAL,00-0037664,WR,IND,2023,0,0.08615250297619093,0.13824100034764356,0.13217753944010147,0.09040160522560046,2022
2023_03_IND_BAL,00-0038394,TE,IND,2023,0,0.04749899741425412,0.03874665670390941,0.06092807745947613,0.06392420953171132,2022
2023_03_IND_BAL,00-0038397,RB,IND,2023,0,0.03454910346004669,0.04154763304897707,0.047100714275992536,0.0542456039122994,2022
2023_03_IND_BAL,00-0038997,WR,IND,2023,0,0.14290338381389733,0.15552866127075587,0.16218330015009888,0.1592340838204591,2022
2023_03_IND_BAL,00-0039164,QB,IND,2023,0,0.14119813478220766,0.06848406639714466,0.08043435834486902,0.15038998658765687,2022
2023_03_LAC_MIN,00-0030279,WR,LAC,2023,0,0.34395356829486046,0.3816144012891367,0.38957597967979607,0.3329695961446976,2022
2023_03_LAC_MIN,00-0033536,WR,LAC,2023,1,0.31559735038525816,0.31558788838163065,0.3411000721377284,0.28774869823086413,2022
2023_03_LAC_MIN,00-0033699,RB,LAC,2023,0,0.43100259436004784,0.20254303561393908,0.11882646805310841,0.36995851434295285,2022
2023_03_LAC_MIN,00-0033895,TE,LAC,2023,0,0.15004361676176725,0.13985384235719964,0.10752622298901325,0.14881774997524386,2022
2023_03_LAC_MIN,00-0035329,TE,LAC,2023,1,0.13136883158061663,0.12032472689843816,0.09843106325337639,0.11721824611103059,2022
2023_03_LAC_MIN,00-0036355,QB,LAC,2023,0,0.15496562637483435,0.13630611701782194,0.1340370279350706,0.1276146854817478,2022
2023_03_LAC_MIN,00-0036370,RB,LAC,2023,0,0.3550041155917304,0.33775782722188785,0.3881411063530343,0.3441167023723529,2022
2023_03_LAC_MIN,00-0036988,WR,LAC,2023,1,0.14157990254883834,0.1338713188965515,0.1272765024285829,0.10275339639142053,2022
2023_03_LAC_MIN,00-0037475,TE,LAC,2023,0,0.05583565881952224,0.0927532672615304,0.06142004151168247,0.04879119004899643,2022
2023_03_LAC_MIN,00-0038045,RB,LAC,2023,0,0.03982587312040553,0.06775869325007428,0.04589721332480634,0.04810354983254889,2022
2023_03_LAC_MIN,00-0038544,WR,LAC,2023,0,0.0984800661047287,0.07713866264175559,0.08153728220852188,0.06676511306401271,2022
2023_03_LAC_MIN,00-0038573,WR,LAC,2023,0,0.03509115132830365,0.05681887886774258,0.05053144799257777,0.048427110894595025,2022
2023_03_LAC_MIN,00-0038862,RB,LAC,2023,0,0.18958479929203986,0.12530918544123834,0.07452628414478028,0.10056787819216974,2022
2023_03_LAC_MIN,00-0029604,QB,MIN,2023,0,0.18818181788060973,0.13257811506319442,0.0860123167649483,0.07888192057161517,2022
2023_03_LAC_MIN,00-0034972,RB,MIN,2023,0,0.6059582615047289,0.5488019128794999,0.7312442456323827,0.39750499707097864,2022
2023_03_LAC_MIN,00-0035229,TE,MIN,2023,0,0.33019980120265013,0.36529567116415695,0.20795765928318016,0.36584363573651885,2022
2023_03_LAC_MIN,00-0035249,TE,MIN,2023,1,0.1301186447890319,0.10372125729748873,0.08442054328669203,0.10409156355325005,2022
2023_03_LAC_MIN,00-0036322,WR,MIN,2023,1,0.3973127901247213,0.473059861734574,0.4160202767606627,0.3720885351652981,2022
2023_03_LAC_MIN,00-0036345,WR,MIN,2023,1,0.26403941850088564,0.2637506895088477,0.23689060905240364,0.25815402423057004,2022
2023_03_LAC_MIN,00-0037276,RB,MIN,2023,0,0.17975731339626988,0.0910609413335642,0.12938911071778245,0.08004819047613103,2022
2023_03_LAC_MIN,00-0038994,WR,MIN,2023,0,0.2329442946122675,0.1840411634433575,0.1848502538058642,0.2184798913943511,2022
2023_03_LA_CIN,00-0033009,WR,CIN,2023,0,0.2345947204748341,0.2706361779581236,0.2381050052293898,0.25322054358288104,2022
2023_03_LA_CIN,00-0033897,RB,CIN,2023,1,0.5400637483511004,0.5958212684225508,0.601687873793805,0.42470776157346063,2022
2023_03_LA_CIN,00-0034970,TE,CIN,2023,0,0.1885191618789257,0.14755626696206225,0.14432544980630915,0.21600422206396652,2022
2023_03_LA_CIN,00-0035100,QB,CIN,2023,0,0.044126270153341474,0.00011732182632169789,0.002418446580015053,0.05085656701696067,2022
2023_03_LA_CIN,00-0035291,RB,CIN,2023,0,0.0884636359823806,0.07292264414175319,0.0825626135976356,0.07218000688218039,2022
2023_03_LA_CIN,00-0036410,WR,CIN,2023,0,0.3549017029845515,0.3580107282835919,0.39803586571338034,0.28378775117079436,2022
2023_03_LA_CIN,00-0036442,QB,CIN,2023,0,0.1168011338121906,0.11060032664417967,0.07676596362684901,0.06211539196583744,2022
2023_03_LA_CIN,00-0036857,RB,CIN,2023,0,0.1163361152233241,0.056851904809658925,0.05469310254632634,0.08010612028380601,2022
2023_03_LA_CIN,00-0036900,WR,CIN,2023,0,0.3343895856488408,0.38355654139909934,0.37602598294124795,0.30945478783868496,2022
2023_03_LA_CIN,00-0038597,RB,CIN,2023,0,0.047687277007238627,0.04812525122597078,0.06996294919538297,0.04939356392247499,2022
2023_03_LA_CIN,00-0026498,QB,LA,2023,0,0.1383946621695099,0.09892316733745003,0.09498544029533457,0.10474279888673164,2022
2023_03_LA_CIN,00-0033110,TE,LA,2023,0,0.16433435309573274,0.18457810993004406,0.15967196079237614,0.18332033170313206,2022
2023_03_LA_CIN,00-0036414,RB,LA,2023,0,0.3115497567455139,0.20748288170159643,0.269618791229184,0.228674812736748,2022
2023_03_LA_CIN,00-0036415,WR,LA,2023,0,0.14835805558330428,0.18781078768137038,0.15201066401692911,0.1285328101451366,2022
2023_03_LA_CIN,00-0036424,TE,LA,2023,0,0.03397281481918202,0.04542421360632878,0.03810729018677742,0.04468117691208535,2022
2023_03_LA_CIN,00-0036849,WR,LA,2023,1,0.21478140747394425,0.2310554092055846,0.21609985506152768,0.1705411251845766,2022
2023_03_LA_CIN,00-0036862,WR,LA,2023,0,0.06862488763888808,0.05779145496617813,0.04900263415297291,0.05760175497592001,2022
2023_03_LA_CIN,00-0037557,RB,LA,2023,0,0.012858235950174879,0.03778183710232369,0.04511562784026497,0.04593017371174882,2022
2023_03_LA_CIN,00-0037840,RB,LA,2023,0,0.3751921881413779,0.2872593074866508,0.33015638655187807,0.2929750513269293,2022
2023_03_LA_CIN,00-0039075,WR,LA,2023,0,0.35022050578903485,0.376175674161595,0.38480838050322425,0.2526059381658164,2022
2023_03_NE_NYJ,00-0031547,WR,NE,2023,0,0.19580904590249548,0.22944582787294948,0.2419323177394546,0.16832350208505195,2022
2023_03_NE_NYJ,00-0032200,WR,NE,2023,0,0.05128446867655001,0.03542586948885089,0.034831700047634896,0.055056386174549735,2022
2023_03_NE_NYJ,00-0033045,RB,NE,2023,0,0.18418154743631432,0.10627181013626255,0.11354494276951949,0.12650776564668886,2022
2023_03_NE_NYJ,00-0033090,TE,NE,2023,0,0.14874701856874473,0.1642648486981856,0.24169035404342357,0.17260426012034544,2022
2023_03_NE_NYJ,00-0033307,WR,NE,2023,0,0.1954713600208725,0.15584154220501045,0.17600997002610122,0.16524205984296128,2022
2023_03_NE_NYJ,00-0033857,WR,NE,2023,0,0.13194941975457763,0.10615054938817074,0.10096105558699674,0.14015075559029833,2022
2023_03_NE_NYJ,00-0034829,TE,NE,2023,0,0.10012058526038636,0.0969365051150759,0.10888734484415571,0.1095383006980526,2022
2023_03_NE_NYJ,00-0036875,RB,NE,2023,0,0.3573569714491762,0.4215487052670468,0.42171583513324346,0.3207716633298047,2022
2023_03_NE_NYJ,00-0036972,QB,NE,2023,0,0.12692567276466427,0.10207148833025734,0.09290556655508339,0.09971709870199832,2022
2023_03_NE_NYJ,00-0038608,WR,NE,2023,0,0.11122489197290941,0.09669515828588134,0.10045310666494947,0.11404979641596909,2022
2023_03_NE_NYJ,00-0038621,WR,NE,2023,0,0.08513772502298689,0.05969950630050777,0.05840932329526984,0.07561083894898546,2022
2023_03_NE_NYJ,00-0028002,WR,NYJ,2023,0,0.06087836321808848,0.05328596336999883,0.049683587780200815,0.05515848996249011,2022
2023_03_NE_NYJ,00-0033893,RB,NYJ,2023,0,0.2588956919629195,0.16236887690485208,0.14521466418359083,0.2443202635614785,2022
2023_03_NE_NYJ,00-0034270,TE,NYJ,2023,0,0.1622083956471786,0.14158736991597945,0.17664357476983766,0.1396953689025505,2022
2023_03_NE_NYJ,00-0034521,WR,NYJ,2023,0,0.178731176347803,0.14013947851048988,0.1515315908842345,0.12479983315152615,2022
2023_03_NE_NYJ,00-0035140,WR,NYJ,2023,0,0.04853196977198038,0.05156886050083175,0.05783022488547096,0.05768386093309546,2022
2023_03_NE_NYJ,00-0036924,RB,NYJ,2023,0,0.11858559865984919,0.058549359838241416,0.05252765837096161,0.0799455805766904,2022
2023_03_NE_NYJ,00-0037013,QB,NYJ,2023,0,0.15800947319378733,0.07625361868675942,0.07485058403016458,0.14281931776555779,2022
2023_03_NE_NYJ,00-0037740,WR,NYJ,2023,0,0.30288655256278785,0.18430265244165273,0.1396693128990513,0.2091213730007847,2022
2023_03_NE_NYJ,00-0038120,RB,NYJ,2023,0,0.2346387916710041,0.1351390104894555,0.1450901959690077,0.12549310320436718,2022
2023_03_NO_GB,00-0033293,RB,GB,2023,0,0.2830628295637697,0.205574469662498,0.162056042661911,0.22209945881130147,2022
2023_03_NO_GB,00-0035973,RB,GB,2023,0,0.08677349981041449,0.06452166584299879,0.0763158535944737,0.07285414404396957,2022
2023_03_NO_GB,00-0036264,QB,GB,2023,1,0.10911469480423275,0.10337490539172384,0.07938019591036173,0.0999394150066921,2022
2023_03_NO_GB,00-0036265,RB,GB,2023,0,0.3501231999692076,0.4424981845391479,0.3646524778368215,0.3404655223215863,2022
2023_03_NO_GB,00-0036332,TE,GB,2023,0,0.05444987210185892,0.06023229399255532,0.046032953593184385,0.0486150925915211,2022
2023_03_NO_GB,00-0037098,WR,GB,2023,0,0.10876441983191731,0.07943197533606827,0.094021866949651,0.07272612942192891,2022
2023_03_NO_GB,00-0037816,WR,GB,2023,1,0.17075095459753353,0.14358816175958317,0.13421276953197017,0.16264614349493686,2022
2023_03_NO_GB,00-0038391,QB,GB,2023,0,0.022460650180577857,0.022355023363259625,0.01049117443389381,0.04698969214910995,2022
2023_03_NO_GB,00-0038393,WR,GB,2023,0,0.1378211397108312,0.09332869118035106,0.11825287545412924,0.09634727890111722,2022
2023_03_NO_GB,00-0038465,WR,GB,2023,0,0.054626195807352174,0.05775571059176099,0.06293329696947045,0.0481578615268424,2022
2023_03_NO_GB,00-0038797,RB,GB,2023,0,0.08539118961167191,0.06521824522447434,0.04160524508078853,0.07164991987081898,2022
2023_03_NO_GB,00-0039144,TE,GB,2023,0,0.16002462399549,0.14982723462941636,0.1471743277143512,0.17813890217593414,2022
2023_03_NO_GB,00-0039146,WR,GB,2023,0,0.23597939419765968,0.12943945432446147,0.18032030473115812,0.17735718570370335,2022
2023_03_NO_GB,00-0031280,QB,NO,2023,0,0.1214329802670534,0.09991950008450326,0.08099258243475785,0.1033292742016796,2022
2023_03_NO_GB,00-0032765,WR,NO,2023,0,0.27393121760973926,0.2129878920995399,0.25799613769310276,0.21843911817758233,2022
2023_03_NO_GB,00-0033357,TE,NO,2023,0,0.19545279327981013,0.09120928989613389,0.05611742504140635,0.10580849316843836,2022
2023_03_NO_GB,00-0033948,RB,NO,2023,0,0.289975428516413,0.255530236953014,0.26080592791807744,0.23775636513892617,2022
2023_03_NO_GB,00-0034317,WR,NO,2023,0,0.05141968904009098,0.05016689806900737,0.05070496901700033,0.050584347026609786,2022
2023_03_NO_GB,00-0034981,TE,NO,2023,0,0.08858564680845837,0.07692238666610257,0.07926089408330586,0.07422898312354491,2022
2023_03_NO_GB,00-0035860,RB,NO,2023,0,0.19670231483076006,0.08396724304845106,0.10893037868184298,0.09174702866157076,2022
2023_03_NO_GB,00-0036040,TE,NO,2023,0,0.1599809025155392,0.1416757120887088,0.18306953858525257,0.14393283119642183,2022
2023_03_NO_GB,00-0037239,WR,NO,2023,0,0.3141913012647606,0.2717924700965517,0.3032351910154227,0.23415167079588098,2022
2023_03_NO_GB,00-0037545,WR,NO,2023,0,0.18817466251783987,0.13477439181973402,0.11191750312760287,0.1485119394967707,2022
2023_03_NYG_SF,00-0031610,TE,NYG,2023,0,0.17595513215377,0.11955474279900388,0.12939847695429815,0.14374915923373222,2022
2023_03_NYG_SF,00-0032385,WR,NYG,2023,0,0.03712361403703679,0.03423189409869015,0.03535481685493314,0.04938135599444979,2022
2023_03_NYG_SF,00-0033308,RB,NYG,2023,1,0.04607075938031446,0.03767683428957382,0.04552083005022243,0.05516524457206893,2022
2023_03_NYG_SF,00-0034844,RB,NYG,2023,0,0.3746163671769148,0.4538387151239527,0.4262747765531142,0.2880360507701366,2022
2023_03_NYG_SF,00-0035535,WR,NYG,2023,0,0.1580644716504409,0.1211220151680516,0.1458912124783295,0.1309034439259006,2022
2023_03_NYG_SF,00-0035639,WR,NYG,2023,0,0.14611524588089542,0.09007841232487256,0.10319871180057857,0.13531514677628523,2022
2023_03_NYG_SF,00-0035710,QB,NYG,2023,0,0.2264843084686471,0.150514178875258,0.32761843707491783,0.2317316595929898,2022
2023_03_NYG_SF,00-0036145,TE,NYG,2023,0,0.06928683819401649,0.052761481337147184,0.06483401665564727,0.08174671213634921,2022
2023_03_NYG_SF,00-0036165,WR,NYG,2023,0,0.1384537869325756,0.10431153980604445,0.09614737794674527,0.14746808999236255,2022
2023_03_NYG_SF,00-0036569,RB,NYG,2023,0,0.041717078060975354,0.03431402077476836,0.041583410180715596,0.05604483499671997,2022
2023_03_NYG_SF,00-0038115,TE,NYG,2023,0,0.04281595682457251,0.05691343831291466,0.053592221355116494,0.056995397344516474,2022
2023_03_NYG_SF,00-0038938,WR,NYG,2023,0,0.05194412556240968,0.04349445160220564,0.047086158625211386,0.05219267028651302,2022
2023_03_NYG_SF,00-0033280,RB,SF,2023,1,0.5867419377117732,0.8211591051065547,0.7034576171013932,0.4298577538740268,2022
2023_03_NYG_SF,00-0033288,TE,SF,2023,0,0.2932656839073643,0.27958438850637535,0.22385570350326825,0.24265532351456143,2022
2023_03_NYG_SF,00-0034869,QB,SF,2023,0,0.05503986730508348,0.000221479135778928,0.0031379104230338547,0.05906335225243424,2022
2023_03_NYG_SF,00-0035719,WR,SF,2023,1,0.4492237664680828,0.4261085827985946,0.3628953873788421,0.4010488899527487,2022
2023_03_NYG_SF,00-0036259,WR,SF,2023,0,0.13288736845981453,0.10070891203355047,0.09308997960427864,0.06096580288879644,2022
2023_03_NYG_SF,00-0036261,WR,SF,2023,0,0.3587246875725978,0.2539896955541119,0.22131907454674582,0.2562332397179689,2022
2023_03_NYG_SF,00-0036567,RB,SF,2023,0,0.18592970648287066,0.15170162690540576,0.0824733359263599,0.08733973079807511,2022
2023_03_NYG_SF,00-0037834,QB,SF,2023,0,0.2221080560852433,0.18777931463403227,0.025737267788240828,0.13378670186499134,2022
2023_03_PHI_TB,00-0034351,TE,PHI,2023,0,0.2035823897839426,0.23650499122884244,0.2930924659047077,0.20770350001203686,2022
2023_03_PHI_TB,00-0034414,RB,PHI,2023,0,0.08475287798194764,0.07526758642397825,0.0825899312567938,0.07109696623641622,2022
2023_03_PHI_TB,00-0034750,RB,PHI,2023,0,0.08906520659762229,0.07238819650758353,0.0747775216701755,0.08046254131670762,2022
2023_03_PHI_TB,00-0035676,WR,PHI,2023,0,0.32299013432087953,0.321960491654909,0.326414948384154,0.2997147884930437,2022
2023_03_PHI_TB,00-0036271,WR,PHI,2023,0,0.12038738067631272,0.17191071689174817,0.1455038310123655,0.0975346342910577,2022
2023_03_PHI_TB,00-0036275,RB,PHI,2023,0,0.3489666305452195,0.2979416052621386,0.2575836990324606,0.3547626251440401,2022
2023_03_PHI_TB,00-0036389,QB,PHI,2023,1,0.2522592099868197,0.256366906645387,0.30707213229739894,0.34244364737946414,2022
2023_03_PHI_TB,00-0036912,WR,PHI,2023,0,0.3221741799424923,0.3696246884476717,0.35086438926059443,0.30271492038871456,2022
2023_03_PHI_TB,00-0036919,RB,PHI,2023,0,0.42066126262143866,0.4994863873963649,0.49366769937174027,0.4177962213290377,2022
2023_03_PHI_TB,00-0031408,WR,TB,2023,1,0.2580088914572247,0.2007359028882308,0.2544404941459503,0.1741986827753304,2022
2023_03_PHI_TB,00-0033921,WR,TB,2023,0,0.21805080129157794,0.1565619243364728,0.1560117885710004,0.1789970234873397,2022
2023_03_PHI_TB,00-0034575,TE,TB,2023,0,0.06827869830357691,0.051418235646842315,0.04548457222676056,0.059718828578279634,2022
2023_03_PHI_TB,00-0034681,RB,TB,2023,0,0.038022949372752524,0.040551406576115355,0.05064258019969634,0.055290182611249135,2022
2023_03_PHI_TB,00-0034855,QB,TB,2023,0,0.16878597243339788,0.12374491360042678,0.13915940327376025,0.11940907494202488,2022
2023_03_PHI_TB,00-0037256,RB,TB,2023,0,0.3708319425847333,0.4458371763394574,0.4525476070363832,0.32408529614017895,2022
2023_03_PHI_TB,00-0037311,TE,TB,2023,0,0.11065440410551552,0.06708683795703015,0.07218519233300431,0.07135260190549858,2022
2023_03_PHI_TB,00-0037487,WR,TB,2023,0,0.07231785467361218,0.06133369488228598,0.05489150529175626,0.052265481762877666,2022
2023_03_PHI_TB,00-0038129,TE,TB,2023,0,0.17546113695163024,0.17718987253011376,0.2201033672321953,0.17981161185993336,2022
2023_03_PHI_TB,00-0038821,WR,TB,2023,0,0.031812808523066116,0.040924280335538486,0.03429929546418515,0.04540594430821208,2022
2023_03_PHI_TB,00-0038951,RB,TB,2023,0,0.13544267788016684,0.07974880355251887,0.0886519492176435,0.08800733907690933,2022
2023_03_PHI_TB,00-0039052,WR,TB,2023,0,0.10329150844661095,0.06364455794261427,0.0683603364233659,0.10238192660600488,2022
2023_03_PIT_LV,00-0031345,QB,LV,2023,0,0.2015643148529499,0.14488975329809156,0.1607555566109494,0.15942139125050434,2022
2023_03_PIT_LV,00-0031381,WR,LV,2023,1,0.34668704569486963,0.32839034536616324,0.3977169287935179,0.3637194499607643,2022
2023_03_PIT_LV,00-0031763,WR,LV,2023,0,0.05330808012402022,0.05570123735559015,0.05264477035562539,0.04895642544502667,2022
2023_03_PIT_LV,00-0032104,RB,LV,2023,0,0.09147683804251494,0.05204127846381755,0.06694684777233291,0.06556877837972921,2022
2023_03_PIT_LV,00-0032392,TE,LV,2023,0,0.09338856807866014,0.09372436675697161,0.08577410512167781,0.07311551534144026,2022
2023_03_PIT_LV,00-0034960,WR,LV,2023,0,0.38429769945247616,0.4805755297503202,0.490260382687089,0.3494997308260431,2022
2023_03_PIT_LV,00-0034983,WR,LV,2023,0,0.09549815692809871,0.12732890089144625,0.14752091788896995,0.08159026075793117,2022
2023_03_PIT_LV,00-0035700,RB,LV,2023,0,0.4904844383025845,0.4976112513082516,0.40743165864272146,0.3867380507566753,2022
2023_03_PIT_LV,00-0038040,RB,LV,2023,0,0.09623613294705513,0.06456637964829709,0.08347399372598184,0.07753043879171871,2022
2023_03_PIT_LV,00-0038563,WR,LV,2023,0,0.11129154806679309,0.05970952500043288,0.07967930599308738,0.09003111261056292,2022
2023_03_PIT_LV,00-0039066,TE,LV,2023,0,0.05280796216446959,0.07830129055767678,0.07355052917839591,0.0529190589440462,2022
2023_03_PIT_LV,00-0031428,WR,PIT,2023,0,0.17786952297374725,0.19028966087543409,0.16430297203914573,0.15249404101597488,2022
2023_03_PIT_LV,00-0035216,WR,PIT,2023,0,0.15035617289411063,0.10885155157639148,0.1019097570852287,0.15048641158972725,2022
2023_03_PIT_LV,00-0035645,WR,PIT,2023,0,0.03273680214389174,0.024679829331600647,0.01914953750194446,0.053002768438888875,2022
2023_03_PIT_LV,00-0035703,WR,PIT,2023,0,0.03712650379650828,0.02685547776078694,0.020825001937236763,0.04963095414126072,2022
2023_03_PIT_LV,00-0036336,RB,PIT,2023,0,0.04673424027344886,0.04274364946539635,0.04288594270419986,0.07428389499570384,2022
2023_03_PIT_LV,00-0036893,RB,PIT,2023,0,0.34235903264912837,0.29952049006422365,0.3443920216149658,0.2871052140776626,2022
2023_03_PIT_LV,00-0036894,TE,PIT,2023,1,0.14233231449727413,0.14249679697739395,0.149829766226654,0.10641132355054343,2022
2023_03_PIT_LV,00-0037228,RB,PIT,2023,0,0.295344670162926,0.20571270233380357,0.1656851727396952,0.1656843512911892,2022
2023_03_PIT_LV,00-0037247,WR,PIT,2023,0,0.24458890628758667,0.22828320998778495,0.2262060405873417,0.20147707880738952,2022
2023_03_PIT_LV,00-0037837,WR,PIT,2023,1,0.17134359932986654,0.1407804209921896,0.11845489031687878,0.1415107669142755,2022
2023_03_PIT_LV,00-0038102,QB,PIT,2023,0,0.15743233506389875,0.114598637057465,0.10558306985442438,0.10324751288751567,2022
2023_03_TEN_CLE,00-0030068,WR,CLE,2023,0,0.07873627670355987,0.04535295957391063,0.05982645157285641,0.09426822254819153,2022
2023_03_TEN_CLE,00-0031544,WR,CLE,2023,1,0.25441104623929034,0.1574051973577601,0.19733962304086952,0.18204050959437842,2022
2023_03_TEN_CLE,00-0033537,QB,CLE,2023,0,0.1523783185033275,0.12648001992599392,0.1484401142895321,0.11790017926515385,2022
2023_03_TEN_CLE,00-0033885,TE,CLE,2023,0,0.146911452850929,0.1348925045247663,0.16148691031044368,0.17843738440841345,2022
2023_03_TEN_CLE,00-0034364,TE,CLE,2023,0,0.04004112054316267,0.0471079353024462,0.04256422620064261,0.04672960838802591,2022
2023_03_TEN_CLE,00-0034791,RB,CLE,2023,0,0.26849840479727627,0.18985215403603498,0.2087263475167977,0.17771997860742222,2022
2023_03_TEN_CLE,00-0036232,TE,CLE,2023,0,0.08905131847758241,0.06352520709573585,0.06362818249826334,0.06662243410168206,2022
2023_03_TEN_CLE,00-0036233,WR,CLE,2023,0,0.14086324018973173,0.14478151601200517,0.1522559375154413,0.08469339978896635,2022
2023_03_TEN_CLE,00-0036980,WR,CLE,2023,0,0.2564042922744888,0.1640005216659968,0.18729816087241455,0.16979614248633293,2022
2023_03_TEN_CLE,00-0037257,WR,CLE,2023,0,0.06165467351607323,0.047168016781596045,0.0469458887668518,0.049957434555930595,2022
2023_03_TEN_CLE,00-0037267,RB,CLE,2023,1,0.29667264768268864,0.2801769045172213,0.29043044557412007,0.2770692576238341,2022
2023_03_TEN_CLE,00-0038098,RB,CLE,2023,0,0.08407573895132259,0.0551840674314305,0.06013100834714681,0.06674366012431555,2022
2023_03_TEN_CLE,00-0029701,QB,TEN,2023,0,0.0972880246869885,0.08378121071936898,0.07891501799680642,0.08693521511750495,2022
2023_03_TEN_CLE,00-0030564,WR,TEN,2023,0,0.25496224860976435,0.15918401562002615,0.21568781910991303,0.15802037673147004,2022
2023_03_TEN_CLE,00-0032398,WR,TEN,2023,0,0.053279291486420965,0.04271197375459886,0.05266032336392773,0.058511671867395636,2022
2023_03_TEN_CLE,00-0032764,RB,TEN,2023,0,0.41967119365223426,0.3659375201592199,0.37318827388390524,0.27793432862193085,2022
2023_03_TEN_CLE,00-0035259,TE,TEN,2023,0,0.04364367931845958,0.05713682457487013,0.055191679653015975,0.05282349702659341,2022
2023_03_TEN_CLE,00-0036182,WR,TEN,2023,0,0.1810864827364994,0.12713468227223854,0.11832023705582494,0.15079184208704313,2022
2023_03_TEN_CLE,00-0037742,WR,TEN,2023,0,0.15358764298284455,0.12391026345772432,0.12347436415049051,0.1548047066319684,2022
2023_03_TEN_CLE,00-0037809,TE,TEN,2023,0,0.12692708519061513,0.10713892397269965,0.10565303125298536,0.12254104360973299,2022
2023_03_TEN_CLE,00-0039032,RB,TEN,2023,0,0.19517496871947293,0.129966617211009,0.12135915209540844,0.16344689907475324,2022
2023_04_ARI_SF,00-0030061,TE,ARI,2023,0,0.20395959720898693,0.11276757354865626,0.12655078874165385,0.16073608271915102,2022
2023_04_ARI_SF,00-0033251,WR,ARI,2023,0,0.02946444553822203,0.03346595976754451,0.03521109645283752,0.046192062208787014,2022
2023_04_ARI_SF,00-0033553,RB,ARI,2023,0,0.3426746031868483,0.266357343549335,0.27162580317850005,0.2923828728271934,2022
2023_04_ARI_SF,00-0033949,QB,ARI,2023,0,0.11464732661018762,0.08533866014197915,0.09160558276909933,0.10261409147002346,2022
2023_04_ARI_SF,00-0035662,WR,ARI,2023,0,0.24446471817499948,0.19164847765244178,0.20861366543267754,0.20107447284490182,2022
2023_04_ARI_SF,00-0036936,WR,ARI,2023,0,0.14262092292571826,0.09604418612727972,0.0916374265301892,0.1399927785678169,2022
2023_04_ARI_SF,00-0037299,RB,ARI,2023,0,0.07931801063844357,0.04473315171218209,0.05883315038926556,0.07103776892858739,2022
2023_04_ARI_SF,00-0037744,TE,ARI,2023,0,0.07913733732714112,0.054708624255316696,0.045169981161747474,0.0782729225443978,2022
2023_04_ARI_SF,00-0038559,WR,ARI,2023,1,0.11050468860586993,0.08593404352799115,0.09439946613704481,0.11056826695232334,2022
2023_04_ARI_SF,00-0038705,RB,ARI,2023,0,0.05844810103678577,0.03896630573948652,0.04467568246916511,0.06536819067774542,2022
2023_04_ARI_SF,00-0033280,RB,SF,2023,1,0.5741874007430645,0.750646885000669,0.6940069360571647,0.4406094909596606,2022
2023_04_ARI_SF,00-0033288,TE,SF,2023,0,0.33004333080011583,0.3124291392173246,0.2694367376168316,0.2716053958944366,2022
2023_04_ARI_SF,00-0034869,QB,SF,2023,0,0.04129187549684621,0.00019543051850942237,0.002020032965085476,0.055797747094042525,2022
2023_04_ARI_SF,00-0035719,WR,SF,2023,0,0.4611400554272239,0.42055908340141596,0.3852593372195961,0.4019470040227744,2022
2023_04_ARI_SF,00-0036259,WR,SF,2023,0,0.14154691328728097,0.11114701218374917,0.10435440411476653,0.0672716755445278,2022
2023_04_ARI_SF,00-0036261,WR,SF,2023,0,0.36908107815135516,0.27371980034526333,0.2425461192418839,0.2584987168326655,2022
2023_04_ARI_SF,00-0036567,RB,SF,2023,0,0.26696346800186954,0.17280921360607798,0.18903240106393424,0.1662136290941581,2022
2023_04_ARI_SF,00-0037525,RB,SF,2023,0,0.048829368386578365,0.0707783375852906,0.09586676791032156,0.05650394319759657,2022
2023_04_ARI_SF,00-0037834,QB,SF,2023,1,0.2069143398168265,0.1873248183788394,0.0822216581073734,0.13467158744635213,2022
2023_04_ARI_SF,00-0038647,WR,SF,2023,0,0.10833744130284462,0.10958233871546642,0.09609838440529934,0.1016196256812179,2022
2023_04_ATL_JAX,00-0031585,TE,ATL,2023,0,0.04883419289354152,0.06336393760251215,0.03674617536473939,0.05675247768242172,2022
2023_04_ATL_JAX,00-0033555,WR,ATL,2023,0,0.178593664236656,0.12943731471398884,0.14323473728733996,0.13742347526585877,2022
2023_04_ATL_JAX,00-0033858,TE,ATL,2023,0,0.18893051576547337,0.13741716812589275,0.12375056343096849,0.15445900101186757,2022
2023_04_ATL_JAX,00-0034854,WR,ATL,2023,0,0.043342274608391906,0.05275230105689292,0.044167847823125536,0.049070513879337,2022
2023_04_ATL_JAX,00-0036970,TE,ATL,2023,0,0.2174947873276628,0.14823197759057177,0.16109172123005266,0.16133489868541143,2022
2023_04_ATL_JAX,00-0037238,WR,ATL,2023,1,0.20816024944312173,0.1875684938224246,0.18147080354621303,0.17525990355870838,2022
2023_04_ATL_JAX,00-0037263,RB,ATL,2023,0,0.3033626603305193,0.25193056787381163,0.2008480167975223,0.31363053461859736,2022
2023_04_ATL_JAX,00-0038122,QB,ATL,2023,0,0.15047260754286385,0.12619585781006154,0.10187175396451975,0.11327135794739629,2022
2023_04_ATL_JAX,00-0038542,RB,ATL,2023,0,0.38399992454335996,0.426887907553324,0.2842851660686801,0.3244071544881799,2022
2023_04_ATL_JAX,00-0033572,WR,JAX,2023,0,0.09022821920343371,0.07941654528334484,0.06786982627590488,0.07578055304554301,2022
2023_04_ATL_JAX,00-0033881,TE,JAX,2023,0,0.21427528315126887,0.2020540673273954,0.20062849512010725,0.18151833042766077,2022
2023_04_ATL_JAX,00-0033891,WR,JAX,2023,0,0.23246918489249202,0.18735923926751802,0.17063971720309465,0.19268263904584426,2022
2023_04_ATL_JAX,00-0034775,WR,JAX,2023,0,0.2356796708115252,0.22010670477802902,0.22903971661151892,0.21173710144418917,2022
2023_04_ATL_JAX,00-0034837,WR,JAX,2023,1,0.27700730030430387,0.23329107354999948,0.23571505748389054,0.2365209993886079,2022
2023_04_ATL_JAX,00-0035628,RB,JAX,2023,0,0.07053101740499457,0.05950322076612892,0.06957948924609454,0.06763547854359127,2022
2023_04_ATL_JAX,00-0036497,WR,JAX,2023,0,0.0523900126530521,0.05973318391519073,0.055127630299563087,0.04530253986388657,2022
2023_04_ATL_JAX,00-0036887,TE,JAX,2023,0,0.049800679275011306,0.04257718622935592,0.07150557576695037,0.04674576153990615,2022
2023_04_ATL_JAX,00-0036971,QB,JAX,2023,0,0.18939059742040165,0.13537222883226005,0.15310580211984892,0.1406668361876942,2022
2023_04_ATL_JAX,00-0036973,RB,JAX,2023,0,0.43447933268707195,0.538749609845948,0.5105067760604064,0.36275504125303665,2022
2023_04_ATL_JAX,00-0038555,RB,JAX,2023,0,0.18681405000504558,0.057712905004556635,0.08583532611839796,0.08278457081323085,2022
2023_04_ATL_JAX,00-0038935,TE,JAX,2023,0,0.06922237352751215,0.043311435525480335,0.0677985105521484,0.06294388766637087,2022
2023_04_BAL_CLE,00-0031235,WR,BAL,2023,0,0.10692882568366746,0.11849687259617313,0.13481798059882225,0.12863866517863948,2022
2023_04_BAL_CLE,00-0031549,WR,BAL,2023,0,0.12114145645455687,0.1147627338997439,0.10819986803070296,0.1461448805214274,2022
2023_04_BAL_CLE,00-0032144,RB,BAL,2023,0,0.15485136283333578,0.091287311198521,0.07392484512215153,0.13879253017057266,2022
2023_04_BAL_CLE,00-0033118,RB,BAL,2023,0,0.08150192264596223,0.035733622867722685,0.030600294031867772,0.08192666010761435,2022
2023_04_BAL_CLE,00-0034184,RB,BAL,2023,0,0.11965294091023349,0.1084316567086421,0.11382796605493338,0.11015764614938524,2022
2023_04_BAL_CLE,00-0034753,TE,BAL,2023,1,0.15443087722178317,0.1578476177099959,0.15191084750733383,0.16311483086882397,2022
2023_04_BAL_CLE,00-0034796,QB,BAL,2023,1,0.1516964453929167,0.18231216800358402,0.22713426049164218,0.17211058902882206,2022
2023_04_BAL_CLE,00-0034975,RB,BAL,2023,0,0.1606226075852203,0.09583803239575447,0.09174830973869302,0.19155289660248961,2022
2023_04_BAL_CLE,00-0036158,RB,BAL,2023,0,0.19634561229282987,0.106889375379711,0.10477980848725431,0.1959908437488267,2022
2023_04_BAL_CLE,00-0036331,WR,BAL,2023,0,0.05004242737453779,0.04589495482345522,0.048395030345108676,0.05333779242030843,2022
2023_04_BAL_CLE,00-0036550,WR,BAL,2023,0,0.08684634215829723,0.09062563970943571,0.1015016734121752,0.09037246702400581,2022
2023_04_BAL_CLE,00-0037838,TE,BAL,2023,0,0.05163074191870465,0.06186056284927068,0.0428848899835967,0.06378843523414252,2022
2023_04_BAL_CLE,00-0038046,TE,BAL,2023,0,0.04234720330741604,0.036949283138099004,0.046536243868439485,0.06713256417634414,2022
2023_04_BAL_CLE,00-0039064,WR,BAL,2023,0,0.21391036693993004,0.23584299532439176,0.23300825296084676,0.2106151612040418,2022
2023_04_BAL_CLE,00-0030068,WR,CLE,2023,0,0.05622951605623705,0.04152381553881202,0.0502861460944663,0.07067018312806887,2022
2023_04_BAL_CLE,00-0031544,WR,CLE,2023,0,0.23113814971226998,0.1721232284652436,0.20957779322267325,0.17984037309843212,2022
2023_04_BAL_CLE,00-0033537,QB,CLE,2023,0,0.13344996303947065,0.11760646190646058,0.14434199402768963,0.11703386549432507,2022
2023_04_BAL_CLE,00-0033885,TE,CLE,2023,0,0.13462950525322348,0.13436894274763897,0.14917062006524823,0.16550565575723103,2022
2023_04_BAL_CLE,00-0033923,RB,CLE,2023,0,0.1639117863734708,0.08708427283374076,0.08766586042109446,0.07990374478701233,2022
2023_04_BAL_CLE,00-0034364,TE,CLE,2023,0,0.03567478336211327,0.04637956893666868,0.037719370258041035,0.04672960838802591,2022
2023_04_BAL_CLE,00-0034791,RB,CLE,2023,0,0.24265364788165322,0.18735066283124222,0.2095831022929117,0.17771997860742222,2022
2023_04_BAL_CLE,00-0036232,TE,CLE,2023,0,0.07431797866508638,0.06264090625857054,0.05199596033202533,0.06590524135348415,2022
2023_04_BAL_CLE,00-0036233,WR,CLE,2023,0,0.13414682271924794,0.15156810600160525,0.1603314403875653,0.0898657135403364,2022
2023_04_BAL_CLE,00-0036980,WR,CLE,2023,0,0.24931753125307843,0.19444010391340352,0.20557626947465887,0.17942987316403108,2022
2023_04_BAL_CLE,00-0037257,WR,CLE,2023,0,0.054999816875676455,0.046438766729457445,0.048018056228897425,0.049957434555930595,2022
2023_04_BAL_CLE,00-0037267,RB,CLE,2023,0,0.2750588586031899,0.23749243755354318,0.2690209805581093,0.2709676111973674,2022
2023_04_BAL_CLE,00-0038098,RB,CLE,2023,0,0.08287381925971704,0.04854577217407243,0.05915487856597911,0.06959702693323748,2022
2023_04_CIN_TEN,00-0033009,WR,CIN,2023,0,0.19567590523544653,0.22456329523303514,0.20307352278739815,0.18112733672952178,2022
2023_04_CIN_TEN,00-0033897,RB,CIN,2023,0,0.44484069962635486,0.4958667856450145,0.5127378043045553,0.34555640257527864,2022
2023_04_CIN_TEN,00-0034613,TE,CIN,2023,0,0.11013503676063063,0.08652249595614639,0.14992557629331613,0.08590314841834504,2022
2023_04_CIN_TEN,00-0034970,TE,CIN,2023,0,0.15006446503348914,0.1304056745443422,0.15600849116049678,0.16526414236144954,2022
2023_04_CIN_TEN,00-0035100,QB,CIN,2023,0,0.034517099051679545,0.0001016420652852436,0.002121867733636534,0.05030140941726228,2022
2023_04_CIN_TEN,00-0035291,RB,CIN,2023,0,0.07016551772309265,0.05965610482412901,0.0627864961060418,0.057820389819462796,2022
2023_04_CIN_TEN,00-0035631,TE,CIN,2023,0,0.0486193317768584,0.07624650721750144,0.1372115155676552,0.052562819533802194,2022
2023_04_CIN_TEN,00-0035771,TE,CIN,2023,0,0.05426009156777667,0.0712559493495062,0.05654972252887968,0.05019421105267403,2022
2023_04_CIN_TEN,00-0036410,WR,CIN,2023,0,0.2634107082785534,0.25934632889540105,0.29647829401039444,0.22288778742778503,2022
2023_04_CIN_TEN,00-0036442,QB,CIN,2023,0,0.10743579201686959,0.10606228193670864,0.07989038929311215,0.07347513154197634,2022
2023_04_CIN_TEN,00-0036857,RB,CIN,2023,0,0.09177778064867104,0.049630155018441764,0.04281919325597393,0.07360529748561097,2022
2023_04_CIN_TEN,00-0036900,WR,CIN,2023,0,0.2861317233702375,0.3519250390036265,0.3277064327708363,0.2878980329753911,2022
2023_04_CIN_TEN,00-0038576,WR,CIN,2023,0,0.017490636519829517,0.03632936761866437,0.03493052331224819,0.04688741848755885,2022
2023_04_CIN_TEN,00-0038597,RB,CIN,2023,0,0.015467775815275697,0.03882179964266794,0.04781371961809828,0.049078620810820185,2022
2023_04_CIN_TEN,00-0029701,QB,TEN,2023,0,0.09833788528727472,0.08847571152384846,0.07373981610790561,0.0671102722462522,2022
2023_04_CIN_TEN,00-0030564,WR,TEN,2023,0,0.27525811479731954,0.1701044975237486,0.2166371993219293,0.17485945086846008,2022
2023_04_CIN_TEN,00-0032398,WR,TEN,2023,0,0.0805647577782086,0.0570410929040623,0.06145147628285703,0.06463636908181566,2022
2023_04_CIN_TEN,00-0032764,RB,TEN,2023,1,0.4297705556151459,0.32643790143682144,0.3892145079115749,0.34177190566539056,2022
2023_04_CIN_TEN,00-0035259,TE,TEN,2023,0,0.04793034870545054,0.06449768973086374,0.06901828814375612,0.05282349702659341,2022
2023_04_CIN_TEN,00-0036182,WR,TEN,2023,1,0.19739157208350688,0.14215369631865846,0.12408210539707763,0.16846801413419454,2022
2023_04_CIN_TEN,00-0037742,WR,TEN,2023,0,0.1924102922854456,0.14102083158888806,0.15402773361385522,0.1716409881674541,2022
2023_04_CIN_TEN,00-0037809,TE,TEN,2023,0,0.15274152324291257,0.13191571592879264,0.14348696637197897,0.1476746290606012,2022
2023_04_CIN_TEN,00-0039032,RB,TEN,2023,0,0.23352683233970406,0.16114210168988424,0.14604709880468916,0.20000398673747996,2022
2023_04_DEN_CHI,00-0033757,TE,CHI,2023,0,0.04144375330803973,0.045696749054084426,0.044159248174111876,0.045307519821931604,2022
2023_04_DEN_CHI,00-0033925,RB,CHI,2023,0,0.18199043184779462,0.11169159286043066,0.10476084569835704,0.10134993034599009,2022
2023_04_DEN_CHI,00-0034827,WR,CHI,2023,1,0.2140182207694694,0.22433609276052208,0.1823588036315749,0.2219477186597613,2022
2023_04_DEN_CHI,00-0036290,TE,CHI,2023,1,0.2180114626479679,0.196288987644025,0.22364753177820915,0.21864581566256758,2022
2023_04_DEN_CHI,00-0036309,WR,CHI,2023,0,0.18398597131182837,0.17319058711575458,0.14596580362440711,0.17143579630127614,2022
2023_04_DEN_CHI,00-0036326,WR,CHI,2023,0,0.20046902495120367,0.15758517667226762,0.14295176190567713,0.1295395381897475,2022
2023_04_DEN_CHI,00-0036906,RB,CHI,2023,1,0.28996053174423275,0.21554533923167957,0.19723791387047576,0.24893108035877648,2022
2023_04_DEN_CHI,00-0036945,QB,CHI,2023,0,0.2684786704607369,0.1713858468688252,0.14777534336243492,0.29822653680539596,2022
2023_04_DEN_CHI,00-0037745,WR,CHI,2023,0,0.025452629264854587,0.03920959158662983,0.029104634151483153,0.05701369704341346,2022
2023_04_DEN_CHI,00-0038941,WR,CHI,2023,0,0.10036491971672945,0.05513196654678545,0.04700906281723005,0.0798695042453917,2022
2023_04_DEN_CHI,00-0039021,RB,CHI,2023,0,0.2813300948676468,0.18170489111424643,0.1577517979078972,0.20222587940643375,2022
2023_04_DEN_CHI,00-0029263,QB,DEN,2023,0,0.15427963052818583,0.113831595011173,0.10203002116679984,0.13140804767326755,2022
2023_04_DEN_CHI,00-0031484,TE,DEN,2023,0,0.0539116231113429,0.04877744171333723,0.06035614884388269,0.08572100132439618,2022
2023_04_DEN_CHI,00-0032208,WR,DEN,2023,0,0.039390022038664596,0.048305545207492584,0.04518627219084829,0.04641394069885859,2022
2023_04_DEN_CHI,00-0033526,RB,DEN,2023,0,0.24638982312605417,0.16734464101921348,0.1490814705876432,0.22196350643273421,2022
2023_04_DEN_CHI,00-0034348,WR,DEN,2023,1,0.298385303196691,0.31776363485423953,0.28472368552568067,0.2873531269546241,2022
2023_04_DEN_CHI,00-0035406,WR,DEN,2023,0,0.12129436811924155,0.10659522624308868,0.08992595192836807,0.10518130543618709,2022
2023_04_DEN_CHI,00-0036407,WR,DEN,2023,0,0.2403888529292567,0.21806287621155435,0.20352544604413642,0.2222202684172024,2022
2023_04_DEN_CHI,00-0036422,TE,DEN,2023,0,0.15507081153520275,0.15856572761241303,0.2065478703583527,0.1247135986842642,2022
2023_04_DEN_CHI,00-0036997,RB,DEN,2023,0,0.4211577724500849,0.3427829304540389,0.3528294111814769,0.32620016183631506,2022
2023_04_DEN_CHI,00-0037252,TE,DEN,2023,0,0.0966442212318196,0.07987456247567501,0.0712819687193257,0.06827990897744847,2022
2023_04_DEN_CHI,00-0037382,WR,DEN,2023,1,0.142092243761768,0.11471022617882709,0.10337831723231006,0.12662250726592333,2022
2023_04_DEN_CHI,00-0038783,TE,DEN,2023,0,0.03568204209712611,0.05116055515032051,0.0442304561772085,0.04803478723177139,2022
2023_04_DEN_CHI,00-0038794,RB,DEN,2023,1,0.08689309876281226,0.056429397788815956,0.06579027939835026,0.06696478881639112,2022
2023_04_DEN_CHI,00-0038976,WR,DEN,2023,0,0.15027469063750964,0.0938727585231189,0.08355735617968754,0.1114117998538975,2022
2023_04_DET_GB,00-0029293,WR,DET,2023,0,0.20003499131193048,0.12819611440748854,0.21438060840195294,0.13465249099041646,2022
2023_04_DET_GB,00-0032464,WR,DET,2023,0,0.11933278842875394,0.0952820298522466,0.10015231238027189,0.10695081013630241,2022
2023_04_DET_GB,00-0033106,QB,DET,2023,0,0.13291251228890788,0.12326085746450915,0.07345503067224182,0.11554780773809666,2022
2023_04_DET_GB,00-0033943,WR,DET,2023,0,0.22014840705508276,0.24763675106517485,0.19714057507295854,0.22038493897103445,2022
2023_04_DET_GB,00-0035567,RB,DET,2023,0,0.0935236228301064,0.07679406622366325,0.0918823689135953,0.07818795062236637,2022
2023_04_DET_GB,00-0035685,RB,DET,2023,1,0.35282867810494045,0.31990440451761165,0.4098412471571626,0.38294692788722196,2022
2023_04_DET_GB,00-0036754,TE,DET,2023,0,0.08418484075636001,0.08794457118789073,0.12064704025904545,0.06736241723195212,2022
2023_04_DET_GB,00-0036963,WR,DET,2023,1,0.2806472980318854,0.2735492585303273,0.2837105843838024,0.29441028025613186,2022
2023_04_DET_GB,00-0037157,RB,DET,2023,0,0.05966101619420383,0.054659052822686224,0.07561682473549589,0.06795057601218704,2022
2023_04_DET_GB,00-0038627,WR,DET,2023,0,0.032134036260573096,0.049587330988182056,0.04856214934201981,0.046685202997612675,2022
2023_04_DET_GB,00-0039065,TE,DET,2023,0,0.22883890977963461,0.22274511315088175,0.21997510897552708,0.22813162939262396,2022
2023_04_DET_GB,00-0039139,RB,DET,2023,0,0.30030667876373496,0.22971631022948263,0.22464964853004987,0.31129631179705664,2022
2023_04_DET_GB,00-0033293,RB,GB,2023,0,0.2930780020783109,0.21787483209688488,0.1717245722869397,0.250276232146657,2022
2023_04_DET_GB,00-0035973,RB,GB,2023,0,0.12931640851648496,0.08557437327762814,0.08674311104613622,0.08547331130544558,2022
2023_04_DET_GB,00-0036264,QB,GB,2023,1,0.1627104217523303,0.1333657457936369,0.1240649163838362,0.13826827182333934,2022
2023_04_DET_GB,00-0036265,RB,GB,2023,0,0.31839612372887627,0.37093050114173776,0.3397265129468021,0.3321950479816607,2022
2023_04_DET_GB,00-0036332,TE,GB,2023,0,0.038433388063312424,0.056175769572439645,0.04431852933322715,0.044765132584537834,2022
2023_04_DET_GB,00-0037098,WR,GB,2023,0,0.10312766550861197,0.08133489577932024,0.09274336153636017,0.06545198424042716,2022
2023_04_DET_GB,00-0037816,WR,GB,2023,0,0.22448821189450163,0.19747524839467917,0.2115090784170785,0.19648762558358893,2022
2023_04_DET_GB,00-0038391,QB,GB,2023,0,0.023398989251426583,0.02402413994822431,0.011459837776686625,0.04698969214910995,2022
2023_04_DET_GB,00-0038393,WR,GB,2023,0,0.14901705770218077,0.12052724452512407,0.13443865417109108,0.140162661497549,2022
2023_04_DET_GB,00-0038465,WR,GB,2023,0,0.05642016134292149,0.05273490531383719,0.05747280718883872,0.04997956014092864,2022
2023_04_DET_GB,00-0038797,RB,GB,2023,0,0.07826357460970368,0.06023245175481628,0.07395663866028257,0.07462287359334936,2022
2023_04_DET_GB,00-0039144,TE,GB,2023,0,0.18397991730314078,0.1858013612054939,0.1884631529111069,0.21865898816369317,2022
2023_04_DET_GB,00-0039146,WR,GB,2023,0,0.2306705302251567,0.17602278622825293,0.20148204880757903,0.19118070806513,2022
2023_04_KC_NYJ,00-0027948,QB,KC,2023,0,0.061318726027102866,0.00024306947239266052,0.0027898945107396045,0.054825611018246505,2022
2023_04_KC_NYJ,00-0030506,TE,KC,2023,0,0.2691005665271964,0.2272764890365825,0.2281090482923623,0.22724811277131196,2022
2023_04_KC_NYJ,00-0031376,RB,KC,2023,0,0.1346913215041513,0.11432804854939894,0.13810287874299626,0.11992597355847139,2022
2023_04_KC_NYJ,00-0032062,TE,KC,2023,0,0.1300181809824249,0.11043907398958268,0.11480825588721756,0.09787996628627066,2022
2023_04_KC_NYJ,00-0033873,QB,KC,2023,0,0.18944843892821261,0.15548930118346316,0.16412134588426863,0.16428483167196947,2022
2023_04_KC_NYJ,00-0034272,WR,KC,2023,0,0.11941278714266479,0.14356495214812395,0.1341727888129072,0.09535619823990682,2022
2023_04_KC_NYJ,00-0034286,WR,KC,2023,0,0.058141061503999114,0.06174559212785346,0.0625219811300549,0.05141281700984637,2022
2023_04_KC_NYJ,00-0034386,WR,KC,2023,0,0.14552320562964904,0.11192742824128507,0.11819353287535676,0.10695168383982577,2022
2023_04_KC_NYJ,00-0036360,RB,KC,2023,0,0.22087731838634062,0.13217229043631612,0.14186901649027314,0.14807637952664987,2022
2023_04_KC_NYJ,00-0036637,TE,KC,2023,1,0.14036174454469286,0.1500550730667248,0.17467075344419172,0.11166487676015674,2022
2023_04_KC_NYJ,00-0036913,WR,KC,2023,0,0.13518940037853777,0.08541950695622275,0.08011334068775897,0.10210944135649686,2022
2023_04_KC_NYJ,00-0037197,RB,KC,2023,1,0.36419591151540687,0.3005343956197907,0.28515325272489395,0.36185942814311517,2022
2023_04_KC_NYJ,00-0037216,WR,KC,2023,0,0.04790971037309577,0.06639921231677413,0.061828017675610025,0.04796949391347446,2022
2023_04_KC_NYJ,00-0038090,WR,KC,2023,0,0.1708630045477567,0.1489258910322349,0.14618949655100572,0.16536658647476932,2022
2023_04_KC_NYJ,00-0039067,WR,KC,2023,0,0.16635226595410935,0.11909989449547612,0.11696281112451508,0.14336747095898136,2022
2023_04_KC_NYJ,00-0028002,WR,NYJ,2023,0,0.0703602935833415,0.05772393330936621,0.05964644829432154,0.05718009075839435,2022
2023_04_KC_NYJ,00-0032134,TE,NYJ,2023,1,0.06037046085315212,0.045043560229534006,0.06297385312539994,0.08176625938061957,2022
2023_04_KC_NYJ,00-0033893,RB,NYJ,2023,0,0.23749869511724875,0.15689556950838854,0.15768818903843992,0.16984279541911626,2022
2023_04_KC_NYJ,00-0034270,TE,NYJ,2023,0,0.15366183597532446,0.13138084958006133,0.14401759310169807,0.13468558073738007,2022
2023_04_KC_NYJ,00-0034433,RB,NYJ,2023,0,0.06189933381731394,0.021590127861002242,0.04574079802743367,0.06683301134094714,2022
2023_04_KC_NYJ,00-0034521,WR,NYJ,2023,1,0.1675241854960634,0.14804136673469287,0.17657222488606936,0.13538426811171078,2022
2023_04_KC_NYJ,00-0035140,WR,NYJ,2023,0,0.04504045268117096,0.04967715200233134,0.065247558044128,0.05768386093309546,2022
2023_04_KC_NYJ,00-0036924,RB,NYJ,2023,0,0.08474244450963675,0.05097883767634376,0.052375576472513334,0.07384020760885103,2022
2023_04_KC_NYJ,00-0037013,QB,NYJ,2023,0,0.12509613955595056,0.07151169496170832,0.06570130628406566,0.1079212025168424,2022
2023_04_KC_NYJ,00-0037740,WR,NYJ,2023,0,0.278031345679293,0.17829473454016534,0.18740696282562722,0.20051542476594203,2022
2023_04_KC_NYJ,00-0038120,RB,NYJ,2023,0,0.24307930029018265,0.14401662375983199,0.18153302875296817,0.23339844689040196,2022
2023_04_LA_IND,00-0033217,TE,IND,2023,1,0.05857770919048577,0.07252765911708815,0.058368064387069866,0.05267077983161743,2022
2023_04_LA_IND,00-0033466,WR,IND,2023,0,0.016586704579541922,0.04417656360654041,0.04255819353702732,0.046685202997612675,2022
2023_04_LA_IND,00-0035289,QB,IND,2023,0,0.04591466061169769,0.05480750342671748,0.03205988405008873,0.05236184278611824,2022
2023_04_LA_IND,00-0036251,RB,IND,2023,0,0.416502460075172,0.6107013558345451,0.6780069622127936,0.4044849631983598,2022
2023_04_LA_IND,00-0036252,WR,IND,2023,0,0.2673994701637198,0.3917976707412322,0.42331783767897047,0.3603503803377466,2022
2023_04_LA_IND,00-0036493,RB,IND,2023,0,0.3402804703851312,0.40221415020815593,0.36032800874788967,0.37218937966691096,2022
2023_04_LA_IND,00-0036860,RB,IND,2023,0,0.06503663863195353,0.07101074785855606,0.08061963446252325,0.06978871145093711,2022
2023_04_LA_IND,00-0036876,TE,IND,2023,0,0.13232788541199147,0.13302703686777922,0.10923078941038131,0.15848887247777124,2022
2023_04_LA_IND,00-0036984,RB,IND,2023,0,0.11441616471712723,0.10551186964062424,0.05939484123270154,0.08622337907369385,2022
2023_04_LA_IND,00-0037292,TE,IND,2023,1,0.051953670007393815,0.06321109685618666,0.04757311113502189,0.05077388244517651,2022
2023_04_LA_IND,00-0037664,WR,IND,2023,0,0.13309745606285084,0.2038516223470879,0.20221676558609655,0.12814130077591834,2022
2023_04_LA_IND,00-0038394,TE,IND,2023,0,0.06015079967277959,0.05454522978721356,0.07292013245465472,0.06791222707947912,2022
2023_04_LA_IND,00-0038397,RB,IND,2023,0,0.043831535772238195,0.058418869230744686,0.06765141132192574,0.05569566223795766,2022
2023_04_LA_IND,00-0038997,WR,IND,2023,0,0.2020683778566491,0.2320550185968775,0.2421940616741892,0.22243477411470364,2022
2023_04_LA_IND,00-0039164,QB,IND,2023,1,0.17637718317104767,0.09520685119814219,0.10951237918016851,0.1882864352812549,2022
2023_04_LA_IND,00-0026498,QB,LA,2023,0,0.1341582337836743,0.10462984908276671,0.09005801829524357,0.1065734841184951,2022
2023_04_LA_IND,00-0033110,TE,LA,2023,0,0.1721561355734511,0.20163980225181705,0.22108192363653548,0.2223057708756393,2022
2023_04_LA_IND,00-0036414,RB,LA,2023,0,0.322267990977526,0.2203862774340229,0.28461301702929687,0.23027315243675245,2022
2023_04_LA_IND,00-0036415,WR,LA,2023,0,0.15667628198109318,0.18922349279530823,0.16105332997873592,0.13171702734025692,2022
2023_04_LA_IND,00-0036424,TE,LA,2023,0,0.03537521013611278,0.04887064212318291,0.04026252142816369,0.04468117691208535,2022
2023_04_LA_IND,00-0036849,WR,LA,2023,0,0.2600276498547328,0.2887225113965612,0.2338695083885798,0.25278356745865943,2022
2023_04_LA_IND,00-0036862,WR,LA,2023,0,0.06542670940567197,0.06084723531194106,0.053857763726015875,0.05820890907201964,2022
2023_04_LA_IND,00-0037557,RB,LA,2023,0,0.010252585817367654,0.039857734032578,0.04814695120040875,0.046334930775480634,2022
2023_04_LA_IND,00-0037840,RB,LA,2023,1,0.4228615154508315,0.3865962707275805,0.4303896906379484,0.35251201120572756,2022
2023_04_LA_IND,00-0039075,WR,LA,2023,1,0.3328760973191093,0.37401812997506545,0.37310678101467265,0.2885473972363952,2022
2023_04_LV_LAC,00-0030279,WR,LAC,2023,1,0.3752905703810486,0.4548139338346639,0.43808187027251355,0.4120233091941581,2022
2023_04_LV_LAC,00-0033536,WR,LAC,2023,0,0.27887960800798073,0.29538517259338837,0.28614084850259863,0.27115476224245705,2022
2023_04_LV_LAC,00-0033699,RB,LAC,2023,0,0.4256676685755588,0.2077341264122805,0.12257266678333244,0.3696496842073081,2022
2023_04_LV_LAC,00-0033895,TE,LAC,2023,0,0.16606111371118948,0.16115483763314073,0.1286898037294962,0.2070334277571729,2022
2023_04_LV_LAC,00-0035329,TE,LAC,2023,0,0.12980989271066912,0.12448690485828118,0.10751863988647088,0.13290084161157878,2022
2023_04_LV_LAC,00-0036355,QB,LAC,2023,1,0.15302630168631315,0.13742969003147926,0.13260942772252735,0.10639734094467829,2022
2023_04_LV_LAC,00-0036370,RB,LAC,2023,0,0.3757599630630699,0.34414295456078414,0.4197235887982806,0.35373001009640376,2022
2023_04_LV_LAC,00-0036988,WR,LAC,2023,0,0.16391968140466728,0.1519081872223592,0.14374203178087575,0.15201272133989777,2022
2023_04_LV_LAC,00-0037475,TE,LAC,2023,0,0.0549374320231214,0.09546735462813224,0.07183334362096795,0.048818261435977436,2022
2023_04_LV_LAC,00-0038045,RB,LAC,2023,0,0.06917168979356125,0.07086023599377111,0.09821920556536567,0.05354447056687883,2022
2023_04_LV_LAC,00-0038544,WR,LAC,2023,0,0.09276304219327058,0.07986491513583957,0.07535791669766329,0.06262476293324598,2022
2023_04_LV_LAC,00-0038573,WR,LAC,2023,0,0.03499221178783429,0.058467042880783984,0.04873666619908401,0.048830553494954056,2022
2023_04_LV_LAC,00-0038862,RB,LAC,2023,0,0.18676045610667757,0.12884061775334313,0.07699788665694429,0.10197557633921442,2022
2023_04_LV_LAC,00-0031345,QB,LV,2023,0,0.16410797461005988,0.11963633255247359,0.11802795814461134,0.11644013821209152,2022
2023_04_LV_LAC,00-0031381,WR,LV,2023,0,0.3522333082012816,0.3934809848016446,0.4457345549082501,0.28098290377535146,2022
2023_04_LV_LAC,00-0031763,WR,LV,2023,0,0.038226693716694404,0.045780649045032505,0.04362576164616911,0.044755816067402955,2022
2023_04_LV_LAC,00-0032104,RB,LV,2023,0,0.07755327401046908,0.049558533419572594,0.057690940648841706,0.06377348061586031,2022
2023_04_LV_LAC,00-0032392,TE,LV,2023,0,0.08395547584320906,0.08124982382036106,0.08797270779265927,0.07097712172510222,2022
2023_04_LV_LAC,00-0034960,WR,LV,2023,0,0.30749393986499596,0.36755728258318826,0.3702696677236173,0.27384936121038206,2022
2023_04_LV_LAC,00-0034983,WR,LV,2023,0,0.07892512926286122,0.09521079840694964,0.08457842655462569,0.07584179272678356,2022
2023_04_LV_LAC,00-0035700,RB,LV,2023,1,0.4629056772154079,0.5337574259783046,0.4793431226559939,0.35508646744095396,2022
2023_04_LV_LAC,00-0038040,RB,LV,2023,0,0.08652932744019248,0.055734046161117545,0.0712453156154382,0.07252180860561712,2022
2023_04_LV_LAC,00-0038563,WR,LV,2023,0,0.10015189211271514,0.05150500168803962,0.07221257978708331,0.08674288662210693,2022
2023_04_LV_LAC,00-0039066,TE,LV,2023,0,0.048953892739402205,0.06715313572677088,0.0767556861049999,0.05120665204833063,2022
2023_04_MIA_BUF,00-0030513,RB,BUF,2023,0,0.22537589295647598,0.12111667314949023,0.1509105290369794,0.10784211704248356,2022
2023_04_MIA_BUF,00-0031588,WR,BUF,2023,1,0.39388723633758593,0.3560315899632347,0.38418745962058176,0.388356230119784,2022
2023_04_MIA_BUF,00-0034487,WR,BUF,2023,0,0.15885462641809212,0.12272248857564726,0.12474255807876189,0.08866301963032942,2022
2023_04_MIA_BUF,00-0034577,QB,BUF,2023,0,0.0629568498648937,0.00021169845937077335,0.0024588066163968966,0.06054985268602333,2022
2023_04_MIA_BUF,00-0034857,QB,BUF,2023,1,0.200873775875278,0.15224701983541544,0.11899065448465906,0.1653286236806438,2022
2023_04_MIA_BUF,00-0035215,WR,BUF,2023,0,0.16905138608339565,0.10195079375486642,0.09812649481062259,0.09678000899508503,2022
2023_04_MIA_BUF,00-0035657,RB,BUF,2023,0,0.1739873221550391,0.0981824470232863,0.12032319861694703,0.07882891209907053,2022
2023_04_MIA_BUF,00-0035689,TE,BUF,2023,0,0.22751057777037242,0.20045343733307733,0.16432077912817883,0.14869047126709262,2022
2023_04_MIA_BUF,00-0036187,RB,BUF,2023,0,0.035948127318913614,0.06504226050796337,0.09454259510938791,0.05043584542101068,2022
2023_04_MIA_BUF,00-0036196,WR,BUF,2023,1,0.2678804074251685,0.2834874812789321,0.29473671853288796,0.21319190406697572,2022
2023_04_MIA_BUF,00-0037248,RB,BUF,2023,1,0.4819827503888767,0.4456874362780342,0.4604709676530492,0.39636115286841495,2022
2023_04_MIA_BUF,00-0037261,WR,BUF,2023,0,0.06122844212437506,0.06765685020910157,0.0677440961760015,0.05043584542101068,2022
2023_04_MIA_BUF,00-0038933,TE,BUF,2023,0,0.19936144279251067,0.1734072235179129,0.14832774791704204,0.18484992787375462,2022
2023_04_MIA_BUF,00-0031687,RB,MIA,2023,0,0.3760605250950104,0.34154122760338446,0.3103715618403396,0.41826688680885343,2022
2023_04_MIA_BUF,00-0032688,WR,MIA,2023,0,0.0797318466692255,0.10802019319695023,0.12215612278102546,0.055812614518193124,2022
2023_04_MIA_BUF,00-0033040,WR,MIA,2023,0,0.35869356781751993,0.3388281295065382,0.41785451847821065,0.36109654285304627,2022
2023_04_MIA_BUF,00-0034054,WR,MIA,2023,0,0.11463959748630603,0.08943452886016105,0.10873369392429538,0.09471753105730271,2022
2023_04_MIA_BUF,00-0034401,QB,MIA,2023,0,0.03256408638251085,0.00019636120412060864,0.00205844075824435,0.04634954173981176,2022
2023_04_MIA_BUF,00-0034419,WR,MIA,2023,1,0.13098200056025633,0.11263530789454894,0.13553785973764737,0.09331367150961176,2022
2023_04_MIA_BUF,00-0034798,TE,MIA,2023,0,0.16159476671467432,0.16954846958381609,0.15447148821843065,0.12574242316193815,2022
2023_04_MIA_BUF,00-0036020,RB,MIA,2023,0,0.16619475237985848,0.09966692148978816,0.11716432556715081,0.09807750622288111,2022
2023_04_MIA_BUF,00-0036212,QB,MIA,2023,0,0.12961609215215242,0.11017633539293098,0.10399480843532159,0.1185071374933543,2022
2023_04_MIA_BUF,00-0036613,WR,MIA,2023,0,0.19800894010309622,0.1928589995739554,0.21296563825082288,0.19447477414624792,2022
2023_04_MIA_BUF,00-0038092,WR,MIA,2023,0,0.10296293316390548,0.06176269466781136,0.06778154258866698,0.06710540657980489,2022
2023_04_MIA_BUF,00-0038685,RB,MIA,2023,0,0.14042060324833483,0.11099031366803828,0.14443203512935623,0.10314457350281989,2022
2023_04_MIA_BUF,00-0038720,TE,MIA,2023,0,0.11263243237555465,0.12477925299735987,0.13680481528250485,0.11505946777518934,2022
2023_04_MIA_BUF,00-0039040,RB,MIA,2023,1,0.26793483612620106,0.18429439495137592,0.26111501282393407,0.18511155525653503,2022
2023_04_MIN_CAR,00-0027973,QB,CAR,2023,0,0.13343977728606005,0.10747141637070942,0.09360021256232248,0.07962368364322357,2022
2023_04_MIN_CAR,00-0030035,WR,CAR,2023,0,0.23558499227932383,0.26621443857822774,0.17693038285931806,0.22120992813280863,2022
2023_04_MIN_CAR,00-0034365,TE,CAR,2023,0,0.022654612099134996,0.04376793557491328,0.031864350371219596,0.04589296289398304,2022
2023_04_MIN_CAR,00-0034777,WR,CAR,2023,0,0.15981701245341173,0.153747654784756,0.15319019414401341,0.15680869480312756,2022
2023_04_MIN_CAR,00-0034830,TE,CAR,2023,0,0.14217569856012535,0.09829958695780765,0.06778436858377426,0.1362505731298645,2022
2023_04_MIN_CAR,00-0035243,RB,CAR,2023,0,0.4288780924959623,0.3027083352961761,0.38423720353873775,0.35204019169477724,2022
2023_04_MIN_CAR,00-0035956,TE,CAR,2023,0,0.03371756703157769,0.03674125625759324,0.055030188073571074,0.04766679445517584,2022
2023_04_MIN_CAR,00-0036268,WR,CAR,2023,0,0.07555313115571627,0.05924761240116296,0.043317951393357035,0.06584146139903653,2022
2023_04_MIN_CAR,00-0036555,RB,CAR,2023,0,0.18203922999886146,0.11303890269610288,0.10396589988506831,0.11099633923322304,2022
2023_04_MIN_CAR,00-0036955,WR,CAR,2023,0,0.171928207497546,0.15833485472978737,0.159383733830971,0.16492024479411507,2022
2023_04_MIN_CAR,00-0037005,TE,CAR,2023,0,0.03051472408148881,0.04623241489185555,0.028459321025930413,0.05745922158134394,2022
2023_04_MIN_CAR,00-0039062,WR,CAR,2023,0,0.1704839627137339,0.13918848507811524,0.1486287649556676,0.1395893601434456,2022
2023_04_MIN_CAR,00-0039150,QB,CAR,2023,0,0.11238278534437462,0.09451947114835324,0.08876112042403263,0.10229406945825022,2022
2023_04_MIN_CAR,00-0029604,QB,MIN,2023,0,0.14486479428888832,0.12150425826096728,0.07676863205037668,0.06786873111160371,2022
2023_04_MIN_CAR,00-0034646,WR,MIN,2023,0,0.011035580466882355,0.04425358555607299,0.04016162545845141,0.04906652140943116,2022
2023_04_MIN_CAR,00-0034972,RB,MIN,2023,0,0.586284833862083,0.6103383746500669,0.6870958125107595,0.4257057170936114,2022
2023_04_MIN_CAR,00-0035229,TE,MIN,2023,0,0.2949392908898846,0.31778069607132226,0.2735239859094722,0.36107091829975557,2022
2023_04_MIN_CAR,00-0035249,TE,MIN,2023,0,0.11125601743777191,0.09497582983297323,0.08310001844061517,0.09128044309086449,2022
2023_04_MIN_CAR,00-0036322,WR,MIN,2023,1,0.3641008168190626,0.45115526646292187,0.40252631536999284,0.4013653219585956,2022
2023_04_MIN_CAR,00-0036345,WR,MIN,2023,0,0.21462404979660965,0.2508462624971235,0.22681220566673563,0.194873390189189,2022
2023_04_MIN_CAR,00-0037276,RB,MIN,2023,0,0.15425202278446004,0.08376952347669897,0.10146938901349938,0.08119459308151018,2022
2023_04_MIN_CAR,00-0038994,WR,MIN,2023,0,0.21860441577337697,0.20027475883439058,0.19120278740579155,0.22696178570435668,2022
2023_04_NE_DAL,00-0031236,WR,DAL,2023,0,0.23123754593615808,0.2014641000890941,0.2329488788769625,0.15266944672289945,2022
2023_04_NE_DAL,00-0033077,QB,DAL,2023,0,0.13569558307402463,0.1363366881341303,0.13350697941915662,0.12574287593703337,2022
2023_04_NE_DAL,00-0034764,WR,DAL,2023,0,0.16514563913123548,0.15815648347342204,0.15005819626296796,0.15974483600068068,2022
2023_04_NE_DAL,00-0035261,RB,DAL,2023,0,0.4801402075021589,0.4664970388286708,0.3814352636437185,0.4323968049578205,2022
2023_04_NE_DAL,00-0036139,RB,DAL,2023,0,0.16283614751394104,0.09367707932072816,0.09804884650902095,0.08830798109740096,2022
2023_04_NE_DAL,00-0036358,WR,DAL,2023,1,0.29417321485656556,0.29261703241129977,0.290379546448296,0.27539044287051284,2022
2023_04_NE_DAL,00-0037569,TE,DAL,2023,0,0.07023056388503124,0.06920657115993065,0.06435143268963708,0.06007983837860397,2022
2023_04_NE_DAL,00-0037666,WR,DAL,2023,0,0.1217895201140261,0.10953212292740913,0.10977936761756038,0.07107585167996977,2022
2023_04_NE_DAL,00-0037801,WR,DAL,2023,0,0.08638502757952138,0.06320048801404253,0.05245188012175861,0.0844313730795762,2022
2023_04_NE_DAL,00-0038041,TE,DAL,2023,0,0.23794469343340396,0.18213261895911034,0.15000711107747805,0.20152593173042785,2022
2023_04_NE_DAL,00-0038547,TE,DAL,2023,0,0.0646465884941202,0.06275041145864298,0.048493694286183345,0.07333361352344198,2022
2023_04_NE_DAL,00-0038622,RB,DAL,2023,0,0.13703194457055123,0.09372820463204137,0.09862265726511812,0.0907933833037533,2022
2023_04_NE_DAL,00-0038738,RB,DAL,2023,1,0.03545175749819174,0.05852780111696486,0.06648140108072824,0.04771173951112701,2022
2023_04_NE_DAL,00-0031547,WR,NE,2023,0,0.1689551778496743,0.16727490650923552,0.19137518114636448,0.15568053122675296,2022
2023_04_NE_DAL,00-0032200,WR,NE,2023,0,0.03777078851038185,0.03131941454788774,0.03472790430527065,0.051867073071929726,2022
2023_04_NE_DAL,00-0033045,RB,NE,2023,0,0.20168399541459825,0.12715597395830464,0.14068673635271056,0.15612922620326902,2022
2023_04_NE_DAL,00-0033090,TE,NE,2023,0,0.15280773945136705,0.14809304829523495,0.1857570138649379,0.156467258930319,2022
2023_04_NE_DAL,00-0033307,WR,NE,2023,0,0.18191576435403767,0.1296746836853118,0.1598022852139844,0.15331223729821386,2022
2023_04_NE_DAL,00-0033439,TE,NE,2023,0,0.07546229231593671,0.042531063522158664,0.059140436947403396,0.06505659116547005,2022
2023_04_NE_DAL,00-0033857,WR,NE,2023,0,0.1276666705375764,0.10064792389714894,0.11043476520732293,0.13613129703542023,2022
2023_04_NE_DAL,00-0034829,TE,NE,2023,0,0.08771471384960594,0.08267657543206944,0.07452451318617723,0.0947698858961773,2022
2023_04_NE_DAL,00-0036875,RB,NE,2023,0,0.3381906083345364,0.42204412563822186,0.4050019427437321,0.2687905687863037,2022
2023_04_NE_DAL,00-0036972,QB,NE,2023,0,0.11442843683801307,0.09605529989693244,0.09249809072808211,0.10215672857593602,2022
2023_04_NE_DAL,00-0038608,WR,NE,2023,0,0.10834234549999577,0.09322399204865042,0.10680727740059594,0.11108092121879899,2022
2023_04_NE_DAL,00-0038621,WR,NE,2023,0,0.09330479126189639,0.055445330981374365,0.06488477007706733,0.08255586417171829,2022
2023_04_PIT_HOU,00-0030431,WR,HOU,2023,0,0.21050655191538936,0.17899270815833168,0.17768220064526305,0.18161349055972353,2022
2023_04_PIT_HOU,00-0033591,WR,HOU,2023,0,0.14041822552894556,0.10500203599838381,0.14633642025926585,0.1266679474740452,2022
2023_04_PIT_HOU,00-0033854,RB,HOU,2023,0,0.0551180418750179,0.05129190035512983,0.06318177306098963,0.058266605227843694,2022
2023_04_PIT_HOU,00-0034208,RB,HOU,2023,0,0.05790644019755509,0.05338033964541245,0.050329641644076724,0.05682439616985395,2022
2023_04_PIT_HOU,00-0034383,TE,HOU,2023,1,0.14627212912197307,0.12148863834887483,0.13702107770645083,0.13528753266781113,2022
2023_04_PIT_HOU,00-0035250,RB,HOU,2023,0,0.16762881485921954,0.10715921834617546,0.13054968658433375,0.11658408047901843,2022
2023_04_PIT_HOU,00-0036554,WR,HOU,2023,1,0.20053889058363072,0.1642952345207706,0.1831852258865748,0.1814666083465127,2022
2023_04_PIT_HOU,00-0036556,TE,HOU,2023,0,0.06524722455893661,0.05094277012651032,0.036705944765985404,0.07066241836630445,2022
2023_04_PIT_HOU,00-0037258,RB,HOU,2023,0,0.3315788998381686,0.2943549347733798,0.32382979903808506,0.3555268622237762,2022
2023_04_PIT_HOU,00-0037277,TE,HOU,2023,0,0.046198646964824897,0.04986224272978892,0.04005866120185958,0.04741679121305523,2022
2023_04_PIT_HOU,00-0037614,WR,HOU,2023,0,0.04589368972365959,0.049486825832956355,0.044426351656243056,0.05227336402883245,2022
2023_04_PIT_HOU,00-0038618,WR,HOU,2023,0,0.02830179515485276,0.04124934991573358,0.038076930267408056,0.046317987880113265,2022
2023_04_PIT_HOU,00-0038977,WR,HOU,2023,0,0.17924183706940222,0.14544235098073996,0.14657822435138973,0.15895218098977118,2022
2023_04_PIT_HOU,00-0039163,QB,HOU,2023,0,0.14307770913202322,0.10708852990874432,0.09358490368912759,0.11494860447921867,2022
2023_04_PIT_HOU,00-0031428,WR,PIT,2023,0,0.19231636387627182,0.2043906810060618,0.17586397887836294,0.18437281444651188,2022
2023_04_PIT_HOU,00-0035216,WR,PIT,2023,0,0.16418403250083502,0.12340738777202433,0.1134892913756125,0.17301370845646188,2022
2023_04_PIT_HOU,00-0035645,WR,PIT,2023,0,0.03597359330754635,0.02833798436643438,0.021551066275254473,0.05189997196957935,2022
2023_04_PIT_HOU,00-0035703,WR,PIT,2023,0,0.04078809200883449,0.03082592474099056,0.023431629871309208,0.04859471298216205,2022
2023_04_PIT_HOU,00-0036336,RB,PIT,2023,0,0.05131785730136351,0.04894493873561694,0.04788680061466934,0.07698881051743375,2022
2023_04_PIT_HOU,00-0036893,RB,PIT,2023,0,0.38261989212144976,0.3797211535462852,0.4004650570403561,0.33086384786191625,2022
2023_04_PIT_HOU,00-0036894,TE,PIT,2023,0,0.17923473476727558,0.18179417328828237,0.17487438273340147,0.13704627226542815,2022
2023_04_PIT_HOU,00-0037228,RB,PIT,2023,0,0.31076744196399864,0.23136444540059017,0.17445016870059432,0.19347637104400295,2022
2023_04_PIT_HOU,00-0037247,WR,PIT,2023,0,0.2625322888816377,0.24358277163387562,0.24348489413451074,0.23688102718204582,2022
2023_04_PIT_HOU,00-0037837,WR,PIT,2023,0,0.2010668883570803,0.15372825813406904,0.15081339583820977,0.1786263692865078,2022
2023_04_PIT_HOU,00-0038102,QB,PIT,2023,0,0.15428230398739118,0.1256417541004269,0.1148020328028864,0.11589776886840573,2022
2023_04_SEA_NYG,00-0028118,QB,NYG,2023,0,0.018458415237137316,0.02351933806781264,0.01613479782470317,0.050705277939578124,2022
2023_04_SEA_NYG,00-0031610,TE,NYG,2023,0,0.20977672394477387,0.16651230975125014,0.18140327830597575,0.21568536006798708,2022
2023_04_SEA_NYG,00-0032385,WR,NYG,2023,0,0.04376104135400716,0.048007211305262754,0.0426545475197423,0.04997556450097583,2022
2023_04_SEA_NYG,00-0033308,RB,NYG,2023,0,0.11379650292364474,0.08243071493792359,0.08653661179119448,0.0908319386575368,2022
2023_04_SEA_NYG,00-0034844,RB,NYG,2023,0,0.42605244353174054,0.5417493897174497,0.5079311177441721,0.36178504636536807,2022
2023_04_SEA_NYG,00-0035535,WR,NYG,2023,0,0.18945481800876074,0.1731184327688772,0.18055886790054532,0.20294592456122765,2022
2023_04_SEA_NYG,00-0035639,WR,NYG,2023,0,0.17448979517567986,0.1258034260724169,0.11524166770297437,0.18594661751161337,2022
2023_04_SEA_NYG,00-0035710,QB,NYG,2023,0,0.24454746277898787,0.16726771776508279,0.27404830635178296,0.27774226323971785,2022
2023_04_SEA_NYG,00-0036145,TE,NYG,2023,0,0.08142656332908516,0.07342641032613989,0.08767313773470137,0.08729429279879573,2022
2023_04_SEA_NYG,00-0036165,WR,NYG,2023,0,0.1393069024937792,0.12399780681514641,0.09976251669409139,0.13836870565936535,2022
2023_04_SEA_NYG,00-0036569,RB,NYG,2023,0,0.09610711644742798,0.05746520568176092,0.06632060369542987,0.08787913598287099,2022
2023_04_SEA_NYG,00-0038115,TE,NYG,2023,0,0.056135664923440576,0.08258052727492025,0.07739786276526947,0.056014976219396745,2022
2023_04_SEA_NYG,00-0038117,WR,NYG,2023,0,0.1457287218616672,0.06588237754183796,0.04925867235384227,0.11384098200165732,2022
2023_04_SEA_NYG,00-0038938,WR,NYG,2023,0,0.061146015715037305,0.06076261891772224,0.05666578157040056,0.05298696970824853,2022
2023_04_SEA_NYG,00-0030565,QB,SEA,2023,0,0.14557232579241886,0.13518280961696835,0.11162133142151387,0.1223026543645813,2022
2023_04_SEA_NYG,00-0032211,WR,SEA,2023,0,0.2793323351458261,0.27759156634485455,0.25196927483029313,0.2517473978122004,2022
2023_04_SEA_NYG,00-0034159,TE,SEA,2023,0,0.11694787223487335,0.09896540820441692,0.10150091385512765,0.09845417299106249,2022
2023_04_SEA_NYG,00-0035640,WR,SEA,2023,1,0.25652989768864265,0.2682029301685763,0.25282174846018046,0.25597459366367864,2022
2023_04_SEA_NYG,00-0035644,TE,SEA,2023,0,0.16918584102383005,0.13620674162762558,0.1327618122305694,0.20044045420967221,2022
2023_04_SEA_NYG,00-0036244,TE,SEA,2023,0,0.14244400348245723,0.12239842745006155,0.13045531984605527,0.09324108236767052,2022
2023_04_SEA_NYG,00-0036425,RB,SEA,2023,0,0.07893328420540013,0.06900588595181802,0.07724419602645964,0.0680770902025118,2022
2023_04_SEA_NYG,00-0038134,RB,SEA,2023,1,0.47923356600940414,0.5515265573905981,0.4218449614426963,0.40027375048165803,2022
2023_04_SEA_NYG,00-0038543,WR,SEA,2023,0,0.18445617425072247,0.13053354401553902,0.13110456003350043,0.1677945646793437,2022
2023_04_SEA_NYG,00-0038752,WR,SEA,2023,0,0.08010604731407367,0.07567177223452183,0.06916596080941784,0.06690633558510743,2022
2023_04_SEA_NYG,00-0039165,RB,SEA,2023,0,0.20766436674570576,0.13109247515450909,0.1238231260360678,0.10553877210048622,2022
2023_04_TB_NO,00-0027696,TE,NO,2023,0,0.041137376171072826,0.03692100961510169,0.036129968084506685,0.08837757895280889,2022
2023_04_TB_NO,00-0031280,QB,NO,2023,0,0.0911029962816775,0.08358688432735736,0.05876916285004854,0.07578068160450512,2022
2023_04_TB_NO,00-0031503,QB,NO,2023,0,0.026188406114939333,0.04313464841098002,0.027319389090767685,0.04659721701463739,2022
2023_04_TB_NO,00-0032765,WR,NO,2023,0,0.2504144000894255,0.2251705978951236,0.25290974991799,0.2555371020071414,2022
2023_04_TB_NO,00-0033357,TE,NO,2023,0,0.1706699813850706,0.10521670155188473,0.054446448055185934,0.09262632162881496,2022
2023_04_TB_NO,00-0033948,RB,NO,2023,0,0.2685761680764813,0.27041467659256985,0.28563314387352795,0.26363174943753687,2022
2023_04_TB_NO,00-0034317,WR,NO,2023,0,0.049827713185724654,0.051704338592877604,0.05403500705590923,0.05331705810899255,2022
2023_04_TB_NO,00-0034981,TE,NO,2023,0,0.08122577219443738,0.08255676565022035,0.07782881111852863,0.0772660880755905,2022
2023_04_TB_NO,00-0035860,RB,NO,2023,0,0.222251529309356,0.14669121105004954,0.16882678727168013,0.186525362843765,2022
2023_04_TB_NO,00-0036040,TE,NO,2023,0,0.1441121109702127,0.1452891427442255,0.1798653606659306,0.13789539224700123,2022
2023_04_TB_NO,00-0037239,WR,NO,2023,0,0.2955049666635713,0.3091358446073029,0.32974416253894734,0.31310417449018524,2022
2023_04_TB_NO,00-0037545,WR,NO,2023,0,0.15833747556132927,0.1408778433360521,0.12163713348823878,0.1878352951833307,2022
2023_04_TB_NO,00-0038551,RB,NO,2023,0,0.24800323811681058,0.2102240284377789,0.1358245750776785,0.1861001901497707,2022
2023_04_TB_NO,00-0031408,WR,TB,2023,0,0.28517444140503967,0.2575909439110849,0.32749912762711986,0.195941008741908,2022
2023_04_TB_NO,00-0033921,WR,TB,2023,0,0.20452206660158956,0.16105135173356835,0.18451612095496278,0.18198548432806946,2022
2023_04_TB_NO,00-0034575,TE,TB,2023,0,0.06407317064299567,0.049986686037027286,0.04288867908885633,0.059718828578279634,2022
2023_04_TB_NO,00-0034681,RB,TB,2023,0,0.03564533421929572,0.03940983380845317,0.048584581381632456,0.055290182611249135,2022
2023_04_TB_NO,00-0034855,QB,TB,2023,0,0.14388298059707383,0.1161015959826665,0.1067682052740634,0.11767126743955651,2022
2023_04_TB_NO,00-0037256,RB,TB,2023,0,0.36590362074257266,0.44631389361527674,0.3787393992237086,0.3361605444717011,2022
2023_04_TB_NO,00-0037311,TE,TB,2023,0,0.10398814462820971,0.06524906112011482,0.06817428107163676,0.07021908696436674,2022
2023_04_TB_NO,00-0037487,WR,TB,2023,1,0.08715190219567326,0.05843506291600563,0.06430284058581183,0.07197948948346071,2022
2023_04_TB_NO,00-0038129,TE,TB,2023,1,0.1509379364763752,0.16481178957906778,0.2064029673149586,0.17293601065449177,2022
2023_04_TB_NO,00-0038821,WR,TB,2023,0,0.02981748030403475,0.03977264583886073,0.03891147689731222,0.04540594430821208,2022
2023_04_TB_NO,00-0038951,RB,TB,2023,0,0.11264559799623775,0.069300823948226,0.07932126536412959,0.07648900071811884,2022
2023_04_TB_NO,00-0039052,WR,TB,2023,1,0.08767045924198058,0.07079875381700348,0.08144941192370266,0.07001950650317272,2022
2023_04_WAS_PHI,00-0034351,TE,PHI,2023,0,0.23519111373462276,0.2537040595663548,0.31074730096065906,0.2424340098512937,2022
2023_04_WAS_PHI,00-0034414,RB,PHI,2023,0,0.09226791763138631,0.08212093803986573,0.09672717711294386,0.0727116165307958,2022
2023_04_WAS_PHI,00-0034750,RB,PHI,2023,0,0.09694198234341123,0.07900176893263221,0.08770533184381916,0.08046254131670762,2022
2023_04_WAS_PHI,00-0035208,WR,PHI,2023,0,0.13872389332872104,0.1457716343535886,0.13832726903827133,0.11466792426459577,2022
2023_04_WAS_PHI,00-0035676,WR,PHI,2023,1,0.37952174813073447,0.3863352120444253,0.3892980415077776,0.30184910816633376,2022
2023_04_WAS_PHI,00-0036271,WR,PHI,2023,0,0.13082922136373776,0.1857957172398815,0.149729413926232,0.09915363294960929,2022
2023_04_WAS_PHI,00-0036275,RB,PHI,2023,1,0.3549682263782188,0.3657164572515107,0.33295002984787964,0.346060235560585,2022
2023_04_WAS_PHI,00-0036389,QB,PHI,2023,0,0.2718958993910052,0.3147441655894193,0.3848371254331128,0.346227463318154,2022
2023_04_WAS_PHI,00-0036741,TE,PHI,2023,0,0.06306292576615957,0.07829325385117757,0.0731585291388107,0.04930137401476703,2022
2023_04_WAS_PHI,00-0036912,WR,PHI,2023,0,0.2954414034789403,0.3608035533512749,0.35162089334920804,0.28446396675678487,2022
2023_04_WAS_PHI,00-0036919,RB,PHI,2023,0,0.36524583680000844,0.39008300823446573,0.38914854201422444,0.3939298331466054,2022
2023_04_WAS_PHI,00-0031260,TE,WAS,2023,0,0.16823916669418437,0.11597964094787772,0.11496688452693002,0.14256154353380668,2022
2023_04_WAS_PHI,00-0033282,WR,WAS,2023,1,0.14181345146136792,0.12165896159350169,0.10055472025238146,0.13813026210094062,2022
2023_04_WAS_PHI,00-0034297,WR,WAS,2023,0,0.03187206844336088,0.03870266686552749,0.036205950413486544,0.044755816067402955,2022
2023_04_WAS_PHI,00-0035659,WR,WAS,2023,0,0.1682626800703304,0.17630206981122068,0.16830649313180301,0.1459553319305998,2022
2023_04_WAS_PHI,00-0036328,RB,WAS,2023,0,0.14447047958588854,0.10713515699145278,0.07819787015298621,0.10218968820085014,2022
2023_04_WAS_PHI,00-0036626,WR,WAS,2023,0,0.050868808971539115,0.046077870625870376,0.04714760006322638,0.05110111714596769,2022
2023_04_WAS_PHI,00-0036628,TE,WAS,2023,0,0.0930676781354739,0.0686153930025254,0.058143765602798034,0.09288938860075949,2022
2023_04_WAS_PHI,00-0037077,QB,WAS,2023,0,0.09326221987145422,0.08083041938319596,0.05620049564016886,0.06836727847917652,2022
2023_04_WAS_PHI,00-0037078,TE,WAS,2023,0,0.11798238633060942,0.05433983281681357,0.04670812636035955,0.10757275162779038,2022
2023_04_WAS_PHI,00-0037741,WR,WAS,2023,1,0.16746697997598037,0.16882574984731014,0.17448593416114536,0.14880306561324425,2022
2023_04_WAS_PHI,00-0037746,RB,WAS,2023,1,0.36649040301528035,0.376461190945084,0.4502460341440365,0.30320421240250534,2022
2023_04_WAS_PHI,00-0038611,RB,WAS,2023,0,0.058388712643151375,0.039101917502571484,0.03068489794349669,0.06416847136904434,2022
2023_05_BAL_PIT,00-0031235,WR,BAL,2023,0,0.14047522631934561,0.142227722035652,0.13810898860213885,0.14135596726214567,2022
2023_05_BAL_PIT,00-0031549,WR,BAL,2023,0,0.15508828210413916,0.13488632692400188,0.11459315850359483,0.1461832955201442,2022
2023_05_BAL_PIT,00-0032144,RB,BAL,2023,0,0.15104003130572174,0.11917809631325442,0.10112942656749553,0.11362820430501978,2022
2023_05_BAL_PIT,00-0033118,RB,BAL,2023,0,0.10756153871010132,0.04371173735195785,0.03443858024970805,0.084833733622613,2022
2023_05_BAL_PIT,00-0033376,RB,BAL,2023,0,0.06618737906647654,0.07489602919900652,0.05805958335750625,0.04926452891673667,2022
2023_05_BAL_PIT,00-0034184,RB,BAL,2023,0,0.1961265759626838,0.18349046115605025,0.16013787290966935,0.158046599605701,2022
2023_05_BAL_PIT,00-0034753,TE,BAL,2023,0,0.20965517641749243,0.17992802496413418,0.23534842112774543,0.18956620355820816,2022
2023_05_BAL_PIT,00-0034796,QB,BAL,2023,0,0.203292872826078,0.18129682839127817,0.19540099118024154,0.22505578899555206,2022
2023_05_BAL_PIT,00-0034975,RB,BAL,2023,1,0.16749402478286135,0.1084253536887457,0.09570430027026255,0.12783631828199038,2022
2023_05_BAL_PIT,00-0035993,QB,BAL,2023,0,0.042355630456579973,0.02319746062182367,0.013646580376324503,0.06325290364535766,2022
2023_05_BAL_PIT,00-0036331,WR,BAL,2023,0,0.0748010582962032,0.06521983530612425,0.057946410172263124,0.05208177128293786,2022
2023_05_BAL_PIT,00-0036550,WR,BAL,2023,0,0.11450550575959051,0.10946798726956453,0.10407723857285033,0.09424479752901883,2022
2023_05_BAL_PIT,00-0037838,TE,BAL,2023,0,0.06030322504020258,0.06946585286119074,0.0627183743545722,0.062174751074625036,2022
2023_05_BAL_PIT,00-0039064,WR,BAL,2023,0,0.2658031653608124,0.2721394667495969,0.24663501419797254,0.2566643629915682,2022
2023_05_BAL_PIT,00-0031428,WR,PIT,2023,0,0.16516812853457652,0.1609548039922469,0.1360934494161139,0.15145950342343487,2022
2023_05_BAL_PIT,00-0035645,WR,PIT,2023,0,0.02903413758814566,0.019830085901724928,0.017531528748263987,0.05189997196957935,2022
2023_05_BAL_PIT,00-0035703,WR,PIT,2023,0,0.03293584738985178,0.02158766846877516,0.019068179665028755,0.04859471298216205,2022
2023_05_BAL_PIT,00-0036893,RB,PIT,2023,0,0.31927149556698486,0.26237754129485963,0.2960920410399239,0.2724032152127302,2022
2023_05_BAL_PIT,00-0036894,TE,PIT,2023,0,0.14091440194931648,0.10345550441230277,0.09496260024607046,0.13037303590739724,2022
2023_05_BAL_PIT,00-0037228,RB,PIT,2023,0,0.2728276936148514,0.19021143107119262,0.1495771781146502,0.1459909795350558,2022
2023_05_BAL_PIT,00-0037247,WR,PIT,2023,1,0.22283296696679733,0.1794343865277451,0.20490551119737743,0.16894443680263943,2022
2023_05_BAL_PIT,00-0037837,WR,PIT,2023,0,0.17500415758412668,0.1239009272550178,0.13792098687710438,0.1303197236505745,2022
2023_05_BAL_PIT,00-0038102,QB,PIT,2023,0,0.11589060000226559,0.07980477064728177,0.07031617868107591,0.08772863426538828,2022
2023_05_BAL_PIT,00-0038558,TE,PIT,2023,0,0.054246920617255445,0.05355055822898573,0.048836633914092924,0.047077939448229605,2022
2023_05_CAR_DET,00-0027973,QB,CAR,2023,0,0.10972101574534487,0.08645659253724991,0.07694354588653497,0.07336686489760143,2022
2023_05_CAR_DET,00-0030035,WR,CAR,2023,1,0.19786555372569936,0.226243871413925,0.1841304329305172,0.17266350001273234,2022
2023_05_CAR_DET,00-0034365,TE,CAR,2023,0,0.027095855021384785,0.036331011926083505,0.039889511622403236,0.05378998009300869,2022
2023_05_CAR_DET,00-0034777,WR,CAR,2023,1,0.1257178602372533,0.13095072578511016,0.1379707066948088,0.12250304390649694,2022
2023_05_CAR_DET,00-0034830,TE,CAR,2023,0,0.10909528851055905,0.07413790686983204,0.06004715211554545,0.12213110419506056,2022
2023_05_CAR_DET,00-0035243,RB,CAR,2023,0,0.34335737710402925,0.23438155945025665,0.2868004234877309,0.2853079022672308,2022
2023_05_CAR_DET,00-0035956,TE,CAR,2023,0,0.015165767199837199,0.029310261269065736,0.022101151229004683,0.045286861729473764,2022
2023_05_CAR_DET,00-0036268,WR,CAR,2023,0,0.05608249447868008,0.04562421221472675,0.0381263103993741,0.06278378347217382,2022
2023_05_CAR_DET,00-0036555,RB,CAR,2023,0,0.18424947515828638,0.11419116624370072,0.1198458013633086,0.1430405476917406,2022
2023_05_CAR_DET,00-0036955,WR,CAR,2023,0,0.16648190748374547,0.13548409178157475,0.1472731696715249,0.14269520479453918,2022
2023_05_CAR_DET,00-0037005,TE,CAR,2023,1,0.024833608486519054,0.03669980500393914,0.024239819058414217,0.057644588234911504,2022
2023_05_CAR_DET,00-0039062,WR,CAR,2023,0,0.1407303081784127,0.11275524866713334,0.13336100381292487,0.12382931622755083,2022
2023_05_CAR_DET,00-0039150,QB,CAR,2023,0,0.08696036598742474,0.0840225798754699,0.07121601130509637,0.08195751771880246,2022
2023_05_CAR_DET,00-0029293,WR,DET,2023,0,0.175337824052182,0.10715418311056707,0.10392904841335493,0.10815440360668518,2022
2023_05_CAR_DET,00-0032464,WR,DET,2023,0,0.13874515988203096,0.10565678209472751,0.09417989649694586,0.10267044208489376,2022
2023_05_CAR_DET,00-0033106,QB,DET,2023,1,0.15275572480683763,0.1366447718387185,0.11978070628554481,0.1302591016099045,2022
2023_05_CAR_DET,00-0033943,WR,DET,2023,1,0.27946841617838614,0.26833709562209307,0.20688672170209013,0.24488110513598962,2022
2023_05_CAR_DET,00-0035567,RB,DET,2023,1,0.07647665598515929,0.07314636291396187,0.09233551036050776,0.07129965252183464,2022
2023_05_CAR_DET,00-0035685,RB,DET,2023,1,0.48811188286652973,0.4806309613863265,0.5194412276444578,0.4107245712942345,2022
2023_05_CAR_DET,00-0036963,WR,DET,2023,0,0.3458720887439931,0.3280176207708988,0.3173796728205001,0.3044149265825718,2022
2023_05_CAR_DET,00-0037157,RB,DET,2023,0,0.07772677510647763,0.06576193603694061,0.09616645715856656,0.07215595155834362,2022
2023_05_CAR_DET,00-0038627,WR,DET,2023,0,0.042051858540410936,0.059725083761825046,0.051265583245202,0.04884789547352324,2022
2023_05_CAR_DET,00-0039065,TE,DET,2023,1,0.280821948425233,0.25109156071001537,0.2497026014228883,0.26133681212753346,2022
2023_05_CAR_DET,00-0039139,RB,DET,2023,0,0.35078575332393214,0.26557746171181335,0.2396802482789087,0.23850746516972127,2022
2023_05_CHI_WAS,00-0024243,TE,CHI,2023,0,0.04282022996343904,0.04920480800826487,0.04426707615056458,0.046192062208787014,2022
2023_05_CHI_WAS,00-0033757,TE,CHI,2023,0,0.04588680999602035,0.04322362995790534,0.037301098365246206,0.047867905978255305,2022
2023_05_CHI_WAS,00-0034279,WR,CHI,2023,0,0.06237124340316491,0.07897184657525862,0.07138163588948995,0.054304500430729756,2022
2023_05_CHI_WAS,00-0034827,WR,CHI,2023,1,0.20921210663623324,0.21509625288019651,0.21503139735268767,0.1800538875906777,2022
2023_05_CHI_WAS,00-0036290,TE,CHI,2023,1,0.22195197426678392,0.19102910690701605,0.17884183104196988,0.17921605291851783,2022
2023_05_CHI_WAS,00-0036309,WR,CHI,2023,0,0.15353070700583016,0.14255323258540165,0.14202370178026183,0.16466755054517504,2022
2023_05_CHI_WAS,00-0036326,WR,CHI,2023,0,0.1786919176810271,0.13625889408762046,0.1483151300101557,0.11000214640866832,2022
2023_05_CHI_WAS,00-0036906,RB,CHI,2023,0,0.3091097323759613,0.28067296823446125,0.2786074161495104,0.2434360558301646,2022
2023_05_CHI_WAS,00-0036945,QB,CHI,2023,0,0.20522999157974786,0.1373138832365248,0.14260565017259016,0.23738232273743393,2022
2023_05_CHI_WAS,00-0037745,WR,CHI,2023,0,0.018804473785549503,0.03346431639970173,0.029671606257806765,0.04693228796985417,2022
2023_05_CHI_WAS,00-0038941,WR,CHI,2023,0,0.07245799092243865,0.0457387169518047,0.04329235491001646,0.06806984741412027,2022
2023_05_CHI_WAS,00-0039021,RB,CHI,2023,0,0.21974606382635176,0.1110509153793122,0.10476462155709473,0.14907031733320325,2022
2023_05_CHI_WAS,00-0031260,TE,WAS,2023,1,0.22278238696494135,0.18624646724008448,0.18142888479403788,0.2033536899681763,2022
2023_05_CHI_WAS,00-0033282,WR,WAS,2023,1,0.24374646547445533,0.2010015340929067,0.15479826398820892,0.2231000059291396,2022
2023_05_CHI_WAS,00-0034297,WR,WAS,2023,0,0.06456273410293578,0.06535576131709088,0.055426299666535096,0.05011272638165296,2022
2023_05_CHI_WAS,00-0035659,WR,WAS,2023,0,0.2722603772271539,0.2760592150057566,0.25380809432438317,0.2646885018083338,2022
2023_05_CHI_WAS,00-0036328,RB,WAS,2023,0,0.214051716944061,0.16625934497376327,0.1370934977645396,0.15686486403482516,2022
2023_05_CHI_WAS,00-0036626,WR,WAS,2023,0,0.09147835605086296,0.07764983863450373,0.07180330945308241,0.056824052080168004,2022
2023_05_CHI_WAS,00-0036628,TE,WAS,2023,0,0.11661143856338552,0.09992061079705734,0.09160418780391869,0.07954533733536347,2022
2023_05_CHI_WAS,00-0037077,QB,WAS,2023,0,0.16831627787770564,0.14499557478339856,0.11636756765740927,0.12977600998098168,2022
2023_05_CHI_WAS,00-0037078,TE,WAS,2023,0,0.13689021415427782,0.0726235027695518,0.05629062155553851,0.11594118216547496,2022
2023_05_CHI_WAS,00-0037741,WR,WAS,2023,0,0.27484978029016915,0.2504646607397364,0.2263287712415417,0.2605631522836509,2022
2023_05_CHI_WAS,00-0037746,RB,WAS,2023,0,0.48391019894362797,0.44085767284628646,0.49348311880849505,0.4143300963845246,2022
2023_05_CIN_ARI,00-0030061,TE,ARI,2023,1,0.26273651127316067,0.16136899614171452,0.16963483782471633,0.1897292518968133,2022
2023_05_CIN_ARI,00-0032141,TE,ARI,2023,0,0.043861568729393174,0.06040748454445852,0.04375049523061068,0.04720147725035025,2022
2023_05_CIN_ARI,00-0033251,WR,ARI,2023,0,0.0690886313306942,0.05220414165032253,0.05202509551079938,0.058200244188956564,2022
2023_05_CIN_ARI,00-0033553,RB,ARI,2023,0,0.4050567907369016,0.34196748778414365,0.33696233763928196,0.3597502206807797,2022
2023_05_CIN_ARI,00-0033949,QB,ARI,2023,0,0.19153661930651333,0.14487989558091394,0.18062423832000873,0.12983303808833455,2022
2023_05_CIN_ARI,00-0035662,WR,ARI,2023,1,0.30679071994011575,0.2809557600262207,0.2929108099655937,0.2389273789940507,2022
2023_05_CIN_ARI,00-0036936,WR,ARI,2023,0,0.15876413810707002,0.1292790149933079,0.11380440699440245,0.12497720290296502,2022
2023_05_CIN_ARI,00-0037299,RB,ARI,2023,0,0.105275017959094,0.06596956784521597,0.08249409542088695,0.07202064335395023,2022
2023_05_CIN_ARI,00-0037744,TE,ARI,2023,0,0.0823688178781179,0.06985986865756405,0.06178817397957705,0.05639792275953446,2022
2023_05_CIN_ARI,00-0038559,WR,ARI,2023,0,0.16911723908922693,0.1348122438949225,0.1331632268828222,0.1615559730204624,2022
2023_05_CIN_ARI,00-0038705,RB,ARI,2023,1,0.10335469429800659,0.06833572963372518,0.06650056623224068,0.07101145363403857,2022
2023_05_CIN_ARI,00-0033009,WR,CIN,2023,0,0.2382043738343843,0.25276997921515043,0.23276005579181375,0.2291960663772688,2022
2023_05_CIN_ARI,00-0033897,RB,CIN,2023,0,0.4884067271449192,0.4865345022541528,0.5277556953442354,0.4133845146066588,2022
2023_05_CIN_ARI,00-0034613,TE,CIN,2023,0,0.11581457678979312,0.11288263991035019,0.10083752916268475,0.09900606766126867,2022
2023_05_CIN_ARI,00-0034970,TE,CIN,2023,0,0.17173724322786377,0.14595981772882488,0.1758659079452319,0.21433456927475125,2022
2023_05_CIN_ARI,00-0035291,RB,CIN,2023,0,0.07427772557049306,0.06393755436678841,0.07209398436635563,0.055731883861917804,2022
2023_05_CIN_ARI,00-0035341,WR,CIN,2023,0,0.08211630164716843,0.09785248868916382,0.0895974381852578,0.08407574249394704,2022
2023_05_CIN_ARI,00-0035631,TE,CIN,2023,0,0.05802266745610973,0.08994250034433875,0.07904364865349105,0.046331541649288197,2022
2023_05_CIN_ARI,00-0035771,TE,CIN,2023,0,0.06356718928165983,0.08229807462796705,0.06737958220905062,0.053538048246064236,2022
2023_05_CIN_ARI,00-0036410,WR,CIN,2023,0,0.28504761738441164,0.22412499848846806,0.2435919800732763,0.25560803074927757,2022
2023_05_CIN_ARI,00-0036442,QB,CIN,2023,0,0.13428012908922982,0.12492955399673863,0.09463322772325847,0.10204600947856275,2022
2023_05_CIN_ARI,00-0036900,WR,CIN,2023,1,0.3293936173943436,0.3693385965567569,0.344479571759674,0.38548936141540563,2022
2023_05_CIN_ARI,00-0038576,WR,CIN,2023,0,0.020240927475593695,0.04119410980991485,0.037914688128126886,0.04784363366656023,2022
2023_05_CIN_ARI,00-0038597,RB,CIN,2023,0,0.02132334958412141,0.04511250166257163,0.05478043318719342,0.05007717516245575,2022
2023_05_DAL_SF,00-0031236,WR,DAL,2023,0,0.17035554467293768,0.15496179050912368,0.17883922879805708,0.15600474932399186,2022
2023_05_DAL_SF,00-0033077,QB,DAL,2023,0,0.10383825385534462,0.102976810215775,0.093307727391776,0.08878854228170935,2022
2023_05_DAL_SF,00-0033662,QB,DAL,2023,0,0.03486801052944577,0.0242316934669591,0.012563414829403857,0.04929465062093708,2022
2023_05_DAL_SF,00-0034764,WR,DAL,2023,0,0.14439068070433447,0.13014057160059667,0.13868289550506654,0.1484002695106251,2022
2023_05_DAL_SF,00-0035261,RB,DAL,2023,0,0.38404623202410637,0.4295763244813028,0.31561587546130576,0.357388092035857,2022
2023_05_DAL_SF,00-0036139,RB,DAL,2023,0,0.12285013525799982,0.0766873492037749,0.07823839182237635,0.0727702034958743,2022
2023_05_DAL_SF,00-0036358,WR,DAL,2023,0,0.23475173149719797,0.23855934038109097,0.24371711255647277,0.19702436692718503,2022
2023_05_DAL_SF,00-0037569,TE,DAL,2023,0,0.05723118524066395,0.055148887837180686,0.054791325608795266,0.05894803419013914,2022
2023_05_DAL_SF,00-0037666,WR,DAL,2023,0,0.10472925669285738,0.08644105748699532,0.09359412251182839,0.07599160493322046,2022
2023_05_DAL_SF,00-0037801,WR,DAL,2023,1,0.06961198955972403,0.05389521034251307,0.049352713505855086,0.06981089711159236,2022
2023_05_DAL_SF,00-0038041,TE,DAL,2023,0,0.19909835442946278,0.16340434206749646,0.12045914032025902,0.16778379988829806,2022
2023_05_DAL_SF,00-0038547,TE,DAL,2023,0,0.07291980921685881,0.06270088878067136,0.05187915327120671,0.0827705096347996,2022
2023_05_DAL_SF,00-0038622,RB,DAL,2023,0,0.1336476884040868,0.08979721777217849,0.08661971637778577,0.07716260944157526,2022
2023_05_DAL_SF,00-0038738,RB,DAL,2023,0,0.04323002954065602,0.044990909928125336,0.046909282812002566,0.053473744923652866,2022
2023_05_DAL_SF,00-0030663,WR,SF,2023,0,0.057825022647218116,0.04975221455793479,0.08422213616305817,0.0544392858523141,2022
2023_05_DAL_SF,00-0033280,RB,SF,2023,1,0.5198342002218932,0.7175844848250252,0.6284692280304878,0.42794839928011214,2022
2023_05_DAL_SF,00-0033288,TE,SF,2023,1,0.23568520734019915,0.23903247105854958,0.19264886763181505,0.2641750666195933,2022
2023_05_DAL_SF,00-0034407,WR,SF,2023,0,0.03872829729651872,0.05952484483138881,0.057080997558510316,0.04756927176640487,2022
2023_05_DAL_SF,00-0034869,QB,SF,2023,0,0.029778200988768933,0.00014855469012767377,0.0014881874293491738,0.04764174150946026,2022
2023_05_DAL_SF,00-0035719,WR,SF,2023,0,0.33691947693033475,0.33544998173552537,0.3164071561229781,0.32612800266228875,2022
2023_05_DAL_SF,00-0036259,WR,SF,2023,0,0.11127646614890796,0.08827437446525756,0.09756068281679992,0.059456177587081,2022
2023_05_DAL_SF,00-0036261,WR,SF,2023,0,0.3026214075322221,0.2697366745628901,0.28212137749987676,0.2566986907091479,2022
2023_05_DAL_SF,00-0036567,RB,SF,2023,0,0.2134075306420189,0.13923500471662315,0.14642437419877274,0.16326386518772132,2022
2023_05_DAL_SF,00-0037525,RB,SF,2023,1,0.06229047723277237,0.06526360738833778,0.08014205166413024,0.06749130576451957,2022
2023_05_DAL_SF,00-0037834,QB,SF,2023,0,0.15141304367090602,0.14091192477100328,0.11730475749973789,0.130677618446252,2022
2023_05_DAL_SF,00-0038647,WR,SF,2023,0,0.07206075336203766,0.08084004671194213,0.07539339558689882,0.061754940708401235,2022
2023_05_GB_LV,00-0033293,RB,GB,2023,0,0.2484478427966731,0.18440396616016697,0.18129863471321261,0.18102726274238784,2022
2023_05_GB_LV,00-0035973,RB,GB,2023,0,0.11837550309437717,0.0844303435882611,0.07980777578655773,0.07940884221357905,2022
2023_05_GB_LV,00-0036264,QB,GB,2023,0,0.1482735016114487,0.12914721400778828,0.10060611252735122,0.12100287623688309,2022
2023_05_GB_LV,00-0036265,RB,GB,2023,1,0.2895013655675276,0.2920985307963007,0.28598429934157754,0.2764477044419818,2022
2023_05_GB_LV,00-0036332,TE,GB,2023,0,0.059221034066561096,0.06971669944039308,0.0688309787504289,0.05991830827116766,2022
2023_05_GB_LV,00-0037098,WR,GB,2023,0,0.08067166455294128,0.07076679658990975,0.0740754604620331,0.06066779418124689,2022
2023_05_GB_LV,00-0037816,WR,GB,2023,0,0.23850514151270052,0.23819967483014898,0.25469774154317676,0.2051987879613299,2022
2023_05_GB_LV,00-0038124,WR,GB,2023,0,0.14663505516319497,0.15069140462713174,0.12188810166182026,0.1534976079479067,2022
2023_05_GB_LV,00-0038393,WR,GB,2023,0,0.11726124787521985,0.10852787846440227,0.11115593664953818,0.09713610022029551,2022
2023_05_GB_LV,00-0038465,WR,GB,2023,0,0.05146563374202251,0.05200493293867132,0.05352162192718568,0.04965915417828683,2022
2023_05_GB_LV,00-0038797,RB,GB,2023,0,0.07146462798925857,0.059405204585289716,0.06796753109611128,0.07101527100487297,2022
2023_05_GB_LV,00-0038996,TE,GB,2023,0,0.06123399363967241,0.058129447329049296,0.0488008875614121,0.07946938680344284,2022
2023_05_GB_LV,00-0039144,TE,GB,2023,0,0.13770324420951086,0.13951387999604667,0.1575846641774727,0.16043334763730693,2022
2023_05_GB_LV,00-0039146,WR,GB,2023,0,0.20083000163718367,0.16816286782009304,0.17908850152893113,0.17503825707016393,2022
2023_05_GB_LV,00-0031345,QB,LV,2023,0,0.17590488419077666,0.13863594207704005,0.1319194277989048,0.14572901642901118,2022
2023_05_GB_LV,00-0031381,WR,LV,2023,0,0.3663275347876914,0.42194072507438496,0.47338817060653676,0.3885792298087089,2022
2023_05_GB_LV,00-0031763,WR,LV,2023,0,0.03178168730972686,0.05113735775470651,0.04791293758101528,0.04526790719851527,2022
2023_05_GB_LV,00-0032104,RB,LV,2023,0,0.07769997103485538,0.0626105496246118,0.07198687766724018,0.06467604118135496,2022
2023_05_GB_LV,00-0032392,TE,LV,2023,0,0.08670297797703053,0.09448976756065541,0.08965051420037956,0.07023332713380552,2022
2023_05_GB_LV,00-0034960,WR,LV,2023,1,0.2745500666809223,0.3602241485680387,0.33960922382126874,0.28203936904284627,2022
2023_05_GB_LV,00-0034983,WR,LV,2023,0,0.09833513011408879,0.10550065207769146,0.09607441470164155,0.07375695489585424,2022
2023_05_GB_LV,00-0035700,RB,LV,2023,1,0.5079145613603417,0.608967226479897,0.57069014221896,0.4209490686069624,2022
2023_05_GB_LV,00-0035726,RB,LV,2023,0,0.038322381576596065,0.06025572163787078,0.06502912801513608,0.047134797693665124,2022
2023_05_GB_LV,00-0038040,RB,LV,2023,0,0.08810813143020879,0.06485013948462728,0.0880753798458482,0.0790486203122538,2022
2023_05_GB_LV,00-0038563,WR,LV,2023,0,0.10765004119823884,0.06042725713974876,0.08383177178456239,0.09003111261056292,2022
2023_05_GB_LV,00-0038579,QB,LV,2023,0,0.16848782238918536,0.13667442340816088,0.239955574672979,0.1348394799673071,2022
2023_05_GB_LV,00-0039066,TE,LV,2023,0,0.05273140640284102,0.07856160663009447,0.07592034211102629,0.0516095514157283,2022
2023_05_HOU_ATL,00-0031585,TE,ATL,2023,0,0.06190711826132089,0.0687552306387937,0.04049872105564265,0.053034613862032884,2022
2023_05_HOU_ATL,00-0033555,WR,ATL,2023,0,0.1919337011073854,0.14449971392627653,0.1538363180753039,0.11186063462912979,2022
2023_05_HOU_ATL,00-0033858,TE,ATL,2023,0,0.22112814182693896,0.15372628178701164,0.1277567864407133,0.20252208497134191,2022
2023_05_HOU_ATL,00-0034854,WR,ATL,2023,0,0.06722146133042894,0.06948665167045619,0.05443732595282105,0.06601033397101035,2022
2023_05_HOU_ATL,00-0036970,TE,ATL,2023,0,0.23246633552735652,0.16310455693512654,0.15810846823133917,0.1818411620416933,2022
2023_05_HOU_ATL,00-0037238,WR,ATL,2023,0,0.2527723584979362,0.21873268549530378,0.21395717459058616,0.20768292789725967,2022
2023_05_HOU_ATL,00-0037263,RB,ATL,2023,0,0.33008003388608986,0.2373630076726493,0.2203832223618857,0.2809553248452264,2022
2023_05_HOU_ATL,00-0038122,QB,ATL,2023,1,0.15954825174717424,0.13421777198909893,0.10713387033558412,0.1336080843485974,2022
2023_05_HOU_ATL,00-0038542,RB,ATL,2023,1,0.4405927230664123,0.4894678063896508,0.35030256381991176,0.3681073170542148,2022
2023_05_HOU_ATL,00-0030431,WR,HOU,2023,0,0.22247539031884178,0.1696950190086774,0.18217557411057478,0.18161299284664828,2022
2023_05_HOU_ATL,00-0033854,RB,HOU,2023,0,0.05856317935230626,0.051288446954766975,0.06116175361031982,0.058266605227843694,2022
2023_05_HOU_ATL,00-0034208,RB,HOU,2023,0,0.05097665686632469,0.04784064281764085,0.047964485064586275,0.04945239335655844,2022
2023_05_HOU_ATL,00-0034383,TE,HOU,2023,1,0.15059468437480128,0.11548965329709104,0.11994004033247309,0.13380247555502275,2022
2023_05_HOU_ATL,00-0035250,RB,HOU,2023,0,0.1676146295109625,0.10828652053907116,0.11926695749135573,0.11264322480005592,2022
2023_05_HOU_ATL,00-0036554,WR,HOU,2023,0,0.23273854667431504,0.19674395084321486,0.21881464183267263,0.18216712867319396,2022
2023_05_HOU_ATL,00-0036556,TE,HOU,2023,0,0.05495355286428316,0.04672326696491014,0.034317786161398404,0.05976076808845824,2022
2023_05_HOU_ATL,00-0037258,RB,HOU,2023,0,0.3623696202861105,0.3473075301967807,0.3517376976871901,0.3303326829387795,2022
2023_05_HOU_ATL,00-0037277,TE,HOU,2023,0,0.0491008732681093,0.04985888052723881,0.04039527836026022,0.04741679121305523,2022
2023_05_HOU_ATL,00-0037614,WR,HOU,2023,0,0.05892053872487846,0.04835262884785993,0.0488486293987923,0.05107086214378957,2022
2023_05_HOU_ATL,00-0038618,WR,HOU,2023,0,0.022322452367875,0.037562587192515935,0.03643469165144851,0.04672599515629997,2022
2023_05_HOU_ATL,00-0038977,WR,HOU,2023,0,0.18806041167482812,0.14528212438479549,0.14959906068231993,0.15378261825330108,2022
2023_05_HOU_ATL,00-0039163,QB,HOU,2023,0,0.14737866322277726,0.10629025531616552,0.08796875979047986,0.11528566236298857,2022
2023_05_JAX_BUF,00-0030513,RB,BUF,2023,0,0.21140179295630157,0.11885311450624966,0.13434679829271043,0.0994898610068621,2022
2023_05_JAX_BUF,00-0031588,WR,BUF,2023,1,0.3712800905798518,0.3494199198769633,0.3749758635571127,0.3290227305564449,2022
2023_05_JAX_BUF,00-0034487,WR,BUF,2023,0,0.16025887449388032,0.11308904864432169,0.11401242771824666,0.09885221224175111,2022
2023_05_JAX_BUF,00-0034577,QB,BUF,2023,0,0.06974378337070597,0.00020904760726524728,0.002429753815833767,0.0602237271112129,2022
2023_05_JAX_BUF,00-0034857,QB,BUF,2023,1,0.18462291259339336,0.1433393917720294,0.12565519668103503,0.1590319629249432,2022
2023_05_JAX_BUF,00-0035215,WR,BUF,2023,0,0.1488371403762605,0.09062550695039583,0.0872583083538208,0.10615670578733893,2022
2023_05_JAX_BUF,00-0035657,RB,BUF,2023,0,0.16768139629570866,0.09996930766867063,0.11722742096090405,0.0793744751509808,2022
2023_05_JAX_BUF,00-0035689,TE,BUF,2023,0,0.1908278121119089,0.1673126210262226,0.14846489439050492,0.145979780619921,2022
2023_05_JAX_BUF,00-0036187,RB,BUF,2023,0,0.033231980151935625,0.06096329658941702,0.0817003267090704,0.04671069993987752,2022
2023_05_JAX_BUF,00-0036196,WR,BUF,2023,1,0.24080697523337258,0.2531281206529601,0.2540908490834406,0.22939209311985723,2022
2023_05_JAX_BUF,00-0037248,RB,BUF,2023,0,0.4400671878717147,0.3885511788060206,0.37435582793773475,0.39897733784129685,2022
2023_05_JAX_BUF,00-0037261,WR,BUF,2023,0,0.06229467148805068,0.06538338297793844,0.06695330242006302,0.04732506522275155,2022
2023_05_JAX_BUF,00-0038933,TE,BUF,2023,0,0.1991545272820121,0.1624188131895772,0.1514254943210866,0.19559674587560352,2022
2023_05_JAX_BUF,00-0033572,WR,JAX,2023,0,0.0790908886339583,0.07067578149361252,0.06957826675489498,0.07384516488481142,2022
2023_05_JAX_BUF,00-0033881,TE,JAX,2023,0,0.2012008843162747,0.18721236310561198,0.17240484265937756,0.1739216469129771,2022
2023_05_JAX_BUF,00-0033891,WR,JAX,2023,1,0.20588946919901152,0.16891799887050707,0.17445095695865706,0.18359878502227645,2022
2023_05_JAX_BUF,00-0034775,WR,JAX,2023,0,0.23827247676854224,0.2090220040955113,0.262061950034803,0.22170563588303077,2022
2023_05_JAX_BUF,00-0034837,WR,JAX,2023,0,0.22303837666176496,0.18710996568150381,0.207297909663958,0.21734798607315448,2022
2023_05_JAX_BUF,00-0035628,RB,JAX,2023,0,0.05149033896918054,0.04899333305160459,0.05981452403785465,0.06104141291052707,2022
2023_05_JAX_BUF,00-0035806,RB,JAX,2023,0,0.06708276348696196,0.05415604931761474,0.03125404027555323,0.057678056922782946,2022
2023_05_JAX_BUF,00-0036497,WR,JAX,2023,0,0.05269170089274522,0.06350452058438666,0.06618878369594522,0.044765132584537834,2022
2023_05_JAX_BUF,00-0036887,TE,JAX,2023,0,0.05949982950301824,0.06645583724893697,0.05089101830979636,0.04991234987233988,2022
2023_05_JAX_BUF,00-0036971,QB,JAX,2023,0,0.17645973487945488,0.12907259678650249,0.1423529512483355,0.13866537358659478,2022
2023_05_JAX_BUF,00-0036973,RB,JAX,2023,1,0.3904962197291013,0.5067492078241806,0.47032011990696465,0.3172758371902691,2022
2023_05_JAX_BUF,00-0038555,RB,JAX,2023,0,0.14454117936710098,0.05184477521843062,0.08209019381326983,0.08056044149869829,2022
2023_05_JAX_BUF,00-0038935,TE,JAX,2023,0,0.04547635793111193,0.05915896744476862,0.043634073830102905,0.046192062208787014,2022
2023_05_KC_MIN,00-0027948,QB,KC,2023,0,0.07396274634919109,0.0002736549300406209,0.0034132199619851147,0.0560231166685529,2022
2023_05_KC_MIN,00-0030506,TE,KC,2023,1,0.3422541682006297,0.2776439704676076,0.265917372306841,0.2371564735392285,2022
2023_05_KC_MIN,00-0031376,RB,KC,2023,0,0.15995108778655986,0.12083090810510173,0.15265831828990714,0.10290596325276143,2022
2023_05_KC_MIN,00-0033873,QB,KC,2023,0,0.22910750381264322,0.18462425853836287,0.2197905450970265,0.161232818493574,2022
2023_05_KC_MIN,00-0034272,WR,KC,2023,0,0.14029739140000752,0.14727997828377185,0.13964322249722474,0.07855478758689792,2022
2023_05_KC_MIN,00-0034286,WR,KC,2023,0,0.070154666099429,0.06898108123286922,0.07080090389365883,0.05181436868487603,2022
2023_05_KC_MIN,00-0034386,WR,KC,2023,0,0.1617709371895768,0.12762561899087058,0.12899606746099426,0.09942476040893686,2022
2023_05_KC_MIN,00-0036360,RB,KC,2023,0,0.22447402397897087,0.12985119962044375,0.152219402938919,0.1073071272068861,2022
2023_05_KC_MIN,00-0036637,TE,KC,2023,0,0.16742089611239264,0.1520551781877844,0.15529048279725158,0.09829600803071734,2022
2023_05_KC_MIN,00-0036913,WR,KC,2023,0,0.15101167607925303,0.09344377547606565,0.08823707849176478,0.0990199423459759,2022
2023_05_KC_MIN,00-0037197,RB,KC,2023,1,0.44993730310789404,0.41399232844318756,0.4114656169161097,0.40488707515328365,2022
2023_05_KC_MIN,00-0037216,WR,KC,2023,0,0.05787484555327649,0.07413693418775169,0.07002191201798791,0.04836885609675451,2022
2023_05_KC_MIN,00-0038090,WR,KC,2023,0,0.2031697811976685,0.15916196107806604,0.1549168214325595,0.16437894609911027,2022
2023_05_KC_MIN,00-0039067,WR,KC,2023,1,0.20971386874690578,0.12931370136696724,0.13037983894888974,0.14238443631200015,2022
2023_05_KC_MIN,00-0029604,QB,MIN,2023,0,0.1284252178488502,0.10731450054828767,0.07394334978604747,0.07536909853628694,2022
2023_05_KC_MIN,00-0034646,WR,MIN,2023,0,0.009136262842055376,0.04235082442411803,0.04615109541707203,0.04854339611723485,2022
2023_05_KC_MIN,00-0034972,RB,MIN,2023,1,0.5440775101034422,0.6310452068045516,0.6907345518072054,0.43530481479821165,2022
2023_05_KC_MIN,00-0035229,TE,MIN,2023,0,0.2665014838144044,0.2800584955658151,0.2030852964180244,0.2815930345548755,2022
2023_05_KC_MIN,00-0035249,TE,MIN,2023,0,0.09536170169090374,0.0891207332899022,0.056607183780983186,0.07450207521343892,2022
2023_05_KC_MIN,00-0036322,WR,MIN,2023,0,0.360656898867903,0.46414383929411646,0.48419143363620204,0.3883815102179067,2022
2023_05_KC_MIN,00-0036345,WR,MIN,2023,0,0.19861542071238958,0.23073029752601062,0.24687364661162958,0.18746646655440868,2022
2023_05_KC_MIN,00-0036414,RB,MIN,2023,0,0.26168964363013103,0.16937544927461373,0.15855400657968777,0.16527705453886052,2022
2023_05_KC_MIN,00-0037276,RB,MIN,2023,0,0.10799044814427317,0.07106952816614172,0.09613966083873478,0.06962420637534134,2022
2023_05_KC_MIN,00-0038994,WR,MIN,2023,1,0.19013523373370633,0.16859206960953524,0.19375421845440077,0.22290120656789447,2022
2023_05_NO_NE,00-0031547,WR,NE,2023,0,0.18743159117244812,0.1746930481167393,0.19141871920761855,0.1673954291048547,2022
2023_05_NO_NE,00-0032200,WR,NE,2023,0,0.04388896438497536,0.03509119168355847,0.03631218806168443,0.05261673384690435,2022
2023_05_NO_NE,00-0033045,RB,NE,2023,0,0.23075070148282406,0.14329963551582367,0.15018709229380248,0.12846044370095563,2022
2023_05_NO_NE,00-0033090,TE,NE,2023,0,0.17997632749874048,0.16233443878359857,0.21761867509786997,0.1773378691577158,2022
2023_05_NO_NE,00-0033307,WR,NE,2023,0,0.19598383104261963,0.12958279580348558,0.15120946341547892,0.1697069924410964,2022
2023_05_NO_NE,00-0033439,TE,NE,2023,0,0.0874021515462794,0.047586722844427325,0.0760684916799812,0.06538215184490039,2022
2023_05_NO_NE,00-0033857,WR,NE,2023,0,0.15124674866915389,0.10567238271515815,0.11427938398827521,0.13137802621675154,2022
2023_05_NO_NE,00-0034829,TE,NE,2023,0,0.11325817031117535,0.08615071918641258,0.09249573976990427,0.11262715003622921,2022
2023_05_NO_NE,00-0036875,RB,NE,2023,0,0.3879965218623568,0.4488998050245355,0.44394903271915837,0.32279647972217623,2022
2023_05_NO_NE,00-0036972,QB,NE,2023,0,0.12996117343042013,0.09669110811069687,0.0870375125518155,0.1110615022953655,2022
2023_05_NO_NE,00-0038621,WR,NE,2023,0,0.10792376697575579,0.06312182869603959,0.0683324158346406,0.08224334486978144,2022
2023_05_NO_NE,00-0027696,TE,NO,2023,0,0.027235375834046893,0.029901696215335123,0.031113074192284092,0.08738604533958878,2022
2023_05_NO_NE,00-0031280,QB,NO,2023,0,0.06355887899811463,0.06939953590041736,0.05016212330685704,0.07201279919832894,2022
2023_05_NO_NE,00-0032765,WR,NO,2023,0,0.15904012942219614,0.17881858846733764,0.19378216757322253,0.1857087900278127,2022
2023_05_NO_NE,00-0033357,TE,NO,2023,0,0.11156690912783296,0.07940010034065136,0.05247177452455765,0.0758579061790098,2022
2023_05_NO_NE,00-0033906,RB,NO,2023,1,0.3810241450728945,0.6189551646066306,0.285116216603535,0.34404858426744545,2022
2023_05_NO_NE,00-0033948,RB,NO,2023,0,0.18583375731699436,0.22958655177352313,0.2341016953052013,0.23042210538305366,2022
2023_05_NO_NE,00-0034317,WR,NO,2023,0,0.03303972889552498,0.041997022635065405,0.04498280753958086,0.05248616180770675,2022
2023_05_NO_NE,00-0034981,TE,NO,2023,1,0.05416425726202245,0.06746912931507569,0.06742679380694461,0.07378299504595243,2022
2023_05_NO_NE,00-0035860,RB,NO,2023,0,0.1522957616457702,0.1214340950399074,0.13440373532473626,0.17400775404251248,2022
2023_05_NO_NE,00-0036040,TE,NO,2023,0,0.09723440887349755,0.12023941667756619,0.1581649076236594,0.12046105195560783,2022
2023_05_NO_NE,00-0036364,WR,NO,2023,0,0.022721493006723326,0.046485020513538665,0.0382259597317544,0.04733001817036398,2022
2023_05_NO_NE,00-0037239,WR,NO,2023,1,0.1884005957872823,0.22306824913004217,0.25938291397082747,0.20920389903359696,2022
2023_05_NO_NE,00-0037545,WR,NO,2023,0,0.11531171921322714,0.11228697725345736,0.11349078832405254,0.15604905057771132,2022
2023_05_NO_NE,00-0038551,RB,NO,2023,0,0.11127700969869858,0.09566960165161292,0.05542180340457772,0.09220142647540183,2022
2023_05_NYG_MIA,00-0031687,RB,MIA,2023,1,0.43658378421766053,0.3788139392793609,0.35142517067531304,0.34717043877063714,2022
2023_05_NYG_MIA,00-0032688,WR,MIA,2023,0,0.08041149379897827,0.10796344540097587,0.09211795160251869,0.058088370419887805,2022
2023_05_NYG_MIA,00-0033040,WR,MIA,2023,1,0.3862526247509561,0.358345637750338,0.36197761105426624,0.306206642359388,2022
2023_05_NYG_MIA,00-0034054,WR,MIA,2023,0,0.13958742584689143,0.11208146069904187,0.10166420840873831,0.1092806228193122,2022
2023_05_NYG_MIA,00-0034401,QB,MIA,2023,0,0.04005339760819249,0.0002523469031966665,0.002818488141484052,0.05623080199122046,2022
2023_05_NYG_MIA,00-0034418,WR,MIA,2023,0,0.10314920412056006,0.10498536264672755,0.09190837005576848,0.062075651524418886,2022
2023_05_NYG_MIA,00-0034419,WR,MIA,2023,0,0.18803513299285168,0.15989071573793098,0.13888276182887868,0.21549485888574918,2022
2023_05_NYG_MIA,00-0034798,TE,MIA,2023,0,0.20025218383453147,0.21870231594143244,0.2562754147403159,0.21370279143801676,2022
2023_05_NYG_MIA,00-0036020,RB,MIA,2023,0,0.20102192643576056,0.12455051850380679,0.15193175882633597,0.1071756381888856,2022
2023_05_NYG_MIA,00-0036212,QB,MIA,2023,0,0.1601758934811799,0.14495755477720232,0.14108732274168267,0.1231334248289547,2022
2023_05_NYG_MIA,00-0036613,WR,MIA,2023,1,0.23859959804113473,0.24063746962359428,0.20330515495287507,0.21865786366748124,2022
2023_05_NYG_MIA,00-0038092,WR,MIA,2023,0,0.1255543591082221,0.07800272730531445,0.06318586187528344,0.07610727302691857,2022
2023_05_NYG_MIA,00-0038685,RB,MIA,2023,0,0.17041689509832714,0.13826683071172216,0.18558992504215407,0.11282408299742619,2022
2023_05_NYG_MIA,00-0038720,TE,MIA,2023,0,0.08922117177033362,0.09900395394709594,0.10007652232891266,0.11169781897092498,2022
2023_05_NYG_MIA,00-0039040,RB,MIA,2023,1,0.36974042880514535,0.26509843428479546,0.3757018899857721,0.21180660733196305,2022
2023_05_NYG_MIA,00-0028118,QB,NYG,2023,0,0.014395821688780619,0.0177195900939825,0.012303129339064307,0.05133032978575338,2022
2023_05_NYG_MIA,00-0031610,TE,NYG,2023,0,0.15290795482105068,0.130873490932458,0.15784114712211977,0.15430851276098145,2022
2023_05_NYG_MIA,00-0032385,WR,NYG,2023,0,0.03278456178906741,0.03472358685960325,0.03287170624207373,0.05123256441237829,2022
2023_05_NYG_MIA,00-0033308,RB,NYG,2023,0,0.15545544857874283,0.11179929127027537,0.108935069445653,0.1372329238021869,2022
2023_05_NYG_MIA,00-0034844,RB,NYG,2023,0,0.35087252323673046,0.46961579849198604,0.43932678750134635,0.2861679855164389,2022
2023_05_NYG_MIA,00-0035535,WR,NYG,2023,0,0.13993376944598135,0.13428192279115347,0.1435276638570118,0.13207852156762137,2022
2023_05_NYG_MIA,00-0035639,WR,NYG,2023,0,0.14824804783216416,0.10127582525371248,0.08164684894129856,0.14016882242274123,2022
2023_05_NYG_MIA,00-0035710,QB,NYG,2023,0,0.196878095593936,0.12290147723514981,0.21262123734659782,0.2287550237510378,2022
2023_05_NYG_MIA,00-0036165,WR,NYG,2023,0,0.1020472474345514,0.08702189448904539,0.07064719268016967,0.10922709910255335,2022
2023_05_NYG_MIA,00-0036569,RB,NYG,2023,0,0.08714340724357306,0.048434441270478,0.05702392732353177,0.07715641205645463,2022
2023_05_NYG_MIA,00-0038115,TE,NYG,2023,0,0.03876906977068961,0.05149219294069111,0.047749696175886314,0.04597525358346557,2022
2023_05_NYG_MIA,00-0038117,WR,NYG,2023,0,0.14369936731001232,0.09987087852473744,0.1405156170671665,0.13003023562788638,2022
2023_05_NYG_MIA,00-0038938,WR,NYG,2023,0,0.05644885501507502,0.056763302177602684,0.05436550583066645,0.05186660509852105,2022
2023_05_NYJ_DEN,00-0029263,QB,DEN,2023,0,0.16792764110038272,0.11509583553661527,0.08644794512892891,0.12079233130271584,2022
2023_05_NYJ_DEN,00-0031484,TE,DEN,2023,0,0.056950640542383524,0.05548322456540027,0.049029400307826286,0.049683546682499205,2022
2023_05_NYJ_DEN,00-0033526,RB,DEN,2023,0,0.255702645877258,0.16070631773994956,0.15768326770815885,0.214075175504575,2022
2023_05_NYJ_DEN,00-0034348,WR,DEN,2023,0,0.291498143134693,0.2817715540205233,0.28763534285422887,0.238480380258166,2022
2023_05_NYJ_DEN,00-0035406,WR,DEN,2023,0,0.10375272760718002,0.08489860781244611,0.08213440714199124,0.07283003383020793,2022
2023_05_NYJ_DEN,00-0036407,WR,DEN,2023,0,0.23495197638999532,0.19219182935161416,0.20127292447123035,0.18097144643388882,2022
2023_05_NYJ_DEN,00-0036422,TE,DEN,2023,1,0.1459993517701601,0.1411668244892475,0.15123602700923378,0.10934908242349124,2022
2023_05_NYJ_DEN,00-0036997,RB,DEN,2023,0,0.37598861961626995,0.2572612661341809,0.26575739388675723,0.2756120136921714,2022
2023_05_NYJ_DEN,00-0037382,WR,DEN,2023,0,0.13492355287302216,0.10198184869124462,0.09890090815685929,0.0966625216063298,2022
2023_05_NYJ_DEN,00-0038783,TE,DEN,2023,0,0.056965088673449626,0.051811349651063786,0.03364748195980787,0.06242585670608814,2022
2023_05_NYJ_DEN,00-0038794,RB,DEN,2023,1,0.14718130396047435,0.07160733472354153,0.0888875519149678,0.08109752953733965,2022
2023_05_NYJ_DEN,00-0038976,WR,DEN,2023,0,0.1400134884061689,0.08467914763328212,0.08459271109157335,0.09836701015570382,2022
2023_05_NYJ_DEN,00-0028002,WR,NYJ,2023,0,0.09315218487245502,0.07794693308400662,0.06454737957732283,0.06559463947168034,2022
2023_05_NYJ_DEN,00-0032134,TE,NYJ,2023,0,0.07935869497306003,0.06760792600496295,0.06291098219112114,0.09360754313813459,2022
2023_05_NYJ_DEN,00-0033893,RB,NYJ,2023,0,0.2600167909166168,0.16182261513018836,0.15542582925285725,0.17565677545119807,2022
2023_05_NYJ_DEN,00-0034270,TE,NYJ,2023,0,0.17902564669029597,0.15425066249528332,0.2377693876635966,0.17565421310435983,2022
2023_05_NYJ_DEN,00-0034433,RB,NYJ,2023,0,0.0735202052820233,0.028277578032087077,0.04919995229048792,0.06633681974471277,2022
2023_05_NYJ_DEN,00-0034521,WR,NYJ,2023,0,0.17526370412951175,0.17092293680469528,0.1457234620217594,0.17393912288912913,2022
2023_05_NYJ_DEN,00-0035140,WR,NYJ,2023,0,0.05358741609404272,0.06449099651967162,0.06440720793159599,0.05900087513100889,2022
2023_05_NYJ_DEN,00-0036924,RB,NYJ,2023,0,0.10339956696009234,0.0698028865379363,0.05789340145788436,0.0765427774555833,2022
2023_05_NYJ_DEN,00-0037013,QB,NYJ,2023,0,0.1387753859226606,0.10416704131737027,0.08721668991928401,0.11446688366195333,2022
2023_05_NYJ_DEN,00-0037740,WR,NYJ,2023,0,0.31686316329403985,0.25221464838326213,0.2502253121725085,0.2484866492463245,2022
2023_05_NYJ_DEN,00-0037805,TE,NYJ,2023,0,0.07100999625782034,0.06773042697760148,0.08061861861029931,0.07990864068101655,2022
2023_05_NYJ_DEN,00-0038120,RB,NYJ,2023,1,0.2756668954077697,0.18859234735913732,0.1831807215009234,0.2224164136474422,2022
2023_05_NYJ_DEN,00-0038496,WR,NYJ,2023,0,0.026434879625432117,0.03671292762733535,0.027407304894659503,0.04599470224600085,2022
2023_05_PHI_LA,00-0026498,QB,LA,2023,0,0.15519251663347022,0.11273972277640278,0.09704316729493315,0.10071427888920695,2022
2023_05_PHI_LA,00-0033110,TE,LA,2023,0,0.24582265724019003,0.21968566648953075,0.2372003763386256,0.24589748371696438,2022
2023_05_PHI_LA,00-0036415,WR,LA,2023,0,0.1859051449873772,0.19512026574178287,0.17273746376304538,0.11896750042045662,2022
2023_05_PHI_LA,00-0036424,TE,LA,2023,0,0.043385936463443575,0.047654437525150695,0.03342679015762659,0.0481979550641498,2022
2023_05_PHI_LA,00-0036849,WR,LA,2023,1,0.3113458830194391,0.2843430949956816,0.255145027171402,0.2481672535083368,2022
2023_05_PHI_LA,00-0036862,WR,LA,2023,0,0.08213677696679711,0.06479629795490176,0.05986084328827791,0.058719695849912025,2022
2023_05_PHI_LA,00-0037557,RB,LA,2023,0,0.08893425039577219,0.06127068686627411,0.07919787592009335,0.06764717371064116,2022
2023_05_PHI_LA,00-0037840,RB,LA,2023,0,0.5190166029021215,0.4265252813215116,0.491077990381193,0.4167500293227844,2022
2023_05_PHI_LA,00-0039075,WR,LA,2023,1,0.3848886456465781,0.37021461289305413,0.38184439741027293,0.3726626606235141,2022
2023_05_PHI_LA,00-0034351,TE,PHI,2023,1,0.24385784754154705,0.2507037537908087,0.28298608485213844,0.24652298764618322,2022
2023_05_PHI_LA,00-0034414,RB,PHI,2023,0,0.10043711686225187,0.08363371655537026,0.10102372831099557,0.07109696623641622,2022
2023_05_PHI_LA,00-0034750,RB,PHI,2023,0,0.10550046071391206,0.08046212507896079,0.09164179678288177,0.08046254131670762,2022
2023_05_PHI_LA,00-0035208,WR,PHI,2023,0,0.1459520379214464,0.15761332978198542,0.1567944053215562,0.09884969446721507,2022
2023_05_PHI_LA,00-0035676,WR,PHI,2023,0,0.41468268745431847,0.4378506301191916,0.48097660858923624,0.32100466259123867,2022
2023_05_PHI_LA,00-0036275,RB,PHI,2023,0,0.4028596565936732,0.3678080928760293,0.35904529687345454,0.39212095874766273,2022
2023_05_PHI_LA,00-0036389,QB,PHI,2023,1,0.2938837138095092,0.2719545886808196,0.3352858191889191,0.3420310219821233,2022
2023_05_PHI_LA,00-0036741,TE,PHI,2023,0,0.0687450848575254,0.07974164697977565,0.0653636737987713,0.04874916315761753,2022
2023_05_PHI_LA,00-0036912,WR,PHI,2023,0,0.32477550792288357,0.37997405996292505,0.40321924027058986,0.2892230566373896,2022
2023_05_PHI_LA,00-0036919,RB,PHI,2023,0,0.3363135387779784,0.2786254078621766,0.2931569761231098,0.3294774986012506,2022
2023_05_TEN_IND,00-0033217,TE,IND,2023,0,0.061282509960610465,0.05811910579393327,0.04814257603332201,0.05031278702965163,2022
2023_05_TEN_IND,00-0033466,WR,IND,2023,0,0.03484087402472158,0.03916380435657699,0.04030646460459213,0.046317987880113265,2022
2023_05_TEN_IND,00-0035289,QB,IND,2023,0,0.05113257085367062,0.04619822885317496,0.027155819465223253,0.05181346861100471,2022
2023_05_TEN_IND,00-0036251,RB,IND,2023,1,0.432963244796961,0.5196263768153779,0.5195782527240497,0.3563859087823798,2022
2023_05_TEN_IND,00-0036252,WR,IND,2023,0,0.27895042590891217,0.3199104776251575,0.34823771546327686,0.2505482189784604,2022
2023_05_TEN_IND,00-0036876,TE,IND,2023,0,0.15234614988612227,0.11166094407875231,0.10268547027787521,0.14210144013812803,2022
2023_05_TEN_IND,00-0036984,RB,IND,2023,0,0.09918241372712677,0.06972253906790869,0.07875758718578005,0.07183446483533089,2022
2023_05_TEN_IND,00-0037292,TE,IND,2023,0,0.08737659256394359,0.06469798431837862,0.04754615536966026,0.07420648441256289,2022
2023_05_TEN_IND,00-0037664,WR,IND,2023,0,0.14353081915313348,0.17325733158401485,0.1743929836199353,0.11816282618299583,2022
2023_05_TEN_IND,00-0038394,TE,IND,2023,0,0.06692896189106978,0.04597514975559045,0.06685526752583006,0.06537381636042591,2022
2023_05_TEN_IND,00-0038997,WR,IND,2023,0,0.20643257993591535,0.18558574983500656,0.19422715311575317,0.18499616970926325,2022
2023_05_TEN_IND,00-0039164,QB,IND,2023,0,0.20798433434196384,0.11624789032238754,0.17552480157891281,0.2361779873681249,2022
2023_05_TEN_IND,00-0029701,QB,TEN,2023,0,0.1268649274942899,0.12351784511245514,0.10757899695491317,0.11175743922263486,2022
2023_05_TEN_IND,00-0030564,WR,TEN,2023,0,0.28819913688048515,0.18049100743664373,0.22855385054289729,0.22560134089116227,2022
2023_05_TEN_IND,00-0032398,WR,TEN,2023,0,0.10412003018215354,0.08422644252948536,0.0879029642357051,0.06963741856045512,2022
2023_05_TEN_IND,00-0032764,RB,TEN,2023,0,0.43824878065967254,0.4326523351586069,0.4113592198034355,0.3473929143666799,2022
2023_05_TEN_IND,00-0035259,TE,TEN,2023,0,0.05189138828069906,0.0777559029887756,0.0897328747312666,0.05296499543650308,2022
2023_05_TEN_IND,00-0036182,WR,TEN,2023,0,0.22412469067265806,0.1837090592748922,0.1704710335806607,0.21285410405763058,2022
2023_05_TEN_IND,00-0037742,WR,TEN,2023,0,0.20692731504694917,0.16719784345943034,0.17397951165078537,0.19948028249208608,2022
2023_05_TEN_IND,00-0037809,TE,TEN,2023,0,0.16037063084905312,0.14948951851363704,0.17334750138153857,0.15729780353278808,2022
2023_05_TEN_IND,00-0038589,TE,TEN,2023,0,0.08484574437543524,0.05307525885938454,0.04343861739713198,0.10839173021739193,2022
2023_05_TEN_IND,00-0038632,WR,TEN,2023,0,0.05805205557448223,0.04789047822385447,0.05855362530550849,0.05367684232913564,2022
2023_05_TEN_IND,00-0039032,RB,TEN,2023,1,0.24522598239679205,0.18657945921512742,0.14935034616295495,0.2366197818602656,2022
2023_06_ARI_LA,00-0030061,TE,ARI,2023,0,0.2385694860847517,0.15221150974342187,0.1304357860733917,0.1824959884742356,2022
2023_06_ARI_LA,00-0032141,TE,ARI,2023,0,0.06149739935894072,0.05284326329902787,0.04180082087580347,0.05109758648074391,2022
2023_06_ARI_LA,00-0033251,WR,ARI,2023,0,0.05907669313772934,0.047730904018638,0.05027932537547069,0.05908870326018593,2022
2023_06_ARI_LA,00-0033553,RB,ARI,2023,0,0.3450932522169655,0.2735575799405764,0.28389954028722547,0.3444456588435078,2022
2023_06_ARI_LA,00-0033949,QB,ARI,2023,0,0.17168435560274353,0.13313846420445316,0.1563726403352623,0.12151077814040456,2022
2023_06_ARI_LA,00-0035662,WR,ARI,2023,0,0.2912201858594994,0.2597817888645045,0.3164932951478395,0.21930488763909667,2022
2023_06_ARI_LA,00-0036936,WR,ARI,2023,0,0.16507711120202628,0.13248023358271677,0.1209317079629378,0.1437759619468255,2022
2023_06_ARI_LA,00-0037299,RB,ARI,2023,0,0.09754679587773418,0.062064176923727975,0.07729077694838149,0.07202064335395023,2022
2023_06_ARI_LA,00-0037744,TE,ARI,2023,0,0.0820505496281616,0.06616463296847236,0.05601246289521374,0.05997357753995676,2022
2023_06_ARI_LA,00-0038559,WR,ARI,2023,0,0.1467546082044342,0.12534824196056815,0.12794700733453662,0.15183524245249366,2022
2023_06_ARI_LA,00-0038705,RB,ARI,2023,0,0.16320414335995603,0.09134642516272251,0.0882520614297874,0.0833805252265883,2022
2023_06_ARI_LA,00-0026498,QB,LA,2023,0,0.14990644434944955,0.13596935270355576,0.107459437630073,0.09064335029466689,2022
2023_06_ARI_LA,00-0033110,TE,LA,2023,0,0.23455088494215115,0.25214012432601246,0.30910175077340357,0.2581949008325533,2022
2023_06_ARI_LA,00-0033908,WR,LA,2023,1,0.4065858074641432,0.4421536289392395,0.4101921121303392,0.40849792647161864,2022
2023_06_ARI_LA,00-0036415,WR,LA,2023,0,0.1877789200857738,0.23313967680818357,0.18878400926386538,0.12809103372912656,2022
2023_06_ARI_LA,00-0036424,TE,LA,2023,0,0.043861192806083915,0.0590479486157233,0.04790173018194592,0.050286902831643075,2022
2023_06_ARI_LA,00-0036849,WR,LA,2023,0,0.3081034069093074,0.33150067247025544,0.27088834713203525,0.2616742896793412,2022
2023_06_ARI_LA,00-0036862,WR,LA,2023,0,0.07731532412980058,0.07253259808423126,0.06338912988582285,0.057754237757739,2022
2023_06_ARI_LA,00-0037557,RB,LA,2023,0,0.08648437995774771,0.07483767380648296,0.09887253508309737,0.06999310750974422,2022
2023_06_ARI_LA,00-0037840,RB,LA,2023,1,0.5293955829796997,0.5222417451137414,0.6033870482229816,0.4403161189395,2022
2023_06_ARI_LA,00-0039075,WR,LA,2023,0,0.389133116626459,0.43464294271594156,0.4092448860293073,0.3964262815320577,2022
2023_06_BAL_TEN,00-0031235,WR,BAL,2023,0,0.1553885314695923,0.1543539049684167,0.15658240528312353,0.1531799594670311,2022
2023_06_BAL_TEN,00-0031549,WR,BAL,2023,0,0.16762116326756382,0.1501153565650475,0.15577154609743385,0.1670942760112376,2022
2023_06_BAL_TEN,00-0032144,RB,BAL,2023,0,0.17199545640444758,0.13538707731280888,0.1229534117298791,0.14894584632515626,2022
2023_06_BAL_TEN,00-0033118,RB,BAL,2023,0,0.12292918294580424,0.050242267715513274,0.04255182105255006,0.0894812925974482,2022
2023_06_BAL_TEN,00-0033376,RB,BAL,2023,0,0.043099137568946344,0.07721858299092113,0.06948096978748766,0.04530253986388657,2022
2023_06_BAL_TEN,00-0034184,RB,BAL,2023,0,0.2271762855411097,0.21481174874040643,0.2071525733269456,0.26353084535649984,2022
2023_06_BAL_TEN,00-0034753,TE,BAL,2023,0,0.2556312345023738,0.24584545517632364,0.2525320654686174,0.24171918232056586,2022
2023_06_BAL_TEN,00-0034796,QB,BAL,2023,0,0.2233574188145302,0.21166268253717826,0.23247444708670642,0.2939554124499318,2022
2023_06_BAL_TEN,00-0034975,RB,BAL,2023,0,0.21239164536199673,0.15459874768920953,0.13257644416608183,0.22077131398203412,2022
2023_06_BAL_TEN,00-0035993,QB,BAL,2023,0,0.048660956087144824,0.026748887701054373,0.015422642644348292,0.06403446018583174,2022
2023_06_BAL_TEN,00-0036331,WR,BAL,2023,0,0.07303644503773166,0.06751212157074159,0.06651430140443446,0.05388702150559317,2022
2023_06_BAL_TEN,00-0036550,WR,BAL,2023,0,0.12524228624875178,0.1159076988445255,0.11549685666708287,0.09041040414277504,2022
2023_06_BAL_TEN,00-0037838,TE,BAL,2023,0,0.06918227099695085,0.07952407798129725,0.061729658501159225,0.06360860540191976,2022
2023_06_BAL_TEN,00-0039064,WR,BAL,2023,1,0.30085150341851385,0.3149058404890537,0.32703012452019414,0.2915407931403239,2022
2023_06_BAL_TEN,00-0029701,QB,TEN,2023,0,0.1041006624504256,0.09486762006632095,0.0834820561842275,0.0936441211708705,2022
2023_06_BAL_TEN,00-0030564,WR,TEN,2023,0,0.24820704919226444,0.16722200861035524,0.23781412743400795,0.1841417214505094,2022
2023_06_BAL_TEN,00-0032398,WR,TEN,2023,0,0.08549638719903119,0.06675636516334191,0.08152172311642863,0.06637837223135964,2022
2023_06_BAL_TEN,00-0032764,RB,TEN,2023,1,0.37207795454186865,0.37349304074043477,0.3864740645519783,0.29455978558774487,2022
2023_06_BAL_TEN,00-0035259,TE,TEN,2023,0,0.04482849448548032,0.06230694345107724,0.055818364317143696,0.052365171632834225,2022
2023_06_BAL_TEN,00-0036182,WR,TEN,2023,0,0.16602671272186387,0.13976901524928523,0.14811479145933526,0.15599295497663923,2022
2023_06_BAL_TEN,00-0037273,WR,TEN,2023,0,0.035110866698727206,0.04145771099084061,0.045757152532198725,0.04516010876240227,2022
2023_06_BAL_TEN,00-0037742,WR,TEN,2023,0,0.17176270703626906,0.1350560603959231,0.1624626261613127,0.16107316283530274,2022
2023_06_BAL_TEN,00-0037809,TE,TEN,2023,0,0.1513520882125211,0.12057942090600515,0.11881167896415065,0.14739107041726104,2022
2023_06_BAL_TEN,00-0038589,TE,TEN,2023,0,0.059279730784607465,0.04494638776145265,0.03179954603949102,0.09190840250613057,2022
2023_06_BAL_TEN,00-0038632,WR,TEN,2023,0,0.04745103901723513,0.03764729886255386,0.054176422483116174,0.05286749482033383,2022
2023_06_BAL_TEN,00-0039032,RB,TEN,2023,0,0.2167817595608883,0.1610842929818999,0.14730993796991904,0.17757493182078674,2022
2023_06_CAR_MIA,00-0027973,QB,CAR,2023,0,0.061815001846499795,0.03718525712645502,0.026898444094878647,0.06003238630704851,2022
2023_06_CAR_MIA,00-0030035,WR,CAR,2023,1,0.21476756752539417,0.23491836600655316,0.21229077354221662,0.220160525167305,2022
2023_06_CAR_MIA,00-0034365,TE,CAR,2023,0,0.0321249549615924,0.03497837069001706,0.02924674129189541,0.04834150104079933,2022
2023_06_CAR_MIA,00-0034777,WR,CAR,2023,0,0.14072319642384112,0.13806281991334035,0.13828915189707416,0.15276870616102986,2022
2023_06_CAR_MIA,00-0034830,TE,CAR,2023,0,0.10118871978187338,0.07549952373849216,0.06596122011085016,0.12337687678639186,2022
2023_06_CAR_MIA,00-0035243,RB,CAR,2023,0,0.30440764052120306,0.217082212974231,0.23421884657660053,0.2684954651429125,2022
2023_06_CAR_MIA,00-0035956,TE,CAR,2023,0,0.015013885215127476,0.027818235925964937,0.019457557077820233,0.04544411795323663,2022
2023_06_CAR_MIA,00-0036268,WR,CAR,2023,0,0.06673869325721937,0.04382095479401154,0.035776435531280806,0.06424671569214772,2022
2023_06_CAR_MIA,00-0036555,RB,CAR,2023,1,0.18588592221302835,0.12111898673592914,0.13071436799259364,0.1401385528888051,2022
2023_06_CAR_MIA,00-0036955,WR,CAR,2023,0,0.16494886285082067,0.12930731022866168,0.14077023973150016,0.14269520479453918,2022
2023_06_CAR_MIA,00-0037005,TE,CAR,2023,0,0.03465759682280223,0.035171814848499086,0.0229963360819555,0.08425975073656651,2022
2023_06_CAR_MIA,00-0039062,WR,CAR,2023,0,0.14754516250060834,0.11941772545712824,0.1378183367597784,0.14025975385891998,2022
2023_06_CAR_MIA,00-0039150,QB,CAR,2023,0,0.08215698945994243,0.07791115499980789,0.06338223224839853,0.06673873581048524,2022
2023_06_CAR_MIA,00-0031687,RB,MIA,2023,1,0.4726181103525733,0.41541008438338645,0.3816082792149906,0.35423541575081174,2022
2023_06_CAR_MIA,00-0032688,WR,MIA,2023,0,0.09061093953416177,0.11247667975678699,0.0908578296437217,0.058088370419887805,2022
2023_06_CAR_MIA,00-0033040,WR,MIA,2023,1,0.4189899614031716,0.36578128229143886,0.3588244316773584,0.3123108058659461,2022
2023_06_CAR_MIA,00-0034054,WR,MIA,2023,0,0.1566271628477659,0.11674431238207462,0.1002879241659975,0.1092806228193122,2022
2023_06_CAR_MIA,00-0034401,QB,MIA,2023,0,0.04526007519643249,0.0002642295882765835,0.0030708474800243456,0.05623080199122046,2022
2023_06_CAR_MIA,00-0034418,WR,MIA,2023,0,0.16966587597816418,0.14527064543529544,0.11806581353051779,0.1088527297676881,2022
2023_06_CAR_MIA,00-0034419,WR,MIA,2023,0,0.19699241311819204,0.15731370232879793,0.12937157959667833,0.1696651796717624,2022
2023_06_CAR_MIA,00-0034798,TE,MIA,2023,0,0.22367931510462313,0.22666850222662013,0.2705712211758376,0.21370279143801676,2022
2023_06_CAR_MIA,00-0036212,QB,MIA,2023,0,0.1780331850020903,0.1545883088647058,0.15276387754804127,0.11920952421150761,2022
2023_06_CAR_MIA,00-0036613,WR,MIA,2023,1,0.33502541660186524,0.3076987739708553,0.26398487508945706,0.23108191473790146,2022
2023_06_CAR_MIA,00-0038685,RB,MIA,2023,0,0.19078417500661793,0.14384257709345508,0.1958197328599304,0.11282408299742619,2022
2023_06_CAR_MIA,00-0038720,TE,MIA,2023,0,0.10047570839367137,0.10318597588870951,0.10691163154762252,0.11169781897092498,2022
2023_06_CAR_MIA,00-0039040,RB,MIA,2023,0,0.4078727109188033,0.28368831711234166,0.3729875137381322,0.313829365052138,2022
2023_06_DAL_LAC,00-0031236,WR,DAL,2023,1,0.22101309648599987,0.19116640296230833,0.2050100377743645,0.19902467069430227,2022
2023_06_DAL_LAC,00-0033077,QB,DAL,2023,1,0.12841284809555387,0.12540475270099213,0.10845990757185012,0.09881859805762337,2022
2023_06_DAL_LAC,00-0033662,QB,DAL,2023,0,0.047483761249257905,0.03349560774442664,0.017383790237452085,0.05109060680248747,2022
2023_06_DAL_LAC,00-0034764,WR,DAL,2023,0,0.19270739683595806,0.17034747366008307,0.17021513606300268,0.16956120249399628,2022
2023_06_DAL_LAC,00-0035261,RB,DAL,2023,0,0.4677187829486176,0.5625149200864565,0.4336509736137927,0.430565985065774,2022
2023_06_DAL_LAC,00-0036139,RB,DAL,2023,0,0.16597214894787027,0.10635570641032885,0.11425787056974428,0.0894123308399628,2022
2023_06_DAL_LAC,00-0036358,WR,DAL,2023,0,0.28598713112427343,0.28466281957717937,0.2668566340244902,0.2419866797540408,2022
2023_06_DAL_LAC,00-0037569,TE,DAL,2023,0,0.07343586666570001,0.07241566780140361,0.08223939229412912,0.06079654553084831,2022
2023_06_DAL_LAC,00-0037666,WR,DAL,2023,0,0.1333976333615211,0.11234034078714214,0.11174056040619244,0.08417807026211811,2022
2023_06_DAL_LAC,00-0037801,WR,DAL,2023,0,0.0863580980748836,0.06912282445905396,0.059078247306774946,0.07182661392209026,2022
2023_06_DAL_LAC,00-0038041,TE,DAL,2023,0,0.2413945900670813,0.20948113396133533,0.16768021142326062,0.22016437496969765,2022
2023_06_DAL_LAC,00-0038547,TE,DAL,2023,0,0.0918841026095858,0.07827942017160845,0.07793267193016447,0.08406761755554779,2022
2023_06_DAL_LAC,00-0038622,RB,DAL,2023,0,0.16708048142763254,0.10898191252602886,0.11425822741494591,0.08869556598865493,2022
2023_06_DAL_LAC,00-0038738,RB,DAL,2023,0,0.05025507060971002,0.06229698011195788,0.06786160561119489,0.055662315145469876,2022
2023_06_DAL_LAC,00-0030279,WR,LAC,2023,1,0.36297420704744743,0.38153992126142106,0.4053911357655653,0.3960435622243306,2022
2023_06_DAL_LAC,00-0033536,WR,LAC,2023,0,0.28359094818276787,0.2643693722989867,0.28205733496662694,0.2626522670477706,2022
2023_06_DAL_LAC,00-0033895,TE,LAC,2023,1,0.16181702083817617,0.14100432277667196,0.09863556165462282,0.1545663368517638,2022
2023_06_DAL_LAC,00-0035329,TE,LAC,2023,0,0.12008550776102955,0.09664097362355917,0.06370218879146952,0.1248371854761691,2022
2023_06_DAL_LAC,00-0036355,QB,LAC,2023,0,0.20880580877802224,0.1578127512580985,0.19696745260254148,0.16688787888327375,2022
2023_06_DAL_LAC,00-0036370,RB,LAC,2023,0,0.3703002892891719,0.34539994036900984,0.3841189462498393,0.35309484354528475,2022
2023_06_DAL_LAC,00-0036988,WR,LAC,2023,0,0.20462602294538634,0.15835916609433406,0.1789315238723535,0.19762091658562247,2022
2023_06_DAL_LAC,00-0037475,TE,LAC,2023,0,0.06451678302894837,0.07165428183573627,0.05393238336054967,0.04639599674806166,2022
2023_06_DAL_LAC,00-0038045,RB,LAC,2023,0,0.10936389837485327,0.07386277770752543,0.10124369598333967,0.0714560181138751,2022
2023_06_DAL_LAC,00-0038544,WR,LAC,2023,0,0.1114705879261857,0.07814828264619685,0.08535259827904211,0.06748519353471569,2022
2023_06_DAL_LAC,00-0038573,WR,LAC,2023,0,0.06444606766886973,0.05795740079787408,0.05175300219778675,0.05858487692482105,2022
2023_06_DAL_LAC,00-0038862,RB,LAC,2023,0,0.19012402581585952,0.11251964481427658,0.06754152193279513,0.09988642423067676,2022
2023_06_DEN_KC,00-0029263,QB,DEN,2023,0,0.1456768333719778,0.09621530823418135,0.08280221942458507,0.10983362189207864,2022
2023_06_DEN_KC,00-0031484,TE,DEN,2023,0,0.04316564467698314,0.04165049640731219,0.03729185076731386,0.049454373982930136,2022
2023_06_DEN_KC,00-0033526,RB,DEN,2023,0,0.21458809917572852,0.1407676484690944,0.13286372498623494,0.16749346421443198,2022
2023_06_DEN_KC,00-0034348,WR,DEN,2023,1,0.2103233945083811,0.19938279641265771,0.22229868205529285,0.17440241604611179,2022
2023_06_DEN_KC,00-0035406,WR,DEN,2023,0,0.07912386368731505,0.06423093978809294,0.06935782198044252,0.07047919543430588,2022
2023_06_DEN_KC,00-0036407,WR,DEN,2023,0,0.19661864506780902,0.17153019171051517,0.19406008104198816,0.1465890938668585,2022
2023_06_DEN_KC,00-0036422,TE,DEN,2023,0,0.13074855661031337,0.12165486153619424,0.11950290472028782,0.11572632856676357,2022
2023_06_DEN_KC,00-0036997,RB,DEN,2023,0,0.2987397939922998,0.2039870902067292,0.2132284041294818,0.19807426318161686,2022
2023_06_DEN_KC,00-0037382,WR,DEN,2023,0,0.09538822403817326,0.07400351842383866,0.08169463852439,0.08666436853232093,2022
2023_06_DEN_KC,00-0038783,TE,DEN,2023,0,0.04068070850963257,0.03692744322107575,0.025243299642122068,0.04963678258374949,2022
2023_06_DEN_KC,00-0038794,RB,DEN,2023,0,0.15507925859260718,0.06581293977684884,0.08059540396516111,0.09694875022295404,2022
2023_06_DEN_KC,00-0038976,WR,DEN,2023,0,0.09695766676468309,0.06087842774293723,0.06666831626790586,0.08194674183297425,2022
2023_06_DEN_KC,00-0027948,QB,KC,2023,0,0.08027313672713277,0.00029264040677955616,0.0037663143880209402,0.06498017179873866,2022
2023_06_DEN_KC,00-0030506,TE,KC,2023,0,0.3797589047016723,0.32636945846001036,0.29039096752068494,0.2535314924234941,2022
2023_06_DEN_KC,00-0031376,RB,KC,2023,0,0.16877868226709403,0.12187880366783263,0.13873958229262395,0.09625079112782012,2022
2023_06_DEN_KC,00-0033873,QB,KC,2023,0,0.22719421775189141,0.18230448093008514,0.20279907655990537,0.15721246764036528,2022
2023_06_DEN_KC,00-0034272,WR,KC,2023,0,0.15023940370648914,0.1505690528308112,0.11814574349838339,0.09623672426335295,2022
2023_06_DEN_KC,00-0034386,WR,KC,2023,0,0.17019648644049956,0.13354764054329513,0.11166021748053256,0.10424083920113439,2022
2023_06_DEN_KC,00-0036360,RB,KC,2023,0,0.22384830562288716,0.1307164034632794,0.15804519352685187,0.10571752676831417,2022
2023_06_DEN_KC,00-0036637,TE,KC,2023,0,0.17180360248830884,0.16026232451588204,0.19634540764096042,0.10797764901909061,2022
2023_06_DEN_KC,00-0036913,WR,KC,2023,1,0.1827969093823305,0.10888054716634457,0.08482271913313755,0.10695884200713499,2022
2023_06_DEN_KC,00-0037197,RB,KC,2023,0,0.49471360297510203,0.4319296403060214,0.43502685988075457,0.40646913968648696,2022
2023_06_DEN_KC,00-0037216,WR,KC,2023,0,0.09470123617627424,0.07762403269533898,0.06528937415032281,0.06184350355562437,2022
2023_06_DEN_KC,00-0038090,WR,KC,2023,0,0.2024055034118326,0.16451860899747822,0.1301653123098026,0.15553572428167395,2022
2023_06_DEN_KC,00-0039067,WR,KC,2023,0,0.22496914281630964,0.1371390399126672,0.1152978808834076,0.1535165133587541,2022
2023_06_DET_TB,00-0029293,WR,DET,2023,0,0.11511985303476313,0.09246214472699013,0.09791174064402014,0.08601658689643023,2022
2023_06_DET_TB,00-0031237,QB,DET,2023,0,0.03956818643626536,0.00015026088356292694,0.0015775484939667748,0.05439789442324893,2022
2023_06_DET_TB,00-0032464,WR,DET,2023,0,0.10194062789209235,0.08523447544092845,0.0841262872025847,0.08721228912139585,2022
2023_06_DET_TB,00-0033106,QB,DET,2023,0,0.1117601695702033,0.10598823269475859,0.10276757578988104,0.10398485937208973,2022
2023_06_DET_TB,00-0033943,WR,DET,2023,0,0.2031950355594393,0.21873294168640645,0.18282126949907032,0.19648762558358893,2022
2023_06_DET_TB,00-0035567,RB,DET,2023,0,0.07840718837723859,0.05973991598827423,0.06830735726418682,0.07338067074802727,2022
2023_06_DET_TB,00-0035685,RB,DET,2023,0,0.391261307798471,0.5140768666525687,0.45105578185581185,0.3613204538709497,2022
2023_06_DET_TB,00-0036754,TE,DET,2023,0,0.10042506838035792,0.09509845281490667,0.08167157067504362,0.1201515096330121,2022
2023_06_DET_TB,00-0036963,WR,DET,2023,1,0.2603610710891556,0.2777398070644386,0.2930686602151179,0.2655670186437641,2022
2023_06_DET_TB,00-0037157,RB,DET,2023,0,0.043497847418599744,0.052014919050710734,0.05990806728799,0.055261681342054475,2022
2023_06_DET_TB,00-0037240,WR,DET,2023,1,0.11501761986612435,0.10054722706087578,0.11103654858407493,0.08744721442076313,2022
2023_06_DET_TB,00-0039065,TE,DET,2023,0,0.2041175982026905,0.21618795796980014,0.19761961673692519,0.22292571513160667,2022
2023_06_DET_TB,00-0039139,RB,DET,2023,0,0.2643131764733372,0.22171260198453765,0.18484825810226493,0.1937694828640866,2022
2023_06_DET_TB,00-0031408,WR,TB,2023,0,0.23860753840012006,0.19410009011128956,0.23959208413314606,0.19176323464736444,2022
2023_06_DET_TB,00-0033921,WR,TB,2023,0,0.234188511260496,0.19730089218834393,0.22499994179393001,0.20333362933140123,2022
2023_06_DET_TB,00-0034575,TE,TB,2023,0,0.06437802939786097,0.05389619668119846,0.045354151140206155,0.059718828578279634,2022
2023_06_DET_TB,00-0034681,RB,TB,2023,0,0.035817525065694356,0.0425291502217595,0.05391995986601813,0.055290182611249135,2022
2023_06_DET_TB,00-0034855,QB,TB,2023,0,0.1518913453165821,0.1343143352597325,0.1358260336104895,0.12330798275643758,2022
2023_06_DET_TB,00-0036450,RB,TB,2023,0,0.1750156898605688,0.08099233958486238,0.08652629474085205,0.11366787513032232,2022
2023_06_DET_TB,00-0037256,RB,TB,2023,0,0.3513110484388974,0.3849163385338942,0.3221701113163372,0.3393777808742262,2022
2023_06_DET_TB,00-0037311,TE,TB,2023,0,0.061911181734248144,0.04879717006786416,0.04855247312166663,0.05596034329268042,2022
2023_06_DET_TB,00-0037487,WR,TB,2023,0,0.11024741031010932,0.08153813143085993,0.07771598575033285,0.10275402721019924,2022
2023_06_DET_TB,00-0038129,TE,TB,2023,0,0.15333818168588653,0.18129488280697373,0.23471269024592079,0.15961819002206357,2022
2023_06_DET_TB,00-0038821,WR,TB,2023,0,0.032107337444685635,0.04386513891930063,0.04002697419783843,0.044755816067402955,2022
2023_06_DET_TB,00-0038951,RB,TB,2023,0,0.11316718681593962,0.07460229121522059,0.08772082049327759,0.07648900071811884,2022
2023_06_DET_TB,00-0039052,WR,TB,2023,0,0.10387991326575508,0.09095317989825526,0.09702483574542019,0.11384413518102815,2022
2023_06_IND_JAX,00-0033217,TE,IND,2023,0,0.054712011936124405,0.0532070046111999,0.047460079524691626,0.05031278702965163,2022
2023_06_IND_JAX,00-0033466,WR,IND,2023,0,0.032395762014643226,0.03838299478086524,0.037229116687502395,0.046317987880113265,2022
2023_06_IND_JAX,00-0035289,QB,IND,2023,0,0.06006480467173281,0.04116212969662317,0.025856341861136927,0.05321003625666683,2022
2023_06_IND_JAX,00-0036223,RB,IND,2023,0,0.13906177082999338,0.0803447833941562,0.09261160968832538,0.10195924574843032,2022
2023_06_IND_JAX,00-0036251,RB,IND,2023,1,0.40969740438280655,0.5427643270744256,0.5189303800585727,0.3574464693244715,2022
2023_06_IND_JAX,00-0036252,WR,IND,2023,0,0.2620019208296297,0.2881756536838947,0.29321172115819083,0.21760601217125022,2022
2023_06_IND_JAX,00-0036876,TE,IND,2023,0,0.14525365984035676,0.1046584061736155,0.0928884998113305,0.1368749781324918,2022
2023_06_IND_JAX,00-0036984,RB,IND,2023,0,0.09364919950940753,0.06766435817598102,0.07225588267971163,0.07183446483533089,2022
2023_06_IND_JAX,00-0037292,TE,IND,2023,0,0.08634936941759574,0.06934172007965043,0.06125598374464302,0.0717923831969819,2022
2023_06_IND_JAX,00-0037664,WR,IND,2023,0,0.13269557119379083,0.16580813610695566,0.15659975440445278,0.09322567130477977,2022
2023_06_IND_JAX,00-0038997,WR,IND,2023,1,0.19889763258351945,0.1826813953796194,0.1850811915463224,0.17964849213913495,2022
2023_06_IND_JAX,00-0039164,QB,IND,2023,0,0.15939843008202292,0.08080694943578853,0.10084930660955577,0.14994102676049656,2022
2023_06_IND_JAX,00-0033572,WR,JAX,2023,0,0.0745987766349373,0.0700768661735828,0.05871512272919764,0.06410193923536328,2022
2023_06_IND_JAX,00-0033881,TE,JAX,2023,0,0.23421884255246028,0.21198805253798897,0.22445527968681284,0.22590305152698278,2022
2023_06_IND_JAX,00-0033891,WR,JAX,2023,0,0.21891659108019257,0.1501239666935896,0.1490514518734739,0.16197194594546163,2022
2023_06_IND_JAX,00-0034775,WR,JAX,2023,1,0.26544572646218645,0.23205723754146015,0.23962099688152874,0.25581598396026145,2022
2023_06_IND_JAX,00-0034837,WR,JAX,2023,0,0.26100516822518727,0.22898435734077976,0.21210568312387904,0.25293234013066546,2022
2023_06_IND_JAX,00-0035628,RB,JAX,2023,0,0.04552638019034583,0.05189837313728295,0.06289409644042537,0.055926981640584655,2022
2023_06_IND_JAX,00-0035806,RB,JAX,2023,0,0.07706250950175031,0.06179727734123862,0.03505166490979379,0.058129846481135984,2022
2023_06_IND_JAX,00-0036497,WR,JAX,2023,0,0.05660000378793917,0.06811836614719344,0.061255904556334624,0.04530253986388657,2022
2023_06_IND_JAX,00-0036887,TE,JAX,2023,0,0.06355134053349565,0.07433111599478782,0.06660592169314035,0.04959879098153198,2022
2023_06_IND_JAX,00-0036971,QB,JAX,2023,0,0.19584716058785656,0.15545497927912535,0.17128715475938408,0.16099117897272952,2022
2023_06_IND_JAX,00-0036973,RB,JAX,2023,1,0.44748640803537165,0.5660552692478326,0.5131921245242326,0.4085735546379009,2022
2023_06_IND_JAX,00-0038555,RB,JAX,2023,0,0.1366325040318478,0.06336981611877494,0.08756685653957677,0.07163876160332298,2022
2023_06_IND_JAX,00-0038935,TE,JAX,2023,1,0.05026708167789007,0.06367895543944675,0.055387000436157324,0.04674576153990615,2022
2023_06_MIN_CHI,00-0024243,TE,CHI,2023,0,0.046190999393135534,0.05313500278851501,0.04506256357729751,0.046192062208787014,2022
2023_06_MIN_CHI,00-0033757,TE,CHI,2023,0,0.057886988922783766,0.05071850752871614,0.04182028945803438,0.04906751557958653,2022
2023_06_MIN_CHI,00-0034279,WR,CHI,2023,0,0.062040478035107816,0.0724208531738291,0.06540692387914988,0.05075769505721074,2022
2023_06_MIN_CHI,00-0034827,WR,CHI,2023,0,0.2511456942834813,0.24741677475229717,0.25441043034199495,0.21011967544718457,2022
2023_06_MIN_CHI,00-0036290,TE,CHI,2023,0,0.2402521977386981,0.21345109132458448,0.17094557631588012,0.19980876878712478,2022
2023_06_MIN_CHI,00-0036309,WR,CHI,2023,0,0.17024739137418432,0.1427450095833815,0.15229456080627277,0.12347476151017991,2022
2023_06_MIN_CHI,00-0036326,WR,CHI,2023,0,0.19162194589654935,0.14607419164263602,0.15363211048013917,0.11789480216202831,2022
2023_06_MIN_CHI,00-0036906,RB,CHI,2023,0,0.3188404353027169,0.2987518760213664,0.2883170311820178,0.24665127645740087,2022
2023_06_MIN_CHI,00-0036945,QB,CHI,2023,0,0.2220032767668223,0.17092970218355627,0.1786946406682753,0.23515127853539758,2022
2023_06_MIN_CHI,00-0037745,WR,CHI,2023,0,0.020304794043005225,0.03618510039484958,0.030889571106680745,0.04693228796985417,2022
2023_06_MIN_CHI,00-0038941,WR,CHI,2023,0,0.07806483586145652,0.04940644657670559,0.04504347222345222,0.06806984741412027,2022
2023_06_MIN_CHI,00-0039021,RB,CHI,2023,0,0.20273114174947693,0.10381712345925069,0.10138462849627225,0.1410075176406043,2022
2023_06_MIN_CHI,00-0029604,QB,MIN,2023,0,0.1279425908614028,0.10764847644801338,0.07713003404098985,0.07846897984790722,2022
2023_06_MIN_CHI,00-0033246,TE,MIN,2023,0,0.031929105023139726,0.04956827974982176,0.04428210085714276,0.04709992571709696,2022
2023_06_MIN_CHI,00-0034646,WR,MIN,2023,0,0.04979405460521236,0.05027863815920461,0.04398224223375764,0.047641590621175074,2022
2023_06_MIN_CHI,00-0034972,RB,MIN,2023,0,0.4786292663880488,0.4316504911947626,0.48228065900699324,0.3821602764353087,2022
2023_06_MIN_CHI,00-0035229,TE,MIN,2023,0,0.24072747815833817,0.2527404461422956,0.26631975365940413,0.25498779957888584,2022
2023_06_MIN_CHI,00-0035249,TE,MIN,2023,0,0.08374076220442261,0.07993539057117328,0.08041148449865122,0.06937812929668147,2022
2023_06_MIN_CHI,00-0036322,WR,MIN,2023,0,0.303451969090461,0.3638840130826245,0.3476286521209335,0.3295883577177494,2022
2023_06_MIN_CHI,00-0036345,WR,MIN,2023,0,0.1992107840781594,0.2176717521674694,0.20622522042665764,0.20414078472018388,2022
2023_06_MIN_CHI,00-0036414,RB,MIN,2023,0,0.21569759442546743,0.1379805615498395,0.12871515853568272,0.1437982893002997,2022
2023_06_MIN_CHI,00-0037276,RB,MIN,2023,0,0.08501022263617974,0.06064578282303678,0.06927519781477164,0.06522440893846533,2022
2023_06_MIN_CHI,00-0038994,WR,MIN,2023,1,0.19415478344116444,0.17851510127269657,0.16786443109723606,0.19807408519311098,2022
2023_06_NE_LV,00-0031345,QB,LV,2023,0,0.15658835250472514,0.13000511876226464,0.1182723961324976,0.1349731164194136,2022
2023_06_NE_LV,00-0031381,WR,LV,2023,0,0.3193750828788846,0.35876074338964054,0.38119144350419815,0.31531731121172263,2022
2023_06_NE_LV,00-0031763,WR,LV,2023,0,0.044899351617550876,0.049672033276549475,0.045381682855283136,0.04723554807995504,2022
2023_06_NE_LV,00-0032104,RB,LV,2023,0,0.07120439472251838,0.058630670924992204,0.06305521830816686,0.060096978728191267,2022
2023_06_NE_LV,00-0032392,TE,LV,2023,0,0.08427889143245137,0.09098017336054298,0.0889387058005679,0.07006440473542941,2022
2023_06_NE_LV,00-0034960,WR,LV,2023,1,0.2768046264142803,0.3512851660476815,0.32681547189624244,0.2867291217495622,2022
2023_06_NE_LV,00-0034983,WR,LV,2023,0,0.08801523127091704,0.08736287080735627,0.08085231994868361,0.0730288746816138,2022
2023_06_NE_LV,00-0035700,RB,LV,2023,0,0.4836884546457907,0.6182207644004596,0.5747323730803986,0.3692440349800633,2022
2023_06_NE_LV,00-0035726,RB,LV,2023,0,0.035742204695159874,0.05561376880972683,0.05778670851212247,0.046192062208787014,2022
2023_06_NE_LV,00-0038040,RB,LV,2023,0,0.08232270081901583,0.05987679581751437,0.07848170474313512,0.07619966630542074,2022
2023_06_NE_LV,00-0038563,WR,LV,2023,0,0.06924889495597852,0.04679789940041429,0.06924912799162795,0.05326764933041854,2022
2023_06_NE_LV,00-0038579,QB,LV,2023,0,0.15790101457335215,0.12694059174437078,0.2260377003635168,0.12361670835243296,2022
2023_06_NE_LV,00-0039066,TE,LV,2023,0,0.06840392579902432,0.08360265359826896,0.08529555403599133,0.055243599754570105,2022
2023_06_NE_LV,00-0031547,WR,NE,2023,0,0.1777656496714165,0.1674210513531744,0.17885733531292675,0.17069194008480393,2022
2023_06_NE_LV,00-0032200,WR,NE,2023,0,0.06343986236987242,0.03730913025759055,0.037624758491904345,0.05680883040495079,2022
2023_06_NE_LV,00-0033045,RB,NE,2023,1,0.2358877084086406,0.15208083486004115,0.1468865244050501,0.17677615050905446,2022
2023_06_NE_LV,00-0033090,TE,NE,2023,0,0.16355000655863583,0.13750478684239786,0.19940899013600066,0.17445217780028285,2022
2023_06_NE_LV,00-0033307,WR,NE,2023,0,0.19164155462081445,0.11878206340047122,0.1399431469769669,0.17791599357633686,2022
2023_06_NE_LV,00-0033439,TE,NE,2023,0,0.0832973232307882,0.045334623943781176,0.0782454710593776,0.06538215184490039,2022
2023_06_NE_LV,00-0033857,WR,NE,2023,0,0.14247896029043394,0.09978391311319246,0.10180000286628378,0.13083215794057373,2022
2023_06_NE_LV,00-0034829,TE,NE,2023,0,0.11106360711505725,0.07788721822892226,0.08874169154008986,0.117853889712126,2022
2023_06_NE_LV,00-0036875,RB,NE,2023,1,0.36450412404859767,0.35703855272791707,0.3501980738711331,0.29866232676423576,2022
2023_06_NE_LV,00-0036972,QB,NE,2023,0,0.11504631731803605,0.08913131347390417,0.0745855353773197,0.0964201467153847,2022
2023_06_NE_LV,00-0038621,WR,NE,2023,0,0.09671411039402977,0.05662054970123087,0.058702915080536246,0.0834747475962233,2022
2023_06_NO_HOU,00-0030431,WR,HOU,2023,1,0.24986477337438306,0.1696652213010633,0.19769039320687026,0.1870058180165197,2022
2023_06_NO_HOU,00-0034208,RB,HOU,2023,0,0.04510203569318394,0.048307024920945456,0.05304192914291701,0.046317987880113265,2022
2023_06_NO_HOU,00-0034383,TE,HOU,2023,1,0.19379558317050405,0.13223664209258873,0.1255839880394308,0.16811092640514771,2022
2023_06_NO_HOU,00-0035250,RB,HOU,2023,0,0.16238092197001275,0.0991499614372698,0.11449590757520686,0.08270405754956943,2022
2023_06_NO_HOU,00-0036554,WR,HOU,2023,0,0.23609097708023197,0.19149283899094158,0.20192337672032248,0.1636932218266012,2022
2023_06_NO_HOU,00-0036556,TE,HOU,2023,0,0.06041653704784422,0.04960603922447159,0.03389403890225681,0.05976076808845824,2022
2023_06_NO_HOU,00-0037258,RB,HOU,2023,0,0.4045119933170025,0.35446368181419063,0.39988169301558585,0.3332034362223594,2022
2023_06_NO_HOU,00-0037277,TE,HOU,2023,0,0.05234276079271094,0.056712114269937185,0.04636707776843147,0.04508831951726653,2022
2023_06_NO_HOU,00-0037614,WR,HOU,2023,0,0.07051377613245702,0.056363329682469335,0.057804727944762005,0.05490326516989785,2022
2023_06_NO_HOU,00-0038618,WR,HOU,2023,0,0.02458371738813736,0.03990381517385808,0.040247043900380315,0.04672599515629997,2022
2023_06_NO_HOU,00-0038977,WR,HOU,2023,0,0.20187256506378537,0.14210503093713245,0.14742047780766337,0.14497017578418292,2022
2023_06_NO_HOU,00-0039163,QB,HOU,2023,0,0.15253080861334523,0.1061586752171431,0.07729833293267298,0.105443332589159,2022
2023_06_NO_HOU,00-0027696,TE,NO,2023,0,0.03804731161362418,0.04630558915732814,0.04484735493017537,0.05293538182254129,2022
2023_06_NO_HOU,00-0031280,QB,NO,2023,0,0.08002678467304314,0.08307025074692584,0.06014781829931038,0.07260701655973821,2022
2023_06_NO_HOU,00-0031503,QB,NO,2023,0,0.02731853268477602,0.027466152834982924,0.013590567600732009,0.04566067929187874,2022
2023_06_NO_HOU,00-0032765,WR,NO,2023,0,0.21163190224014206,0.2049733950527644,0.23049301482616177,0.23196029013352074,2022
2023_06_NO_HOU,00-0033357,TE,NO,2023,0,0.1302493523404229,0.0939170328464321,0.06107833784526062,0.08002342091335349,2022
2023_06_NO_HOU,00-0033906,RB,NO,2023,0,0.42601868838330614,0.4780382685633086,0.401434189745239,0.36592344011616684,2022
2023_06_NO_HOU,00-0034317,WR,NO,2023,0,0.04487852871560283,0.051354199360955255,0.05348907101532895,0.053104743573010954,2022
2023_06_NO_HOU,00-0034981,TE,NO,2023,0,0.0750919460006968,0.08510940210933406,0.08289905149092666,0.06921851300102605,2022
2023_06_NO_HOU,00-0035860,RB,NO,2023,0,0.1991797934612234,0.14279988371338914,0.15729426453994194,0.18692423512593076,2022
2023_06_NO_HOU,00-0036040,TE,NO,2023,0,0.1284805624242531,0.14142884409340933,0.17628601344907144,0.1342022129287456,2022
2023_06_NO_HOU,00-0036364,WR,NO,2023,0,0.0304256287668756,0.055496840511312054,0.04511313060819063,0.04733001817036398,2022
2023_06_NO_HOU,00-0037239,WR,NO,2023,0,0.2401091880585251,0.25727023949534733,0.2939847444969542,0.2524376204475578,2022
2023_06_NO_HOU,00-0037545,WR,NO,2023,1,0.14147966285876334,0.12974616831175026,0.1304502268424825,0.1900587773642825,2022
2023_06_NO_HOU,00-0038551,RB,NO,2023,0,0.1775174652516216,0.13721136549784288,0.13313334541520958,0.1307327458571919,2022
2023_06_NYG_BUF,00-0030513,RB,BUF,2023,0,0.23164211053695993,0.12611062629735437,0.14993482625904694,0.10797486802448714,2022
2023_06_NYG_BUF,00-0031588,WR,BUF,2023,0,0.42098504801274506,0.39756425108280224,0.3647796840781245,0.4004940462479138,2022
2023_06_NYG_BUF,00-0034487,WR,BUF,2023,0,0.1391473121749407,0.10978791538745336,0.0886119459427735,0.08735682930761715,2022
2023_06_NYG_BUF,00-0034577,QB,BUF,2023,0,0.08051523889347734,0.00024546014883707013,0.0029652742874651254,0.06966928318513074,2022
2023_06_NYG_BUF,00-0034857,QB,BUF,2023,0,0.22906913721097577,0.1690554256170512,0.1600818736077308,0.16675388268988303,2022
2023_06_NYG_BUF,00-0035215,WR,BUF,2023,1,0.15963474729516247,0.10160852337483016,0.08193346272219791,0.11123410489294663,2022
2023_06_NYG_BUF,00-0035657,RB,BUF,2023,0,0.19110019311977322,0.11021646678175283,0.13729103969669756,0.088235657365752,2022
2023_06_NYG_BUF,00-0035689,TE,BUF,2023,0,0.2327599313466343,0.2003635169593929,0.21379301464899558,0.15055781817333724,2022
2023_06_NYG_BUF,00-0036187,RB,BUF,2023,0,0.03848130796436555,0.07083233724044341,0.09366528786464955,0.05675857330621744,2022
2023_06_NYG_BUF,00-0036196,WR,BUF,2023,0,0.2906950143368858,0.2920165870766481,0.2457719967720201,0.25991472320170506,2022
2023_06_NYG_BUF,00-0037248,RB,BUF,2023,0,0.4860795747785812,0.42585725310464084,0.41695945773198334,0.35562817914380584,2022
2023_06_NYG_BUF,00-0037261,WR,BUF,2023,0,0.07295892188101627,0.07927877783000903,0.06710721331065372,0.056831419725857826,2022
2023_06_NYG_BUF,00-0038933,TE,BUF,2023,0,0.20811018942359694,0.17516146283625167,0.19795695758285636,0.16432624292193676,2022
2023_06_NYG_BUF,00-0028118,QB,NYG,2023,0,0.036432588963969614,0.01761365365650051,0.015867216970632404,0.054316983766246024,2022
2023_06_NYG_BUF,00-0031610,TE,NYG,2023,0,0.18278086737132515,0.1218677859276654,0.12568026822317482,0.15440858498166643,2022
2023_06_NYG_BUF,00-0032385,WR,NYG,2023,0,0.039682343818962296,0.02889528100635364,0.030213613228935773,0.05238934589492848,2022
2023_06_NYG_BUF,00-0033308,RB,NYG,2023,0,0.1667490967686801,0.09601180897314239,0.10081853822963212,0.16231484895398746,2022
2023_06_NYG_BUF,00-0035535,WR,NYG,2023,0,0.1428007713510444,0.10237388611577898,0.11835053548696346,0.1316763053814636,2022
2023_06_NYG_BUF,00-0035639,WR,NYG,2023,0,0.13873712236823366,0.0695457062248755,0.0588759392248696,0.13836491810865897,2022
2023_06_NYG_BUF,00-0035710,QB,NYG,2023,0,0.18122702985400352,0.07598971467224473,0.13156644377071908,0.18912349799893902,2022
2023_06_NYG_BUF,00-0036165,WR,NYG,2023,0,0.09853659937363424,0.06330231038790778,0.05341282448232556,0.10352111486757541,2022
2023_06_NYG_BUF,00-0036569,RB,NYG,2023,0,0.09044212262306783,0.03864205077929019,0.04859260780577761,0.07715641205645463,2022
2023_06_NYG_BUF,00-0038115,TE,NYG,2023,0,0.04093315680652887,0.041003221274428944,0.033987585473246894,0.044765132584537834,2022
2023_06_NYG_BUF,00-0038117,WR,NYG,2023,0,0.15844267785356392,0.08813080728724945,0.1381169467254228,0.1296734087109303,2022
2023_06_NYG_BUF,00-0038396,RB,NYG,2023,0,0.05811847196481734,0.025294185435811124,0.039695780470108834,0.06377119259770284,2022
2023_06_NYG_BUF,00-0038938,WR,NYG,2023,0,0.0586231637897382,0.04536728026621129,0.04665226550176348,0.051235375685717593,2022
2023_06_PHI_NYJ,00-0028002,WR,NYJ,2023,0,0.08209196981373579,0.06198766777634144,0.06163652069912211,0.0616752584161846,2022
2023_06_PHI_NYJ,00-0032134,TE,NYJ,2023,0,0.07855701631314638,0.06407253197652316,0.051260596407693156,0.08282759248425672,2022
2023_06_PHI_NYJ,00-0033893,RB,NYJ,2023,0,0.21606269629351993,0.12090882489570184,0.13454701056530627,0.11424717480059667,2022
2023_06_PHI_NYJ,00-0034270,TE,NYJ,2023,0,0.17150834090344147,0.12772781213709952,0.14985141883267714,0.14488229441128228,2022
2023_06_PHI_NYJ,00-0034433,RB,NYJ,2023,0,0.06169397931707421,0.037806607821498237,0.061052555379754965,0.06435189691114214,2022
2023_06_PHI_NYJ,00-0034521,WR,NYJ,2023,0,0.16619584229876283,0.15317843501355782,0.15132631370035343,0.15713167393260746,2022
2023_06_PHI_NYJ,00-0036924,RB,NYJ,2023,0,0.10044652609162452,0.06466505131446187,0.0569229619582504,0.08293416043604908,2022
2023_06_PHI_NYJ,00-0037013,QB,NYJ,2023,0,0.12402689296710845,0.09390772635655452,0.07842850749627578,0.1030959362609318,2022
2023_06_PHI_NYJ,00-0037740,WR,NYJ,2023,0,0.29495119300443673,0.222325713647031,0.2632625440074226,0.203885933343777,2022
2023_06_PHI_NYJ,00-0037805,TE,NYJ,2023,0,0.05863340396253247,0.0524957833719996,0.04765632555126255,0.061479755051058495,2022
2023_06_PHI_NYJ,00-0038120,RB,NYJ,2023,1,0.2997972325576024,0.20190566430385742,0.2288852752703995,0.2478762054629099,2022
2023_06_PHI_NYJ,00-0038496,WR,NYJ,2023,0,0.0235668024733936,0.03407915651424426,0.030395507364223494,0.045431511089014026,2022
2023_06_PHI_NYJ,00-0034351,TE,PHI,2023,0,0.23829022969159186,0.2483308250917262,0.30892350252937134,0.26604091231598526,2022
2023_06_PHI_NYJ,00-0035208,WR,PHI,2023,0,0.1302525466036094,0.1397540295136537,0.1354690454479372,0.0963635011816391,2022
2023_06_PHI_NYJ,00-0035676,WR,PHI,2023,0,0.3598036504298434,0.403010122447099,0.43027825983502105,0.2945787464686277,2022
2023_06_PHI_NYJ,00-0036271,WR,PHI,2023,0,0.13155774987937985,0.140869834142666,0.126375359646195,0.09846578790637395,2022
2023_06_PHI_NYJ,00-0036275,RB,PHI,2023,1,0.3801037829638284,0.36371342203894347,0.316097189256174,0.3906704280322368,2022
2023_06_PHI_NYJ,00-0036389,QB,PHI,2023,1,0.2810782099302397,0.29453501309672203,0.2734433702061525,0.3410329282896556,2022
2023_06_PHI_NYJ,00-0036741,TE,PHI,2023,0,0.05815564018427688,0.06886253442133497,0.06255509542412752,0.04721195052898607,2022
2023_06_PHI_NYJ,00-0036912,WR,PHI,2023,0,0.2760310735318434,0.3155666146374528,0.3272409692675652,0.28186266281243105,2022
2023_06_PHI_NYJ,00-0036919,RB,PHI,2023,0,0.274736350818895,0.23320970626246398,0.21966240345802984,0.29802950943932804,2022
2023_06_SEA_CIN,00-0033009,WR,CIN,2023,1,0.22149005085311846,0.23330783946655545,0.21474646973858547,0.24176342870911915,2022
2023_06_SEA_CIN,00-0033897,RB,CIN,2023,0,0.5016339905952119,0.5247074701893876,0.5878003565754494,0.44432739440992974,2022
2023_06_SEA_CIN,00-0034613,TE,CIN,2023,0,0.11462923192295782,0.11277545505755336,0.08347577569354556,0.0997789071545399,2022
2023_06_SEA_CIN,00-0035291,RB,CIN,2023,0,0.06312687360025648,0.0619939850724804,0.0736944886678082,0.05236085217331046,2022
2023_06_SEA_CIN,00-0035341,WR,CIN,2023,0,0.19159156170539626,0.1719117059199166,0.18511098571707504,0.2175540969625074,2022
2023_06_SEA_CIN,00-0035631,TE,CIN,2023,0,0.05740962923863835,0.08985489142842913,0.06516233321251745,0.045360900670563364,2022
2023_06_SEA_CIN,00-0035771,TE,CIN,2023,0,0.06289754909861733,0.08221723909961094,0.05542338848837352,0.052424731079887814,2022
2023_06_SEA_CIN,00-0036410,WR,CIN,2023,0,0.28243180352191277,0.2239388502405278,0.24548884853665653,0.25546295882519104,2022
2023_06_SEA_CIN,00-0036442,QB,CIN,2023,0,0.1371454470515835,0.1285127244436261,0.1059972408177324,0.11258301716125534,2022
2023_06_SEA_CIN,00-0036900,WR,CIN,2023,0,0.3512220768146048,0.4299099514578495,0.39391484250143877,0.3942920034285342,2022
2023_06_SEA_CIN,00-0037420,WR,CIN,2023,0,0.026681642365002256,0.04650827167112804,0.04190153615692879,0.04613855245315006,2022
2023_06_SEA_CIN,00-0038576,WR,CIN,2023,0,0.020022843465682838,0.04115183733518747,0.03829101023484588,0.046842870505091914,2022
2023_06_SEA_CIN,00-0038597,RB,CIN,2023,0,0.02084221694690369,0.04509596994728391,0.05638260300275445,0.04903209805576887,2022
2023_06_SEA_CIN,00-0038619,WR,CIN,2023,1,0.04691843811887819,0.06312847364751419,0.05678865834225938,0.046558327710213045,2022
2023_06_SEA_CIN,00-0030565,QB,SEA,2023,0,0.11013653641267929,0.09901299000515017,0.07470539659244826,0.08854862670092693,2022
2023_06_SEA_CIN,00-0032211,WR,SEA,2023,0,0.2364007264466721,0.2422620325007757,0.22174615531599948,0.19558937261825288,2022
2023_06_SEA_CIN,00-0034159,TE,SEA,2023,0,0.0961938545566301,0.08171339594046019,0.07664027544608464,0.08509259678279064,2022
2023_06_SEA_CIN,00-0035164,WR,SEA,2023,0,0.03985697315401604,0.044332046703134176,0.041697490887806,0.04874728616971428,2022
2023_06_SEA_CIN,00-0035640,WR,SEA,2023,0,0.20563420176393032,0.2095650316897922,0.19248231318043318,0.19314193793889547,2022
2023_06_SEA_CIN,00-0035644,TE,SEA,2023,0,0.12717627378321117,0.10379360159585817,0.0951459602630974,0.13201251965334088,2022
2023_06_SEA_CIN,00-0035704,QB,SEA,2023,0,0.04429373937089098,0.033176251534656136,0.0175894404839207,0.04772385752580936,2022
2023_06_SEA_CIN,00-0036244,TE,SEA,2023,0,0.10588402472048808,0.09320135147052822,0.10241687262713761,0.07357853610038814,2022
2023_06_SEA_CIN,00-0036425,RB,SEA,2023,0,0.057497169333554865,0.05145585107065211,0.05665159854790749,0.05500990101481448,2022
2023_06_SEA_CIN,00-0038134,RB,SEA,2023,1,0.41382610267554787,0.5211019494861698,0.4374248924613922,0.33653817955327386,2022
2023_06_SEA_CIN,00-0038543,WR,SEA,2023,0,0.16572643374781482,0.11160671808712905,0.12188587486004099,0.13341586092654584,2022
2023_06_SEA_CIN,00-0038752,WR,SEA,2023,0,0.06475943829498432,0.060971236094531624,0.05816344098353469,0.06290241595244628,2022
2023_06_SEA_CIN,00-0039165,RB,SEA,2023,0,0.1834429945744489,0.10811767256682411,0.10806784563210539,0.10067334193717552,2022
2023_06_SF_CLE,00-0030068,WR,CLE,2023,0,0.03164791718962656,0.02470142845748709,0.028043663614274888,0.061262707988777275,2022
2023_06_SF_CLE,00-0031544,WR,CLE,2023,0,0.14117821950545872,0.10760379588339303,0.130561272292815,0.14959198411357397,2022
2023_06_SF_CLE,00-0033537,QB,CLE,2023,0,0.08429402297950117,0.0758168735332741,0.10546108136903852,0.10209221839980415,2022
2023_06_SF_CLE,00-0033885,TE,CLE,2023,0,0.09473465362091704,0.09313180600526265,0.10702345534171086,0.1457465738136361,2022
2023_06_SF_CLE,00-0033923,RB,CLE,2023,1,0.08685633131717785,0.05167409283563412,0.06251008925065785,0.07984881725315802,2022
2023_06_SF_CLE,00-0034364,TE,CLE,2023,0,0.027128917589754553,0.029852568773696863,0.025256512789030395,0.04745152707613698,2022
2023_06_SF_CLE,00-0034791,RB,CLE,2023,0,0.15707044200118236,0.12426873417281727,0.15073949896689293,0.16028893800861238,2022
2023_06_SF_CLE,00-0036232,TE,CLE,2023,0,0.045128501828768486,0.03749790813887061,0.029385453808151687,0.06148697695551197,2022
2023_06_SF_CLE,00-0036233,WR,CLE,2023,0,0.08586851698233433,0.09888288331579884,0.10087149508966319,0.0859924065883507,2022
2023_06_SF_CLE,00-0036980,WR,CLE,2023,0,0.1472793796543589,0.12226012828851826,0.12005759500385714,0.15184097569053942,2022
2023_06_SF_CLE,00-0037257,WR,CLE,2023,0,0.03418102980676274,0.02910342040498643,0.028807562573230926,0.04908885920064764,2022
2023_06_SF_CLE,00-0037267,RB,CLE,2023,0,0.19022491884126091,0.18674214645167117,0.20854689694760323,0.2222560881197922,2022
2023_06_SF_CLE,00-0038098,RB,CLE,2023,0,0.05664833865435226,0.028385610430244703,0.04116159605139988,0.07076205160265092,2022
2023_06_SF_CLE,00-0038583,QB,CLE,2023,0,0.08951885961851691,0.09343841792523266,0.12158610453067671,0.10567309080684549,2022
2023_06_SF_CLE,00-0038979,WR,CLE,2023,0,0.08269740985246188,0.01649433806679315,0.019444841866909892,0.09490487412317963,2022
2023_06_SF_CLE,00-0030663,WR,SF,2023,0,0.049675037013403256,0.045011356376733376,0.06880555812055508,0.05362115969579149,2022
2023_06_SF_CLE,00-0033280,RB,SF,2023,1,0.45061682733353303,0.6761697897130828,0.5087925915936025,0.363014480331479,2022
2023_06_SF_CLE,00-0033288,TE,SF,2023,0,0.19914368355376033,0.19991922888835215,0.2714949273608107,0.21025986886157153,2022
2023_06_SF_CLE,00-0034407,WR,SF,2023,0,0.035573459355087045,0.053492785410079444,0.04721197598922341,0.04738103601115297,2022
2023_06_SF_CLE,00-0034869,QB,SF,2023,0,0.025378844261301436,0.00013927953592040513,0.0013832143076394727,0.04637751151153598,2022
2023_06_SF_CLE,00-0035719,WR,SF,2023,0,0.2833146635063477,0.3034407747758433,0.24911172601373086,0.2688994770302227,2022
2023_06_SF_CLE,00-0036259,WR,SF,2023,0,0.0876382015258137,0.07797739149953005,0.0756058059907519,0.05928829565831673,2022
2023_06_SF_CLE,00-0036261,WR,SF,2023,0,0.2633716332292778,0.23309953043948295,0.2502741459520024,0.23345935060935452,2022
2023_06_SF_CLE,00-0036567,RB,SF,2023,0,0.18562515753050646,0.12710795070840197,0.11411600199067377,0.14041882151502197,2022
2023_06_SF_CLE,00-0037525,RB,SF,2023,1,0.08945981407120829,0.07749968936889277,0.07708099465843352,0.07736021444572949,2022
2023_06_SF_CLE,00-0037827,RB,SF,2023,0,0.089294958556003,0.07717739370217379,0.08007928426747002,0.07727855567841908,2022
2023_06_SF_CLE,00-0037834,QB,SF,2023,0,0.11637449176261294,0.11881134222456223,0.09793245668485069,0.09460406246588104,2022
2023_06_SF_CLE,00-0038647,WR,SF,2023,0,0.057590960918090905,0.06455058024993093,0.05902588289752193,0.053961111609695314,2022
2023_06_WAS_ATL,00-0030578,RB,ATL,2023,0,0.045577669217901295,0.05960165694018277,0.0634976646540047,0.05853402042314311,2022
2023_06_WAS_ATL,00-0031585,TE,ATL,2023,0,0.06067673814571384,0.061593285864988266,0.05108909490304996,0.05071536237937241,2022
2023_06_WAS_ATL,00-0033555,WR,ATL,2023,0,0.1581404250931825,0.12340464383319426,0.12308345170373215,0.10776160484419146,2022
2023_06_WAS_ATL,00-0033858,TE,ATL,2023,1,0.20966909627765684,0.15201255512355022,0.14146455778476996,0.20111864426608062,2022
2023_06_WAS_ATL,00-0034854,WR,ATL,2023,0,0.10620880522021026,0.08992031080793922,0.05803460039306733,0.06619042055289438,2022
2023_06_WAS_ATL,00-0035298,WR,ATL,2023,0,0.04947983039896919,0.05544603998476821,0.048556958127531476,0.046192062208787014,2022
2023_06_WAS_ATL,00-0036970,TE,ATL,2023,1,0.2395727124155148,0.16256307237603937,0.15543303528442223,0.20125424399588773,2022
2023_06_WAS_ATL,00-0037238,WR,ATL,2023,0,0.2494946580695523,0.21181289016984958,0.2039605673209316,0.22948182476547296,2022
2023_06_WAS_ATL,00-0037263,RB,ATL,2023,0,0.31326857258181917,0.20661366916228194,0.21719343115779885,0.28363186887900477,2022
2023_06_WAS_ATL,00-0038122,QB,ATL,2023,0,0.15063228525972383,0.1207931060244966,0.09595869358133129,0.13461056820832187,2022
2023_06_WAS_ATL,00-0038542,RB,ATL,2023,0,0.39485406148253444,0.4230032161166585,0.33378791305829,0.3550769359766303,2022
2023_06_WAS_ATL,00-0031260,TE,WAS,2023,0,0.2058930115880745,0.17976230893860992,0.13763052322828864,0.16480850546555528,2022
2023_06_WAS_ATL,00-0031941,WR,WAS,2023,0,0.018566294401866856,0.034151965885790114,0.03516855921932051,0.04753374119710708,2022
2023_06_WAS_ATL,00-0033282,WR,WAS,2023,1,0.19470107042500207,0.16693590134094935,0.14574580968173165,0.1696270923576692,2022
2023_06_WAS_ATL,00-0034297,WR,WAS,2023,0,0.04911848060134172,0.04846297258565412,0.048241387339411725,0.04730809405763949,2022
2023_06_WAS_ATL,00-0035659,WR,WAS,2023,0,0.1946924887688124,0.20128539477878093,0.19877967734769064,0.16301326475260897,2022
2023_06_WAS_ATL,00-0036328,RB,WAS,2023,1,0.1702586633524812,0.12231101008881759,0.09677758496048317,0.11080858538690203,2022
2023_06_WAS_ATL,00-0036626,WR,WAS,2023,0,0.07848108791011077,0.060721903678243594,0.06688478749148193,0.06853921170981149,2022
2023_06_WAS_ATL,00-0036628,TE,WAS,2023,0,0.08207257255103007,0.07024303686670433,0.05468428734926716,0.06752450303177032,2022
2023_06_WAS_ATL,00-0037077,QB,WAS,2023,0,0.14536212712033514,0.11504605127592626,0.0951107595636983,0.10341714080741189,2022
2023_06_WAS_ATL,00-0037078,TE,WAS,2023,0,0.08934465806316894,0.05041558991430146,0.035114795538480875,0.1054622619037297,2022
2023_06_WAS_ATL,00-0037741,WR,WAS,2023,0,0.20100359827352798,0.1876470487444362,0.1971335707380434,0.18443826542419628,2022
2023_06_WAS_ATL,00-0037746,RB,WAS,2023,1,0.3929800858293354,0.30331300051592874,0.3629960032275748,0.34189956963998347,2022
2023_07_ARI_SEA,00-0030061,TE,ARI,2023,0,0.15615861092045458,0.10442115557971235,0.09226065717441553,0.14643811898993436,2022
2023_07_ARI_SEA,00-0030874,RB,ARI,2023,0,0.1349712069385144,0.09805760360359189,0.057344077532907545,0.10882594533234666,2022
2023_07_ARI_SEA,00-0032141,TE,ARI,2023,0,0.04711934174025112,0.044003490177936755,0.03844131325501948,0.050199822510665376,2022
2023_07_ARI_SEA,00-0033251,WR,ARI,2023,0,0.04343947871170506,0.039858609614792415,0.03943249579905701,0.052207415891249935,2022
2023_07_ARI_SEA,00-0033553,RB,ARI,2023,0,0.27520807750230225,0.2370361390959853,0.24329364278677096,0.28894026429387976,2022
2023_07_ARI_SEA,00-0033949,QB,ARI,2023,1,0.14113210316300173,0.12235453119373033,0.15473501833363584,0.12761028957055773,2022
2023_07_ARI_SEA,00-0035500,WR,ARI,2023,0,0.01856633646980055,0.028392543171805194,0.030021464779446876,0.07397580575245319,2022
2023_07_ARI_SEA,00-0035662,WR,ARI,2023,0,0.24460674394973447,0.2334712416043986,0.2915074638673359,0.19589536410112066,2022
2023_07_ARI_SEA,00-0036936,WR,ARI,2023,0,0.14115088744454296,0.11892724798102194,0.10721055363636395,0.1254449288698914,2022
2023_07_ARI_SEA,00-0037299,RB,ARI,2023,0,0.10642666737007245,0.066955358378306,0.07959766289667208,0.08113715205100737,2022
2023_07_ARI_SEA,00-0037744,TE,ARI,2023,0,0.07540992050924111,0.062260636093372436,0.05943872617380806,0.0755158394189062,2022
2023_07_ARI_SEA,00-0038559,WR,ARI,2023,0,0.10967415746491127,0.10672582131395095,0.1008127643601525,0.13888130745697272,2022
2023_07_ARI_SEA,00-0038705,RB,ARI,2023,0,0.11414774713922249,0.07528061938932597,0.0709095380076446,0.07726170083862871,2022
2023_07_ARI_SEA,00-0030565,QB,SEA,2023,0,0.16058858822503197,0.14372983673702552,0.11620281790754568,0.12430152302482549,2022
2023_07_ARI_SEA,00-0032211,WR,SEA,2023,0,0.3142161622492776,0.31825235969226373,0.27624239033607917,0.26524690120723105,2022
2023_07_ARI_SEA,00-0034159,TE,SEA,2023,0,0.10924317275173678,0.10600844851001465,0.11133785815501913,0.07056663755293803,2022
2023_07_ARI_SEA,00-0035164,WR,SEA,2023,0,0.055318005398870884,0.06260864204817575,0.05211104529580872,0.05296470686458046,2022
2023_07_ARI_SEA,00-0035640,WR,SEA,2023,0,0.2874635413914607,0.27564254183585124,0.24987693855738688,0.26339490248908226,2022
2023_07_ARI_SEA,00-0035644,TE,SEA,2023,0,0.14482965539745762,0.1259655670292297,0.1334613974239591,0.12863144509637828,2022
2023_07_ARI_SEA,00-0035704,QB,SEA,2023,0,0.06142002891295151,0.0470802658099289,0.024314999022782894,0.05128821869622573,2022
2023_07_ARI_SEA,00-0036244,TE,SEA,2023,0,0.1582691172100773,0.1284728602565015,0.14735081925126428,0.10296444528473592,2022
2023_07_ARI_SEA,00-0036425,RB,SEA,2023,0,0.07110083416604607,0.06887882385334097,0.08187380940065503,0.05990447435237801,2022
2023_07_ARI_SEA,00-0038134,RB,SEA,2023,0,0.534580143770094,0.5759781509621397,0.5088761101756963,0.41143272261600083,2022
2023_07_ARI_SEA,00-0038543,WR,SEA,2023,1,0.2212440935299559,0.16129465041431726,0.15100325141843826,0.1943062456395475,2022
2023_07_ARI_SEA,00-0038752,WR,SEA,2023,1,0.09049598071496268,0.08769333742429951,0.07430261230006671,0.05725692693199094,2022
2023_07_ARI_SEA,00-0039165,RB,SEA,2023,0,0.22544822589909008,0.13777236879102236,0.1454375560511,0.10044326596292748,2022
2023_07_ATL_TB,00-0030578,RB,ATL,2023,0,0.038310551724408115,0.044902366641177624,0.04736002634012332,0.0499197414451583,2022
2023_07_ATL_TB,00-0031585,TE,ATL,2023,0,0.06078636998869702,0.05172450488208645,0.04554023058298696,0.07144869756418469,2022
2023_07_ATL_TB,00-0033555,WR,ATL,2023,0,0.10906652111954318,0.08124618234486712,0.085070383713459,0.09139712518789199,2022
2023_07_ATL_TB,00-0033858,TE,ATL,2023,0,0.1703774695323763,0.12841284402173186,0.11298630780278707,0.1519770944424022,2022
2023_07_ATL_TB,00-0034854,WR,ATL,2023,0,0.054668460598340185,0.05007256576481471,0.044915372184088045,0.05254825348162088,2022
2023_07_ATL_TB,00-0035298,WR,ATL,2023,0,0.04383274348183619,0.045062613513156796,0.042171953530136176,0.047322672549246804,2022
2023_07_ATL_TB,00-0036415,WR,ATL,2023,0,0.05573770653339327,0.04192346505642666,0.054180991319654925,0.06235663506863948,2022
2023_07_ATL_TB,00-0036970,TE,ATL,2023,0,0.1808297062741363,0.12172842419844279,0.1288332109136779,0.1504368556835874,2022
2023_07_ATL_TB,00-0037238,WR,ATL,2023,0,0.2158604336210942,0.18704600365721785,0.2000383973898547,0.176200423764756,2022
2023_07_ATL_TB,00-0037263,RB,ATL,2023,0,0.21909968031415594,0.14338213173263495,0.1532182461935757,0.17019579414426447,2022
2023_07_ATL_TB,00-0038122,QB,ATL,2023,1,0.11488014793546841,0.09159678325989079,0.07437277861741218,0.105373171820536,2022
2023_07_ATL_TB,00-0038542,RB,ATL,2023,0,0.31835577137866766,0.35645989218798907,0.2629261171457944,0.2693006897250089,2022
2023_07_ATL_TB,00-0031408,WR,TB,2023,1,0.24633437417856485,0.19352532069252312,0.23014035309138747,0.19378848833301882,2022
2023_07_ATL_TB,00-0033921,WR,TB,2023,0,0.23135631097971787,0.20838350614768505,0.21507510842268734,0.19119799260581102,2022
2023_07_ATL_TB,00-0034855,QB,TB,2023,0,0.15167592401735663,0.1309320760739829,0.12506875586164884,0.11968895386229128,2022
2023_07_ATL_TB,00-0036450,RB,TB,2023,0,0.2004266997955063,0.09267507139581287,0.11049004123888166,0.12853917713317628,2022
2023_07_ATL_TB,00-0037256,RB,TB,2023,0,0.3551768738623139,0.39825147518774356,0.3203365983223682,0.3560655968118413,2022
2023_07_ATL_TB,00-0037311,TE,TB,2023,0,0.06356834556737945,0.04980033440244111,0.0496773052478438,0.05547214482519998,2022
2023_07_ATL_TB,00-0037487,WR,TB,2023,0,0.11734590178144466,0.08003646376586528,0.07080311847934437,0.10240428229670058,2022
2023_07_ATL_TB,00-0038129,TE,TB,2023,0,0.14605322204746496,0.1804676287860988,0.23546103404562005,0.17116063627055103,2022
2023_07_ATL_TB,00-0038821,WR,TB,2023,0,0.0329807808138034,0.04477168371864126,0.038329893445730054,0.044360772749409486,2022
2023_07_ATL_TB,00-0038951,RB,TB,2023,0,0.11610883888499135,0.07609351477070805,0.08526827999228015,0.07648900071811884,2022
2023_07_ATL_TB,00-0039050,TE,TB,2023,0,0.02897586480852099,0.04914729334888033,0.030482282505359455,0.05103169679805446,2022
2023_07_ATL_TB,00-0039052,WR,TB,2023,0,0.12803278772746896,0.10280318479378173,0.10754658567011893,0.11707215625940179,2022
2023_07_BUF_NE,00-0030513,RB,BUF,2023,0,0.21607575762281384,0.12301764325179415,0.11587774849332258,0.13733607164257775,2022
2023_07_BUF_NE,00-0031588,WR,BUF,2023,1,0.3540823817062928,0.34158772587007774,0.3724701075586125,0.39620328369087204,2022
2023_07_BUF_NE,00-0034487,WR,BUF,2023,0,0.08750918613359815,0.08045752465487915,0.07252838768113924,0.05191076964119509,2022
2023_07_BUF_NE,00-0034577,QB,BUF,2023,0,0.06009640214795631,0.000183986424983591,0.0020458078463657147,0.05950513124808788,2022
2023_07_BUF_NE,00-0034857,QB,BUF,2023,1,0.15275413143040417,0.12025181607626124,0.10258471993898119,0.12519595263683744,2022
2023_07_BUF_NE,00-0035215,WR,BUF,2023,0,0.10237482943529308,0.07162990211393121,0.0633178651231206,0.08725053053736005,2022
2023_07_BUF_NE,00-0035657,RB,BUF,2023,0,0.1261365356031906,0.07964881536270761,0.0876343383124319,0.07863488747147676,2022
2023_07_BUF_NE,00-0035689,TE,BUF,2023,0,0.19405939831120955,0.1623091497388885,0.1629414431065692,0.1511882897531554,2022
2023_07_BUF_NE,00-0036196,WR,BUF,2023,0,0.22919808200354397,0.23742057094318497,0.21876617123173658,0.2563796890141681,2022
2023_07_BUF_NE,00-0036590,TE,BUF,2023,0,0.07173195681382905,0.062432020203587894,0.09909502866328095,0.07039895611723948,2022
2023_07_BUF_NE,00-0037248,RB,BUF,2023,1,0.3618426552705025,0.3365929453293459,0.29995428377836275,0.3507346662613769,2022
2023_07_BUF_NE,00-0037261,WR,BUF,2023,0,0.05585303807964215,0.06403555156448484,0.05931755725526843,0.046833571464225544,2022
2023_07_BUF_NE,00-0038933,TE,BUF,2023,0,0.15825666055508725,0.1373100820912744,0.15329624351057525,0.1548092501999049,2022
2023_07_BUF_NE,00-0031547,WR,NE,2023,0,0.1409112188775009,0.14098625846192664,0.14289610369427244,0.1312348076520783,2022
2023_07_BUF_NE,00-0032200,WR,NE,2023,0,0.05011751398912945,0.031686929572310424,0.03326286393228851,0.054340623272308354,2022
2023_07_BUF_NE,00-0033045,RB,NE,2023,1,0.20543044307635827,0.12396825078831473,0.14441126938063145,0.19327893513833533,2022
2023_07_BUF_NE,00-0033090,TE,NE,2023,0,0.13889263279043462,0.11850575016862396,0.14862342060766512,0.1443248225132354,2022
2023_07_BUF_NE,00-0033307,WR,NE,2023,1,0.18923885069590218,0.13258182945921645,0.1392869614362356,0.1471386300229652,2022
2023_07_BUF_NE,00-0033439,TE,NE,2023,0,0.05417534609011143,0.049472146959457855,0.039682645569337684,0.055859954196962235,2022
2023_07_BUF_NE,00-0033857,WR,NE,2023,0,0.1241738932787173,0.08601099944411622,0.09495334568906845,0.12113218895568954,2022
2023_07_BUF_NE,00-0034829,TE,NE,2023,1,0.10806862225731151,0.07214876368901753,0.0726045410273233,0.1246852686255398,2022
2023_07_BUF_NE,00-0036875,RB,NE,2023,0,0.32288887622440277,0.25694794154096906,0.29282908180810263,0.3016460065715648,2022
2023_07_BUF_NE,00-0036972,QB,NE,2023,0,0.09714776151983351,0.0745877882905489,0.0608681887030959,0.08795169651164425,2022
2023_07_BUF_NE,00-0038104,WR,NE,2023,0,0.07677069923542412,0.05395750959959086,0.10495686193775033,0.09585669593276355,2022
2023_07_BUF_NE,00-0038621,WR,NE,2023,0,0.08400003081534502,0.04848448713988922,0.054578665951097075,0.08037576652054536,2022
2023_07_CLE_IND,00-0030068,WR,CLE,2023,0,0.05550273379838333,0.045020088932044684,0.045998935209091006,0.06293500841870875,2022
2023_07_CLE_IND,00-0031544,WR,CLE,2023,0,0.21712394243084165,0.17541549695601333,0.199872581661745,0.19533141077987265,2022
2023_07_CLE_IND,00-0033275,QB,CLE,2023,0,0.10400029667235244,0.11303448447531439,0.13863384817114877,0.10723233323926734,2022
2023_07_CLE_IND,00-0033537,QB,CLE,2023,0,0.12911883350332842,0.12419980003746639,0.15434484534317883,0.12162642744622056,2022
2023_07_CLE_IND,00-0033885,TE,CLE,2023,0,0.14157355713412878,0.15239802862992785,0.20007531622191607,0.16431317885495308,2022
2023_07_CLE_IND,00-0033923,RB,CLE,2023,1,0.17612112516781353,0.11628822892546654,0.11093358343012578,0.12368759082775514,2022
2023_07_CLE_IND,00-0034364,TE,CLE,2023,0,0.044744716343635416,0.04775523501763534,0.044971580886743516,0.04920087575995812,2022
2023_07_CLE_IND,00-0036232,TE,CLE,2023,0,0.06811084007858947,0.06269557739156988,0.05475984141333555,0.05859299187756856,2022
2023_07_CLE_IND,00-0036233,WR,CLE,2023,0,0.1184714440460628,0.15039351788616967,0.13991872508896747,0.07592374177077225,2022
2023_07_CLE_IND,00-0036980,WR,CLE,2023,0,0.21930552647891954,0.1879238638133023,0.1774224272136761,0.18686622050817617,2022
2023_07_CLE_IND,00-0037257,WR,CLE,2023,0,0.0612167219257691,0.04942733621119933,0.04848896342609827,0.05359795709102672,2022
2023_07_CLE_IND,00-0037267,RB,CLE,2023,1,0.28816549622834464,0.2985472313442952,0.2948105255259281,0.3135451745299321,2022
2023_07_CLE_IND,00-0038098,RB,CLE,2023,0,0.07584616434931901,0.04622826553180619,0.05671955990967296,0.0681882560069314,2022
2023_07_CLE_IND,00-0038583,QB,CLE,2023,0,0.1369073391590736,0.15122652859854796,0.1764697107169401,0.1228463578805838,2022
2023_07_CLE_IND,00-0038979,WR,CLE,2023,0,0.12673374705048646,0.02817438148684251,0.031445624179327884,0.0986110383413078,2022
2023_07_CLE_IND,00-0033217,TE,IND,2023,0,0.0476378984497039,0.047967848635820924,0.036900923967971684,0.05031278702965163,2022
2023_07_CLE_IND,00-0033466,WR,IND,2023,0,0.03485307885337996,0.036467668329064895,0.0353121104209525,0.047867905978255305,2022
2023_07_CLE_IND,00-0035289,QB,IND,2023,1,0.05844556783122512,0.04798587212683535,0.031308012494183864,0.05247378500701493,2022
2023_07_CLE_IND,00-0036223,RB,IND,2023,1,0.19470801306964391,0.10858864391925035,0.1253625728716818,0.11903884451992681,2022
2023_07_CLE_IND,00-0036251,RB,IND,2023,0,0.359234334783725,0.4149194406709507,0.43595142725516295,0.3057890774701393,2022
2023_07_CLE_IND,00-0036252,WR,IND,2023,1,0.226076339703688,0.25762038768186263,0.26771164160668043,0.20433515374096112,2022
2023_07_CLE_IND,00-0036876,TE,IND,2023,0,0.11818095885551294,0.0939740727014161,0.06801624546458891,0.11796936480763542,2022
2023_07_CLE_IND,00-0036984,RB,IND,2023,0,0.06651439855987573,0.05086659736250213,0.06081398341456862,0.06419496869107982,2022
2023_07_CLE_IND,00-0036991,WR,IND,2023,0,0.039515390377695137,0.04335311552994093,0.04474178638487114,0.0481578615268424,2022
2023_07_CLE_IND,00-0037292,TE,IND,2023,0,0.0632972666429068,0.05878401659711572,0.04636821670947026,0.051834475551904534,2022
2023_07_CLE_IND,00-0037664,WR,IND,2023,0,0.11923710606087512,0.14746193196037066,0.1475011349925257,0.10676001628774187,2022
2023_07_CLE_IND,00-0038394,TE,IND,2023,0,0.03264944211152154,0.03778919544270529,0.02618968772796102,0.044360772749409486,2022
2023_07_CLE_IND,00-0038997,WR,IND,2023,1,0.1705635695934028,0.16373700792838358,0.1590732251417408,0.16196768257505229,2022
2023_07_CLE_IND,00-0039164,QB,IND,2023,0,0.13983324020108823,0.07305981081994291,0.0931208360035223,0.13670307529295056,2022
2023_07_DET_BAL,00-0031235,WR,BAL,2023,0,0.15772020456442826,0.13910522220535404,0.13695495667601146,0.12476695689898584,2022
2023_07_DET_BAL,00-0031549,WR,BAL,2023,1,0.16207422670442306,0.14010608200730443,0.14000622283048372,0.15951289370344507,2022
2023_07_DET_BAL,00-0032144,RB,BAL,2023,0,0.17588067418729847,0.13003731123428336,0.12394754560450522,0.143740310616918,2022
2023_07_DET_BAL,00-0033376,RB,BAL,2023,0,0.04950159708239832,0.07018295116893015,0.07126545306465897,0.04709243169367609,2022
2023_07_DET_BAL,00-0034184,RB,BAL,2023,1,0.26184314351013493,0.25140362768058855,0.23446093381025934,0.29597208144548326,2022
2023_07_DET_BAL,00-0034753,TE,BAL,2023,1,0.25697165783958664,0.2495927456850462,0.2339630709155517,0.23038559876233514,2022
2023_07_DET_BAL,00-0034796,QB,BAL,2023,1,0.2516353590590229,0.2458755298168151,0.3065794720204148,0.3015975894463811,2022
2023_07_DET_BAL,00-0034975,RB,BAL,2023,0,0.21798004451433495,0.17537115984348933,0.14815787303483244,0.21218205309254412,2022
2023_07_DET_BAL,00-0035993,QB,BAL,2023,0,0.04984285599950555,0.02556498622743581,0.015008222890207383,0.06311370193975242,2022
2023_07_DET_BAL,00-0036331,WR,BAL,2023,0,0.07325371115173751,0.06598756909843183,0.06430841198396563,0.05414583465944047,2022
2023_07_DET_BAL,00-0036550,WR,BAL,2023,0,0.1276264669188013,0.11197468715680169,0.1104123962683638,0.08937019026719198,2022
2023_07_DET_BAL,00-0037838,TE,BAL,2023,0,0.07084374516212688,0.07618720582569391,0.05674386329424781,0.06391095613149995,2022
2023_07_DET_BAL,00-0039064,WR,BAL,2023,0,0.28386225414844246,0.29762428282745695,0.3085773133494713,0.2611984583208671,2022
2023_07_DET_BAL,00-0029293,WR,DET,2023,0,0.0804974331225522,0.07252325307162363,0.07906361727973316,0.07072572049368038,2022
2023_07_DET_BAL,00-0031237,QB,DET,2023,0,0.0339853243804078,0.00012652434261953914,0.001353304919075935,0.054149824061515146,2022
2023_07_DET_BAL,00-0032464,WR,DET,2023,0,0.09490328663481085,0.07592995720614709,0.07838342535893446,0.0822460755460059,2022
2023_07_DET_BAL,00-0033106,QB,DET,2023,0,0.09192776330662278,0.08309701512559282,0.07708718347779396,0.07315586500914789,2022
2023_07_DET_BAL,00-0033943,WR,DET,2023,0,0.16029542905826377,0.18314810377765342,0.16294293086839146,0.1628036009583392,2022
2023_07_DET_BAL,00-0035184,RB,DET,2023,0,0.08215578767357734,0.06418073300879629,0.040165917017361163,0.07313483028345523,2022
2023_07_DET_BAL,00-0035567,RB,DET,2023,0,0.09935587730854278,0.07319875401163459,0.07976475607531117,0.07094824912584685,2022
2023_07_DET_BAL,00-0035685,RB,DET,2023,0,0.3199378598523295,0.3446249334059237,0.3616132636420765,0.3503008200656716,2022
2023_07_DET_BAL,00-0036754,TE,DET,2023,0,0.07438224155713458,0.08476241317135733,0.0640060702946,0.09199629025947417,2022
2023_07_DET_BAL,00-0036963,WR,DET,2023,0,0.23846089209282972,0.2509466682637572,0.28172630433530416,0.23671407425301538,2022
2023_07_DET_BAL,00-0037157,RB,DET,2023,0,0.03737138357894865,0.04416003904540194,0.05243246283580068,0.05500990101481448,2022
2023_07_DET_BAL,00-0037240,WR,DET,2023,0,0.0781053358115591,0.06857047658810213,0.07684260778385434,0.06730265828538344,2022
2023_07_DET_BAL,00-0039065,TE,DET,2023,0,0.1939783019136957,0.19927551059940668,0.19438500888068214,0.19326453767035998,2022
2023_07_DET_BAL,00-0039139,RB,DET,2023,1,0.23116850616713924,0.19346105953347864,0.1645103026085035,0.16757548299161698,2022
2023_07_GB_DEN,00-0029263,QB,DEN,2023,0,0.17859351222138886,0.11866484187501389,0.09145264624563498,0.14085338116525764,2022
2023_07_GB_DEN,00-0031484,TE,DEN,2023,0,0.05382839480392554,0.0539838517041653,0.05181785571444821,0.048425454801175855,2022
2023_07_GB_DEN,00-0033526,RB,DEN,2023,0,0.1996286506889532,0.12624946535649256,0.1179581458425201,0.15091830938482204,2022
2023_07_GB_DEN,00-0034348,WR,DEN,2023,1,0.25056646866687193,0.2392037390688786,0.24792651598793233,0.24274526088955364,2022
2023_07_GB_DEN,00-0035406,WR,DEN,2023,0,0.089343294334428,0.07803460261725291,0.07424235463864874,0.07283003383020793,2022
2023_07_GB_DEN,00-0036407,WR,DEN,2023,0,0.2212824805809509,0.19325217228619496,0.20113937257873268,0.19201961872845588,2022
2023_07_GB_DEN,00-0036422,TE,DEN,2023,0,0.1363611332659319,0.13651420256268185,0.14821291059561909,0.10760558459042904,2022
2023_07_GB_DEN,00-0036997,RB,DEN,2023,0,0.31801681635603984,0.2277682316353831,0.23877210438988125,0.2420867950243587,2022
2023_07_GB_DEN,00-0037252,TE,DEN,2023,0,0.08852569843365121,0.061833196097772054,0.04544497701059573,0.07329132589094885,2022
2023_07_GB_DEN,00-0037382,WR,DEN,2023,0,0.1014684754761579,0.08061789527063497,0.08022556883629939,0.08727263123170366,2022
2023_07_GB_DEN,00-0038783,TE,DEN,2023,0,0.0460594551156055,0.04514648962815195,0.03256897395652064,0.051135742819221716,2022
2023_07_GB_DEN,00-0038794,RB,DEN,2023,0,0.21761398003745858,0.10698416667885455,0.1251485543527866,0.14164490751854245,2022
2023_07_GB_DEN,00-0038976,WR,DEN,2023,0,0.10208663259260065,0.07083780141777124,0.06778209254270533,0.08771118794478243,2022
2023_07_GB_DEN,00-0033293,RB,GB,2023,0,0.2554217331694153,0.19867848310369848,0.18993029070302464,0.20276667413879834,2022
2023_07_GB_DEN,00-0035973,RB,GB,2023,0,0.13917985327162252,0.0999228829775068,0.0857901028643374,0.09227197123034167,2022
2023_07_GB_DEN,00-0036264,QB,GB,2023,0,0.14302438347464164,0.1355616217447367,0.10967231282637953,0.13351784734406266,2022
2023_07_GB_DEN,00-0036265,RB,GB,2023,0,0.3252837926128572,0.3311772861395443,0.2965724355145152,0.34834375933180406,2022
2023_07_GB_DEN,00-0036332,TE,GB,2023,0,0.058120632714720566,0.07272281667479744,0.07789994694036197,0.06177722044162893,2022
2023_07_GB_DEN,00-0037098,WR,GB,2023,0,0.0831921871023662,0.07707607655130366,0.07367638517922812,0.06295062065549416,2022
2023_07_GB_DEN,00-0037816,WR,GB,2023,1,0.23592854385434403,0.25207430795398583,0.2477451882841417,0.22128872937955202,2022
2023_07_GB_DEN,00-0038124,WR,GB,2023,0,0.20197022883979654,0.20729164128962263,0.18183869404511066,0.19650828765997513,2022
2023_07_GB_DEN,00-0038393,WR,GB,2023,0,0.10706073348367906,0.10231181970974558,0.09360547010546316,0.09436407813171432,2022
2023_07_GB_DEN,00-0038465,WR,GB,2023,0,0.05310010463428494,0.056743626743760794,0.0532269132625894,0.05104374764629097,2022
2023_07_GB_DEN,00-0038797,RB,GB,2023,0,0.07370914936284967,0.06477213902867113,0.0716758607578447,0.07462287359334936,2022
2023_07_GB_DEN,00-0038809,TE,GB,2023,0,0.038003303938906274,0.05156609314912133,0.049118229046706645,0.04817771016527982,2022
2023_07_GB_DEN,00-0038996,TE,GB,2023,0,0.04709581311645206,0.06244329159038208,0.06568177942618143,0.05013956894074056,2022
2023_07_GB_DEN,00-0039144,TE,GB,2023,0,0.15669268419865756,0.16210036756527546,0.19605072916906144,0.18857314575178136,2022
2023_07_GB_DEN,00-0039146,WR,GB,2023,1,0.18642651625337703,0.1557582515097275,0.151233061886908,0.1882901674924671,2022
2023_07_JAX_NO,00-0033572,WR,JAX,2023,0,0.05118016781519208,0.05371647856408759,0.04882556388298119,0.05090868513092169,2022
2023_07_JAX_NO,00-0033881,TE,JAX,2023,0,0.1944352331255358,0.18236329129225795,0.2079886021629952,0.164972516452285,2022
2023_07_JAX_NO,00-0033891,WR,JAX,2023,0,0.1718879387162956,0.11998305438002684,0.12785262728027016,0.13955222803122158,2022
2023_07_JAX_NO,00-0033936,QB,JAX,2023,0,0.029340903948432806,0.021009314632087862,0.0105140276727374,0.05156233386881113,2022
2023_07_JAX_NO,00-0034775,WR,JAX,2023,1,0.22849572600491486,0.2065111246630304,0.23312440693880485,0.19968289751451587,2022
2023_07_JAX_NO,00-0034837,WR,JAX,2023,0,0.19861715392284296,0.18004007503500633,0.1793475141938659,0.18987715354561757,2022
2023_07_JAX_NO,00-0035628,RB,JAX,2023,0,0.036192411221498855,0.04101656476684889,0.047490618229406485,0.057408734734085184,2022
2023_07_JAX_NO,00-0035806,RB,JAX,2023,0,0.0593809027015515,0.04838050661094905,0.026048658865067065,0.05668504505011633,2022
2023_07_JAX_NO,00-0036497,WR,JAX,2023,0,0.04350270060220229,0.053407349800326805,0.05178392031341823,0.04516360664391434,2022
2023_07_JAX_NO,00-0036887,TE,JAX,2023,0,0.048887471993948606,0.05836240840144212,0.05728659498317818,0.048161579888049456,2022
2023_07_JAX_NO,00-0036971,QB,JAX,2023,0,0.14526287967266005,0.11547488299360387,0.1084289148304891,0.11829650360277752,2022
2023_07_JAX_NO,00-0036973,RB,JAX,2023,1,0.3741744685717423,0.4984536927327597,0.45109121132980284,0.332703241138045,2022
2023_07_JAX_NO,00-0038555,RB,JAX,2023,0,0.10212249113559957,0.053365822180291275,0.06643234744264777,0.07681363008851262,2022
2023_07_JAX_NO,00-0038935,TE,JAX,2023,0,0.059341415357942795,0.050778849310603065,0.04892824722534955,0.05512752221731738,2022
2023_07_JAX_NO,00-0027696,TE,NO,2023,0,0.0458658313962268,0.04567586326861965,0.044700064528529884,0.05293538182254129,2022
2023_07_JAX_NO,00-0031280,QB,NO,2023,0,0.08941605116224616,0.0797102688248104,0.05560463038933059,0.06841932981367077,2022
2023_07_JAX_NO,00-0031503,QB,NO,2023,0,0.03297032069925132,0.02708535471211274,0.013316635560468287,0.04566067929187874,2022
2023_07_JAX_NO,00-0032765,WR,NO,2023,1,0.23742636097686898,0.20183962892909188,0.2112552889621804,0.22379273978227346,2022
2023_07_JAX_NO,00-0033357,TE,NO,2023,1,0.1824707425307731,0.11673112916275787,0.08308650651459122,0.13392429700215308,2022
2023_07_JAX_NO,00-0033906,RB,NO,2023,0,0.4892414405108988,0.5366035657481283,0.4990497368656,0.368007132371078,2022
2023_07_JAX_NO,00-0034317,WR,NO,2023,0,0.05406091577154337,0.05065946270445363,0.05187206342671183,0.053104743573010954,2022
2023_07_JAX_NO,00-0034981,TE,NO,2023,0,0.09968390740509236,0.08856030772854921,0.08602714798635962,0.08306360054117709,2022
2023_07_JAX_NO,00-0036364,WR,NO,2023,0,0.03670800423868359,0.05474929524713654,0.043737632205041434,0.04733001817036398,2022
2023_07_JAX_NO,00-0037239,WR,NO,2023,0,0.2740914183050325,0.2515891614039183,0.26887652708714715,0.2343230800504965,2022
2023_07_JAX_NO,00-0037545,WR,NO,2023,0,0.16298379423329912,0.13174939348319584,0.13332933817683937,0.16161071587863493,2022
2023_07_JAX_NO,00-0038551,RB,NO,2023,0,0.18468681124638198,0.11211023529915126,0.11756220151058505,0.1279550299079171,2022
2023_07_LAC_KC,00-0030506,TE,KC,2023,1,0.3497618647801357,0.2925915808559161,0.2529959831751521,0.2686723662296099,2022
2023_07_LAC_KC,00-0031376,RB,KC,2023,0,0.17345517761904317,0.1148860824792296,0.12628863688946937,0.0984932789735241,2022
2023_07_LAC_KC,00-0033873,QB,KC,2023,0,0.20921569409154916,0.16188423328585486,0.1748149748184037,0.1498648500591107,2022
2023_07_LAC_KC,00-0034272,WR,KC,2023,1,0.1347655690480578,0.12895817402089607,0.1203841756197627,0.085700316670586,2022
2023_07_LAC_KC,00-0034386,WR,KC,2023,0,0.1402963993866061,0.1169390834500731,0.10880195772119673,0.0978176542060679,2022
2023_07_LAC_KC,00-0036360,RB,KC,2023,0,0.1853725088682867,0.10511556876693151,0.12885376584160574,0.0859395887256836,2022
2023_07_LAC_KC,00-0036637,TE,KC,2023,0,0.14174534680757123,0.12910115467022046,0.14003901701667718,0.0807947065100878,2022
2023_07_LAC_KC,00-0036913,WR,KC,2023,0,0.18252730877218848,0.10879157304034363,0.09325221300309672,0.11398476141141009,2022
2023_07_LAC_KC,00-0037197,RB,KC,2023,1,0.49813444094281334,0.4723684803015242,0.4853414904771883,0.4082455923133531,2022
2023_07_LAC_KC,00-0037216,WR,KC,2023,0,0.08798628261149888,0.06977576122132692,0.06787868422752971,0.05243425840852725,2022
2023_07_LAC_KC,00-0038090,WR,KC,2023,0,0.1896283828383004,0.14792359995946291,0.13806795055986262,0.1379424978009143,2022
2023_07_LAC_KC,00-0039067,WR,KC,2023,1,0.19309300367496063,0.12138493026941728,0.11788932517807815,0.1411920876904586,2022
2023_07_LAC_KC,00-0030279,WR,LAC,2023,0,0.2748391904599853,0.35602798363805166,0.3902802951695251,0.27049560436140635,2022
2023_07_LAC_KC,00-0033536,WR,LAC,2023,0,0.21100815530439598,0.2236983483491678,0.25555708488976175,0.19172449755134552,2022
2023_07_LAC_KC,00-0033699,RB,LAC,2023,0,0.35874920172397173,0.29427875478132626,0.18836873908336196,0.3407067982885155,2022
2023_07_LAC_KC,00-0033895,TE,LAC,2023,1,0.12802349986729755,0.12697738962568914,0.09893008359695457,0.15827954399141633,2022
2023_07_LAC_KC,00-0035329,TE,LAC,2023,0,0.08885578489405777,0.0810766480202838,0.05777445110918212,0.11497146733392381,2022
2023_07_LAC_KC,00-0036355,QB,LAC,2023,0,0.16188003267215145,0.15603006848641895,0.18157041847084515,0.1309853969286033,2022
2023_07_LAC_KC,00-0036370,RB,LAC,2023,1,0.24873038503554135,0.24512688963039847,0.2535341652014823,0.24696383947246076,2022
2023_07_LAC_KC,00-0036988,WR,LAC,2023,0,0.1636185897874166,0.1619495906249265,0.19314940424210997,0.15912989302061262,2022
2023_07_LAC_KC,00-0037475,TE,LAC,2023,0,0.04628811581947312,0.05828197018965032,0.0491737428897512,0.0456929058130911,2022
2023_07_LAC_KC,00-0038045,RB,LAC,2023,0,0.06605556854456374,0.05444188186855627,0.07083324285577006,0.06571717746394297,2022
2023_07_LAC_KC,00-0038544,WR,LAC,2023,0,0.07818750698222854,0.06534692344467834,0.07794860990741236,0.060802059039517915,2022
2023_07_LAC_KC,00-0038573,WR,LAC,2023,0,0.0378831790869415,0.044127698291265824,0.04329611379076904,0.05397721651570404,2022
2023_07_LV_CHI,00-0024243,TE,CHI,2023,0,0.03393470778116814,0.046547697810893976,0.045309463283678644,0.04676421964340278,2022
2023_07_LV_CHI,00-0033292,WR,CHI,2023,0,0.008762613178851075,0.03207639312898311,0.027773060431535747,0.04730443814355166,2022
2023_07_LV_CHI,00-0033757,TE,CHI,2023,0,0.04222735078057638,0.04309027733741444,0.040703584150807035,0.049673434895128016,2022
2023_07_LV_CHI,00-0033925,RB,CHI,2023,1,0.1790403245832145,0.14602390987176492,0.15431051285791,0.14404924618059456,2022
2023_07_LV_CHI,00-0034279,WR,CHI,2023,0,0.04568025275705068,0.06360322794839775,0.05445404233371217,0.05138335808237007,2022
2023_07_LV_CHI,00-0034827,WR,CHI,2023,0,0.22615530258410654,0.2527704416042925,0.27544509442975046,0.2042251860285814,2022
2023_07_LV_CHI,00-0036290,TE,CHI,2023,0,0.17515625389861766,0.18494126880855266,0.1595332099334871,0.1797097148680488,2022
2023_07_LV_CHI,00-0036297,RB,CHI,2023,0,0.1386209605447506,0.11234734761888111,0.11383097107877756,0.12040658949098071,2022
2023_07_LV_CHI,00-0036309,WR,CHI,2023,0,0.12385479534083688,0.1231139056475105,0.12324965497118773,0.11033565624597678,2022
2023_07_LV_CHI,00-0036906,RB,CHI,2023,0,0.2444402924268857,0.2704107460890575,0.25505642587903876,0.20433584386182005,2022
2023_07_LV_CHI,00-0036945,QB,CHI,2023,0,0.15581608345635312,0.12989144648795622,0.12737328000719453,0.18827984850827806,2022
2023_07_LV_CHI,00-0037745,WR,CHI,2023,0,0.024929697948655738,0.03472932618310119,0.027148688374105844,0.04640270513699978,2022
2023_07_LV_CHI,00-0038416,QB,CHI,2023,0,0.07427066028876683,0.020453408302466707,0.014836995729275968,0.07568305830805203,2022
2023_07_LV_CHI,00-0038941,WR,CHI,2023,0,0.07317348100580001,0.053127988820747964,0.047665199199800036,0.07426803034069569,2022
2023_07_LV_CHI,00-0039021,RB,CHI,2023,0,0.15244126015444848,0.09155414027672314,0.0870510348646278,0.1275281027649772,2022
2023_07_LV_CHI,00-0026625,QB,LV,2023,0,0.06852150785370703,0.0002864763993533011,0.005167689810416705,0.07155564009524606,2022
2023_07_LV_CHI,00-0031345,QB,LV,2023,0,0.1174743889833616,0.09802543097909748,0.08075159554897227,0.11123352392574641,2022
2023_07_LV_CHI,00-0031381,WR,LV,2023,0,0.264454178635833,0.30789735265080775,0.3000573237662645,0.24644970149283538,2022
2023_07_LV_CHI,00-0031763,WR,LV,2023,0,0.03601025958361492,0.041622801059911604,0.03652284538649652,0.0465588043563223,2022
2023_07_LV_CHI,00-0032104,RB,LV,2023,0,0.05672591430174889,0.05110583153836041,0.045938336814763794,0.05649771751679967,2022
2023_07_LV_CHI,00-0032392,TE,LV,2023,0,0.07067613312406362,0.07607371032826883,0.09067098871827493,0.07150081066277986,2022
2023_07_LV_CHI,00-0034960,WR,LV,2023,1,0.23572064622061562,0.306147448848792,0.27523245891634623,0.24293729805687592,2022
2023_07_LV_CHI,00-0034983,WR,LV,2023,0,0.06222368454255589,0.06565711944215602,0.05785281959661743,0.05145581207293214,2022
2023_07_LV_CHI,00-0035700,RB,LV,2023,0,0.43837835915351286,0.6398008278572983,0.5993917602633511,0.35662501223707793,2022
2023_07_LV_CHI,00-0035726,RB,LV,2023,0,0.030373328050155468,0.04886705725492264,0.04599517059873344,0.046192062208787014,2022
2023_07_LV_CHI,00-0038040,RB,LV,2023,0,0.0703342281838546,0.05325026215249615,0.05873933303907319,0.07305599843127977,2022
2023_07_LV_CHI,00-0038563,WR,LV,2023,0,0.06779095424368897,0.0528663246737484,0.045463895730156426,0.06381274630790788,2022
2023_07_LV_CHI,00-0038579,QB,LV,2023,0,0.13553127631921624,0.1125724024533764,0.20844313616753438,0.11705836254701646,2022
2023_07_LV_CHI,00-0039066,TE,LV,2023,0,0.08585285135032539,0.08719709817855407,0.11017358186321598,0.0856462409749913,2022
2023_07_MIA_PHI,00-0031687,RB,MIA,2023,0,0.3762098856208319,0.38246396515515235,0.30929102942163916,0.4042982065946358,2022
2023_07_MIA_PHI,00-0032688,WR,MIA,2023,0,0.06313701598593136,0.08188012077159272,0.08470021552190599,0.04792374729307963,2022
2023_07_MIA_PHI,00-0033040,WR,MIA,2023,1,0.2983780504337753,0.2521259571208176,0.31374327059848534,0.2523777303574226,2022
2023_07_MIA_PHI,00-0034401,QB,MIA,2023,0,0.048490266650346836,0.00019747398108647797,0.0023137706851259236,0.05236200471642431,2022
2023_07_MIA_PHI,00-0034418,WR,MIA,2023,0,0.11985113798933189,0.10682703725853873,0.11028794875795517,0.09782221701225119,2022
2023_07_MIA_PHI,00-0034419,WR,MIA,2023,0,0.12668438394760362,0.10340896184011017,0.10565634374099991,0.11785810402776309,2022
2023_07_MIA_PHI,00-0034798,TE,MIA,2023,0,0.15011764041548226,0.16515203435259324,0.16114990483512767,0.12885601771844402,2022
2023_07_MIA_PHI,00-0036020,RB,MIA,2023,0,0.19911283990445594,0.10530661169315811,0.11215492976283954,0.11198529086773036,2022
2023_07_MIA_PHI,00-0036212,QB,MIA,2023,0,0.10225353356950218,0.10831898559220503,0.08555563094520842,0.07551783967574291,2022
2023_07_MIA_PHI,00-0036613,WR,MIA,2023,0,0.25609145662542,0.2705750869137247,0.28454104457419693,0.21974237304286787,2022
2023_07_MIA_PHI,00-0038685,RB,MIA,2023,0,0.1298584659280726,0.09994918615727362,0.13648293991546226,0.08657572295999734,2022
2023_07_MIA_PHI,00-0038720,TE,MIA,2023,0,0.07012707467608637,0.07490343307583706,0.06569735385315358,0.09960516302118204,2022
2023_07_MIA_PHI,00-0039040,RB,MIA,2023,0,0.3021983082361732,0.21795527198822803,0.26735518836657535,0.3109870004342447,2022
2023_07_MIA_PHI,00-0034351,TE,PHI,2023,1,0.29265315786388013,0.2919443923905407,0.2938423509779364,0.2655805252152056,2022
2023_07_MIA_PHI,00-0034414,RB,PHI,2023,0,0.10878836769839828,0.0749265727197932,0.10107515766452449,0.06944377916989476,2022
2023_07_MIA_PHI,00-0035208,WR,PHI,2023,0,0.14412699567981313,0.16672215648822636,0.15477344581469976,0.10328993273048563,2022
2023_07_MIA_PHI,00-0035676,WR,PHI,2023,1,0.37848855169321705,0.4396844866324302,0.4419040809236922,0.29442032822803743,2022
2023_07_MIA_PHI,00-0036271,WR,PHI,2023,0,0.15089920886569708,0.16154461516848748,0.14742856549987196,0.09928793097967376,2022
2023_07_MIA_PHI,00-0036275,RB,PHI,2023,0,0.48111865864017045,0.516433425276301,0.47749276052697887,0.4395404455632823,2022
2023_07_MIA_PHI,00-0036389,QB,PHI,2023,1,0.3197455250848764,0.3497891341460664,0.35512294415835577,0.34682224536005,2022
2023_07_MIA_PHI,00-0036741,TE,PHI,2023,0,0.06712341311069037,0.07995265166282677,0.0586339538812004,0.04770290651511818,2022
2023_07_MIA_PHI,00-0036912,WR,PHI,2023,0,0.2963787247879276,0.3272196987613753,0.35257076738758836,0.2589408415597531,2022
2023_07_MIA_PHI,00-0036919,RB,PHI,2023,1,0.2875586711175667,0.23446957647120126,0.2599131964700867,0.2884966770008501,2022
2023_07_PIT_LA,00-0026498,QB,LA,2023,0,0.10735782357170487,0.11953652640520332,0.09867863033685881,0.08196676458179702,2022
2023_07_PIT_LA,00-0033110,TE,LA,2023,0,0.19444492470658215,0.2207875479753961,0.25926257459187113,0.2548561401877569,2022
2023_07_PIT_LA,00-0033908,WR,LA,2023,0,0.3475061606077119,0.40180888069852566,0.4346470528673484,0.39630490065810703,2022
2023_07_PIT_LA,00-0036415,WR,LA,2023,0,0.14488903600565084,0.19890445185551317,0.16789304069477304,0.12104587503551811,2022
2023_07_PIT_LA,00-0036424,TE,LA,2023,0,0.033191600392462384,0.04875188299114915,0.03740936036312844,0.04777404873862733,2022
2023_07_PIT_LA,00-0036849,WR,LA,2023,1,0.23134860004689795,0.2666343042067108,0.23143113103863003,0.26010971820232476,2022
2023_07_PIT_LA,00-0036862,WR,LA,2023,0,0.0587613552982591,0.06003526130155857,0.0554263477387636,0.055409865409057665,2022
2023_07_PIT_LA,00-0037557,RB,LA,2023,0,0.09126111678008608,0.07144176349753088,0.08624533093462623,0.07963239934203917,2022
2023_07_PIT_LA,00-0037840,RB,LA,2023,0,0.4739091528802982,0.5169452849339773,0.5757501351535573,0.41111999809105715,2022
2023_07_PIT_LA,00-0039075,WR,LA,2023,0,0.3053028892256795,0.3744145282381126,0.3662122448641242,0.39583594103054776,2022
2023_07_PIT_LA,00-0039136,RB,LA,2023,0,0.08597980396749272,0.07393864666089107,0.09177743106147412,0.07852976255188471,2022
2023_07_PIT_LA,00-0031428,WR,PIT,2023,0,0.21005402224525593,0.1842155504146119,0.17781869474588513,0.17622294316855355,2022
2023_07_PIT_LA,00-0035645,WR,PIT,2023,0,0.01845454506648181,0.03514316959187366,0.034206078957076724,0.0479786750952396,2022
2023_07_PIT_LA,00-0035703,WR,PIT,2023,0,0.040254657504573466,0.04115952190153852,0.04203250956409806,0.044911315009468496,2022
2023_07_PIT_LA,00-0036893,RB,PIT,2023,1,0.33993880471938975,0.255612034842567,0.2675553681885524,0.28961255204768266,2022
2023_07_PIT_LA,00-0036894,TE,PIT,2023,0,0.16104282232361722,0.12437656261376276,0.11650106831689287,0.1347540255216231,2022
2023_07_PIT_LA,00-0037228,RB,PIT,2023,1,0.3090674412175308,0.18777496692087628,0.13445310385915746,0.1999418636151117,2022
2023_07_PIT_LA,00-0037247,WR,PIT,2023,0,0.2799903028450098,0.18851396167070414,0.2520682675001926,0.21969038358928408,2022
2023_07_PIT_LA,00-0037837,WR,PIT,2023,0,0.1740285336216979,0.1296725964587337,0.13906630342081047,0.12675326199437037,2022
2023_07_PIT_LA,00-0038102,QB,PIT,2023,1,0.1401892914844337,0.10681034330437637,0.08942153891617287,0.11380358906323347,2022
2023_07_PIT_LA,00-0038558,TE,PIT,2023,0,0.0844216361888318,0.07875519056280622,0.08770921769057732,0.05618070232518191,2022
2023_07_SF_MIN,00-0029604,QB,MIN,2023,0,0.09710404615139989,0.08120673910205123,0.06244373762464876,0.06932012326031979,2022
2023_07_SF_MIN,00-0033246,TE,MIN,2023,0,0.02561450939842269,0.03726550373340753,0.02328540763105937,0.046317987880113265,2022
2023_07_SF_MIN,00-0034646,WR,MIN,2023,0,0.07020701663460127,0.048546726813574054,0.04831924581212004,0.07025073651988949,2022
2023_07_SF_MIN,00-0034972,RB,MIN,2023,0,0.42467458350975806,0.38045378018781595,0.4244039879853142,0.29832213197640156,2022
2023_07_SF_MIN,00-0035229,TE,MIN,2023,0,0.20542547926030563,0.19662032483937708,0.1620846774224604,0.17960396935216852,2022
2023_07_SF_MIN,00-0035249,TE,MIN,2023,0,0.06754393522788482,0.0605759177352633,0.04305553097077808,0.06552963340870452,2022
2023_07_SF_MIN,00-0036322,WR,MIN,2023,0,0.25111101883859244,0.2980313354860808,0.31649486791892073,0.21889040827128434,2022
2023_07_SF_MIN,00-0036345,WR,MIN,2023,0,0.1645882133903569,0.1696097110312263,0.176442859935164,0.15825220122066308,2022
2023_07_SF_MIN,00-0036414,RB,MIN,2023,0,0.13807146195767184,0.0798855412323981,0.08524256586258218,0.08593421423820431,2022
2023_07_SF_MIN,00-0037276,RB,MIN,2023,0,0.046766998841592966,0.03971478288540617,0.05107653748153812,0.05488278035435486,2022
2023_07_SF_MIN,00-0038994,WR,MIN,2023,1,0.16581523942553855,0.14137109211694499,0.1533180693891997,0.15118818911058407,2022
2023_07_SF_MIN,00-0030663,WR,SF,2023,0,0.05804162823591963,0.05202491259319392,0.07875220137424783,0.05482957295923808,2022
2023_07_SF_MIN,00-0033280,RB,SF,2023,1,0.4878465465516373,0.6550389939942396,0.5427397638879806,0.4210494095629956,2022
2023_07_SF_MIN,00-0033288,TE,SF,2023,0,0.2105312968289027,0.23226384357106267,0.3317783466104577,0.23772570942157462,2022
2023_07_SF_MIN,00-0034073,TE,SF,2023,0,0.0498260506309991,0.04975751452287557,0.07141585067079664,0.05379964365371422,2022
2023_07_SF_MIN,00-0034407,WR,SF,2023,0,0.07537802132294558,0.08091506857545593,0.06928469891250487,0.052801310799406385,2022
2023_07_SF_MIN,00-0034869,QB,SF,2023,0,0.02971744226403228,0.0001621690268582316,0.0016118468229445212,0.047430862494007735,2022
2023_07_SF_MIN,00-0035719,WR,SF,2023,0,0.2896619946839293,0.26807707848403894,0.2003070031073268,0.24065571752659612,2022
2023_07_SF_MIN,00-0036259,WR,SF,2023,0,0.11994490378084788,0.0965502664262936,0.09598535529225902,0.06265014638013838,2022
2023_07_SF_MIN,00-0036261,WR,SF,2023,0,0.3258052425924147,0.2840969108490069,0.3218189758176568,0.2864557630900551,2022
2023_07_SF_MIN,00-0036567,RB,SF,2023,0,0.1771532457215218,0.11969279343868908,0.12119268995058372,0.11616068871840318,2022
2023_07_SF_MIN,00-0037525,RB,SF,2023,0,0.10925462443286704,0.08604563932859242,0.09765633375433799,0.08254305196514415,2022
2023_07_SF_MIN,00-0037827,RB,SF,2023,0,0.1039597944334818,0.08873726441967683,0.09897132901510626,0.08194562481906503,2022
2023_07_SF_MIN,00-0037834,QB,SF,2023,0,0.13453996328087425,0.11525659913704712,0.09700207194300246,0.10549730071410163,2022
2023_07_SF_MIN,00-0038647,WR,SF,2023,0,0.0560726483606343,0.06751459546094361,0.061157102765922115,0.05155989974431246,2022
2023_07_WAS_NYG,00-0028118,QB,NYG,2023,0,0.05369626589991727,0.03332180256320351,0.024163964697977297,0.06378860218980886,2022
2023_07_WAS_NYG,00-0031610,TE,NYG,2023,1,0.17937095000352554,0.19740151303649994,0.2368248886296377,0.17200186194807893,2022
2023_07_WAS_NYG,00-0032385,WR,NYG,2023,0,0.034746585878906555,0.03610945251361287,0.030473280551955445,0.05238934589492848,2022
2023_07_WAS_NYG,00-0033308,RB,NYG,2023,0,0.14765536774675891,0.12076751357322907,0.11440701055926586,0.16097501497896213,2022
2023_07_WAS_NYG,00-0034844,RB,NYG,2023,1,0.3368457804096261,0.47353154624133637,0.42773823217504686,0.2835868452596616,2022
2023_07_WAS_NYG,00-0035535,WR,NYG,2023,0,0.12942074353258204,0.13611460360739805,0.1302553279740665,0.13588889654203873,2022
2023_07_WAS_NYG,00-0035639,WR,NYG,2023,0,0.09596111145647235,0.06238675528155832,0.04861091458943502,0.10279456999133342,2022
2023_07_WAS_NYG,00-0035710,QB,NYG,2023,0,0.16023495763435236,0.09382575105434636,0.15352170620516636,0.19139052935392653,2022
2023_07_WAS_NYG,00-0036165,WR,NYG,2023,0,0.08661877236664739,0.0784131176000953,0.0538608011891568,0.10352111486757541,2022
2023_07_WAS_NYG,00-0036569,RB,NYG,2023,0,0.07945972396000811,0.04816895614531368,0.053819463256850913,0.07715641205645463,2022
2023_07_WAS_NYG,00-0038115,TE,NYG,2023,0,0.035844739968271644,0.05108132421894001,0.05376204888087547,0.044765132584537834,2022
2023_07_WAS_NYG,00-0038117,WR,NYG,2023,0,0.14756877579248773,0.11689824980076467,0.09619237483300626,0.13963295850172125,2022
2023_07_WAS_NYG,00-0038396,RB,NYG,2023,0,0.048347947543191605,0.04073350555657207,0.05113633783704065,0.06452208786731393,2022
2023_07_WAS_NYG,00-0038938,WR,NYG,2023,0,0.06681147598194859,0.06846136395949162,0.05849460265236656,0.07538457823678137,2022
2023_07_WAS_NYG,00-0031260,TE,WAS,2023,0,0.17995504767115156,0.16472827972537618,0.17147589113911468,0.16318408715275856,2022
2023_07_WAS_NYG,00-0031941,WR,WAS,2023,0,0.015522732751553359,0.03282914386069252,0.0291232277777401,0.048121678873713304,2022
2023_07_WAS_NYG,00-0033282,WR,WAS,2023,0,0.18307461783876866,0.16027931806305026,0.1243678657707275,0.1667418387403993,2022
2023_07_WAS_NYG,00-0034297,WR,WAS,2023,0,0.04529490877515252,0.04727934100133484,0.04055777908846041,0.047893381079954035,2022
2023_07_WAS_NYG,00-0035659,WR,WAS,2023,0,0.2127883142271655,0.22229940876098142,0.20590362428267606,0.18356823808296302,2022
2023_07_WAS_NYG,00-0036328,RB,WAS,2023,0,0.1701182833358933,0.13037629986185376,0.10872375957093816,0.11684182314517153,2022
2023_07_WAS_NYG,00-0036626,WR,WAS,2023,0,0.0759832285154286,0.05803024827030411,0.054706792900755294,0.057431655414386905,2022
2023_07_WAS_NYG,00-0036628,TE,WAS,2023,0,0.07578783203770667,0.06856579236479224,0.06909389480296804,0.06752450303177032,2022
2023_07_WAS_NYG,00-0037077,QB,WAS,2023,0,0.14711444406014207,0.12065396444477126,0.11352206823182416,0.11922442080157236,2022
2023_07_WAS_NYG,00-0037078,TE,WAS,2023,0,0.0825284517331033,0.049186733899466546,0.04461108743733004,0.1054622619037297,2022
2023_07_WAS_NYG,00-0037741,WR,WAS,2023,0,0.16675885726284034,0.16307767033363466,0.15268683326834323,0.17042277421232632,2022
2023_07_WAS_NYG,00-0037746,RB,WAS,2023,1,0.3500534564650264,0.2531991686196237,0.25142849265379974,0.3338806379374164,2022
2023_07_WAS_NYG,00-0038611,RB,WAS,2023,0,0.07845988858958819,0.050137762146756526,0.06399235862217507,0.07305599843127977,2022
2023_08_ATL_TEN,00-0030578,RB,ATL,2023,0,0.08743191192486577,0.06615085409174155,0.07495097335150158,0.07502542066645032,2022
2023_08_ATL_TEN,00-0031585,TE,ATL,2023,0,0.0656907158443717,0.056933772956424725,0.05197163388963746,0.07208126925362894,2022
2023_08_ATL_TEN,00-0033555,WR,ATL,2023,0,0.09183136426803695,0.07484954673213577,0.07509192215506331,0.06733963225519056,2022
2023_08_ATL_TEN,00-0033858,TE,ATL,2023,0,0.17346405856313585,0.13186068002632265,0.11374483358044206,0.14931774817036042,2022
2023_08_ATL_TEN,00-0034854,WR,ATL,2023,0,0.053465005721648806,0.05097390806356548,0.04637167206429581,0.0509837554326995,2022
2023_08_ATL_TEN,00-0035298,WR,ATL,2023,1,0.048455675945834664,0.04895231484096044,0.04538816842267472,0.049990370843006934,2022
2023_08_ATL_TEN,00-0036415,WR,ATL,2023,0,0.07289212750199447,0.05817252627911017,0.06285192895315292,0.05373760103879154,2022
2023_08_ATL_TEN,00-0036970,TE,ATL,2023,0,0.19063609276505833,0.12174644864996986,0.1438761147290139,0.1490175912832015,2022
2023_08_ATL_TEN,00-0037238,WR,ATL,2023,0,0.23627475426531197,0.20556485423801293,0.20091066161933305,0.19374519055927195,2022
2023_08_ATL_TEN,00-0037263,RB,ATL,2023,0,0.2702573541892941,0.17621662062403715,0.19963832375363402,0.20659190816092787,2022
2023_08_ATL_TEN,00-0038122,QB,ATL,2023,0,0.12453875886121568,0.08339272830149393,0.047777803423753346,0.10281510243813025,2022
2023_08_ATL_TEN,00-0038542,RB,ATL,2023,1,0.28018803627937205,0.2645926543861922,0.2083007697033356,0.23986276623823824,2022
2023_08_ATL_TEN,00-0029701,QB,TEN,2023,0,0.08511437786186782,0.07268821502036864,0.06075520989444499,0.07247038905451708,2022
2023_08_ATL_TEN,00-0030564,WR,TEN,2023,1,0.22041009883873774,0.13501133681226607,0.17486011640342586,0.170044464517669,2022
2023_08_ATL_TEN,00-0032398,WR,TEN,2023,0,0.07597085272758441,0.05606090695917155,0.05786235959852661,0.05920711772982164,2022
2023_08_ATL_TEN,00-0032764,RB,TEN,2023,0,0.34940555188706723,0.34930365983133577,0.33914076319806674,0.2834665894058326,2022
2023_08_ATL_TEN,00-0035259,TE,TEN,2023,0,0.0418207078894699,0.055338665762345404,0.05856765414100095,0.052365171632834225,2022
2023_08_ATL_TEN,00-0036182,WR,TEN,2023,1,0.1599627429935011,0.12856765551348515,0.12312688723947138,0.15158591502262872,2022
2023_08_ATL_TEN,00-0037273,WR,TEN,2023,0,0.056640531459640764,0.04894419362794695,0.04669905602013717,0.04864123495434767,2022
2023_08_ATL_TEN,00-0037809,TE,TEN,2023,0,0.15965151125005073,0.11331625921507929,0.12974140386045077,0.14004535572011725,2022
2023_08_ATL_TEN,00-0038128,QB,TEN,2023,0,0.08942777537936897,0.0431194644847667,0.03651401050487793,0.07129801708989883,2022
2023_08_ATL_TEN,00-0038589,TE,TEN,2023,0,0.051572271070719156,0.037608015319106194,0.030123430810376498,0.05866603287742646,2022
2023_08_ATL_TEN,00-0038632,WR,TEN,2023,0,0.04427140002017127,0.03333884993697375,0.04161022788404569,0.051560721730489534,2022
2023_08_ATL_TEN,00-0039032,RB,TEN,2023,0,0.2010681038458444,0.1474102314012759,0.12086573353563856,0.17086739540669277,2022
2023_08_BAL_ARI,00-0030061,TE,ARI,2023,0,0.1400254696977261,0.09326450042091207,0.06517451712870671,0.1430426893295131,2022
2023_08_BAL_ARI,00-0030874,RB,ARI,2023,0,0.08714982079657674,0.07032435022545387,0.04464595912604816,0.07213793243343031,2022
2023_08_BAL_ARI,00-0032141,TE,ARI,2023,0,0.04518204952759641,0.04553340830911221,0.032380382030057,0.050802232168801205,2022
2023_08_BAL_ARI,00-0033251,WR,ARI,2023,0,0.04323609676367357,0.040517155569610205,0.045005976112466754,0.052207415891249935,2022
2023_08_BAL_ARI,00-0033553,RB,ARI,2023,0,0.27409046702627127,0.24013767066881284,0.2639657047333331,0.29078662332186955,2022
2023_08_BAL_ARI,00-0033949,QB,ARI,2023,1,0.15480331528570668,0.1301199777096716,0.18108369724139647,0.1690246916338547,2022
2023_08_BAL_ARI,00-0035500,WR,ARI,2023,0,0.01898031945390999,0.029410075563024572,0.03485757202800579,0.07397580575245319,2022
2023_08_BAL_ARI,00-0035662,WR,ARI,2023,1,0.22779372147540944,0.20962058720607904,0.28332077929953153,0.1923015333284501,2022
2023_08_BAL_ARI,00-0036936,WR,ARI,2023,0,0.16143986598401439,0.13333944183080565,0.1290409145037718,0.12316739004146035,2022
2023_08_BAL_ARI,00-0037299,RB,ARI,2023,0,0.10594520258714457,0.06802987727162645,0.08797798333408301,0.08113715205100737,2022
2023_08_BAL_ARI,00-0037744,TE,ARI,2023,1,0.08591081357791253,0.06577169632626224,0.05101966540967278,0.08917379415505106,2022
2023_08_BAL_ARI,00-0038559,WR,ARI,2023,0,0.11914374252305293,0.12100103290226974,0.12905572677071375,0.14761265611497135,2022
2023_08_BAL_ARI,00-0038705,RB,ARI,2023,0,0.16796223847680802,0.12393492809020752,0.11973589215977924,0.16372964826700384,2022
2023_08_BAL_ARI,00-0039041,TE,ARI,2023,0,0.02519545555860414,0.02163754967027228,0.04573218010219327,0.04981556089755085,2022
2023_08_BAL_ARI,00-0031235,WR,BAL,2023,0,0.22215334673475984,0.17614608654020503,0.16813137670480088,0.18171772924360086,2022
2023_08_BAL_ARI,00-0031549,WR,BAL,2023,0,0.17524902243091434,0.15322214797714623,0.1390357109102214,0.15186131377115336,2022
2023_08_BAL_ARI,00-0033376,RB,BAL,2023,0,0.07782674045803972,0.09291223270453845,0.0879938906719863,0.049470809512069856,2022
2023_08_BAL_ARI,00-0034184,RB,BAL,2023,1,0.3623630766145416,0.3448805951027235,0.3191538118121923,0.32827192942886674,2022
2023_08_BAL_ARI,00-0034753,TE,BAL,2023,1,0.3258490654256595,0.3097439348981074,0.2885153499309462,0.2603297255071463,2022
2023_08_BAL_ARI,00-0034796,QB,BAL,2023,0,0.3214145142478221,0.29542618103726964,0.27803891069157977,0.34176408788824914,2022
2023_08_BAL_ARI,00-0034975,RB,BAL,2023,0,0.2618426567397355,0.21573737090412562,0.18053472520376843,0.23356246655177734,2022
2023_08_BAL_ARI,00-0035993,QB,BAL,2023,0,0.04459394992080268,0.02880715369300068,0.015357624640862974,0.06093956177096051,2022
2023_08_BAL_ARI,00-0036331,WR,BAL,2023,0,0.05839242906722286,0.07268501791500767,0.06503878784946851,0.04984433244196115,2022
2023_08_BAL_ARI,00-0036550,WR,BAL,2023,0,0.1598519670960289,0.13630357647965663,0.1253772595264583,0.0936776157968261,2022
2023_08_BAL_ARI,00-0038046,TE,BAL,2023,0,0.05441961565528186,0.06550279988599361,0.04812222370460185,0.06309415798881893,2022
2023_08_BAL_ARI,00-0038454,RB,BAL,2023,0,0.04586059909874329,0.057406605613647604,0.06599840292115891,0.049446816001150674,2022
2023_08_BAL_ARI,00-0039064,WR,BAL,2023,0,0.35964227695786666,0.3377871582134922,0.3479934566390616,0.29269075605163936,2022
2023_08_CHI_LAC,00-0024243,TE,CHI,2023,0,0.034328803008912834,0.04440589047182114,0.042951785603097564,0.048492494349088734,2022
2023_08_CHI_LAC,00-0033292,WR,CHI,2023,0,0.008742522470676528,0.03217468633219246,0.03091437843698793,0.04714106232912452,2022
2023_08_CHI_LAC,00-0033757,TE,CHI,2023,0,0.03962994383338769,0.04273761086439027,0.03929026360882416,0.04950230238261077,2022
2023_08_CHI_LAC,00-0033925,RB,CHI,2023,0,0.212394672636963,0.17239341915447312,0.1814841452920725,0.24636532082778778,2022
2023_08_CHI_LAC,00-0033958,QB,CHI,2023,0,0.02292957620199343,0.018147867942244673,0.009982301805683805,0.05452221600837917,2022
2023_08_CHI_LAC,00-0034279,WR,CHI,2023,0,0.042875246872006945,0.06309374554976471,0.059774080524875255,0.05120665204833063,2022
2023_08_CHI_LAC,00-0034827,WR,CHI,2023,0,0.22436645506037134,0.27304714179567546,0.3240327504720498,0.20660038635552574,2022
2023_08_CHI_LAC,00-0035594,RB,CHI,2023,0,0.0068722007599630874,0.02965758303679495,0.03796476938606025,0.04880380147675679,2022
2023_08_CHI_LAC,00-0036290,TE,CHI,2023,0,0.1385048648201307,0.16192053270278034,0.1484993101043524,0.1666511648283588,2022
2023_08_CHI_LAC,00-0036297,RB,CHI,2023,1,0.17098847432718478,0.1553559685573139,0.14968002300051958,0.14374207099544162,2022
2023_08_CHI_LAC,00-0036309,WR,CHI,2023,0,0.11555539300991768,0.12300093704477218,0.1290178150457032,0.13012445227666924,2022
2023_08_CHI_LAC,00-0036906,RB,CHI,2023,0,0.23102892581270917,0.2687200657872855,0.2566174311154514,0.20433584386182005,2022
2023_08_CHI_LAC,00-0036945,QB,CHI,2023,0,0.14679241709389357,0.12892408130978325,0.13072300682620894,0.18747075922501139,2022
2023_08_CHI_LAC,00-0037745,WR,CHI,2023,0,0.023106366100655862,0.034914987823480584,0.031087961884067792,0.046242292482701314,2022
2023_08_CHI_LAC,00-0038416,QB,CHI,2023,1,0.06670269754851899,0.050604858612907574,0.046914395433914687,0.07535859571917133,2022
2023_08_CHI_LAC,00-0038941,WR,CHI,2023,0,0.07630571555284271,0.06143486120335966,0.059472459434522805,0.07821987619067078,2022
2023_08_CHI_LAC,00-0039021,RB,CHI,2023,0,0.14359602622619394,0.09084248280697152,0.08770486512134977,0.1275281027649772,2022
2023_08_CHI_LAC,00-0030279,WR,LAC,2023,0,0.4033480299616884,0.445651736914769,0.4465186359917411,0.41357744390047074,2022
2023_08_CHI_LAC,00-0033699,RB,LAC,2023,1,0.4975700105636447,0.39050639050909053,0.34013433533277004,0.4274021234529195,2022
2023_08_CHI_LAC,00-0033895,TE,LAC,2023,0,0.2057783318299118,0.17833969460449087,0.14910204831550838,0.20579148749636916,2022
2023_08_CHI_LAC,00-0035329,TE,LAC,2023,1,0.13518813706353605,0.10566434365302692,0.09443372907759168,0.10023335407384407,2022
2023_08_CHI_LAC,00-0036355,QB,LAC,2023,0,0.2457948595124373,0.19639380058118486,0.20301375796498788,0.17455939941703277,2022
2023_08_CHI_LAC,00-0036370,RB,LAC,2023,0,0.35030503064934737,0.2856975761946058,0.31913985007631357,0.32156535287064997,2022
2023_08_CHI_LAC,00-0036988,WR,LAC,2023,0,0.2911188405363272,0.26925210068026256,0.27788568104810263,0.2664145957789935,2022
2023_08_CHI_LAC,00-0037475,TE,LAC,2023,0,0.07687462025125191,0.09065300777837211,0.08847623440485879,0.047830897701888746,2022
2023_08_CHI_LAC,00-0038045,RB,LAC,2023,0,0.1046059053686973,0.08036004947903501,0.10887746271340261,0.07344115795216408,2022
2023_08_CHI_LAC,00-0038544,WR,LAC,2023,0,0.12264463624324395,0.09980435954629638,0.09781986637877892,0.058544277840528895,2022
2023_08_CHI_LAC,00-0038573,WR,LAC,2023,0,0.09133841348562222,0.07424017852121476,0.05603025511727159,0.06930431826869544,2022
2023_08_CIN_SF,00-0033009,WR,CIN,2023,1,0.19116541924090436,0.21702938464388433,0.21915026572854457,0.1842143294018838,2022
2023_08_CIN_SF,00-0033897,RB,CIN,2023,1,0.42549913567042064,0.47446983055280534,0.5558294055723872,0.36350535575186493,2022
2023_08_CIN_SF,00-0034613,TE,CIN,2023,0,0.09107677750619414,0.09190863290033903,0.06671697893830024,0.08992743620188585,2022
2023_08_CIN_SF,00-0034970,TE,CIN,2023,0,0.11772791034822738,0.10723785168981932,0.11003691034919988,0.13648692222400155,2022
2023_08_CIN_SF,00-0035291,RB,CIN,2023,0,0.04775907567787807,0.04859852029006447,0.054143543864426616,0.04929465062093708,2022
2023_08_CIN_SF,00-0035341,WR,CIN,2023,0,0.11711332582472833,0.11591519024697858,0.13412417540037863,0.12899685302256325,2022
2023_08_CIN_SF,00-0035631,TE,CIN,2023,0,0.0439278339551753,0.060554321035676754,0.050567769246316736,0.04442789236387458,2022
2023_08_CIN_SF,00-0035771,TE,CIN,2023,0,0.03893291353645956,0.0504936412787727,0.0384540298903186,0.04666144581279659,2022
2023_08_CIN_SF,00-0036410,WR,CIN,2023,0,0.21337927286692537,0.1541606337554776,0.1992885734642967,0.19345797721866506,2022
2023_08_CIN_SF,00-0036442,QB,CIN,2023,0,0.11666267923885676,0.10870319631236446,0.0939678472993952,0.10228856516124703,2022
2023_08_CIN_SF,00-0036900,WR,CIN,2023,1,0.2908854358542524,0.37843701953882486,0.3974103478383271,0.27975185072788716,2022
2023_08_CIN_SF,00-0037420,WR,CIN,2023,0,0.02098883257938522,0.037386179145803035,0.03821005469999221,0.04577543069831294,2022
2023_08_CIN_SF,00-0038597,RB,CIN,2023,0,0.023725600677927283,0.03719614145911033,0.04690025600700068,0.04659652868362808,2022
2023_08_CIN_SF,00-0038619,WR,CIN,2023,1,0.04533856369549116,0.05048329365331943,0.0554418801600696,0.057584189391203106,2022
2023_08_CIN_SF,00-0033280,RB,SF,2023,1,0.477364672229614,0.5875694200197084,0.5163280600019647,0.419584863289223,2022
2023_08_CIN_SF,00-0033288,TE,SF,2023,0,0.2301436229294126,0.24082390995494407,0.30847786960701373,0.26339345908991796,2022
2023_08_CIN_SF,00-0034073,TE,SF,2023,0,0.04406648864495433,0.03551270862747987,0.054598995793924666,0.054481424350011555,2022
2023_08_CIN_SF,00-0034407,WR,SF,2023,0,0.09765616051373194,0.08840809810686213,0.08010415165136124,0.06360040011040387,2022
2023_08_CIN_SF,00-0034869,QB,SF,2023,0,0.029066821019988476,0.00015482148758314376,0.0015562043427223803,0.046016678260805494,2022
2023_08_CIN_SF,00-0035719,WR,SF,2023,0,0.2842432431264711,0.2590764186591962,0.19832486076722963,0.2399964693319664,2022
2023_08_CIN_SF,00-0036259,WR,SF,2023,0,0.1737503187753322,0.1202511922866875,0.13254872005910648,0.12052806999913787,2022
2023_08_CIN_SF,00-0036261,WR,SF,2023,0,0.30316698654518603,0.2558196210847322,0.3087424993794237,0.28121148272939417,2022
2023_08_CIN_SF,00-0036567,RB,SF,2023,0,0.14709561189024634,0.09494896187642256,0.11075503197040444,0.08487489229852498,2022
2023_08_CIN_SF,00-0037525,RB,SF,2023,0,0.1093908075986576,0.08303836427652768,0.10145421139783134,0.080170082004616,2022
2023_08_CIN_SF,00-0037827,RB,SF,2023,0,0.1017716323688459,0.08505817140388078,0.10111931936355346,0.0795883399442242,2022
2023_08_CIN_SF,00-0037834,QB,SF,2023,0,0.1380059676890547,0.12128439248974461,0.10998721571426913,0.1286995599794836,2022
2023_08_CIN_SF,00-0038647,WR,SF,2023,0,0.054861556297844505,0.0646529772768083,0.0604478384859315,0.05061937048131722,2022
2023_08_CLE_SEA,00-0030068,WR,CLE,2023,0,0.043906317432973574,0.03839730731177912,0.03605305329910565,0.05070212999669745,2022
2023_08_CLE_SEA,00-0031544,WR,CLE,2023,0,0.17646182940514954,0.15385303567970954,0.17994735808223775,0.16650709901349448,2022
2023_08_CLE_SEA,00-0033275,QB,CLE,2023,0,0.07851022273603125,0.07966505210922861,0.06727110710385877,0.09096105063361358,2022
2023_08_CLE_SEA,00-0033537,QB,CLE,2023,0,0.08332986763063654,0.06573429466101327,0.06882846226639422,0.09964436334638982,2022
2023_08_CLE_SEA,00-0033885,TE,CLE,2023,1,0.1452377411183965,0.1543228448738781,0.1514431452145413,0.15691405760843288,2022
2023_08_CLE_SEA,00-0033923,RB,CLE,2023,1,0.15983825027670584,0.07563312924321604,0.07643957142653945,0.12937936706971292,2022
2023_08_CLE_SEA,00-0034364,TE,CLE,2023,0,0.03594133678468758,0.0366990079872487,0.03234736452314202,0.04877349597426136,2022
2023_08_CLE_SEA,00-0036232,TE,CLE,2023,0,0.03946852472261275,0.04311526161378909,0.039346270165090895,0.0454153897240102,2022
2023_08_CLE_SEA,00-0036233,WR,CLE,2023,0,0.09495313984254716,0.11229469985702376,0.10776733216358077,0.07232580067246172,2022
2023_08_CLE_SEA,00-0036980,WR,CLE,2023,0,0.17729555337559832,0.169531432882121,0.1539131900808479,0.1594475461619504,2022
2023_08_CLE_SEA,00-0037257,WR,CLE,2023,0,0.04925690077971112,0.037999434758463305,0.03874559728525747,0.05313451686945857,2022
2023_08_CLE_SEA,00-0037267,RB,CLE,2023,0,0.24007892120329355,0.24615943571942275,0.23267815021632904,0.23582081654288065,2022
2023_08_CLE_SEA,00-0038098,RB,CLE,2023,0,0.07511336815985581,0.04881838869984482,0.055394346695483807,0.07393244471098444,2022
2023_08_CLE_SEA,00-0038583,QB,CLE,2023,0,0.11106223448010522,0.11921381945432488,0.1467192955573684,0.10974058539498958,2022
2023_08_CLE_SEA,00-0038979,WR,CLE,2023,0,0.10269365863182167,0.02154889960766381,0.025036831685658786,0.09490487412317963,2022
2023_08_CLE_SEA,00-0030565,QB,SEA,2023,0,0.13651124488456667,0.11654135031461835,0.08521101154263941,0.11594278182487423,2022
2023_08_CLE_SEA,00-0032211,WR,SEA,2023,1,0.2420008492134461,0.24731530097320006,0.2188135093345258,0.1996955263081676,2022
2023_08_CLE_SEA,00-0034159,TE,SEA,2023,0,0.08195099840252518,0.07992677257837776,0.07625277887045374,0.06501710934153564,2022
2023_08_CLE_SEA,00-0035164,WR,SEA,2023,0,0.023125133920491425,0.04100039506390202,0.03513791324468281,0.046317987880113265,2022
2023_08_CLE_SEA,00-0035640,WR,SEA,2023,0,0.22159359006461588,0.21800250777169744,0.20062695558665294,0.20002223488462062,2022
2023_08_CLE_SEA,00-0035644,TE,SEA,2023,0,0.1049002999800569,0.09501392741213861,0.09370923541734731,0.0938913052469425,2022
2023_08_CLE_SEA,00-0035704,QB,SEA,2023,0,0.045770355682480224,0.03493043732614059,0.018142476641953002,0.04791574772047871,2022
2023_08_CLE_SEA,00-0036244,TE,SEA,2023,0,0.12431797632323549,0.10567808637738962,0.09984747619962203,0.0950754580830268,2022
2023_08_CLE_SEA,00-0036425,RB,SEA,2023,0,0.04294735291037799,0.04921767905043359,0.052797700567241375,0.046439649935166014,2022
2023_08_CLE_SEA,00-0038134,RB,SEA,2023,0,0.43829020534409824,0.5954344458894506,0.44690298891254465,0.3444068403700024,2022
2023_08_CLE_SEA,00-0038543,WR,SEA,2023,1,0.17877596644011995,0.12926057683763922,0.1273689558210738,0.153025343814954,2022
2023_08_CLE_SEA,00-0038752,WR,SEA,2023,1,0.09472341831099751,0.08117032219559676,0.06930246287204497,0.07932368594027643,2022
2023_08_CLE_SEA,00-0039165,RB,SEA,2023,0,0.17206796058187757,0.10479174810514268,0.10194513404428177,0.08297308587512908,2022
2023_08_HOU_CAR,00-0027973,QB,CAR,2023,0,0.06758850354138235,0.04658055236873192,0.03267342510243098,0.06003238630704851,2022
2023_08_HOU_CAR,00-0030035,WR,CAR,2023,0,0.26453008305244574,0.3267519440688949,0.29601224015428473,0.2858882929580297,2022
2023_08_HOU_CAR,00-0034365,TE,CAR,2023,0,0.035177497412167025,0.04384145991253792,0.033723886316153126,0.047751012365962776,2022
2023_08_HOU_CAR,00-0034777,WR,CAR,2023,0,0.1545851052012861,0.16006386734784236,0.16122607207686987,0.17284150012342397,2022
2023_08_HOU_CAR,00-0034830,TE,CAR,2023,0,0.09390749156385902,0.08424587314109011,0.07962178019196382,0.08876307694569034,2022
2023_08_HOU_CAR,00-0035243,RB,CAR,2023,0,0.32841048369334214,0.2596718686893028,0.2727812352062533,0.32393059163219234,2022
2023_08_HOU_CAR,00-0035956,TE,CAR,2023,0,0.016454343998940524,0.0349327102892474,0.022470843868035037,0.04488735132500798,2022
2023_08_HOU_CAR,00-0036268,WR,CAR,2023,0,0.07235170988224049,0.0529248457607423,0.042186134909696166,0.06493888600507139,2022
2023_08_HOU_CAR,00-0036555,RB,CAR,2023,0,0.2420880618520833,0.19523670583418243,0.2226906564652833,0.23744108139423786,2022
2023_08_HOU_CAR,00-0036955,WR,CAR,2023,0,0.1554113957342237,0.12553567166573915,0.13352520232656762,0.15718555841976273,2022
2023_08_HOU_CAR,00-0037005,TE,CAR,2023,1,0.04419636315147457,0.048102088928030896,0.031189902768251624,0.0646780992652307,2022
2023_08_HOU_CAR,00-0037429,RB,CAR,2023,0,0.12371086701343115,0.09466799148973375,0.0576909068690193,0.08077772322275019,2022
2023_08_HOU_CAR,00-0039062,WR,CAR,2023,0,0.15159217864663788,0.14765286076211884,0.16013716825757002,0.14651917287882033,2022
2023_08_HOU_CAR,00-0039150,QB,CAR,2023,0,0.08341379663220538,0.09313706894765413,0.07096139594909662,0.06716728496954022,2022
2023_08_HOU_CAR,00-0030431,WR,HOU,2023,0,0.2367598218708311,0.18172884376210582,0.18583296354918372,0.2135301700976971,2022
2023_08_HOU_CAR,00-0033591,WR,HOU,2023,0,0.19362130340427597,0.16755627108425,0.13061232856323216,0.17733324936780598,2022
2023_08_HOU_CAR,00-0034208,RB,HOU,2023,0,0.0441280113603848,0.05598183805223995,0.05600073208251784,0.047947888154983395,2022
2023_08_HOU_CAR,00-0034383,TE,HOU,2023,0,0.22899750341646474,0.1867982917437039,0.18343034635759417,0.20195717941810398,2022
2023_08_HOU_CAR,00-0035250,RB,HOU,2023,0,0.19422332227747563,0.15351753825685077,0.1481614577551518,0.18731793631595892,2022
2023_08_HOU_CAR,00-0036554,WR,HOU,2023,0,0.22673367728979332,0.2102155575365152,0.19422090399187744,0.20799613586892465,2022
2023_08_HOU_CAR,00-0036556,TE,HOU,2023,0,0.05781028809788957,0.05662111138284263,0.052899772340874354,0.059503330889645226,2022
2023_08_HOU_CAR,00-0037258,RB,HOU,2023,0,0.3921230329344124,0.4064187426507667,0.3563276527693527,0.3563523512436819,2022
2023_08_HOU_CAR,00-0037277,TE,HOU,2023,0,0.05270468650420812,0.06550487907377976,0.07209459336991299,0.046194947156971845,2022
2023_08_HOU_CAR,00-0037614,WR,HOU,2023,0,0.07099656617060879,0.06510575054127549,0.05502280748731567,0.057493522290792805,2022
2023_08_HOU_CAR,00-0038618,WR,HOU,2023,0,0.041137605905117725,0.04480463310136,0.03867838958152085,0.05283639586656699,2022
2023_08_HOU_CAR,00-0038977,WR,HOU,2023,0,0.203150233949015,0.16186543339808288,0.1409709834341923,0.17894130389005433,2022
2023_08_HOU_CAR,00-0039163,QB,HOU,2023,1,0.135433337174377,0.12028276650219936,0.11173090090008359,0.11273685200309437,2022
2023_08_JAX_PIT,00-0033572,WR,JAX,2023,0,0.09083919417698572,0.07484804276218256,0.06726413585060265,0.07269304674012562,2022
2023_08_JAX_PIT,00-0033881,TE,JAX,2023,0,0.22861039142026984,0.20491830968026598,0.24141425970170052,0.17767383499585096,2022
2023_08_JAX_PIT,00-0033891,WR,JAX,2023,0,0.19607406450666598,0.13587054258236386,0.13837596938368824,0.1432707590411966,2022
2023_08_JAX_PIT,00-0033936,QB,JAX,2023,0,0.03387317015050273,0.024150915884366148,0.01210584378868426,0.05111042640664941,2022
2023_08_JAX_PIT,00-0034775,WR,JAX,2023,0,0.24164458331971295,0.19963613412723458,0.2041836999673486,0.1922977184453501,2022
2023_08_JAX_PIT,00-0034837,WR,JAX,2023,0,0.2133256373245066,0.1934965912988761,0.19217679003115268,0.18867538653030388,2022
2023_08_JAX_PIT,00-0035628,RB,JAX,2023,0,0.04176005154607376,0.04700627541186886,0.05270291122816052,0.057408734734085184,2022
2023_08_JAX_PIT,00-0036497,WR,JAX,2023,0,0.05440288947326055,0.06164135813177766,0.057037448978821084,0.0477379774403203,2022
2023_08_JAX_PIT,00-0036887,TE,JAX,2023,0,0.05635022662928346,0.06670895498454335,0.06683188954033771,0.0477379774403203,2022
2023_08_JAX_PIT,00-0036971,QB,JAX,2023,0,0.16112175122443884,0.13871487505925922,0.16018299698377592,0.12286776037246565,2022
2023_08_JAX_PIT,00-0036973,RB,JAX,2023,1,0.435711212935353,0.5334864249816593,0.4882687370008946,0.3438585565292258,2022
2023_08_JAX_PIT,00-0038555,RB,JAX,2023,0,0.08209847015028549,0.05582511325061162,0.06626134220544254,0.06101761680368044,2022
2023_08_JAX_PIT,00-0038935,TE,JAX,2023,0,0.06834179155667952,0.058107779460663374,0.05716529631380549,0.0549833493095113,2022
2023_08_JAX_PIT,00-0031428,WR,PIT,2023,0,0.1648131634663279,0.14194765758344796,0.1253578595323206,0.16354515811130316,2022
2023_08_JAX_PIT,00-0035216,WR,PIT,2023,0,0.17047709701735592,0.13071089134904176,0.14033996167206056,0.16260286766578422,2022
2023_08_JAX_PIT,00-0035645,WR,PIT,2023,0,0.01614342267301261,0.034161934280972965,0.0314206921122092,0.04781308752864108,2022
2023_08_JAX_PIT,00-0035703,WR,PIT,2023,0,0.035262934925563205,0.040017270594629124,0.03863531418333318,0.044755816067402955,2022
2023_08_JAX_PIT,00-0036893,RB,PIT,2023,0,0.3248150703086107,0.2742801964004206,0.32410115331139605,0.3501489667326258,2022
2023_08_JAX_PIT,00-0036894,TE,PIT,2023,0,0.1422350882142981,0.1212168455497886,0.12172647920876255,0.1347540255216231,2022
2023_08_JAX_PIT,00-0037228,RB,PIT,2023,0,0.26420059235306925,0.1879532236214238,0.1419014007762771,0.18898230791678244,2022
2023_08_JAX_PIT,00-0037247,WR,PIT,2023,1,0.2773797186085315,0.21262998677571904,0.2586099350336602,0.22154370049563676,2022
2023_08_JAX_PIT,00-0037837,WR,PIT,2023,0,0.1371976108474482,0.10189360864228565,0.10556719119846013,0.09914580234760044,2022
2023_08_JAX_PIT,00-0038102,QB,PIT,2023,0,0.15117616722499005,0.09507646705578582,0.07671015522478136,0.12296259509137808,2022
2023_08_JAX_PIT,00-0038558,TE,PIT,2023,0,0.07416887070785438,0.07665300014892355,0.09177738026737645,0.055988472076870674,2022
2023_08_KC_DEN,00-0029263,QB,DEN,2023,0,0.14700971301836918,0.09692228681428054,0.07186205012819864,0.11561923054414386,2022
2023_08_KC_DEN,00-0031484,TE,DEN,2023,0,0.05117039381498001,0.04785844160049237,0.041725847033702405,0.04783399218101526,2022
2023_08_KC_DEN,00-0033526,RB,DEN,2023,0,0.18600969961739267,0.10357613878414676,0.0996117153309936,0.11517612262086843,2022
2023_08_KC_DEN,00-0034348,WR,DEN,2023,1,0.2436492848522177,0.20946403779450357,0.23682634802123512,0.19906347655093803,2022
2023_08_KC_DEN,00-0036407,WR,DEN,2023,1,0.2173082377628971,0.18217715230915105,0.19531758567114224,0.15979415023590252,2022
2023_08_KC_DEN,00-0036422,TE,DEN,2023,0,0.13118043068287288,0.11978632605277514,0.12102764032159517,0.08982004279613004,2022
2023_08_KC_DEN,00-0036997,RB,DEN,2023,1,0.2988815751542574,0.2279612504161358,0.24390161869877353,0.2482604223791437,2022
2023_08_KC_DEN,00-0037252,TE,DEN,2023,0,0.08423219477751864,0.05486879817160855,0.03654630626771629,0.07119406092693009,2022
2023_08_KC_DEN,00-0037382,WR,DEN,2023,0,0.0965811195309022,0.07169943562727953,0.07703548567539165,0.0824005391290916,2022
2023_08_KC_DEN,00-0038783,TE,DEN,2023,0,0.04308026773169715,0.03974544445962041,0.02594203516910784,0.04920087575995812,2022
2023_08_KC_DEN,00-0038794,RB,DEN,2023,0,0.23283476479439413,0.10706207490567098,0.13310294366613262,0.1363312343672815,2022
2023_08_KC_DEN,00-0038976,WR,DEN,2023,0,0.09209419135348462,0.059496015165605945,0.06576582825418995,0.09033420901169958,2022
2023_08_KC_DEN,00-0030506,TE,KC,2023,0,0.33260025873850974,0.33064386717568217,0.2928113559903984,0.3795268069957364,2022
2023_08_KC_DEN,00-0031376,RB,KC,2023,0,0.15376917358026154,0.11312666145154761,0.11518059913185132,0.09663870389477541,2022
2023_08_KC_DEN,00-0032062,TE,KC,2023,0,0.10125490236908075,0.09238034600938644,0.09945048458827169,0.0754619479152201,2022
2023_08_KC_DEN,00-0033873,QB,KC,2023,0,0.1739594092281238,0.15005836295375863,0.15412118211196807,0.15017495487157384,2022
2023_08_KC_DEN,00-0034272,WR,KC,2023,0,0.12851497942248513,0.12757289474968428,0.11301567946752222,0.08030948180565987,2022
2023_08_KC_DEN,00-0034386,WR,KC,2023,0,0.12424671271790533,0.11473560721674805,0.10059260918572088,0.09713888099411132,2022
2023_08_KC_DEN,00-0035140,WR,KC,2023,0,0.11192128506273191,0.05927036721249214,0.05865903712445582,0.08486961272727911,2022
2023_08_KC_DEN,00-0036360,RB,KC,2023,0,0.1634644695149965,0.09893240194021918,0.11550186411702282,0.08785944017594882,2022
2023_08_KC_DEN,00-0036637,TE,KC,2023,0,0.11290612645245579,0.11792169291038081,0.14559412139301445,0.07305357987652164,2022
2023_08_KC_DEN,00-0036913,WR,KC,2023,0,0.13498186434792414,0.0933231184073069,0.07673002428648552,0.08697101445092406,2022
2023_08_KC_DEN,00-0037197,RB,KC,2023,0,0.4643106418566857,0.4765307751850965,0.4570158102982564,0.3994509248874957,2022
2023_08_KC_DEN,00-0037216,WR,KC,2023,0,0.06401983228194164,0.06762186367460346,0.06026646717494701,0.05232281851743723,2022
2023_08_KC_DEN,00-0038090,WR,KC,2023,0,0.16309298438005615,0.1436142423634416,0.1265775140001456,0.11627301348021471,2022
2023_08_KC_DEN,00-0039067,WR,KC,2023,0,0.20029346669894155,0.14533471105068743,0.134198204069503,0.2119412848370368,2022
2023_08_LA_DAL,00-0031236,WR,DAL,2023,1,0.23749474887829503,0.21507549330426143,0.21415617463852618,0.20504361666955173,2022
2023_08_LA_DAL,00-0033077,QB,DAL,2023,0,0.1637317652082908,0.14920041007704649,0.14831236015806795,0.15263850289117334,2022
2023_08_LA_DAL,00-0033662,QB,DAL,2023,0,0.05006818776102906,0.0349844366518133,0.017828238854521745,0.053674622953328394,2022
2023_08_LA_DAL,00-0034764,WR,DAL,2023,0,0.245165919131636,0.19397747463480258,0.21323582731260127,0.21127970577080757,2022
2023_08_LA_DAL,00-0035261,RB,DAL,2023,0,0.5042452148203279,0.5837225995632569,0.5140618298978091,0.4298166070237563,2022
2023_08_LA_DAL,00-0036032,TE,DAL,2023,0,0.03140903152550256,0.055066504505261384,0.04002215889774498,0.048800303138727075,2022
2023_08_LA_DAL,00-0036139,RB,DAL,2023,0,0.164947661339638,0.10000399417536585,0.11586715570405669,0.08289599683308152,2022
2023_08_LA_DAL,00-0036358,WR,DAL,2023,1,0.3120545721831728,0.3000628631542727,0.28102267171748047,0.26644094688098274,2022
2023_08_LA_DAL,00-0037666,WR,DAL,2023,0,0.11421153922242622,0.10269313593868719,0.09894370009921238,0.07039216922380698,2022
2023_08_LA_DAL,00-0037801,WR,DAL,2023,0,0.05460719556855054,0.06567310073435173,0.05724562772049668,0.05270519252446241,2022
2023_08_LA_DAL,00-0038041,TE,DAL,2023,1,0.21060048079632554,0.18993676667375903,0.14866198834859004,0.22172182741401764,2022
2023_08_LA_DAL,00-0038547,TE,DAL,2023,0,0.0967592765709131,0.08159078054890294,0.06628639177836237,0.08242410754152639,2022
2023_08_LA_DAL,00-0038622,RB,DAL,2023,0,0.17554150531025758,0.11343220944083265,0.12443156656301033,0.09096996623740577,2022
2023_08_LA_DAL,00-0038738,RB,DAL,2023,0,0.052986095493616214,0.06497991755325322,0.0742501764343563,0.05685343796946837,2022
2023_08_LA_DAL,00-0026498,QB,LA,2023,0,0.06318039083532967,0.08541211333957192,0.06464998706277325,0.05818367116744903,2022
2023_08_LA_DAL,00-0033110,TE,LA,2023,0,0.140148351430728,0.17162262589079746,0.2075801024136339,0.17796971934122505,2022
2023_08_LA_DAL,00-0033908,WR,LA,2023,0,0.2357763234276995,0.2662604572641944,0.32014792858640684,0.2191034282621792,2022
2023_08_LA_DAL,00-0034838,RB,LA,2023,1,0.06637877787868807,0.0569074350349375,0.07265858439348709,0.07219392052727497,2022
2023_08_LA_DAL,00-0035664,RB,LA,2023,0,0.28728476120133795,0.2518469607720407,0.38278316357595454,0.3214275616889048,2022
2023_08_LA_DAL,00-0036424,TE,LA,2023,0,0.022797639261127656,0.036058236276659376,0.027684712957298803,0.045550911911152576,2022
2023_08_LA_DAL,00-0036849,WR,LA,2023,0,0.15538021182883066,0.18134037617602913,0.17483236183511064,0.16874580602514383,2022
2023_08_LA_DAL,00-0036862,WR,LA,2023,1,0.04134172992366447,0.04605452762112943,0.04501387818518673,0.05475943584490651,2022
2023_08_LA_DAL,00-0037557,RB,LA,2023,0,0.06454195711525401,0.05496005075857738,0.06540372529688987,0.07202064335395023,2022
2023_08_LA_DAL,00-0037840,RB,LA,2023,0,0.3609610278800214,0.44718202968995835,0.5015454857454301,0.3495884620346186,2022
2023_08_LA_DAL,00-0039075,WR,LA,2023,0,0.21857394884616976,0.2881018571533462,0.3200681194136668,0.26489733571086754,2022
2023_08_LA_DAL,00-0039136,RB,LA,2023,0,0.06075496284481163,0.0569162077241651,0.06970094161633127,0.07101527100487297,2022
2023_08_LV_DET,00-0029293,WR,DET,2023,0,0.1082264367562139,0.10272833475645168,0.09791793236842995,0.07475094753551216,2022
2023_08_LV_DET,00-0031237,QB,DET,2023,0,0.04609577937525111,0.00018524249977485026,0.0020124049470213595,0.05897264667216964,2022
2023_08_LV_DET,00-0032464,WR,DET,2023,0,0.11017082886250673,0.10069348379935039,0.08864861219795764,0.09005172144807547,2022
2023_08_LV_DET,00-0033106,QB,DET,2023,0,0.12744857380309538,0.11894110145620122,0.1084966122893914,0.09194744893636053,2022
2023_08_LV_DET,00-0033943,WR,DET,2023,0,0.18416105799698224,0.22791467916163188,0.18194645688388297,0.1957749572982647,2022
2023_08_LV_DET,00-0035184,RB,DET,2023,0,0.11042089143376088,0.09125311036679375,0.061794258475594964,0.08264931003442735,2022
2023_08_LV_DET,00-0035567,RB,DET,2023,0,0.13936246389319018,0.10265294653483037,0.12184551902361164,0.08422133039218864,2022
2023_08_LV_DET,00-0035685,RB,DET,2023,0,0.409185709604303,0.43500453845060033,0.4713349337488097,0.4235685278440587,2022
2023_08_LV_DET,00-0036754,TE,DET,2023,0,0.10012190120722164,0.11940868396879148,0.08864671688942857,0.10697419224122644,2022
2023_08_LV_DET,00-0036963,WR,DET,2023,0,0.32638600132948636,0.3688708614941788,0.37565523689298597,0.39868065539569086,2022
2023_08_LV_DET,00-0037157,RB,DET,2023,0,0.05065644398030833,0.06335915908885772,0.08011471211192717,0.05990447435237801,2022
2023_08_LV_DET,00-0037240,WR,DET,2023,0,0.124704401262977,0.10500638679278146,0.10242193075198902,0.08373105860155663,2022
2023_08_LV_DET,00-0038627,WR,DET,2023,0,0.04423499236958961,0.06808947233441645,0.06062703462548975,0.047643694088483866,2022
2023_08_LV_DET,00-0039065,TE,DET,2023,1,0.24230281966693779,0.2603503494318098,0.24434399825988437,0.26639921123503985,2022
2023_08_LV_DET,00-0039139,RB,DET,2023,1,0.3386396317765382,0.32687408968958004,0.3008989722205053,0.33818201320709185,2022
2023_08_LV_DET,00-0026625,QB,LV,2023,0,0.06553443571823026,0.0002739277831720739,0.003570583675535276,0.05831072956839998,2022
2023_08_LV_DET,00-0031345,QB,LV,2023,0,0.11822945613184443,0.09315547051105492,0.07732743735008593,0.10711735213485543,2022
2023_08_LV_DET,00-0031381,WR,LV,2023,0,0.25599261042799415,0.29960313859527504,0.3278365004458754,0.23697592110878907,2022
2023_08_LV_DET,00-0031763,WR,LV,2023,0,0.028846441462360706,0.0373896270352174,0.0374391593944448,0.04697245955360713,2022
2023_08_LV_DET,00-0032104,RB,LV,2023,0,0.057103138049393265,0.0484416751783483,0.04815371103230186,0.05699439719523143,2022
2023_08_LV_DET,00-0032392,TE,LV,2023,0,0.06800662501859522,0.06957247798713422,0.06549714696387686,0.06110682550802531,2022
2023_08_LV_DET,00-0034960,WR,LV,2023,0,0.227556825971711,0.2668488961710263,0.280577200415925,0.19926029734800849,2022
2023_08_LV_DET,00-0034983,WR,LV,2023,0,0.0627281682511478,0.05924155961448557,0.05965328036618952,0.054583152380086035,2022
2023_08_LV_DET,00-0035562,TE,LV,2023,0,0.012958176269578403,0.03176110725021721,0.022829241392809358,0.04837857174561053,2022
2023_08_LV_DET,00-0035700,RB,LV,2023,1,0.43401824617096696,0.6128798117536831,0.6436103395015362,0.3558925633963445,2022
2023_08_LV_DET,00-0035726,RB,LV,2023,0,0.024797160082220993,0.04580799784237202,0.04834461899337706,0.046602618320527214,2022
2023_08_LV_DET,00-0038040,RB,LV,2023,0,0.0830428275042584,0.054108909515518736,0.0654061796840567,0.07252180860561712,2022
2023_08_LV_DET,00-0038563,WR,LV,2023,0,0.07843682441571131,0.05801105317676911,0.05513009444099663,0.0737240343703094,2022
2023_08_LV_DET,00-0038579,QB,LV,2023,0,0.0953192006568937,0.08341059906525854,0.06094328983881485,0.081744080489862,2022
2023_08_LV_DET,00-0039066,TE,LV,2023,0,0.09859670877800863,0.09400995544130807,0.10111742796432542,0.10821078076464485,2022
2023_08_MIN_GB,00-0033293,RB,GB,2023,0,0.244026123369808,0.17646584728709408,0.187621408222234,0.18691445372162102,2022
2023_08_MIN_GB,00-0035973,RB,GB,2023,0,0.12884359750702234,0.08712101393548706,0.08061390459804385,0.08495739367438424,2022
2023_08_MIN_GB,00-0036264,QB,GB,2023,0,0.1363626209622365,0.11586971943182173,0.09365159392893829,0.11720307389949988,2022
2023_08_MIN_GB,00-0036265,RB,GB,2023,0,0.30875239536607335,0.30902509114833093,0.31690920073745577,0.32333353737972675,2022
2023_08_MIN_GB,00-0036332,TE,GB,2023,0,0.052010492119072715,0.06185340417225907,0.05097877414016418,0.05529689891983847,2022
2023_08_MIN_GB,00-0037098,WR,GB,2023,0,0.07327352475258608,0.0617837863702684,0.06709862687199439,0.05828293296995053,2022
2023_08_MIN_GB,00-0037816,WR,GB,2023,1,0.21682378978679206,0.2159186910223386,0.2441421500104163,0.20194874002493288,2022
2023_08_MIN_GB,00-0038124,WR,GB,2023,0,0.17903266218458225,0.17719471620273178,0.1755924610747508,0.16033089917315752,2022
2023_08_MIN_GB,00-0038393,WR,GB,2023,0,0.09105314655998964,0.08097075501172936,0.07709417327937725,0.08144689430465381,2022
2023_08_MIN_GB,00-0038797,RB,GB,2023,0,0.07192644868992104,0.05635394723786743,0.06412648382534782,0.07326076201688142,2022
2023_08_MIN_GB,00-0038809,TE,GB,2023,0,0.03127888028536874,0.04070530138189184,0.028883892360630613,0.04577543069831294,2022
2023_08_MIN_GB,00-0038996,TE,GB,2023,0,0.03940392232979251,0.05786581114093994,0.050375686371372685,0.04666144581279659,2022
2023_08_MIN_GB,00-0039144,TE,GB,2023,0,0.14498167264608608,0.13923121654446538,0.13603246030596025,0.15034528884212725,2022
2023_08_MIN_GB,00-0039146,WR,GB,2023,0,0.16886354821354477,0.13384152841824887,0.14199905641646235,0.16854446873342693,2022
2023_08_MIN_GB,00-0029604,QB,MIN,2023,0,0.11384604522192054,0.08877955028348539,0.07476425421052331,0.07525949503801098,2022
2023_08_MIN_GB,00-0033246,TE,MIN,2023,0,0.018129369849824495,0.040933558609992024,0.03341313422227333,0.04689162840897026,2022
2023_08_MIN_GB,00-0034646,WR,MIN,2023,0,0.11255197355239688,0.08115958197831157,0.07394600406449531,0.0978643553629412,2022
2023_08_MIN_GB,00-0034972,RB,MIN,2023,0,0.4186845648141705,0.40556638618506996,0.4332804368093956,0.36644091538107293,2022
2023_08_MIN_GB,00-0035229,TE,MIN,2023,1,0.22627201964410282,0.23050227297677783,0.2633053534473971,0.19942686767131185,2022
2023_08_MIN_GB,00-0035249,TE,MIN,2023,0,0.06739539360195435,0.06955896350738268,0.06467734292480314,0.05490326516989785,2022
2023_08_MIN_GB,00-0035934,WR,MIN,2023,0,0.030080528323602973,0.04680751760159092,0.04259753692768206,0.04689162840897026,2022
2023_08_MIN_GB,00-0036322,WR,MIN,2023,0,0.26885105951572574,0.336588891247012,0.33836602961734247,0.2723519864644064,2022
2023_08_MIN_GB,00-0036345,WR,MIN,2023,0,0.1727349400712106,0.20089665781985522,0.18992591391468966,0.1964313711772873,2022
2023_08_MIN_GB,00-0036414,RB,MIN,2023,1,0.18951280485445077,0.11649194822864897,0.12603187214623554,0.11959854533713599,2022
2023_08_MIN_GB,00-0037276,RB,MIN,2023,0,0.037167973055342696,0.043130635024293734,0.05107658983033304,0.04860875321231774,2022
2023_08_MIN_GB,00-0038994,WR,MIN,2023,1,0.20179983183867656,0.19035570645882666,0.194829492786574,0.1769802824958285,2022
2023_08_NE_MIA,00-0031687,RB,MIA,2023,1,0.42191776105153067,0.39285416914128646,0.36195604868286313,0.3870316900018562,2022
2023_08_NE_MIA,00-0033040,WR,MIA,2023,1,0.35688140498769705,0.3020476221195567,0.3442999784694451,0.3811214058996843,2022
2023_08_NE_MIA,00-0034115,RB,MIA,2023,0,0.060560110104862286,0.07068712729464124,0.03965849512664295,0.06253344211245507,2022
2023_08_NE_MIA,00-0034401,QB,MIA,2023,0,0.05567491660856094,0.00023410581731567117,0.0026854277998997803,0.05637996245521098,2022
2023_08_NE_MIA,00-0034418,WR,MIA,2023,1,0.140126652083729,0.13172958843103283,0.12297937883350069,0.12778915751836012,2022
2023_08_NE_MIA,00-0034419,WR,MIA,2023,0,0.13942632782780606,0.1273352160970369,0.11468284226616181,0.12458584032196042,2022
2023_08_NE_MIA,00-0034798,TE,MIA,2023,0,0.17093816235526416,0.18997384508516174,0.1983917902535416,0.13398935919204608,2022
2023_08_NE_MIA,00-0036020,RB,MIA,2023,0,0.22025089889003302,0.12624277532393455,0.14153423953356573,0.10421157527142554,2022
2023_08_NE_MIA,00-0036212,QB,MIA,2023,0,0.10731726795639662,0.11904379987225232,0.08806508180704764,0.06528298895137144,2022
2023_08_NE_MIA,00-0036613,WR,MIA,2023,1,0.3129856401982082,0.31491365232208424,0.2873349280285181,0.2328677018776191,2022
2023_08_NE_MIA,00-0038685,RB,MIA,2023,0,0.14812059239847442,0.11633682962908418,0.16511786698618502,0.09038348291954017,2022
2023_08_NE_MIA,00-0038720,TE,MIA,2023,0,0.07053144670486544,0.08050792140571082,0.07115668634026687,0.08907474576642921,2022
2023_08_NE_MIA,00-0039040,RB,MIA,2023,0,0.3394539185961496,0.24835237248965245,0.3134799751501581,0.3087853617748951,2022
2023_08_NE_MIA,00-0031547,WR,NE,2023,0,0.12329886117859157,0.12497276031279159,0.1231247538770138,0.10336272019716354,2022
2023_08_NE_MIA,00-0032200,WR,NE,2023,0,0.05529299521418707,0.03635581752216233,0.037361038110677286,0.056215408284113214,2022
2023_08_NE_MIA,00-0033045,RB,NE,2023,0,0.2602107502258486,0.13907972342913671,0.15815620569575922,0.2746264241682269,2022
2023_08_NE_MIA,00-0033090,TE,NE,2023,0,0.13160988191365275,0.11309889215340023,0.13512199018513274,0.09555839296513984,2022
2023_08_NE_MIA,00-0033307,WR,NE,2023,1,0.2098593999885845,0.17352992157279293,0.1615861930406705,0.16941639179367932,2022
2023_08_NE_MIA,00-0033439,TE,NE,2023,0,0.06431155954148471,0.059156869308686535,0.05120872660128622,0.05991830827116766,2022
2023_08_NE_MIA,00-0033857,WR,NE,2023,1,0.1364264140462188,0.09787516563390447,0.10582016588026089,0.13083215794057373,2022
2023_08_NE_MIA,00-0034829,TE,NE,2023,0,0.11185543520586727,0.0752399033494053,0.07305944456577963,0.10899851189519623,2022
2023_08_NE_MIA,00-0036387,WR,NE,2023,0,0.05045035015653199,0.06295877236639369,0.05762405543080767,0.047077939448229605,2022
2023_08_NE_MIA,00-0036875,RB,NE,2023,0,0.33872145497932626,0.2967792920571612,0.28391796962818916,0.33440518103933237,2022
2023_08_NE_MIA,00-0036972,QB,NE,2023,0,0.09943672737191245,0.08338627245445629,0.06557672329658848,0.09442174770858944,2022
2023_08_NE_MIA,00-0038104,WR,NE,2023,0,0.06150848933415176,0.0505969017459317,0.05890983417836287,0.07177263367702831,2022
2023_08_NE_MIA,00-0038621,WR,NE,2023,0,0.1156894937456715,0.06184512175761995,0.06374877429672396,0.10965702917901567,2022
2023_08_NO_IND,00-0033217,TE,IND,2023,0,0.05325874389572682,0.060297492227659774,0.05316827709989847,0.0477379774403203,2022
2023_08_NO_IND,00-0033466,WR,IND,2023,0,0.04021827428390057,0.04398190417136034,0.041896760605286264,0.04698969214910995,2022
2023_08_NO_IND,00-0035289,QB,IND,2023,0,0.09137090206769116,0.07444057469734461,0.05411865266635742,0.07344586057759105,2022
2023_08_NO_IND,00-0036223,RB,IND,2023,0,0.2637797243089951,0.17844056413353546,0.1930175901578786,0.18368282745095818,2022
2023_08_NO_IND,00-0036251,RB,IND,2023,1,0.364732757970591,0.4084316565259666,0.40723425212587644,0.36332948982936336,2022
2023_08_NO_IND,00-0036252,WR,IND,2023,1,0.23678163869434488,0.2608913047347281,0.2665080201718073,0.2200116552356203,2022
2023_08_NO_IND,00-0036876,TE,IND,2023,0,0.13296146408535037,0.10968979084674636,0.08477140598581986,0.12068024863201049,2022
2023_08_NO_IND,00-0036984,RB,IND,2023,0,0.07511007597423824,0.059849463222136114,0.07189588041934591,0.06508980025669607,2022
2023_08_NO_IND,00-0036991,WR,IND,2023,0,0.04470589444800943,0.051080535167611414,0.052712958030208194,0.0481578615268424,2022
2023_08_NO_IND,00-0037292,TE,IND,2023,1,0.07192426115799477,0.07599449178154423,0.06780306732456305,0.06580162110943251,2022
2023_08_NO_IND,00-0037664,WR,IND,2023,0,0.14266106458536176,0.1767842165804405,0.18002421602466476,0.11800010790607895,2022
2023_08_NO_IND,00-0038394,TE,IND,2023,0,0.03789076241552236,0.04304007909738826,0.03272031376594029,0.04730809405763949,2022
2023_08_NO_IND,00-0038997,WR,IND,2023,0,0.20052316523059854,0.19715014794181063,0.19770973973392844,0.18269734327235337,2022
2023_08_NO_IND,00-0039164,QB,IND,2023,0,0.1570720061596188,0.08560841991146677,0.10587214133091354,0.151696596341491,2022
2023_08_NO_IND,00-0027696,TE,NO,2023,0,0.043661066791333414,0.04831297365758854,0.04779564675937275,0.05293538182254129,2022
2023_08_NO_IND,00-0031280,QB,NO,2023,0,0.08700338447189526,0.0866369069344098,0.06444186190071348,0.06329513600067752,2022
2023_08_NO_IND,00-0031503,QB,NO,2023,0,0.03137522222031841,0.028681394199053866,0.014282632549336248,0.04566067929187874,2022
2023_08_NO_IND,00-0032765,WR,NO,2023,0,0.2113510951505838,0.21323142184759175,0.20610050663695148,0.22539832654751274,2022
2023_08_NO_IND,00-0033357,TE,NO,2023,1,0.17349253613953375,0.13884817111574865,0.09699587405740136,0.14658173263839147,2022
2023_08_NO_IND,00-0033906,RB,NO,2023,1,0.4723563989376538,0.5595137470664763,0.4243080332752287,0.36184452435283654,2022
2023_08_NO_IND,00-0033948,RB,NO,2023,0,0.21528158162526245,0.18490893497216743,0.2024026314671024,0.18005500523565063,2022
2023_08_NO_IND,00-0034317,WR,NO,2023,0,0.05147294519439194,0.05356815192884437,0.05455801808884552,0.053104743573010954,2022
2023_08_NO_IND,00-0034981,TE,NO,2023,0,0.09748845277033169,0.09880912690305836,0.0946514655022069,0.09799968051693324,2022
2023_08_NO_IND,00-0037239,WR,NO,2023,0,0.25301630176904355,0.2602991664814097,0.2813376766586922,0.2345749383152482,2022
2023_08_NO_IND,00-0037545,WR,NO,2023,1,0.17282543715869036,0.16429063108874528,0.15626546480015788,0.16197090577195514,2022
2023_08_NO_IND,00-0038551,RB,NO,2023,0,0.1764618807730549,0.11810825568699647,0.11885235419646915,0.1279550299079171,2022
2023_08_NYJ_NYG,00-0028118,QB,NYG,2023,0,0.07072016214480425,0.04176028933527433,0.03387869106465619,0.09261433868302453,2022
2023_08_NYJ_NYG,00-0031610,TE,NYG,2023,0,0.18463135941735032,0.18108061548166882,0.21004109869627652,0.18155540778193252,2022
2023_08_NYJ_NYG,00-0032385,WR,NYG,2023,0,0.03127486670701185,0.0330844267801335,0.029932747332917637,0.04890475997445167,2022
2023_08_NYJ_NYG,00-0033308,RB,NYG,2023,0,0.15090019611530936,0.1174107194285835,0.11091613885349404,0.16433446446772548,2022
2023_08_NYJ_NYG,00-0034844,RB,NYG,2023,0,0.3287253542905797,0.4930520976217674,0.45742595579394635,0.2835868452596616,2022
2023_08_NYJ_NYG,00-0035535,WR,NYG,2023,0,0.1137373905560698,0.1191762924604875,0.11742779371541374,0.1237873685330754,2022
2023_08_NYJ_NYG,00-0035639,WR,NYG,2023,0,0.09234566695513513,0.057737339598851606,0.048212375372787344,0.10279456999133342,2022
2023_08_NYJ_NYG,00-0035710,QB,NYG,2023,0,0.1544129115695142,0.08705085507034765,0.1399861248026592,0.18993805279728632,2022
2023_08_NYJ_NYG,00-0036165,WR,NYG,2023,0,0.08323791034048611,0.06404890437265919,0.05455875032708283,0.10671124320541757,2022
2023_08_NYJ_NYG,00-0038115,TE,NYG,2023,0,0.0344513313449325,0.04723201055872945,0.04588577868374486,0.04532045518803948,2022
2023_08_NYJ_NYG,00-0038117,WR,NYG,2023,0,0.1287280020567838,0.09804875051301538,0.08944671441322788,0.13390467998723388,2022
2023_08_NYJ_NYG,00-0038396,RB,NYG,2023,0,0.04532371264054902,0.037662780734497275,0.048562662284136394,0.06452208786731393,2022
2023_08_NYJ_NYG,00-0038938,WR,NYG,2023,0,0.08027777880643028,0.07098686070665598,0.06800118031161212,0.08169993283162413,2022
2023_08_NYJ_NYG,00-0028002,WR,NYJ,2023,0,0.08728278949662271,0.06829021545147593,0.06426698171381418,0.06897743139328422,2022
2023_08_NYJ_NYG,00-0032134,TE,NYJ,2023,0,0.07557721142651752,0.06265485749329719,0.0679856862737423,0.0981759151190743,2022
2023_08_NYJ_NYG,00-0033893,RB,NYJ,2023,0,0.16678825304795797,0.09157447019447244,0.0989278904676998,0.11919065609591338,2022
2023_08_NYJ_NYG,00-0034270,TE,NYJ,2023,0,0.1698978259754429,0.13497839939659442,0.18655922405070322,0.1556866148301959,2022
2023_08_NYJ_NYG,00-0034433,RB,NYJ,2023,0,0.06035072217861648,0.03930187244835845,0.05603851399556525,0.06435189691114214,2022
2023_08_NYJ_NYG,00-0034521,WR,NYJ,2023,0,0.14820230298438875,0.15122120689384744,0.13471171501878426,0.16973843462326837,2022
2023_08_NYJ_NYG,00-0035140,WR,NYJ,2023,0,0.055864527085885296,0.04813729406701576,0.039778373436278686,0.05278011304372143,2022
2023_08_NYJ_NYG,00-0036924,RB,NYJ,2023,0,0.08864623117457193,0.06332408964426707,0.052185989788045395,0.07101145363403857,2022
2023_08_NYJ_NYG,00-0037013,QB,NYJ,2023,0,0.12464152139948759,0.10539481652986507,0.08904452876816317,0.11187250824023245,2022
2023_08_NYJ_NYG,00-0037740,WR,NYJ,2023,0,0.28979062627276986,0.21600237743546413,0.26315694424060804,0.23647856046462093,2022
2023_08_NYJ_NYG,00-0037805,TE,NYJ,2023,0,0.05320355314308678,0.05426583753477896,0.06366506749335393,0.052715854215115224,2022
2023_08_NYJ_NYG,00-0038120,RB,NYJ,2023,1,0.3210961643269459,0.25104292276492635,0.24774590250904505,0.2862851623042229,2022
2023_08_NYJ_NYG,00-0038496,WR,NYJ,2023,0,0.028017941939172952,0.037253486026948925,0.029557352635449174,0.04620530249852153,2022
2023_08_PHI_WAS,00-0027944,WR,PHI,2023,1,0.05113085648692306,0.05795366244999292,0.08058655996314074,0.05092960798179106,2022
2023_08_PHI_WAS,00-0034351,TE,PHI,2023,0,0.24161563450054613,0.2464575394814395,0.3020048161394005,0.26665691153778504,2022
2023_08_PHI_WAS,00-0034414,RB,PHI,2023,0,0.07356722978383112,0.060407907212189485,0.0682201714968905,0.06999142576550517,2022
2023_08_PHI_WAS,00-0035208,WR,PHI,2023,0,0.11604709137094027,0.13581436610682224,0.11366499520406852,0.09013765078026933,2022
2023_08_PHI_WAS,00-0035676,WR,PHI,2023,1,0.3629614205185041,0.4323778211794575,0.4246339557943696,0.3324139478402759,2022
2023_08_PHI_WAS,00-0036271,WR,PHI,2023,0,0.1318898078945272,0.14431010987123058,0.11977697307224265,0.0994152195580521,2022
2023_08_PHI_WAS,00-0036275,RB,PHI,2023,1,0.405731239740314,0.4367354429006632,0.3643496298351933,0.4054101866533837,2022
2023_08_PHI_WAS,00-0036389,QB,PHI,2023,0,0.2930640127705674,0.30466630093745456,0.23567777564658565,0.36830930301079384,2022
2023_08_PHI_WAS,00-0036741,TE,PHI,2023,0,0.0583086260312774,0.07068896405268563,0.07078056823952478,0.048092375625412374,2022
2023_08_PHI_WAS,00-0036912,WR,PHI,2023,1,0.25334869823106865,0.2875754203853802,0.2832016425458342,0.26040577336826315,2022
2023_08_PHI_WAS,00-0036919,RB,PHI,2023,0,0.2102971701691284,0.1662901639498768,0.16221286684559377,0.16491677625705847,2022
2023_08_PHI_WAS,00-0031260,TE,WAS,2023,1,0.15697602544884282,0.1427187269747597,0.10616123490348342,0.1527378959396623,2022
2023_08_PHI_WAS,00-0031941,WR,WAS,2023,1,0.014336332489438997,0.029249322633337304,0.030668976253111047,0.04726905791298146,2022
2023_08_PHI_WAS,00-0033282,WR,WAS,2023,0,0.19259055228931077,0.1564164091958464,0.14849061893824503,0.16222083889457745,2022
2023_08_PHI_WAS,00-0034297,WR,WAS,2023,0,0.03873185543630975,0.04012381969400333,0.040369030579984255,0.04730809405763949,2022
2023_08_PHI_WAS,00-0035659,WR,WAS,2023,1,0.21432807768491835,0.21185902488033748,0.22263768868469352,0.1690078418264653,2022
2023_08_PHI_WAS,00-0036328,RB,WAS,2023,0,0.15886694236699872,0.11405243242648833,0.11306316514916365,0.10855220629628703,2022
2023_08_PHI_WAS,00-0036626,WR,WAS,2023,0,0.05732537701251106,0.046159409598770476,0.051268958611322864,0.06183856813468439,2022
2023_08_PHI_WAS,00-0036628,TE,WAS,2023,0,0.07297898797200386,0.06544342405852206,0.05357960175888369,0.06610145651541405,2022
2023_08_PHI_WAS,00-0037077,QB,WAS,2023,0,0.14299553888443683,0.11008754609423366,0.1062123971634057,0.10855147250550937,2022
2023_08_PHI_WAS,00-0037078,TE,WAS,2023,0,0.07819384863711554,0.043882250750256487,0.028302497265968004,0.10247487167142187,2022
2023_08_PHI_WAS,00-0037741,WR,WAS,2023,1,0.17039673210817197,0.1564416184981811,0.1725723082231195,0.161087324948547,2022
2023_08_PHI_WAS,00-0037746,RB,WAS,2023,0,0.29802316330652723,0.19350746719934273,0.2178201567067977,0.2443019364828434,2022
2023_08_PHI_WAS,00-0038611,RB,WAS,2023,0,0.10498839309094143,0.05451873854973784,0.08129341025438441,0.08044470670708946,2022
2023_08_TB_BUF,00-0030513,RB,BUF,2023,0,0.24701922343682658,0.1476035638912099,0.16509386372628534,0.13916113336868438,2022
2023_08_TB_BUF,00-0031588,WR,BUF,2023,0,0.41462146508438047,0.3912543946336771,0.445243893526424,0.40070765266263386,2022
2023_08_TB_BUF,00-0034487,WR,BUF,2023,0,0.08763134883122714,0.08530668141225331,0.07774613105680854,0.05336930211823161,2022
2023_08_TB_BUF,00-0034857,QB,BUF,2023,1,0.20935780517085456,0.15205602685631162,0.13881067377386702,0.16272548855534869,2022
2023_08_TB_BUF,00-0035215,WR,BUF,2023,0,0.10410041256608582,0.07988599630411639,0.0695405837642263,0.07778981769040064,2022
2023_08_TB_BUF,00-0035657,RB,BUF,2023,0,0.14223602497359178,0.08911611790921531,0.10867291892446349,0.08109652670261062,2022
2023_08_TB_BUF,00-0035689,TE,BUF,2023,0,0.19088757296189363,0.14712479194798217,0.1524449390018772,0.13143337602444946,2022
2023_08_TB_BUF,00-0036196,WR,BUF,2023,1,0.24708721249617582,0.24691844415554845,0.2335472600766357,0.22791512425164312,2022
2023_08_TB_BUF,00-0036590,TE,BUF,2023,0,0.0812124698440968,0.07000854872700199,0.09427737034266073,0.07152648714159693,2022
2023_08_TB_BUF,00-0037248,RB,BUF,2023,0,0.4016088966836816,0.3475080244560072,0.3620363338896192,0.34779357635994024,2022
2023_08_TB_BUF,00-0037261,WR,BUF,2023,0,0.08620601263416339,0.08496147021346387,0.0781889220753363,0.06091124733800763,2022
2023_08_TB_BUF,00-0038933,TE,BUF,2023,1,0.198871038859602,0.15858793262795004,0.14160681649430232,0.18763136939758265,2022
2023_08_TB_BUF,00-0031408,WR,TB,2023,1,0.20439064485846836,0.14596167291843046,0.17798265655275256,0.15806745835288635,2022
2023_08_TB_BUF,00-0033921,WR,TB,2023,1,0.22011569148171195,0.16918362691564706,0.20277349744004017,0.18157438521381414,2022
2023_08_TB_BUF,00-0034855,QB,TB,2023,0,0.12584394169120205,0.09465256038056873,0.08511630257209542,0.1025489495557187,2022
2023_08_TB_BUF,00-0036450,RB,TB,2023,0,0.16158675167545988,0.06866507731793997,0.09047166264118245,0.09715853054438887,2022
2023_08_TB_BUF,00-0037256,RB,TB,2023,0,0.33559355120459355,0.3486460003629456,0.2975363172389979,0.2887350850085213,2022
2023_08_TB_BUF,00-0037311,TE,TB,2023,0,0.039783911000632055,0.034656052650614354,0.031276895205898034,0.0481560572113595,2022
2023_08_TB_BUF,00-0037487,WR,TB,2023,0,0.10074055142241434,0.06289969531470117,0.05919105907151356,0.09507170866330966,2022
2023_08_TB_BUF,00-0038129,TE,TB,2023,0,0.1369259029756027,0.15624737118751175,0.19586667183005294,0.13871676725791146,2022
2023_08_TB_BUF,00-0038821,WR,TB,2023,0,0.03837201995307493,0.034934898793086915,0.03776061145750048,0.0459081679299797,2022
2023_08_TB_BUF,00-0039050,TE,TB,2023,0,0.027603568814019375,0.03876457996869324,0.02624919078974036,0.04749768586670112,2022
2023_08_TB_BUF,00-0039052,WR,TB,2023,0,0.10664494227891075,0.08675339440090421,0.09590920618636377,0.08845265222518599,2022
2023_09_ARI_CLE,00-0030061,TE,ARI,2023,0,0.12479163148815453,0.06808850900924678,0.06924749004911043,0.1430426893295131,2022
2023_09_ARI_CLE,00-0030874,RB,ARI,2023,0,0.06276380482248833,0.03715895073043672,0.0461820136058695,0.07085393721314982,2022
2023_09_ARI_CLE,00-0032141,TE,ARI,2023,0,0.0400296517486638,0.032776288295504795,0.0344795294459637,0.050802232168801205,2022
2023_09_ARI_CLE,00-0033251,WR,ARI,2023,0,0.035705327493778194,0.027138494522382733,0.02532462792319031,0.0525301919240689,2022
2023_09_ARI_CLE,00-0033949,QB,ARI,2023,0,0.14884278132279072,0.08929702184489843,0.09040400822480853,0.15546765156915665,2022
2023_09_ARI_CLE,00-0035500,WR,ARI,2023,0,0.016789670018629965,0.02107051636434766,0.020172199061966267,0.07397580575245319,2022
2023_09_ARI_CLE,00-0035662,WR,ARI,2023,0,0.19514119778001993,0.1645570007799114,0.18611359554365142,0.18762404219893097,2022
2023_09_ARI_CLE,00-0036936,WR,ARI,2023,0,0.12723818829257738,0.09423700776630622,0.06971388455010347,0.12508224827568656,2022
2023_09_ARI_CLE,00-0037299,RB,ARI,2023,0,0.08575639999870921,0.049716564411252134,0.0577525720557816,0.07102030527498238,2022
2023_09_ARI_CLE,00-0037744,TE,ARI,2023,0,0.12280100298782237,0.07014878759321351,0.06763858314298019,0.13943780705163045,2022
2023_09_ARI_CLE,00-0038559,WR,ARI,2023,0,0.11458671572560208,0.10042117414457855,0.08801919353310995,0.15349203461798314,2022
2023_09_ARI_CLE,00-0038705,RB,ARI,2023,0,0.1903856783852823,0.14696727967472942,0.13613302972162306,0.19349394056806293,2022
2023_09_ARI_CLE,00-0039041,TE,ARI,2023,0,0.014311937907714567,0.0232623883732585,0.02106068219855238,0.046317987880113265,2022
2023_09_ARI_CLE,00-0030068,WR,CLE,2023,0,0.0614097122775229,0.061561186002099366,0.04612649600152805,0.049266794826117954,2022
2023_09_ARI_CLE,00-0031544,WR,CLE,2023,1,0.30026277813820146,0.24243052263748327,0.2683425433161713,0.29105654281458454,2022
2023_09_ARI_CLE,00-0033275,QB,CLE,2023,0,0.1456139197502372,0.1429580884092421,0.12452136612755317,0.15012615588812983,2022
2023_09_ARI_CLE,00-0033537,QB,CLE,2023,0,0.13766425264317084,0.10651267726061475,0.10360513948663323,0.15316857353924818,2022
2023_09_ARI_CLE,00-0033885,TE,CLE,2023,1,0.27605576014144884,0.2445036511918353,0.25475654248725893,0.2542981329972686,2022
2023_09_ARI_CLE,00-0033923,RB,CLE,2023,1,0.26836679276746533,0.14781075745720315,0.13852352179792896,0.17315394369109743,2022
2023_09_ARI_CLE,00-0034364,TE,CLE,2023,0,0.05760677420346583,0.05946575291038775,0.05970829109378691,0.050879024437141894,2022
2023_09_ARI_CLE,00-0036232,TE,CLE,2023,0,0.06588445141476407,0.06784625182427428,0.0737896339061413,0.05092224658351898,2022
2023_09_ARI_CLE,00-0036233,WR,CLE,2023,0,0.13822964542110439,0.16853085358336323,0.13436522145077623,0.08582765644560976,2022
2023_09_ARI_CLE,00-0036980,WR,CLE,2023,0,0.26965051302763154,0.25301997989197433,0.20601662001222956,0.25427071987853095,2022
2023_09_ARI_CLE,00-0037257,WR,CLE,2023,0,0.08239119776175108,0.06272763689091983,0.054184547436898656,0.05818291402322632,2022
2023_09_ARI_CLE,00-0037267,RB,CLE,2023,0,0.33491328439733126,0.2915889308922865,0.24777314982423115,0.3217755436461864,2022
2023_09_ARI_CLE,00-0038098,RB,CLE,2023,0,0.14461617789250236,0.10931777819160902,0.11501608989741093,0.0877736941199908,2022
2023_09_ARI_CLE,00-0038583,QB,CLE,2023,0,0.08036750313636098,0.058569435414994285,0.03555289243519003,0.06758034484127491,2022
2023_09_BUF_CIN,00-0030513,RB,BUF,2023,0,0.2263083760802469,0.1350982681218179,0.14425801788143922,0.12732171431583117,2022
2023_09_BUF_CIN,00-0031588,WR,BUF,2023,1,0.37152421024447135,0.3819474496603904,0.44411826452212844,0.39011362295393737,2022
2023_09_BUF_CIN,00-0034487,WR,BUF,2023,0,0.05602331757809831,0.06926431058864768,0.0679900016417587,0.04545462756210119,2022
2023_09_BUF_CIN,00-0034857,QB,BUF,2023,1,0.21194113212730314,0.15684974860534479,0.20091547747096325,0.17127038501235883,2022
2023_09_BUF_CIN,00-0035215,WR,BUF,2023,0,0.061007927643473625,0.0640313842058462,0.061508920797710843,0.05659438869490106,2022
2023_09_BUF_CIN,00-0035657,RB,BUF,2023,0,0.12705207220243264,0.07977139610696164,0.09629692718386974,0.07821986353704058,2022
2023_09_BUF_CIN,00-0035689,TE,BUF,2023,0,0.17104751731947276,0.13258265083286808,0.13366346956245662,0.1259398314961446,2022
2023_09_BUF_CIN,00-0036196,WR,BUF,2023,0,0.2586548069912705,0.2752583361643899,0.27371788984541323,0.26279096404398344,2022
2023_09_BUF_CIN,00-0036590,TE,BUF,2023,0,0.07226897996579273,0.06252990427290224,0.0819691671430192,0.06997643042059709,2022
2023_09_BUF_CIN,00-0037248,RB,BUF,2023,0,0.3598313726394411,0.3080968435550976,0.35096580420219475,0.35178857624547416,2022
2023_09_BUF_CIN,00-0037261,WR,BUF,2023,0,0.11103477084379265,0.09760776991612308,0.09868313441109045,0.08466786361672957,2022
2023_09_BUF_CIN,00-0038933,TE,BUF,2023,0,0.19311259316445673,0.16571854755809537,0.12377681898446964,0.21170813791457255,2022
2023_09_BUF_CIN,00-0033009,WR,CIN,2023,0,0.2539305129777476,0.2538209735560277,0.2463800134116896,0.25395836681228434,2022
2023_09_BUF_CIN,00-0033897,RB,CIN,2023,1,0.5382966507421872,0.5323063471946821,0.6592058013297559,0.43105228424439507,2022
2023_09_BUF_CIN,00-0034970,TE,CIN,2023,1,0.1762926096687364,0.15358620320142446,0.1302694360063616,0.19225186424392024,2022
2023_09_BUF_CIN,00-0035291,RB,CIN,2023,0,0.06877229351197645,0.06795898496853343,0.08743119852670572,0.04866060757254837,2022
2023_09_BUF_CIN,00-0035341,WR,CIN,2023,0,0.15142740903528074,0.13324535527644366,0.1452824626702496,0.14647471630276152,2022
2023_09_BUF_CIN,00-0035631,TE,CIN,2023,1,0.0636396200368724,0.08237875448466014,0.06503697794380875,0.04816946250258193,2022
2023_09_BUF_CIN,00-0035771,TE,CIN,2023,0,0.05670421972739936,0.06989629701606455,0.048755447239926385,0.04865791453026031,2022
2023_09_BUF_CIN,00-0036410,WR,CIN,2023,0,0.26875845225136474,0.21312370695032865,0.23145348239181768,0.23165409788728536,2022
2023_09_BUF_CIN,00-0036442,QB,CIN,2023,0,0.18560646369044353,0.15928858074537536,0.1556391072551017,0.1520782700264697,2022
2023_09_BUF_CIN,00-0036900,WR,CIN,2023,0,0.42407407006594255,0.47767034499879174,0.48060232759861626,0.3953848079611338,2022
2023_09_BUF_CIN,00-0037420,WR,CIN,2023,0,0.0307008974752091,0.052028153322277185,0.0502608589833605,0.047735888349212295,2022
2023_09_BUF_CIN,00-0038597,RB,CIN,2023,0,0.034681427275489174,0.051767691550535955,0.07371106054576183,0.04888935676931403,2022
2023_09_BUF_CIN,00-0038619,WR,CIN,2023,0,0.07138396042871764,0.06668561854306376,0.07376373310761508,0.0820681706051045,2022
2023_09_CHI_NO,00-0024243,TE,CHI,2023,0,0.02771288320782772,0.036283242506274,0.03314170958210155,0.048066128338967555,2022
2023_09_CHI_NO,00-0033292,WR,CHI,2023,0,0.009546320289181343,0.026029260390848664,0.0244383987352758,0.044752348288642864,2022
2023_09_CHI_NO,00-0033757,TE,CHI,2023,0,0.04717464970107976,0.03984591243309976,0.03628826223234687,0.04953408285407665,2022
2023_09_CHI_NO,00-0033925,RB,CHI,2023,0,0.209533086723398,0.1476985578948018,0.16149843908102135,0.20719303180320545,2022
2023_09_CHI_NO,00-0033958,QB,CHI,2023,0,0.024029891685125482,0.01544438190875057,0.008615728531232044,0.05452221600837917,2022
2023_09_CHI_NO,00-0034827,WR,CHI,2023,0,0.21253568551919655,0.23108291491379065,0.251076732561654,0.18188440261518832,2022
2023_09_CHI_NO,00-0035594,RB,CHI,2023,0,0.007204812415034345,0.02528364856902794,0.03289907692589453,0.0483748374827711,2022
2023_09_CHI_NO,00-0036290,TE,CHI,2023,1,0.16315909861337397,0.16236873718671765,0.14212481819353107,0.15724722193988114,2022
2023_09_CHI_NO,00-0036297,RB,CHI,2023,0,0.17429021570411685,0.10305751142215917,0.10492662154055073,0.12129589750260752,2022
2023_09_CHI_NO,00-0036309,WR,CHI,2023,0,0.12827680489018223,0.11604999033749822,0.11515594858575089,0.14287637087768637,2022
2023_09_CHI_NO,00-0036945,QB,CHI,2023,0,0.15334653483806326,0.11159387004091416,0.11474282612076658,0.1859192367795152,2022
2023_09_CHI_NO,00-0037745,WR,CHI,2023,0,0.03006233804950953,0.030041825814103938,0.027831054481096722,0.046554304003375964,2022
2023_09_CHI_NO,00-0038416,QB,CHI,2023,0,0.09197473332949924,0.047520286594635856,0.058331912108686775,0.09660059368341202,2022
2023_09_CHI_NO,00-0038941,WR,CHI,2023,0,0.08781821770110265,0.06039362725715563,0.05814614383054978,0.07677856292579391,2022
2023_09_CHI_NO,00-0039021,RB,CHI,2023,0,0.13280406433621694,0.08117713531259019,0.08333611735178109,0.10932047796891464,2022
2023_09_CHI_NO,00-0031280,QB,NO,2023,0,0.10904081568335067,0.11120299754692892,0.08836863693094671,0.07480733895019998,2022
2023_09_CHI_NO,00-0032765,WR,NO,2023,0,0.24287232012800508,0.23832987027662364,0.2238758217039257,0.2612478412934502,2022
2023_09_CHI_NO,00-0033357,TE,NO,2023,1,0.2324553003070814,0.1971179531539835,0.12069191444685201,0.19307275742762792,2022
2023_09_CHI_NO,00-0033906,RB,NO,2023,0,0.5243181296393042,0.618040864358839,0.48490906951687623,0.4261760670194354,2022
2023_09_CHI_NO,00-0033948,RB,NO,2023,0,0.22815005988019144,0.18715596473986776,0.20635909432646224,0.16148006079053953,2022
2023_09_CHI_NO,00-0034981,TE,NO,2023,0,0.1172176464041339,0.1169808473923194,0.11205302007943653,0.10589931660784682,2022
2023_09_CHI_NO,00-0036040,TE,NO,2023,1,0.1646513786152417,0.15642465590398316,0.19796569320274557,0.12104019780369564,2022
2023_09_CHI_NO,00-0037239,WR,NO,2023,1,0.29210778617460664,0.29040767307996174,0.3057960608846025,0.27554379317560734,2022
2023_09_CHI_NO,00-0037545,WR,NO,2023,0,0.2006766622786772,0.17820615881263205,0.16494731518433572,0.1739466002831142,2022
2023_09_CHI_NO,00-0038551,RB,NO,2023,0,0.18611949163979336,0.12608788884356464,0.13259089713853728,0.10991405005816951,2022
2023_09_DAL_PHI,00-0031236,WR,DAL,2023,0,0.1961427859489483,0.17545480329515203,0.1811383299732461,0.19678264686817917,2022
2023_09_DAL_PHI,00-0033077,QB,DAL,2023,0,0.13118895731321611,0.11175947914005976,0.10346171084502552,0.10470171042073088,2022
2023_09_DAL_PHI,00-0033662,QB,DAL,2023,0,0.049347928107090766,0.028328886555051686,0.015285918811871581,0.055261681342054475,2022
2023_09_DAL_PHI,00-0034764,WR,DAL,2023,0,0.2054554154802788,0.15108929267316082,0.1814075484665194,0.18969427581859338,2022
2023_09_DAL_PHI,00-0035261,RB,DAL,2023,0,0.3941903202299242,0.44092767475871575,0.38917583474997774,0.3534182011586523,2022
2023_09_DAL_PHI,00-0036032,TE,DAL,2023,0,0.03228380167028877,0.04078368618899262,0.03155572891540045,0.047403287220195114,2022
2023_09_DAL_PHI,00-0036139,RB,DAL,2023,0,0.1355804070071649,0.08092354327922843,0.09183666230648432,0.08438067412055421,2022
2023_09_DAL_PHI,00-0036358,WR,DAL,2023,0,0.2803326532856726,0.2753658874748838,0.27216911411717043,0.2486113488103238,2022
2023_09_DAL_PHI,00-0037666,WR,DAL,2023,1,0.08477465562240893,0.0786502331053548,0.07930422712337377,0.0544740426912343,2022
2023_09_DAL_PHI,00-0037801,WR,DAL,2023,1,0.04197413372511827,0.050050825996151474,0.048475699496912605,0.048553804219293645,2022
2023_09_DAL_PHI,00-0038041,TE,DAL,2023,1,0.17249797989851234,0.15832498142049148,0.14819401994263884,0.19307926674815937,2022
2023_09_DAL_PHI,00-0038547,TE,DAL,2023,0,0.07359083146896428,0.06314151097878579,0.055689132452648324,0.06015265066849268,2022
2023_09_DAL_PHI,00-0038622,RB,DAL,2023,0,0.14240918000485814,0.08975284164698134,0.09124446259365301,0.08296167140077403,2022
2023_09_DAL_PHI,00-0038738,RB,DAL,2023,0,0.041637927016248244,0.04682940653488274,0.05109042621595824,0.052423457537990686,2022
2023_09_DAL_PHI,00-0027944,WR,PHI,2023,0,0.08178077417274832,0.06523260065151114,0.056883149577974454,0.07594344429672248,2022
2023_09_DAL_PHI,00-0034351,TE,PHI,2023,0,0.26687954537428993,0.24452484144333728,0.256864928525028,0.2589377786672805,2022
2023_09_DAL_PHI,00-0034414,RB,PHI,2023,0,0.07518103542983334,0.062372902966043836,0.07644487392392822,0.05872243825786249,2022
2023_09_DAL_PHI,00-0035208,WR,PHI,2023,0,0.12652983888458313,0.13090971920773867,0.11642100003372158,0.09866414313037948,2022
2023_09_DAL_PHI,00-0035676,WR,PHI,2023,1,0.36647885364720256,0.4044422820035636,0.39475956499280185,0.39913969804916277,2022
2023_09_DAL_PHI,00-0036275,RB,PHI,2023,0,0.4719467556926754,0.46939885455718705,0.4556397009351909,0.4160568956183674,2022
2023_09_DAL_PHI,00-0036389,QB,PHI,2023,1,0.3181680189276753,0.25930137334275327,0.18930982905398724,0.3689206131959979,2022
2023_09_DAL_PHI,00-0036912,WR,PHI,2023,1,0.2881540720293245,0.30009444814333586,0.2995276657802693,0.25039588256746004,2022
2023_09_DAL_PHI,00-0036919,RB,PHI,2023,1,0.2178685798557206,0.13897747302726718,0.14241927356920034,0.09558098947738408,2022
2023_09_IND_CAR,00-0027973,QB,CAR,2023,0,0.0734346911717072,0.05085547845578066,0.03548444943692165,0.06046594903881636,2022
2023_09_IND_CAR,00-0030035,WR,CAR,2023,0,0.28751690457118584,0.37188103666630196,0.3184096437627943,0.3134329915277652,2022
2023_09_IND_CAR,00-0034365,TE,CAR,2023,0,0.03827788881034644,0.0478776295168582,0.04171928318281848,0.047751012365962776,2022
2023_09_IND_CAR,00-0034777,WR,CAR,2023,1,0.17755825368456157,0.19489992677870663,0.18577759427747417,0.21270994542541571,2022
2023_09_IND_CAR,00-0034830,TE,CAR,2023,0,0.09359865347488083,0.08568021889829848,0.09029728205408788,0.07882409295170982,2022
2023_09_IND_CAR,00-0035243,RB,CAR,2023,0,0.2863432259648878,0.20642402318002334,0.2133289313717168,0.2901395446502557,2022
2023_09_IND_CAR,00-0036268,WR,CAR,2023,0,0.07859226596376878,0.05774675325328045,0.04211812045002322,0.06635664623947839,2022
2023_09_IND_CAR,00-0036438,TE,CAR,2023,0,0.03937674803935809,0.049282102671163515,0.037469321100289936,0.045345985994915274,2022
2023_09_IND_CAR,00-0036555,RB,CAR,2023,0,0.2994454221323728,0.25748878407352127,0.2909526921272578,0.3042276130698252,2022
2023_09_IND_CAR,00-0036955,WR,CAR,2023,0,0.14640346606658838,0.10922448159484247,0.10506555906207429,0.17627914062309818,2022
2023_09_IND_CAR,00-0037005,TE,CAR,2023,0,0.06456332970576706,0.06275370512185165,0.04637409623831789,0.07852009977608558,2022
2023_09_IND_CAR,00-0037429,RB,CAR,2023,0,0.12552921076233015,0.08235493986808254,0.09244162986113859,0.08508887080518288,2022
2023_09_IND_CAR,00-0039062,WR,CAR,2023,0,0.1635449985680797,0.17420127726392767,0.16451742689716956,0.2016299075774626,2022
2023_09_IND_CAR,00-0039150,QB,CAR,2023,0,0.10205998794618532,0.09736350534067499,0.0788014066311593,0.07797752976920243,2022
2023_09_IND_CAR,00-0033217,TE,IND,2023,0,0.06285657945252165,0.06763769844329846,0.07030118205896141,0.05001032546492203,2022
2023_09_IND_CAR,00-0033466,WR,IND,2023,0,0.04360936643840563,0.048724898108916545,0.04039628286983456,0.047947888154983395,2022
2023_09_IND_CAR,00-0035289,QB,IND,2023,0,0.1064596674131304,0.09158927193678959,0.06634506611055785,0.07168391856183405,2022
2023_09_IND_CAR,00-0035593,WR,IND,2023,0,0.03364883024705678,0.046853619300122724,0.04152952281447816,0.04712137003803481,2022
2023_09_IND_CAR,00-0036223,RB,IND,2023,1,0.31564003342964286,0.23119731125002735,0.2288429232394672,0.27976069825746364,2022
2023_09_IND_CAR,00-0036251,RB,IND,2023,0,0.3811343288516139,0.3532497421669291,0.3072707970708728,0.3712658216200248,2022
2023_09_IND_CAR,00-0036252,WR,IND,2023,0,0.2935817644465616,0.29986811168821587,0.27614989888532326,0.2590883536667072,2022
2023_09_IND_CAR,00-0036876,TE,IND,2023,0,0.1582640458103428,0.12381225350026358,0.11590630742364466,0.12898095072004997,2022
2023_09_IND_CAR,00-0036984,RB,IND,2023,0,0.08998043718702498,0.06804546486909276,0.07508815281543672,0.06702667446816742,2022
2023_09_IND_CAR,00-0036991,WR,IND,2023,0,0.053732801591194757,0.058149962737634654,0.052589249814327346,0.050449137354974014,2022
2023_09_IND_CAR,00-0037292,TE,IND,2023,0,0.09863289072951009,0.09637078421630002,0.11614878971898827,0.07622431393854369,2022
2023_09_IND_CAR,00-0037664,WR,IND,2023,0,0.1602199975338391,0.19457083971784803,0.1689221475963674,0.13634516338526895,2022
2023_09_IND_CAR,00-0038394,TE,IND,2023,0,0.05013472607564018,0.05116881313493732,0.04829947458337781,0.049561044440303334,2022
2023_09_IND_CAR,00-0038997,WR,IND,2023,0,0.22628992302357653,0.2200615159267239,0.18583191508751243,0.21749858566536545,2022
2023_09_LAC_NYJ,00-0030279,WR,LAC,2023,0,0.2997071847693341,0.33800657689357183,0.35941820934823776,0.30990695213116237,2022
2023_09_LAC_NYJ,00-0033699,RB,LAC,2023,1,0.4026074409641499,0.3853058685888326,0.30815832937464566,0.3652982879907172,2022
2023_09_LAC_NYJ,00-0033895,TE,LAC,2023,0,0.14850687086678416,0.13476689976916698,0.10997575906512344,0.18203190065647767,2022
2023_09_LAC_NYJ,00-0035329,TE,LAC,2023,0,0.11333379946747335,0.08672122314144426,0.07239129798321171,0.11665141067257971,2022
2023_09_LAC_NYJ,00-0036355,QB,LAC,2023,0,0.17688928430659112,0.14114794693336696,0.13983920717919623,0.14763484264577567,2022
2023_09_LAC_NYJ,00-0036370,RB,LAC,2023,0,0.22021293914159124,0.1587742067903252,0.16928557195132973,0.2322225150225647,2022
2023_09_LAC_NYJ,00-0036646,WR,LAC,2023,0,0.04858547100522903,0.038731282526787265,0.0464663526555474,0.06500014968398009,2022
2023_09_LAC_NYJ,00-0036988,WR,LAC,2023,0,0.2102904316873475,0.20974105003070334,0.22557437894936913,0.2304691886213178,2022
2023_09_LAC_NYJ,00-0037475,TE,LAC,2023,0,0.05428661015736147,0.06676344320769877,0.06406120243923999,0.044765132584537834,2022
2023_09_LAC_NYJ,00-0038045,RB,LAC,2023,0,0.07911252928501622,0.060108700216644,0.07208095430728409,0.06635664623947839,2022
2023_09_LAC_NYJ,00-0038544,WR,LAC,2023,0,0.11400796773329092,0.09485710921677828,0.09664362364139756,0.09404895285877542,2022
2023_09_LAC_NYJ,00-0038573,WR,LAC,2023,0,0.06859187909552988,0.054614391986015996,0.04585338774064454,0.07107949711460924,2022
2023_09_LAC_NYJ,00-0028002,WR,NYJ,2023,0,0.09153240171653676,0.06998811083741813,0.07017697305506573,0.06815292773970007,2022
2023_09_LAC_NYJ,00-0032134,TE,NYJ,2023,0,0.07862532453374971,0.06039536772755222,0.059212883635131976,0.09868947194443244,2022
2023_09_LAC_NYJ,00-0033893,RB,NYJ,2023,0,0.15296920059650265,0.07868297261568805,0.0975392367880657,0.09167870797422394,2022
2023_09_LAC_NYJ,00-0034270,TE,NYJ,2023,0,0.15265169981660676,0.11443919684370396,0.13924574969289027,0.15844722837760233,2022
2023_09_LAC_NYJ,00-0034433,RB,NYJ,2023,0,0.06333487601681465,0.04031021491665188,0.0635251364401805,0.0638728651277201,2022
2023_09_LAC_NYJ,00-0034521,WR,NYJ,2023,0,0.15783382997011552,0.1515970910517431,0.14449818709632428,0.17220678783898027,2022
2023_09_LAC_NYJ,00-0035140,WR,NYJ,2023,0,0.058633841532738984,0.049360674118356575,0.04354118041033941,0.05299665985548706,2022
2023_09_LAC_NYJ,00-0036924,RB,NYJ,2023,0,0.08338207196399405,0.06081373507010181,0.05778969221725439,0.06928148852081503,2022
2023_09_LAC_NYJ,00-0037013,QB,NYJ,2023,0,0.12275306614113479,0.10421109909641044,0.08889615818382755,0.11575175059225189,2022
2023_09_LAC_NYJ,00-0037740,WR,NYJ,2023,0,0.3111008456036033,0.24014159481522823,0.2895918999756998,0.27615807605285725,2022
2023_09_LAC_NYJ,00-0037805,TE,NYJ,2023,0,0.05523819309087974,0.05507161821995874,0.05574843284762764,0.04814402619168089,2022
2023_09_LAC_NYJ,00-0038120,RB,NYJ,2023,0,0.37188374247807154,0.32731162371296013,0.3176973639225033,0.2941361476542924,2022
2023_09_LAC_NYJ,00-0038496,WR,NYJ,2023,0,0.040644499993299665,0.04138541571202294,0.035319401587455834,0.04563965597226837,2022
2023_09_LA_GB,00-0033293,RB,GB,2023,1,0.2651986113076965,0.19955460289675903,0.20852371771285316,0.2314496108925697,2022
2023_09_LA_GB,00-0035973,RB,GB,2023,0,0.1352888672935576,0.09121932529414296,0.08125067381434671,0.0864999429398265,2022
2023_09_LA_GB,00-0036264,QB,GB,2023,0,0.1525294233481359,0.13389983710075357,0.1150506987414041,0.12554942187557427,2022
2023_09_LA_GB,00-0036265,RB,GB,2023,0,0.31318736627349764,0.29037415803380023,0.2533172451482012,0.3227319623957295,2022
2023_09_LA_GB,00-0036332,TE,GB,2023,0,0.054732584103647564,0.06484752264403966,0.06023178768439687,0.05633406507931513,2022
2023_09_LA_GB,00-0037098,WR,GB,2023,0,0.07706243858450623,0.0647747675557452,0.06557247029903229,0.059229983692896435,2022
2023_09_LA_GB,00-0037816,WR,GB,2023,0,0.23916162179614886,0.2598597432806587,0.27578222017418424,0.2084584943074227,2022
2023_09_LA_GB,00-0038124,WR,GB,2023,0,0.1996794724514832,0.1987472027882491,0.1925954390571605,0.1993918429729739,2022
2023_09_LA_GB,00-0038393,WR,GB,2023,0,0.08786633238163055,0.08020075323107446,0.06991196651877866,0.07214476351076338,2022
2023_09_LA_GB,00-0038797,RB,GB,2023,0,0.07564858786063411,0.05909862516379798,0.06464217568991738,0.07431781180144521,2022
2023_09_LA_GB,00-0038809,TE,GB,2023,0,0.03293482872613507,0.04272232901869802,0.03427135029747291,0.04634267826983045,2022
2023_09_LA_GB,00-0039144,TE,GB,2023,1,0.14119121625462305,0.14007534765262622,0.15113470287336958,0.14503485536134034,2022
2023_09_LA_GB,00-0039146,WR,GB,2023,0,0.15574582841282647,0.14809287311539107,0.1379612207142748,0.15640556167701114,2022
2023_09_LA_GB,00-0026498,QB,LA,2023,0,0.05326451538564059,0.06976927663941389,0.05047276298042565,0.05654490568463667,2022
2023_09_LA_GB,00-0033110,TE,LA,2023,0,0.13343559829341056,0.15528191436941266,0.20579231000248038,0.1606995532019866,2022
2023_09_LA_GB,00-0033908,WR,LA,2023,0,0.21125079799171953,0.24075149174737773,0.2756980341149707,0.19653734753335367,2022
2023_09_LA_GB,00-0034838,RB,LA,2023,0,0.0913276560023355,0.0599784530618989,0.07577829880189213,0.08525336793041202,2022
2023_09_LA_GB,00-0034955,QB,LA,2023,0,0.014671722700099532,0.00013689419649047583,0.0013523723985231979,0.04603846629825454,2022
2023_09_LA_GB,00-0035664,RB,LA,2023,0,0.250037827093588,0.25030511561087293,0.2736471181294273,0.30108608486585886,2022
2023_09_LA_GB,00-0036424,TE,LA,2023,0,0.02053646836996459,0.03247411948300404,0.028858398655303194,0.04626586895249243,2022
2023_09_LA_GB,00-0036849,WR,LA,2023,0,0.1192404073483615,0.14959800371665732,0.13327939209410822,0.13437482984754995,2022
2023_09_LA_GB,00-0036862,WR,LA,2023,0,0.03574288280020477,0.038670281462442106,0.03642994199981728,0.055280610154908774,2022
2023_09_LA_GB,00-0037557,RB,LA,2023,0,0.058265920982558894,0.04959379372043559,0.05724680487629728,0.07103776892858739,2022
2023_09_LA_GB,00-0037840,RB,LA,2023,0,0.3316290027527825,0.420562137309245,0.46612315466322723,0.2900074193191289,2022
2023_09_LA_GB,00-0039075,WR,LA,2023,0,0.20111665764343767,0.25007849115881664,0.25994828753060584,0.2087947560071511,2022
2023_09_LA_GB,00-0039136,RB,LA,2023,0,0.054836297250900445,0.05136933504517872,0.06104309209671611,0.07004508138108888,2022
2023_09_MIA_KC,00-0030506,TE,KC,2023,0,0.3470800531264291,0.3196714575082245,0.22028803240555483,0.3783900512115793,2022
2023_09_MIA_KC,00-0031376,RB,KC,2023,1,0.1518833007009166,0.10533964634730897,0.1073820959854846,0.08816358482717906,2022
2023_09_MIA_KC,00-0032062,TE,KC,2023,0,0.08522336520647633,0.07137466730564701,0.05381457247144294,0.06847519546441351,2022
2023_09_MIA_KC,00-0033873,QB,KC,2023,0,0.19657818128400117,0.16568452981071458,0.17824263834407217,0.1544863291259572,2022
2023_09_MIA_KC,00-0034272,WR,KC,2023,0,0.14321538922049193,0.12632786737914187,0.12378485041530793,0.08795998836921798,2022
2023_09_MIA_KC,00-0034386,WR,KC,2023,0,0.11390969022706188,0.1055840501989533,0.100561645295725,0.07331959442352305,2022
2023_09_MIA_KC,00-0035140,WR,KC,2023,0,0.13259961457377323,0.07319074339705589,0.07427634555958376,0.11221003113490538,2022
2023_09_MIA_KC,00-0036360,RB,KC,2023,0,0.09378027301990255,0.06669745886536413,0.0939693730760741,0.06719872213925028,2022
2023_09_MIA_KC,00-0036637,TE,KC,2023,0,0.1198512084068647,0.11123522771359685,0.10004890102591933,0.07973887095294546,2022
2023_09_MIA_KC,00-0036913,WR,KC,2023,0,0.15426945293060979,0.10022626708557779,0.08648816731901118,0.09678330721072992,2022
2023_09_MIA_KC,00-0037197,RB,KC,2023,0,0.48236395994211245,0.4285684230092996,0.4890408825344243,0.41514108901794833,2022
2023_09_MIA_KC,00-0037216,WR,KC,2023,0,0.0649849977014676,0.06611542936170585,0.06538968454046981,0.05102893953075658,2022
2023_09_MIA_KC,00-0038090,WR,KC,2023,0,0.15329465615406668,0.12390528832158512,0.12025932652776426,0.10931648331968756,2022
2023_09_MIA_KC,00-0039067,WR,KC,2023,1,0.20589306497209514,0.1438699080969734,0.13497244723293358,0.20390480063507538,2022
2023_09_MIA_KC,00-0031687,RB,MIA,2023,1,0.4070587337880861,0.34975557972591587,0.3638095036359858,0.37205223587090364,2022
2023_09_MIA_KC,00-0033040,WR,MIA,2023,0,0.3462213699042699,0.3027408457686683,0.3533621085233748,0.37439148124264665,2022
2023_09_MIA_KC,00-0034115,RB,MIA,2023,0,0.14986188350899554,0.09185834345969247,0.10001151197543501,0.09112275487019018,2022
2023_09_MIA_KC,00-0034401,QB,MIA,2023,0,0.05463887597693662,0.00020347033612916416,0.002359821977383271,0.05273822996362597,2022
2023_09_MIA_KC,00-0034418,WR,MIA,2023,1,0.11973842829556092,0.1034050912537648,0.10550720151525567,0.09481266348551011,2022
2023_09_MIA_KC,00-0034419,WR,MIA,2023,0,0.13541554121950772,0.11442422978680158,0.11177930219958263,0.12406156770748158,2022
2023_09_MIA_KC,00-0034798,TE,MIA,2023,0,0.1376734536818348,0.14208130210789957,0.1321709938037687,0.11592490866042131,2022
2023_09_MIA_KC,00-0036020,RB,MIA,2023,0,0.20647974304039518,0.11525356502533336,0.1226097771501413,0.10344556323619954,2022
2023_09_MIA_KC,00-0036212,QB,MIA,2023,0,0.14611929642552435,0.12879126474027774,0.11030543578711051,0.11506851178544224,2022
2023_09_MIA_KC,00-0036326,WR,MIA,2023,0,0.039606629219425704,0.0530541995012278,0.05633427535627477,0.046377047804724,2022
2023_09_MIA_KC,00-0036613,WR,MIA,2023,0,0.3129336520381025,0.3020368243535107,0.3214932571030138,0.23945330642543317,2022
2023_09_MIA_KC,00-0038685,RB,MIA,2023,0,0.1455025072797046,0.10267311510388044,0.14000319607276387,0.08717516229249692,2022
2023_09_MIA_KC,00-0038720,TE,MIA,2023,0,0.07050200812642327,0.08181852288637648,0.06912435529868623,0.06027162454116823,2022
2023_09_MIN_ATL,00-0030578,RB,ATL,2023,0,0.08490509580339445,0.064807913494413,0.07421017742795219,0.07278594005512479,2022
2023_09_MIN_ATL,00-0031585,TE,ATL,2023,0,0.07586758797822457,0.05626020335480348,0.050668710124150175,0.07870209913326384,2022
2023_09_MIN_ATL,00-0031800,QB,ATL,2023,0,0.07951718921325313,0.06221974334803672,0.05052691144009714,0.0802955652087421,2022
2023_09_MIN_ATL,00-0033555,WR,ATL,2023,0,0.09079912860920236,0.07076986194149099,0.07046429603731369,0.061063591313148556,2022
2023_09_MIN_ATL,00-0033858,TE,ATL,2023,1,0.1608776407400826,0.12971139975044368,0.10223397341487538,0.15554793822430418,2022
2023_09_MIN_ATL,00-0034854,WR,ATL,2023,0,0.07144590185059929,0.06352866804413475,0.05896100393517922,0.05955068271774056,2022
2023_09_MIN_ATL,00-0035298,WR,ATL,2023,0,0.060623799541180357,0.055719267889317886,0.053301771251131426,0.053359303824875436,2022
2023_09_MIN_ATL,00-0036415,WR,ATL,2023,0,0.10959629714457897,0.08387742141462762,0.09009576778522267,0.06909811022726514,2022
2023_09_MIN_ATL,00-0036970,TE,ATL,2023,0,0.1875451211044723,0.12024743488864988,0.12989097035045405,0.15613777743690588,2022
2023_09_MIN_ATL,00-0037238,WR,ATL,2023,0,0.2570778265628242,0.2140989323860395,0.22390229147599575,0.21763279365573382,2022
2023_09_MIN_ATL,00-0037263,RB,ATL,2023,1,0.2763459156351815,0.18296445941935616,0.2195077683952327,0.20773153319492915,2022
2023_09_MIN_ATL,00-0038122,QB,ATL,2023,0,0.13027161562849765,0.08170965864807378,0.04530256490361933,0.10339279059528306,2022
2023_09_MIN_ATL,00-0038542,RB,ATL,2023,0,0.29816669174587673,0.27053300407680503,0.2321821477933599,0.24917155026735657,2022
2023_09_MIN_ATL,00-0029604,QB,MIN,2023,0,0.10625983528787197,0.06508482032130085,0.05440134478506785,0.0736021587319165,2022
2023_09_MIN_ATL,00-0033246,TE,MIN,2023,0,0.019352078289431862,0.029914422157143777,0.024617218357102257,0.044026438391260136,2022
2023_09_MIN_ATL,00-0034646,WR,MIN,2023,1,0.12487425741059255,0.0781806310985573,0.06796104041616978,0.11843173919792557,2022
2023_09_MIN_ATL,00-0034972,RB,MIN,2023,1,0.3440825072694965,0.28922033026101424,0.3278915080072692,0.28745784203538177,2022
2023_09_MIN_ATL,00-0035229,TE,MIN,2023,0,0.22043638065970017,0.1975866525069953,0.2118478567392465,0.1788958428476675,2022
2023_09_MIN_ATL,00-0035249,TE,MIN,2023,0,0.061354187918669756,0.05384059830407093,0.05113620187370993,0.05442918757304419,2022
2023_09_MIN_ATL,00-0035934,WR,MIN,2023,0,0.027335289211702585,0.03603124596417946,0.03171941484074868,0.046317987880113265,2022
2023_09_MIN_ATL,00-0036345,WR,MIN,2023,0,0.18890689387168869,0.1749955197940776,0.1669516676217949,0.1662316039703447,2022
2023_09_MIN_ATL,00-0036414,RB,MIN,2023,0,0.17465054079965248,0.08837520312966891,0.09906353555964961,0.11582894741131561,2022
2023_09_MIN_ATL,00-0037276,RB,MIN,2023,0,0.00998817315267364,0.028573038322085385,0.034240654716567086,0.04647447567017751,2022
2023_09_MIN_ATL,00-0038598,QB,MIN,2023,0,0.04326006634124724,0.00012079534844080933,0.0014551148717231472,0.053396801482518595,2022
2023_09_MIN_ATL,00-0038994,WR,MIN,2023,0,0.20718138964579358,0.16226222097278845,0.16319334939792746,0.17290491664623836,2022
2023_09_NYG_LV,00-0026625,QB,LV,2023,0,0.06826954331299362,0.0002808063238886604,0.0035643112409817278,0.057803281815266866,2022
2023_09_NYG_LV,00-0031345,QB,LV,2023,0,0.09969478514814256,0.08378920845213395,0.058797606166617875,0.09388498980171474,2022
2023_09_NYG_LV,00-0031381,WR,LV,2023,0,0.238928076565454,0.23608936392124413,0.24401848432203788,0.21877907054920384,2022
2023_09_NYG_LV,00-0031763,WR,LV,2023,0,0.026566960075450896,0.03681428064612331,0.03277033564499265,0.0465588043563223,2022
2023_09_NYG_LV,00-0032104,RB,LV,2023,0,0.05537598842254454,0.05078977066529794,0.04939972948047432,0.060937815696357034,2022
2023_09_NYG_LV,00-0032392,TE,LV,2023,0,0.06965310497710009,0.06827120110194851,0.06557883852581968,0.05997357753995676,2022
2023_09_NYG_LV,00-0034960,WR,LV,2023,1,0.21591645687390837,0.2457217646049886,0.22508308593911316,0.196163776667651,2022
2023_09_NYG_LV,00-0034983,WR,LV,2023,0,0.08015117064722632,0.06273281952846191,0.05909597641782688,0.06508845153027874,2022
2023_09_NYG_LV,00-0035562,TE,LV,2023,0,0.013514757796963983,0.03253292369579076,0.024489909963035808,0.04795315690958684,2022
2023_09_NYG_LV,00-0035700,RB,LV,2023,1,0.4533180295287845,0.6156294495708484,0.6343889543954151,0.35076610321767954,2022
2023_09_NYG_LV,00-0035726,RB,LV,2023,0,0.022905953130329504,0.04501490215136983,0.047279251354166614,0.04659901442794865,2022
2023_09_NYG_LV,00-0038040,RB,LV,2023,0,0.08647421269203948,0.05539272398803221,0.06514938311488605,0.07252180860561712,2022
2023_09_NYG_LV,00-0038563,WR,LV,2023,0,0.08168648248102506,0.05938163952293264,0.05018080565760851,0.0737240343703094,2022
2023_09_NYG_LV,00-0038579,QB,LV,2023,0,0.09922984965749193,0.08532692481275501,0.06084238499178887,0.081744080489862,2022
2023_09_NYG_LV,00-0039066,TE,LV,2023,0,0.11114149430571452,0.10812814347332318,0.12753167313490105,0.10714261026186836,2022
2023_09_NYG_LV,00-0028118,QB,NYG,2023,0,0.09227104381372331,0.05464517075739574,0.0495480290105523,0.09453314295491275,2022
2023_09_NYG_LV,00-0031610,TE,NYG,2023,0,0.20539694078422677,0.16673416461426108,0.18761388880555038,0.17521296455768653,2022
2023_09_NYG_LV,00-0032385,WR,NYG,2023,0,0.03717620169543967,0.03815097167691822,0.03488411209000378,0.04933323031353677,2022
2023_09_NYG_LV,00-0033308,RB,NYG,2023,0,0.14817625673702106,0.10739092264337596,0.09241745789502027,0.11717460649948847,2022
2023_09_NYG_LV,00-0034844,RB,NYG,2023,0,0.3989807874932193,0.5826093088991604,0.49687173463451434,0.29523568602447414,2022
2023_09_NYG_LV,00-0035535,WR,NYG,2023,0,0.13326631881860773,0.13129027526988113,0.1233060778474558,0.10980116948507072,2022
2023_09_NYG_LV,00-0035639,WR,NYG,2023,0,0.08789291742534133,0.051192654169270324,0.044413858577412216,0.08641743048076325,2022
2023_09_NYG_LV,00-0036165,WR,NYG,2023,0,0.09843245462067562,0.07349690578493599,0.06331777139667821,0.10758888332738709,2022
2023_09_NYG_LV,00-0038115,TE,NYG,2023,0,0.04422020724341125,0.0595104180220423,0.07076273248716894,0.053009542641637736,2022
2023_09_NYG_LV,00-0038117,WR,NYG,2023,1,0.15714020832048992,0.12179957930991701,0.11668214250838202,0.14586060228912676,2022
2023_09_NYG_LV,00-0038396,RB,NYG,2023,0,0.05380141413704309,0.043398984757447974,0.05187376598268469,0.06452208786731393,2022
2023_09_NYG_LV,00-0038476,QB,NYG,2023,0,0.07685387559119161,0.04759000051750308,0.02566321172460154,0.09954891230484487,2022
2023_09_NYG_LV,00-0038938,WR,NYG,2023,0,0.09496048390518463,0.08136932117245749,0.07873855781043326,0.0823908416835386,2022
2023_09_SEA_BAL,00-0031235,WR,BAL,2023,1,0.2046812656450948,0.14296144482378748,0.15012686848976156,0.14889932761149444,2022
2023_09_SEA_BAL,00-0031549,WR,BAL,2023,0,0.14061044735585526,0.11962034496291461,0.11783514104680903,0.09907237233935152,2022
2023_09_SEA_BAL,00-0033376,RB,BAL,2023,0,0.07251826835606534,0.08498363371068751,0.0834682260995174,0.04755302907962655,2022
2023_09_SEA_BAL,00-0034184,RB,BAL,2023,1,0.39505579316657813,0.4146130765568075,0.3769403761652331,0.41237450240989343,2022
2023_09_SEA_BAL,00-0034753,TE,BAL,2023,0,0.3128100091552205,0.30505008726276395,0.21382357036998165,0.26252962677049796,2022
2023_09_SEA_BAL,00-0034796,QB,BAL,2023,0,0.27519990898943514,0.2634360956903627,0.30128980375135683,0.34085015535165686,2022
2023_09_SEA_BAL,00-0034975,RB,BAL,2023,0,0.2291638035361937,0.17692441768476944,0.15303610188935385,0.21455739362020598,2022
2023_09_SEA_BAL,00-0035993,QB,BAL,2023,0,0.04150123096760394,0.02619096633184775,0.014411336441741968,0.05843532410812835,2022
2023_09_SEA_BAL,00-0036550,WR,BAL,2023,0,0.15268073263415727,0.12775010688912775,0.12193227921768111,0.09680345425478071,2022
2023_09_SEA_BAL,00-0037838,TE,BAL,2023,0,0.07598995588661661,0.07823090072040854,0.05589614453911697,0.052932341810301695,2022
2023_09_SEA_BAL,00-0038046,TE,BAL,2023,0,0.05066370422533806,0.05975907394582241,0.03372597239472479,0.0599817407697377,2022
2023_09_SEA_BAL,00-0038454,RB,BAL,2023,1,0.04268201023632057,0.05233305149863471,0.06252644247110314,0.04697386499102359,2022
2023_09_SEA_BAL,00-0039064,WR,BAL,2023,0,0.32275080268795087,0.2923157369160182,0.3209426897311104,0.2911676999591638,2022
2023_09_SEA_BAL,00-0030565,QB,SEA,2023,0,0.11964951477903885,0.09913590868037564,0.06428283818092256,0.10391526191776759,2022
2023_09_SEA_BAL,00-0032211,WR,SEA,2023,0,0.20687250772412302,0.19449888727268944,0.20929182445637745,0.17868200511210075,2022
2023_09_SEA_BAL,00-0034159,TE,SEA,2023,0,0.05919748858485063,0.06319852490495267,0.05460413717087724,0.0579553271140307,2022
2023_09_SEA_BAL,00-0035164,WR,SEA,2023,0,0.020122070504767886,0.03443612212200278,0.03578642977942559,0.046317987880113265,2022
2023_09_SEA_BAL,00-0035640,WR,SEA,2023,0,0.22227987698620333,0.21302178499931068,0.24216023757764585,0.18551881316548824,2022
2023_09_SEA_BAL,00-0035644,TE,SEA,2023,0,0.08895721936838363,0.08069478065608113,0.07485042274539065,0.08090197422784813,2022
2023_09_SEA_BAL,00-0036244,TE,SEA,2023,0,0.10893361076113905,0.08972760135362465,0.07707710772693498,0.09054357768784745,2022
2023_09_SEA_BAL,00-0036425,RB,SEA,2023,0,0.03312827482947456,0.03941984812713442,0.04487593528289765,0.046439649935166014,2022
2023_09_SEA_BAL,00-0036620,WR,SEA,2023,0,0.03602963240906165,0.035162647894836856,0.03402159402715223,0.050013999366789894,2022
2023_09_SEA_BAL,00-0038134,RB,SEA,2023,0,0.38100124906904076,0.48203535617062937,0.4013756483047797,0.3383379599263295,2022
2023_09_SEA_BAL,00-0038543,WR,SEA,2023,0,0.15014700753580557,0.10785246162476211,0.12528962610687028,0.12949538097098212,2022
2023_09_SEA_BAL,00-0038752,WR,SEA,2023,0,0.09651294701241597,0.07267491719171476,0.07526287290259479,0.08899201677038228,2022
2023_09_SEA_BAL,00-0039165,RB,SEA,2023,0,0.1663570239115586,0.10624423037861293,0.10117413998440297,0.10003221566404433,2022
2023_09_TB_HOU,00-0030431,WR,HOU,2023,0,0.21793113625970317,0.166792947724689,0.1905448257907461,0.1782172152389991,2022
2023_09_TB_HOU,00-0033591,WR,HOU,2023,1,0.18416356808961631,0.16549314441219212,0.1421495850418021,0.156444177103913,2022
2023_09_TB_HOU,00-0034208,RB,HOU,2023,0,0.025435315433824712,0.04619595379070363,0.054089887050722846,0.04757123666019393,2022
2023_09_TB_HOU,00-0034383,TE,HOU,2023,1,0.21683385475668238,0.17415183574032042,0.1451066331133074,0.17139130185544438,2022
2023_09_TB_HOU,00-0035250,RB,HOU,2023,0,0.20477190749376328,0.1710739066737386,0.170662581658841,0.16671581412341785,2022
2023_09_TB_HOU,00-0036554,WR,HOU,2023,1,0.2136899378869106,0.1966584557871958,0.20676551679633862,0.18530724098945767,2022
2023_09_TB_HOU,00-0036556,TE,HOU,2023,0,0.0527359907374092,0.05132263000896789,0.03877524914440361,0.058156269572175026,2022
2023_09_TB_HOU,00-0037258,RB,HOU,2023,0,0.34326521292309053,0.3877604473874405,0.3250387715544263,0.35340304565462577,2022
2023_09_TB_HOU,00-0037277,TE,HOU,2023,0,0.04806702861771406,0.05942744251377911,0.05313246995823879,0.04564745974819164,2022
2023_09_TB_HOU,00-0037614,WR,HOU,2023,0,0.06480515041054469,0.05906300403699542,0.05664870521591038,0.05490326516989785,2022
2023_09_TB_HOU,00-0038618,WR,HOU,2023,0,0.03749755743271921,0.040564365639864555,0.03984168029522518,0.052423457537990686,2022
2023_09_TB_HOU,00-0038977,WR,HOU,2023,1,0.2115724344017481,0.18422812987559292,0.16839607468906598,0.15506146661857556,2022
2023_09_TB_HOU,00-0039163,QB,HOU,2023,0,0.12275681086995127,0.10957267136781902,0.10662913464814325,0.10386343458874198,2022
2023_09_TB_HOU,00-0031408,WR,TB,2023,0,0.21865575475042087,0.16664988700410285,0.1973275358824225,0.16545011913689625,2022
2023_09_TB_HOU,00-0033921,WR,TB,2023,0,0.24290926144771818,0.2082194053178222,0.2243866622664942,0.21947640695843104,2022
2023_09_TB_HOU,00-0034681,RB,TB,2023,0,0.07075018230163244,0.046088683102338476,0.052964487313525474,0.06466676686351511,2022
2023_09_TB_HOU,00-0034855,QB,TB,2023,0,0.13851758493513033,0.11005313321905509,0.09865540776587979,0.11379185704691867,2022
2023_09_TB_HOU,00-0036450,RB,TB,2023,0,0.15219004335694097,0.0648500754868936,0.0835062636498144,0.07895891597899607,2022
2023_09_TB_HOU,00-0037256,RB,TB,2023,1,0.37325503001631044,0.3928273621904447,0.30655035422405913,0.32472938715725314,2022
2023_09_TB_HOU,00-0037487,WR,TB,2023,0,0.10396105367645059,0.06621487227180714,0.06165750145428162,0.09228710517204343,2022
2023_09_TB_HOU,00-0038129,TE,TB,2023,1,0.14987166154287512,0.17487453567509192,0.2130981357803064,0.15790130695573804,2022
2023_09_TB_HOU,00-0038821,WR,TB,2023,0,0.049881652103792695,0.041785960307132865,0.045124681000050876,0.048355452533044144,2022
2023_09_TB_HOU,00-0039050,TE,TB,2023,0,0.030175768498482136,0.03623526596569506,0.028268462555435504,0.044360772749409486,2022
2023_09_TB_HOU,00-0039052,WR,TB,2023,0,0.13599975396915542,0.11806421505803481,0.127701768894406,0.10322426016684612,2022
2023_09_TEN_PIT,00-0031428,WR,PIT,2023,0,0.15600540229463156,0.133421627242486,0.11883446940463908,0.1414757265527632,2022
2023_09_TEN_PIT,00-0033869,QB,PIT,2023,0,0.07824731871745716,0.0416071029508277,0.02783967730734904,0.06763879611850675,2022
2023_09_TEN_PIT,00-0035216,WR,PIT,2023,1,0.2442568930482999,0.2119869714617965,0.2112531390304101,0.17790199195373166,2022
2023_09_TEN_PIT,00-0035645,WR,PIT,2023,0,0.01763387251290105,0.035931605434127094,0.032170205224546986,0.0479786750952396,2022
2023_09_TEN_PIT,00-0035703,WR,PIT,2023,0,0.025786650266088618,0.03942543158688643,0.03622701487211308,0.044911315009468496,2022
2023_09_TEN_PIT,00-0036893,RB,PIT,2023,1,0.3452595804095676,0.275639356635573,0.3054593162293489,0.33216458691442174,2022
2023_09_TEN_PIT,00-0037228,RB,PIT,2023,0,0.2711266672739754,0.1894614872860738,0.14070131623858964,0.1909376005241911,2022
2023_09_TEN_PIT,00-0037247,WR,PIT,2023,0,0.26087089579886535,0.20833008144806753,0.23572786522845632,0.2091489803445107,2022
2023_09_TEN_PIT,00-0037451,TE,PIT,2023,0,0.04513873681471692,0.0008858813192649276,0.07382564738179312,0.050863103948775065,2022
2023_09_TEN_PIT,00-0037837,WR,PIT,2023,0,0.12900120536814963,0.09337592988611144,0.08641798767795188,0.09114023569065612,2022
2023_09_TEN_PIT,00-0038102,QB,PIT,2023,0,0.14505763830060137,0.07890663911735742,0.06287110131216504,0.11065392318484954,2022
2023_09_TEN_PIT,00-0038558,TE,PIT,2023,0,0.08079121917719634,0.08044048820440587,0.09078919064028533,0.05618070232518191,2022
2023_09_TEN_PIT,00-0029701,QB,TEN,2023,0,0.07738689924405129,0.07366358555468977,0.06129710932966019,0.07247038905451708,2022
2023_09_TEN_PIT,00-0030564,WR,TEN,2023,0,0.20914905480245316,0.1160315332019848,0.1823075747746198,0.170044464517669,2022
2023_09_TEN_PIT,00-0032398,WR,TEN,2023,0,0.06904190805276067,0.056826835839984755,0.059654891813639234,0.05920711772982164,2022
2023_09_TEN_PIT,00-0032764,RB,TEN,2023,1,0.3029219889429816,0.3573259535164426,0.3194726160241433,0.2646013860833197,2022
2023_09_TEN_PIT,00-0035259,TE,TEN,2023,0,0.03794254421234522,0.05609531346377052,0.06715875872639561,0.052365171632834225,2022
2023_09_TEN_PIT,00-0036182,WR,TEN,2023,0,0.1291348147993846,0.10972221716472728,0.1100902246298107,0.13755441793672749,2022
2023_09_TEN_PIT,00-0037273,WR,TEN,2023,0,0.06170609193290166,0.05182050767371653,0.05030512030746248,0.06143798305665072,2022
2023_09_TEN_PIT,00-0037742,WR,TEN,2023,0,0.12739960340313305,0.09950358853510007,0.1086022762204039,0.10279387625572893,2022
2023_09_TEN_PIT,00-0037809,TE,TEN,2023,0,0.15200852368204654,0.11526418585512997,0.15100279227340277,0.14099693467745733,2022
2023_09_TEN_PIT,00-0038128,QB,TEN,2023,0,0.04725362654961118,0.027693452750734787,0.02391660015268555,0.06402869593905229,2022
2023_09_TEN_PIT,00-0038589,TE,TEN,2023,0,0.04681210377786582,0.03813201711418428,0.034695912936956126,0.05866603287742646,2022
2023_09_TEN_PIT,00-0039032,RB,TEN,2023,0,0.17726336234157514,0.1299893278137219,0.09444824881952363,0.16735938522653226,2022
2023_09_TEN_PIT,00-0039152,QB,TEN,2023,0,0.12368737467985758,0.13129925452490182,0.19874901096517789,0.1328312821126956,2022
2023_09_WAS_NE,00-0031547,WR,NE,2023,0,0.12714712257737082,0.13150504952766853,0.11505902203257927,0.08316814297075563,2022
2023_09_WAS_NE,00-0032200,WR,NE,2023,0,0.048538980123875364,0.04128623282229828,0.03782800403191604,0.05467515749914582,2022
2023_09_WAS_NE,00-0033045,RB,NE,2023,0,0.2793513441708452,0.15421213634263903,0.17163408556172693,0.2748876894012697,2022
2023_09_WAS_NE,00-0033090,TE,NE,2023,1,0.13451991503758853,0.12468833047393534,0.1497652126471309,0.13170281134662096,2022
2023_09_WAS_NE,00-0033307,WR,NE,2023,0,0.22978948492304518,0.21522556593812966,0.1809506835808507,0.2160959065041174,2022
2023_09_WAS_NE,00-0033439,TE,NE,2023,0,0.07694737793244066,0.07341364111607526,0.07099708376899885,0.06177722044162893,2022
2023_09_WAS_NE,00-0033857,WR,NE,2023,0,0.15297390660610455,0.10719265084154718,0.09142225812406096,0.14763238583560664,2022
2023_09_WAS_NE,00-0034829,TE,NE,2023,0,0.1314976696661233,0.09209682916824556,0.09144172035632,0.1473695971752151,2022
2023_09_WAS_NE,00-0036387,WR,NE,2023,0,0.09062487651391227,0.08221768453126382,0.0768392022949515,0.08361836354657377,2022
2023_09_WAS_NE,00-0036875,RB,NE,2023,1,0.3822180223525692,0.31409825808888325,0.3080345422737186,0.3598476502304481,2022
2023_09_WAS_NE,00-0036972,QB,NE,2023,0,0.10787683392105829,0.09428108910291506,0.06977111203184602,0.08995189924486112,2022
2023_09_WAS_NE,00-0038104,WR,NE,2023,0,0.07024051696759781,0.06079679136365929,0.061284382833517274,0.07284913885671311,2022
2023_09_WAS_NE,00-0038621,WR,NE,2023,0,0.18521344706589582,0.10109406519089274,0.09119860902313515,0.1678972525539617,2022
2023_09_WAS_NE,00-0031260,TE,WAS,2023,0,0.17446423587664972,0.17212882402052243,0.1782352317960551,0.1782750597822236,2022
2023_09_WAS_NE,00-0031941,WR,WAS,2023,0,0.04773830493264042,0.04049217382039933,0.03854168664977781,0.06522728764186529,2022
2023_09_WAS_NE,00-0033282,WR,WAS,2023,0,0.18124426526849036,0.1336755661090573,0.1152245263142471,0.1693763625015256,2022
2023_09_WAS_NE,00-0033296,RB,WAS,2023,0,0.02154686539906192,0.0451470424139888,0.02315429404095378,0.047919263386415833,2022
2023_09_WAS_NE,00-0034297,WR,WAS,2023,0,0.036944479808054265,0.04013042327716198,0.03804675481649701,0.04687443000765391,2022
2023_09_WAS_NE,00-0035659,WR,WAS,2023,0,0.2306543953683985,0.21894662738680223,0.23073635167891887,0.19546292259413411,2022
2023_09_WAS_NE,00-0036328,RB,WAS,2023,0,0.15771425977749565,0.1134615780200532,0.10874305572692408,0.12554459454196001,2022
2023_09_WAS_NE,00-0036626,WR,WAS,2023,0,0.05846846949824214,0.04891131873459092,0.04819494527048886,0.05584980191834861,2022
2023_09_WAS_NE,00-0036628,TE,WAS,2023,0,0.05412237430653177,0.06225420058640371,0.07009833330701727,0.04745823384812556,2022
2023_09_WAS_NE,00-0037077,QB,WAS,2023,0,0.1564306906813071,0.11635369198261142,0.12031145743208475,0.12107822525811474,2022
2023_09_WAS_NE,00-0037741,WR,WAS,2023,1,0.18743538500986612,0.17682380775340248,0.17702195571675777,0.17980743456353862,2022
2023_09_WAS_NE,00-0037746,RB,WAS,2023,1,0.3049746052633535,0.19260540448418112,0.21335106544253776,0.27893829130359465,2022
2023_09_WAS_NE,00-0038611,RB,WAS,2023,0,0.10974166269559693,0.057190445528688905,0.07753129501550536,0.08198641183828949,2022
2023_10_ATL_ARI,00-0030061,TE,ARI,2023,0,0.15219442426227914,0.1127086058865215,0.09441450940760555,0.1598361885295006,2022
2023_10_ATL_ARI,00-0030874,RB,ARI,2023,0,0.07715070844076977,0.06287771646168538,0.07488624422903337,0.07183446483533089,2022
2023_10_ATL_ARI,00-0032141,TE,ARI,2023,0,0.04934350772781815,0.05563696930131149,0.04765762733248372,0.05108075470120631,2022
2023_10_ATL_ARI,00-0033251,WR,ARI,2023,0,0.052044583779224496,0.050300651890086714,0.050425678066930935,0.05784454378195468,2022
2023_10_ATL_ARI,00-0033949,QB,ARI,2023,0,0.18095736512307092,0.1456434685837996,0.13466784243856733,0.18834912400854542,2022
2023_10_ATL_ARI,00-0035500,WR,ARI,2023,0,0.028992122787531938,0.03939401950676364,0.03989043390804836,0.07299111951253841,2022
2023_10_ATL_ARI,00-0035662,WR,ARI,2023,0,0.2498063548212518,0.23640561170611843,0.28291225394411923,0.22726313323665165,2022
2023_10_ATL_ARI,00-0035860,RB,ARI,2023,0,0.1865361753512672,0.0860991835055917,0.05725556901551483,0.1495427449266298,2022
2023_10_ATL_ARI,00-0036936,WR,ARI,2023,0,0.17759085498491234,0.16903705304275443,0.1252637111182918,0.1534585332101874,2022
2023_10_ATL_ARI,00-0037299,RB,ARI,2023,0,0.12263911692212526,0.09995162283490211,0.10755541811776022,0.08867101604560616,2022
2023_10_ATL_ARI,00-0037744,TE,ARI,2023,0,0.1837814684825212,0.14206804977471663,0.11895566174681738,0.15829664857384076,2022
2023_10_ATL_ARI,00-0038559,WR,ARI,2023,0,0.1399328718822357,0.16253421389393272,0.15190845613612514,0.18375392904247304,2022
2023_10_ATL_ARI,00-0038582,QB,ARI,2023,1,0.08756178098484513,0.016958644440770297,0.04110869760042713,0.08542669297709742,2022
2023_10_ATL_ARI,00-0038705,RB,ARI,2023,0,0.23018100667955999,0.23049359268017272,0.2085232012670389,0.22746090755579398,2022
2023_10_ATL_ARI,00-0039041,TE,ARI,2023,0,0.01778351747614504,0.041984575354412065,0.03206426507250419,0.046317987880113265,2022
2023_10_ATL_ARI,00-0030578,RB,ATL,2023,0,0.08083373418117801,0.06670847491420928,0.07560407429852106,0.0676482216587272,2022
2023_10_ATL_ARI,00-0031585,TE,ATL,2023,0,0.08005773689919449,0.0637061917138843,0.06327945433548975,0.07938527878164142,2022
2023_10_ATL_ARI,00-0031800,QB,ATL,2023,0,0.10592311093613882,0.0881738532094624,0.064081305832292,0.09648517597113662,2022
2023_10_ATL_ARI,00-0031868,WR,ATL,2023,0,0.07379101415555589,0.06127606534700501,0.06327496033300109,0.05200093603797566,2022
2023_10_ATL_ARI,00-0033555,WR,ATL,2023,0,0.08710653404997759,0.07254682456450803,0.06648222969258179,0.07154455288256,2022
2023_10_ATL_ARI,00-0033858,TE,ATL,2023,0,0.1743457762762548,0.14314993157325326,0.12203966917790515,0.18839062574220491,2022
2023_10_ATL_ARI,00-0034854,WR,ATL,2023,0,0.10069412888759033,0.08466477614985216,0.08084982770718406,0.06985371607290268,2022
2023_10_ATL_ARI,00-0035298,WR,ATL,2023,1,0.0640014551486815,0.06309845057994032,0.05838261453050929,0.054623077869310345,2022
2023_10_ATL_ARI,00-0036415,WR,ATL,2023,0,0.12334079000751064,0.10224757277189508,0.10533800565447571,0.06830020171893814,2022
2023_10_ATL_ARI,00-0036970,TE,ATL,2023,0,0.197364160914007,0.13806343598932305,0.15319533615929198,0.1796040753627434,2022
2023_10_ATL_ARI,00-0037238,WR,ATL,2023,0,0.26968545142237266,0.23718462163457843,0.24110357037195362,0.24148129657603612,2022
2023_10_ATL_ARI,00-0037263,RB,ATL,2023,0,0.3079343500983397,0.2335270164104285,0.2540591019154816,0.21548759979791857,2022
2023_10_ATL_ARI,00-0038122,QB,ATL,2023,1,0.1372354720941571,0.09219481614739379,0.05176202986188136,0.10917346324638394,2022
2023_10_ATL_ARI,00-0038542,RB,ATL,2023,1,0.29119985085548905,0.27040237797509814,0.23449879967074275,0.2262409262427603,2022
2023_10_CAR_CHI,00-0030035,WR,CAR,2023,0,0.2504576056894895,0.2936899199219539,0.2771242858444258,0.22268688623137262,2022
2023_10_CAR_CHI,00-0034777,WR,CAR,2023,0,0.13843362961314265,0.13755150513453612,0.12960455655211378,0.13964155094794425,2022
2023_10_CAR_CHI,00-0034830,TE,CAR,2023,0,0.088563535950825,0.0655830607443041,0.07899183791273863,0.07189397723529267,2022
2023_10_CAR_CHI,00-0035243,RB,CAR,2023,0,0.21582912012411426,0.1283751379970657,0.12026922052302988,0.14931974482499022,2022
2023_10_CAR_CHI,00-0036268,WR,CAR,2023,0,0.0687176741318496,0.04621628046832082,0.03528136761068874,0.06404598702691591,2022
2023_10_CAR_CHI,00-0036438,TE,CAR,2023,0,0.0719169515197603,0.04871693548993978,0.042824448558456664,0.07386688987336038,2022
2023_10_CAR_CHI,00-0036555,RB,CAR,2023,0,0.30181918931651874,0.2930778793817156,0.28476837817192585,0.27732763087565987,2022
2023_10_CAR_CHI,00-0036955,WR,CAR,2023,0,0.10386721825906486,0.07134679987327915,0.06903751648655936,0.10518131981080737,2022
2023_10_CAR_CHI,00-0037005,TE,CAR,2023,0,0.06563459528095539,0.05694077810827734,0.05128673737042834,0.08653803360077868,2022
2023_10_CAR_CHI,00-0037429,RB,CAR,2023,0,0.08491247652918676,0.055030782188165095,0.058342145169981735,0.07566673867864006,2022
2023_10_CAR_CHI,00-0039062,WR,CAR,2023,0,0.128005878097053,0.13407497203816393,0.1268928280913988,0.13187766948152493,2022
2023_10_CAR_CHI,00-0039150,QB,CAR,2023,0,0.09688445841908733,0.08345078530131926,0.0730162678645966,0.08648944781846522,2022
2023_10_CAR_CHI,00-0024243,TE,CHI,2023,0,0.04037063949807573,0.05067037412384239,0.05058764448327953,0.04850257151318308,2022
2023_10_CAR_CHI,00-0033292,WR,CHI,2023,0,0.015302990000910843,0.03743674571677898,0.029747726674549748,0.045307519821931604,2022
2023_10_CAR_CHI,00-0033757,TE,CHI,2023,0,0.06161406702323846,0.05389262813075367,0.05191287125840126,0.05058422221902218,2022
2023_10_CAR_CHI,00-0033925,RB,CHI,2023,1,0.30575734880941197,0.23016120859607472,0.23680289558692388,0.2732067367666337,2022
2023_10_CAR_CHI,00-0033958,QB,CHI,2023,0,0.0350359911302478,0.021754961913485363,0.01134485611095348,0.055290182611249135,2022
2023_10_CAR_CHI,00-0034827,WR,CHI,2023,0,0.28809284125057555,0.2822214428666657,0.26748102516153033,0.21819895040806364,2022
2023_10_CAR_CHI,00-0035594,RB,CHI,2023,0,0.010546409564607617,0.035469719652698795,0.04280634092431446,0.04897264364465995,2022
2023_10_CAR_CHI,00-0036290,TE,CHI,2023,0,0.23382766634912555,0.22033393139518598,0.1938803030477149,0.20150711254684628,2022
2023_10_CAR_CHI,00-0036297,RB,CHI,2023,0,0.21136320021546384,0.1153942386619158,0.10881914124946333,0.11807623178994915,2022
2023_10_CAR_CHI,00-0036309,WR,CHI,2023,0,0.19972897779134757,0.1694901808436602,0.1490575267963531,0.1793610746731628,2022
2023_10_CAR_CHI,00-0037745,WR,CHI,2023,0,0.04991366155192056,0.04367766622486774,0.03523900136227782,0.04657421922707811,2022
2023_10_CAR_CHI,00-0038416,QB,CHI,2023,0,0.15317697242309547,0.0870460835654392,0.08853530365882402,0.133468466138811,2022
2023_10_CAR_CHI,00-0038941,WR,CHI,2023,0,0.12187352642082305,0.09197063905535348,0.07467569659840458,0.07395384599771172,2022
2023_10_CAR_CHI,00-0039021,RB,CHI,2023,0,0.16574447613124144,0.09666817434517776,0.09312000868395436,0.08287536473942658,2022
2023_10_CLE_BAL,00-0031235,WR,BAL,2023,1,0.19441255827696624,0.13813513027729932,0.13296181428662665,0.15981870910710813,2022
2023_10_CLE_BAL,00-0031549,WR,BAL,2023,0,0.10275119625018148,0.09620717600530744,0.08297730824255706,0.07495744046306439,2022
2023_10_CLE_BAL,00-0033376,RB,BAL,2023,0,0.061515548302614076,0.07384182311607347,0.0660751297505071,0.04649709743744718,2022
2023_10_CLE_BAL,00-0034184,RB,BAL,2023,1,0.29188195268022565,0.2598571698903634,0.22080482743192056,0.30323949116793847,2022
2023_10_CLE_BAL,00-0034753,TE,BAL,2023,0,0.2748693131885731,0.2753125931486906,0.23299030496709414,0.23100697419847685,2022
2023_10_CLE_BAL,00-0034796,QB,BAL,2023,0,0.2229917725265016,0.22598679354940787,0.2819629376254231,0.24554223421478377,2022
2023_10_CLE_BAL,00-0034975,RB,BAL,2023,0,0.2300192062587647,0.21244567713167353,0.1682447232702509,0.2210741160070868,2022
2023_10_CLE_BAL,00-0035993,QB,BAL,2023,0,0.0538049516844028,0.029751992316731802,0.014077844122598744,0.0572915493786528,2022
2023_10_CLE_BAL,00-0036331,WR,BAL,2023,0,0.030604208669065325,0.04738266472925722,0.039948822270043136,0.045345985994915274,2022
2023_10_CLE_BAL,00-0036550,WR,BAL,2023,0,0.13845520968044034,0.11381778031689721,0.10119392796322348,0.10074432365735493,2022
2023_10_CLE_BAL,00-0037838,TE,BAL,2023,0,0.07425294164883967,0.05834935508695789,0.05040910381334816,0.05585759383503322,2022
2023_10_CLE_BAL,00-0038046,TE,BAL,2023,0,0.03637232137096846,0.0521419260467708,0.036135198846290725,0.058139752334681404,2022
2023_10_CLE_BAL,00-0038454,RB,BAL,2023,1,0.1151799275728187,0.07599145502999514,0.0821946324476358,0.07656673026202088,2022
2023_10_CLE_BAL,00-0039064,WR,BAL,2023,0,0.24278684129823191,0.21771821247881312,0.21287404450789885,0.23259263550630904,2022
2023_10_CLE_BAL,00-0030068,WR,CLE,2023,0,0.043180177289393606,0.034709516943251355,0.03511423143042393,0.04888346766403248,2022
2023_10_CLE_BAL,00-0031544,WR,CLE,2023,0,0.18473190739443357,0.1411224608262858,0.18830593556507366,0.16534591333309834,2022
2023_10_CLE_BAL,00-0033275,QB,CLE,2023,0,0.08983640638607293,0.0829343775201473,0.0777851425519575,0.09925825733628789,2022
2023_10_CLE_BAL,00-0033537,QB,CLE,2023,0,0.08092918296285778,0.06345611832704275,0.06283737682730059,0.08598530593705853,2022
2023_10_CLE_BAL,00-0033885,TE,CLE,2023,0,0.18864699090017456,0.15920783243430972,0.13783510924190104,0.17021786720003357,2022
2023_10_CLE_BAL,00-0033923,RB,CLE,2023,1,0.18088022487866573,0.09318757213956852,0.0871659041547269,0.1302455905648871,2022
2023_10_CLE_BAL,00-0034364,TE,CLE,2023,0,0.04214608137035791,0.03312796303460231,0.028549907613844207,0.04877349597426136,2022
2023_10_CLE_BAL,00-0036232,TE,CLE,2023,0,0.0349880354799641,0.03645710101381562,0.034619279935994514,0.047751012365962776,2022
2023_10_CLE_BAL,00-0036233,WR,CLE,2023,0,0.08513934889583563,0.09901034845100326,0.09728035369517334,0.06830927109671772,2022
2023_10_CLE_BAL,00-0036980,WR,CLE,2023,1,0.14171427928529612,0.12034037006221675,0.1246158418856242,0.1493733877358843,2022
2023_10_CLE_BAL,00-0037267,RB,CLE,2023,0,0.2378764413481873,0.23389331322754284,0.17744604285362234,0.2284544400305422,2022
2023_10_CLE_BAL,00-0038098,RB,CLE,2023,0,0.07730604439245403,0.05526118585528885,0.06186417977310132,0.07039626220705693,2022
2023_10_CLE_BAL,00-0038583,QB,CLE,2023,0,0.048878110458155266,0.03262896711845464,0.021392969285978253,0.06146918011415012,2022
2023_10_CLE_BAL,00-0038979,WR,CLE,2023,0,0.07466021958422442,0.04864741936889996,0.05069832008242281,0.09461423760122313,2022
2023_10_DEN_BUF,00-0030513,RB,BUF,2023,1,0.27465766957435833,0.15065445007535272,0.18600327778511677,0.1403676396893839,2022
2023_10_DEN_BUF,00-0031588,WR,BUF,2023,0,0.42552599287147186,0.4253841187581592,0.4548360768588307,0.41077422866303875,2022
2023_10_DEN_BUF,00-0034487,WR,BUF,2023,0,0.05867540539264149,0.07906056868696851,0.07302155718762468,0.046824760638808506,2022
2023_10_DEN_BUF,00-0034857,QB,BUF,2023,1,0.30161466606401666,0.19964237236488927,0.2500852809035245,0.18843653636696356,2022
2023_10_DEN_BUF,00-0035215,WR,BUF,2023,0,0.06118427228129586,0.06753285554070226,0.06413457518344984,0.05441622709499427,2022
2023_10_DEN_BUF,00-0035689,TE,BUF,2023,0,0.2070667561023506,0.1546267912470061,0.15306586112207812,0.13231666781094367,2022
2023_10_DEN_BUF,00-0036196,WR,BUF,2023,0,0.3003671579994399,0.3075753357059622,0.2836306336921527,0.27000643579899614,2022
2023_10_DEN_BUF,00-0037248,RB,BUF,2023,0,0.430185097046615,0.3618806889752877,0.44201371759467994,0.34376789611653613,2022
2023_10_DEN_BUF,00-0037261,WR,BUF,2023,0,0.1578713860708867,0.13899749807549627,0.12627607194666426,0.15590404058502425,2022
2023_10_DEN_BUF,00-0038933,TE,BUF,2023,1,0.2924312992879342,0.2513827591256997,0.18281913354856535,0.22606284842494245,2022
2023_10_DEN_BUF,00-0029263,QB,DEN,2023,0,0.164026881081615,0.11729457788740962,0.10249717289220985,0.11933093121885302,2022
2023_10_DEN_BUF,00-0031484,TE,DEN,2023,0,0.050826813877317245,0.04851722032968107,0.04652457016805567,0.04783399218101526,2022
2023_10_DEN_BUF,00-0033526,RB,DEN,2023,0,0.17689976467540836,0.10346423117692106,0.08624620199736226,0.09649313794195628,2022
2023_10_DEN_BUF,00-0034348,WR,DEN,2023,1,0.2129641154373283,0.17278838077397984,0.1935885122224038,0.1874094891955876,2022
2023_10_DEN_BUF,00-0036407,WR,DEN,2023,0,0.22899896534935527,0.1653158802741476,0.20233815059357746,0.16358237080366908,2022
2023_10_DEN_BUF,00-0036422,TE,DEN,2023,0,0.13033792507267017,0.12130905806218907,0.13367432750116442,0.08982004279613004,2022
2023_10_DEN_BUF,00-0036997,RB,DEN,2023,1,0.33512215550202973,0.28803884574910427,0.3118991755305161,0.28855328875511776,2022
2023_10_DEN_BUF,00-0037252,TE,DEN,2023,0,0.08367661217379263,0.05561843865057947,0.040774697285005386,0.07119406092693009,2022
2023_10_DEN_BUF,00-0037382,WR,DEN,2023,0,0.09594843325840885,0.07266134505903396,0.07663448132423106,0.0824005391290916,2022
2023_10_DEN_BUF,00-0038783,TE,DEN,2023,0,0.042789776385807055,0.040297273014268956,0.028980421937526375,0.04920087575995812,2022
2023_10_DEN_BUF,00-0038794,RB,DEN,2023,0,0.22727482548732914,0.10707030925910803,0.12122736409948452,0.12579588661329483,2022
2023_10_DEN_BUF,00-0038976,WR,DEN,2023,0,0.06749302548743719,0.05698507326591118,0.06119922365295834,0.05540121274278751,2022
2023_10_DET_LAC,00-0029293,WR,DET,2023,0,0.10377830811592781,0.09760804360309049,0.10037205915949297,0.07350312583296527,2022
2023_10_DET_LAC,00-0032464,WR,DET,2023,0,0.09676086992240174,0.08545901321064818,0.07825674388071498,0.09345694806330584,2022
2023_10_DET_LAC,00-0033106,QB,DET,2023,0,0.10662892587026462,0.11525492994337146,0.11060092355957366,0.08230203534973281,2022
2023_10_DET_LAC,00-0033943,WR,DET,2023,0,0.1501136379069612,0.1930045845235629,0.16636443787611227,0.15987958908751435,2022
2023_10_DET_LAC,00-0035184,RB,DET,2023,0,0.10588802255426055,0.08664954494926581,0.056447156513761254,0.08148418952965059,2022
2023_10_DET_LAC,00-0035567,RB,DET,2023,0,0.17119564702746792,0.10630083214764541,0.12148185317503019,0.10766650205404744,2022
2023_10_DET_LAC,00-0035685,RB,DET,2023,1,0.3955243926423181,0.4210950799945971,0.44745107578513177,0.4238921123293618,2022
2023_10_DET_LAC,00-0036754,TE,DET,2023,1,0.08360865298866138,0.10608064759153416,0.10021522633935942,0.0731455175779576,2022
2023_10_DET_LAC,00-0036963,WR,DET,2023,1,0.32218762745004637,0.37444232689766255,0.4177999859781176,0.38334673966110067,2022
2023_10_DET_LAC,00-0037240,WR,DET,2023,0,0.11781330216404817,0.10050514383533811,0.10570697438558466,0.07430276272304458,2022
2023_10_DET_LAC,00-0038627,WR,DET,2023,0,0.04235479040543877,0.0645714403222689,0.0622109912762645,0.046585235088447,2022
2023_10_DET_LAC,00-0039065,TE,DET,2023,0,0.23209014673115758,0.25415115776471553,0.22736451755563025,0.26351005803950167,2022
2023_10_DET_LAC,00-0039139,RB,DET,2023,1,0.37793439321705136,0.44388050042915106,0.3831529237995627,0.41317907206178855,2022
2023_10_DET_LAC,00-0030279,WR,LAC,2023,1,0.2930142990274679,0.31286238195863997,0.3434865448597561,0.26866292936845954,2022
2023_10_DET_LAC,00-0033699,RB,LAC,2023,1,0.4389635433058279,0.43818447415763184,0.37699186511601845,0.3937538722494587,2022
2023_10_DET_LAC,00-0033895,TE,LAC,2023,0,0.15818087655065516,0.14667533606268576,0.11040046165099668,0.1930605583015859,2022
2023_10_DET_LAC,00-0035329,TE,LAC,2023,0,0.12408795500833192,0.09000909154650416,0.0713767395966647,0.11883037557595919,2022
2023_10_DET_LAC,00-0035414,WR,LAC,2023,1,0.10813633022063773,0.09857897279947393,0.1164298878557808,0.07480274389086633,2022
2023_10_DET_LAC,00-0036355,QB,LAC,2023,0,0.18625867531046325,0.1575482542261504,0.15663401714250033,0.14868008305818234,2022
2023_10_DET_LAC,00-0036370,RB,LAC,2023,0,0.1864863376150735,0.13829471389033468,0.15829113677186693,0.1435324712654839,2022
2023_10_DET_LAC,00-0036646,WR,LAC,2023,0,0.05104170939099384,0.04122361145526349,0.05143553037980984,0.06556638118547092,2022
2023_10_DET_LAC,00-0036988,WR,LAC,2023,0,0.21990815425674315,0.22071108685439575,0.24478060332866686,0.2304691886213178,2022
2023_10_DET_LAC,00-0037475,TE,LAC,2023,0,0.054024045046050295,0.0646335171358914,0.0534662549382697,0.04646480518595695,2022
2023_10_DET_LAC,00-0038045,RB,LAC,2023,0,0.08304334238929945,0.06388522714472072,0.08564394371757746,0.06687159067911264,2022
2023_10_DET_LAC,00-0038544,WR,LAC,2023,1,0.14045591434812288,0.12372434752869292,0.12747908540222672,0.1380197319582669,2022
2023_10_DET_LAC,00-0038573,WR,LAC,2023,0,0.07578706193367812,0.06006867335553112,0.05257773382445277,0.0732034201782593,2022
2023_10_GB_PIT,00-0033293,RB,GB,2023,0,0.27580366049255767,0.20878474347304835,0.20322794870674205,0.2263948906542982,2022
2023_10_GB_PIT,00-0036264,QB,GB,2023,0,0.10893779961342986,0.09454007286243657,0.07682549932630052,0.10685610359970216,2022
2023_10_GB_PIT,00-0036265,RB,GB,2023,0,0.27216838139498967,0.1991715385341124,0.17478178648704373,0.2533635223881054,2022
2023_10_GB_PIT,00-0036332,TE,GB,2023,0,0.04278480897839232,0.04667567508119444,0.042998584481434565,0.04559024113381588,2022
2023_10_GB_PIT,00-0037098,WR,GB,2023,0,0.06911265594558991,0.051513417981385305,0.05701371309428168,0.056850336315499655,2022
2023_10_GB_PIT,00-0037816,WR,GB,2023,1,0.19928503925986973,0.18168873170271269,0.1919749212226786,0.16669536010598765,2022
2023_10_GB_PIT,00-0038124,WR,GB,2023,0,0.17134229869611362,0.1531810483651158,0.16355046265956524,0.16010866572353608,2022
2023_10_GB_PIT,00-0038393,WR,GB,2023,0,0.07128097348194729,0.05557941758888572,0.053151479390702826,0.06394710828617829,2022
2023_10_GB_PIT,00-0038465,WR,GB,2023,0,0.04327411475157816,0.03798994591886884,0.04053397180062767,0.04879549845774162,2022
2023_10_GB_PIT,00-0038797,RB,GB,2023,0,0.06602575034025282,0.04675712185749043,0.05239213751669137,0.07226228142759067,2022
2023_10_GB_PIT,00-0038809,TE,GB,2023,0,0.029464904839631267,0.03381254899776094,0.02741680295457064,0.04577543069831294,2022
2023_10_GB_PIT,00-0039144,TE,GB,2023,0,0.12004528739733122,0.10305137778103055,0.11846826597338503,0.12798864862604953,2022
2023_10_GB_PIT,00-0039146,WR,GB,2023,1,0.12715442493940465,0.0979513255657391,0.09480057877086658,0.14215529751546055,2022
2023_10_GB_PIT,00-0031428,WR,PIT,2023,0,0.15361986126922555,0.12876896355553263,0.1143245673294195,0.1152432858933147,2022
2023_10_GB_PIT,00-0033869,QB,PIT,2023,0,0.0839961367442853,0.044122361001804694,0.029857235593780087,0.06797701422381723,2022
2023_10_GB_PIT,00-0035216,WR,PIT,2023,0,0.2781436695111008,0.25838868678553994,0.24875225907794127,0.23109125478381828,2022
2023_10_GB_PIT,00-0035703,WR,PIT,2023,0,0.030107676923361915,0.042269132901866346,0.038092786862890235,0.044911315009468496,2022
2023_10_GB_PIT,00-0036893,RB,PIT,2023,1,0.3748998480553949,0.2820408386998013,0.29990024565172685,0.3344937197362553,2022
2023_10_GB_PIT,00-0037228,RB,PIT,2023,1,0.29157509527582126,0.21280454099972196,0.16193482027956482,0.19595690027150753,2022
2023_10_GB_PIT,00-0037247,WR,PIT,2023,0,0.2724033700670797,0.21357986891717512,0.23518610207727828,0.22237669829430698,2022
2023_10_GB_PIT,00-0037451,TE,PIT,2023,0,0.04851931413343791,0.0009418543827270827,0.08161096222332222,0.050863103948775065,2022
2023_10_GB_PIT,00-0037837,WR,PIT,2023,0,0.11039961810374688,0.08353308198731527,0.0683896086501926,0.07303634057450165,2022
2023_10_GB_PIT,00-0038102,QB,PIT,2023,0,0.14706045253084754,0.07895783265781967,0.06681910794384555,0.11562386965517898,2022
2023_10_GB_PIT,00-0038558,TE,PIT,2023,0,0.08013524959998153,0.08224891310915333,0.09281823460326129,0.056404582093316245,2022
2023_10_HOU_CIN,00-0033009,WR,CIN,2023,0,0.23416497303177009,0.25424608025969225,0.24421388930964136,0.25546648320750376,2022
2023_10_HOU_CIN,00-0033897,RB,CIN,2023,1,0.5310675378445707,0.5781823965722277,0.6492502071494304,0.4376972273542724,2022
2023_10_HOU_CIN,00-0034613,TE,CIN,2023,0,0.13175668747584723,0.10406292055035218,0.07962502755200347,0.088260928127606,2022
2023_10_HOU_CIN,00-0034970,TE,CIN,2023,0,0.1677231813174893,0.13954523474092337,0.11583988513975857,0.17963526145339426,2022
2023_10_HOU_CIN,00-0035291,RB,CIN,2023,0,0.06874965074737316,0.07118696511439376,0.09150656609783206,0.06109974523827099,2022
2023_10_HOU_CIN,00-0035341,WR,CIN,2023,1,0.12327408743207946,0.1161544893969527,0.1252948203404387,0.11126699735167865,2022
2023_10_HOU_CIN,00-0035631,TE,CIN,2023,0,0.07859313576039684,0.08791674734864499,0.07083747574818439,0.05336930211823161,2022
2023_10_HOU_CIN,00-0035771,TE,CIN,2023,0,0.05579526318221073,0.07113286118857978,0.05112887362325641,0.04825694370099426,2022
2023_10_HOU_CIN,00-0036410,WR,CIN,2023,0,0.2306781055325623,0.1881197387561153,0.20061335474998915,0.22526303782304982,2022
2023_10_HOU_CIN,00-0036442,QB,CIN,2023,0,0.19418626762893199,0.1675470292207743,0.17016949649861296,0.1629241435864956,2022
2023_10_HOU_CIN,00-0036857,RB,CIN,2023,0,0.0597404678308614,0.06311157112157703,0.08959015827094834,0.059837005138688705,2022
2023_10_HOU_CIN,00-0036900,WR,CIN,2023,1,0.4016960707423104,0.4783921201656612,0.495616309589633,0.4082848751520386,2022
2023_10_HOU_CIN,00-0038597,RB,CIN,2023,0,0.034119095643250885,0.0527017078299951,0.073205347747254,0.048292515659174064,2022
2023_10_HOU_CIN,00-0038619,WR,CIN,2023,0,0.06189242364528014,0.06498828100197683,0.06982632258774846,0.05949009111302741,2022
2023_10_HOU_CIN,00-0030431,WR,HOU,2023,0,0.2043155543772448,0.15936871205285827,0.1918982292329156,0.1757525775498328,2022
2023_10_HOU_CIN,00-0033591,WR,HOU,2023,0,0.1711792515398406,0.16596670266373795,0.1574157718920681,0.1680010931777736,2022
2023_10_HOU_CIN,00-0033854,RB,HOU,2023,0,0.03456216254592681,0.04360144429107115,0.05590997512742877,0.04769974762879911,2022
2023_10_HOU_CIN,00-0034208,RB,HOU,2023,0,0.03014664283292756,0.04767380478578043,0.05428221857613133,0.04698969214910995,2022
2023_10_HOU_CIN,00-0034383,TE,HOU,2023,0,0.23310921793461636,0.20417228606065208,0.15603216651122395,0.1910625363305547,2022
2023_10_HOU_CIN,00-0035250,RB,HOU,2023,1,0.2148400721618795,0.18817449688317064,0.18529498091843347,0.2081044627731907,2022
2023_10_HOU_CIN,00-0036554,WR,HOU,2023,0,0.2046360506611261,0.19778149173477774,0.21611359060585708,0.18977648212818532,2022
2023_10_HOU_CIN,00-0036556,TE,HOU,2023,0,0.0491256367927938,0.048737527418324295,0.035542198255501006,0.058156269572175026,2022
2023_10_HOU_CIN,00-0037258,RB,HOU,2023,0,0.32358675867738285,0.374926413837177,0.31193787053462674,0.34777344844684593,2022
2023_10_HOU_CIN,00-0037614,WR,HOU,2023,0,0.05385145766804278,0.053629174367639684,0.05426326165684084,0.05107086214378957,2022
2023_10_HOU_CIN,00-0038618,WR,HOU,2023,0,0.03406277439473737,0.03909372728054058,0.03961161883912923,0.05172338074630397,2022
2023_10_HOU_CIN,00-0038977,WR,HOU,2023,1,0.2178297512811792,0.1968566889243201,0.18054076124217794,0.1787035838167269,2022
2023_10_HOU_CIN,00-0039163,QB,HOU,2023,1,0.10603848089599055,0.10602539763325437,0.09172986233332801,0.07986174025304443,2022
2023_10_IND_NE,00-0033217,TE,IND,2023,0,0.05974773492345442,0.06373107904777076,0.06660469240691985,0.05005772752672751,2022
2023_10_IND_NE,00-0033466,WR,IND,2023,0,0.048043934973428404,0.05056239747095099,0.04422138645429321,0.0465135715587783,2022
2023_10_IND_NE,00-0035289,QB,IND,2023,0,0.13114366497880137,0.0896934517449946,0.07473415849539615,0.10099855567723255,2022
2023_10_IND_NE,00-0035593,WR,IND,2023,0,0.03373969321084458,0.043685187404930506,0.04189774433513243,0.04716616976986117,2022
2023_10_IND_NE,00-0036223,RB,IND,2023,1,0.354325443188818,0.2762209259525347,0.26052358850663426,0.3330833387682855,2022
2023_10_IND_NE,00-0036251,RB,IND,2023,0,0.33678284238574896,0.27189419187789066,0.26592513296911957,0.33242438892475146,2022
2023_10_IND_NE,00-0036252,WR,IND,2023,0,0.30533723297909277,0.29724469515645136,0.28832552768715236,0.2808414077261855,2022
2023_10_IND_NE,00-0036876,TE,IND,2023,0,0.14553060180820943,0.10481739044928287,0.10437994150345042,0.1051344482229211,2022
2023_10_IND_NE,00-0037292,TE,IND,2023,0,0.09120693744019259,0.08728717824939317,0.10729412646951662,0.06936961879936483,2022
2023_10_IND_NE,00-0037664,WR,IND,2023,0,0.1615387012529167,0.18385025822400863,0.17276434532059884,0.11210891384360788,2022
2023_10_IND_NE,00-0038394,TE,IND,2023,0,0.05026893523426368,0.047723181029206196,0.04435184599421088,0.0496080428907599,2022
2023_10_IND_NE,00-0038997,WR,IND,2023,0,0.21384547234504325,0.17926099965736977,0.1572498146336237,0.19791429066596558,2022
2023_10_IND_NE,00-0031547,WR,NE,2023,0,0.11657856194259941,0.12108138879538717,0.11203473022211187,0.07974412261180519,2022
2023_10_IND_NE,00-0032200,WR,NE,2023,0,0.03898256733166516,0.03695645296613114,0.03514960550318858,0.049667479690211465,2022
2023_10_IND_NE,00-0033045,RB,NE,2023,0,0.26849469397482373,0.14526609613271707,0.17020680461028342,0.2649885289623941,2022
2023_10_IND_NE,00-0033090,TE,NE,2023,0,0.12509321292763909,0.11622131543885132,0.13795274552836784,0.11967297135398969,2022
2023_10_IND_NE,00-0033307,WR,NE,2023,0,0.2117847520855174,0.19969167066159088,0.17653996050223839,0.18146705361745263,2022
2023_10_IND_NE,00-0033439,TE,NE,2023,0,0.05471152915275579,0.05928847503523289,0.05092754941325515,0.05634575115710798,2022
2023_10_IND_NE,00-0033857,WR,NE,2023,0,0.14204787461516954,0.09983396036545235,0.089536688685045,0.13559011275664826,2022
2023_10_IND_NE,00-0034829,TE,NE,2023,0,0.10902255879793543,0.08981787523543848,0.08602263921500322,0.1142025878321074,2022
2023_10_IND_NE,00-0036387,WR,NE,2023,0,0.11905725520210797,0.09639502237972344,0.10122786962604433,0.09140618523150998,2022
2023_10_IND_NE,00-0036875,RB,NE,2023,0,0.3472102117972904,0.2808526706492815,0.2729227465031191,0.3301198572231099,2022
2023_10_IND_NE,00-0036972,QB,NE,2023,0,0.1036305048283247,0.09326929025669257,0.07075269580129862,0.08755252635353082,2022
2023_10_IND_NE,00-0038104,WR,NE,2023,0,0.07695190598480073,0.05502662832485378,0.06221195559937193,0.06637307517314325,2022
2023_10_IND_NE,00-0038621,WR,NE,2023,0,0.18404007175899972,0.1284895627868832,0.10997124939650706,0.1636448492627413,2022
2023_10_NO_MIN,00-0029604,QB,MIN,2023,0,0.10788965997317257,0.07459611307946624,0.05910566005020651,0.07512751307300293,2022
2023_10_NO_MIN,00-0033246,TE,MIN,2023,0,0.02130765884896768,0.034750436037699985,0.024872485849545073,0.044026438391260136,2022
2023_10_NO_MIN,00-0033949,QB,MIN,2023,1,0.15106265451482703,0.12918883197355344,0.22897543987016752,0.11749836435423493,2022
2023_10_NO_MIN,00-0034646,WR,MIN,2023,0,0.13852878501928834,0.10834237009000627,0.09794547007637786,0.16113550384085568,2022
2023_10_NO_MIN,00-0034972,RB,MIN,2023,0,0.32995596481374656,0.33289674433932226,0.3962048716143209,0.33729945034544645,2022
2023_10_NO_MIN,00-0035229,TE,MIN,2023,1,0.2422727904139248,0.2500513438982648,0.22433460471818062,0.22753849413173594,2022
2023_10_NO_MIN,00-0035249,TE,MIN,2023,0,0.05899385635108534,0.059717166831091635,0.04975529436904646,0.049689877621327316,2022
2023_10_NO_MIN,00-0035934,WR,MIN,2023,0,0.06852169481094539,0.06444998382453482,0.06325494217602894,0.05646634145738078,2022
2023_10_NO_MIN,00-0036345,WR,MIN,2023,0,0.17308833387287592,0.1664808139886884,0.15998372569250893,0.1758811359494345,2022
2023_10_NO_MIN,00-0036414,RB,MIN,2023,0,0.18266878537657671,0.10315635767083356,0.1196593686276801,0.11967927150965972,2022
2023_10_NO_MIN,00-0037276,RB,MIN,2023,1,0.010149631227043265,0.03293658771386039,0.04197317925335732,0.04647447567017751,2022
2023_10_NO_MIN,00-0038598,QB,MIN,2023,0,0.05148858944098855,0.028660752637626824,0.018249924049125725,0.05573915933194424,2022
2023_10_NO_MIN,00-0038994,WR,MIN,2023,0,0.218077703696546,0.2356746850313499,0.23015754840342817,0.1918005985794593,2022
2023_10_NO_MIN,00-0031280,QB,NO,2023,0,0.09143425509723979,0.08848864289113739,0.07060924671004062,0.07047657139544408,2022
2023_10_NO_MIN,00-0032765,WR,NO,2023,0,0.1848747807679233,0.1756834102366883,0.1759793279451345,0.17749266072469874,2022
2023_10_NO_MIN,00-0033357,TE,NO,2023,0,0.2329707393328555,0.22037901402191296,0.09339763596240228,0.2500736987916506,2022
2023_10_NO_MIN,00-0033906,RB,NO,2023,0,0.4168959080951705,0.48517009470505157,0.33637632994269656,0.36817739069189187,2022
2023_10_NO_MIN,00-0033948,RB,NO,2023,0,0.1853207017860259,0.1432328946657737,0.14389239925329883,0.11627704423872481,2022
2023_10_NO_MIN,00-0034981,TE,NO,2023,0,0.09036870141860964,0.08935012511822757,0.08917227328418244,0.07723805900888683,2022
2023_10_NO_MIN,00-0036040,TE,NO,2023,0,0.14972044967541365,0.13964068623522177,0.1589493290350571,0.15693194825943568,2022
2023_10_NO_MIN,00-0037239,WR,NO,2023,1,0.25455245233710966,0.25376175914228405,0.27993292601330205,0.21403580578723108,2022
2023_10_NO_MIN,00-0037545,WR,NO,2023,0,0.1510882916711297,0.13374844640887473,0.12454859174313049,0.14494240055896143,2022
2023_10_NO_MIN,00-0038551,RB,NO,2023,0,0.12315443043271057,0.07998046955311888,0.07896538875517083,0.07838442812578851,2022
2023_10_NYG_DAL,00-0031236,WR,DAL,2023,1,0.22948834942421947,0.21485573421263018,0.1730694197253915,0.21865861953937815,2022
2023_10_NYG_DAL,00-0033077,QB,DAL,2023,1,0.21935301241994176,0.15266654625179318,0.1528351398524312,0.16062247388644504,2022
2023_10_NYG_DAL,00-0033662,QB,DAL,2023,0,0.0716133397784362,0.04027328459431736,0.021997063670289398,0.060642864109319655,2022
2023_10_NYG_DAL,00-0034764,WR,DAL,2023,1,0.2482915508132969,0.17704553603229214,0.1744136921570526,0.15130715674127188,2022
2023_10_NYG_DAL,00-0035261,RB,DAL,2023,0,0.500657277024019,0.48149352070105134,0.43983461653043543,0.41691988345808423,2022
2023_10_NYG_DAL,00-0036032,TE,DAL,2023,0,0.04041163721413832,0.05664298555320074,0.051604528848120494,0.05058527729819197,2022
2023_10_NYG_DAL,00-0036139,RB,DAL,2023,1,0.16948490806574523,0.10560732060539672,0.12724602172427707,0.08323063554583487,2022
2023_10_NYG_DAL,00-0036358,WR,DAL,2023,1,0.41018937881529594,0.3980069074514947,0.3630223532705644,0.38631681690602504,2022
2023_10_NYG_DAL,00-0037666,WR,DAL,2023,0,0.14600830621516003,0.12327851402955614,0.1045879351793612,0.07815882755837791,2022
2023_10_NYG_DAL,00-0037801,WR,DAL,2023,0,0.0801191298654862,0.07392011512917243,0.05728452358929455,0.06242307677579552,2022
2023_10_NYG_DAL,00-0038041,TE,DAL,2023,1,0.2655724528320741,0.24486119803910253,0.2543901457339596,0.24701861104776532,2022
2023_10_NYG_DAL,00-0038547,TE,DAL,2023,0,0.09974721779337914,0.08146361152629551,0.08292631909531165,0.06697638660260434,2022
2023_10_NYG_DAL,00-0038738,RB,DAL,2023,0,0.06714117487355142,0.06302426681533067,0.07278189424170842,0.055756035128213144,2022
2023_10_NYG_DAL,00-0028118,QB,NYG,2023,0,0.057650789619363874,0.03248720785382599,0.03450697482907498,0.09366211666691537,2022
2023_10_NYG_DAL,00-0031610,TE,NYG,2023,0,0.13152800133157672,0.10413190709089577,0.11938469158187888,0.16517995472976432,2022
2023_10_NYG_DAL,00-0032385,WR,NYG,2023,1,0.022969274703528275,0.022521871313578863,0.020236419275327943,0.04890475997445167,2022
2023_10_NYG_DAL,00-0033308,RB,NYG,2023,0,0.06544054560650137,0.043344334471341804,0.04888976066387671,0.07773358132553851,2022
2023_10_NYG_DAL,00-0034844,RB,NYG,2023,0,0.2745519498024779,0.498029705573417,0.44178073667282397,0.28594031500899664,2022
2023_10_NYG_DAL,00-0035535,WR,NYG,2023,0,0.09660286872169821,0.08380286363082125,0.08600036924646616,0.13260566295743004,2022
2023_10_NYG_DAL,00-0035639,WR,NYG,2023,0,0.04132265197831653,0.026299844741669326,0.022565990810034357,0.06261400393232737,2022
2023_10_NYG_DAL,00-0035710,QB,NYG,2023,0,0.08938177158885763,0.04370655447866363,0.05363341552498407,0.10918381001579136,2022
2023_10_NYG_DAL,00-0036145,TE,NYG,2023,1,0.028703637465908538,0.03817690572997125,0.02887226268129174,0.04920547215512466,2022
2023_10_NYG_DAL,00-0036165,WR,NYG,2023,0,0.04544862569775776,0.03897090961763388,0.035900422131718665,0.05975581177769008,2022
2023_10_NYG_DAL,00-0036493,RB,NYG,2023,0,0.011863804670157352,0.023292484768223334,0.016380473120183845,0.04988328774827432,2022
2023_10_NYG_DAL,00-0038115,TE,NYG,2023,0,0.03986061314361489,0.04372482852907676,0.055835115918272386,0.05671087293544004,2022
2023_10_NYG_DAL,00-0038117,WR,NYG,2023,0,0.09822455240962646,0.06768848338302112,0.06224111310051026,0.14226000221051485,2022
2023_10_NYG_DAL,00-0038396,RB,NYG,2023,0,0.03335185525761908,0.025677353534458297,0.03689089170120034,0.06452208786731393,2022
2023_10_NYG_DAL,00-0038476,QB,NYG,2023,0,0.05263914333859909,0.03228398066861777,0.02432283876255996,0.09456211677374603,2022
2023_10_NYG_DAL,00-0038938,WR,NYG,2023,0,0.07442566781370663,0.057130152762089936,0.060031694808297224,0.09982404257621101,2022
2023_10_NYJ_LV,00-0026625,QB,LV,2023,0,0.06324418888428573,0.00025482647564837533,0.003209216058228154,0.057803281815266866,2022
2023_10_NYJ_LV,00-0031345,QB,LV,2023,0,0.09247340571709295,0.0766293478927685,0.053233857411963674,0.08747761539418887,2022
2023_10_NYJ_LV,00-0031381,WR,LV,2023,0,0.20747750895215333,0.18523987948588747,0.199620796569086,0.1837937908667784,2022
2023_10_NYJ_LV,00-0031763,WR,LV,2023,0,0.0300500003690356,0.03462410106820685,0.031202788520623546,0.0465588043563223,2022
2023_10_NYJ_LV,00-0032104,RB,LV,2023,0,0.056485336858048685,0.04777352111928687,0.04779230405278575,0.0689671771714687,2022
2023_10_NYJ_LV,00-0032392,TE,LV,2023,0,0.06348592798664465,0.061219237671760074,0.05659288875176894,0.05863620370529394,2022
2023_10_NYJ_LV,00-0034960,WR,LV,2023,0,0.21504597614811682,0.21284282521128273,0.2127845910465819,0.18060162973470165,2022
2023_10_NYJ_LV,00-0034983,WR,LV,2023,0,0.07294079659401753,0.05296119347331007,0.050799150963071485,0.06699215281321443,2022
2023_10_NYJ_LV,00-0035562,TE,LV,2023,0,0.009556726640341795,0.02866879123248218,0.020960081567375496,0.04795315690958684,2022
2023_10_NYJ_LV,00-0035700,RB,LV,2023,0,0.4153565665385608,0.5637861589712649,0.6128434312546122,0.30102925343769743,2022
2023_10_NYJ_LV,00-0035726,RB,LV,2023,0,0.02118207675149908,0.0410199988596963,0.04400522442822821,0.04659901442794865,2022
2023_10_NYJ_LV,00-0038040,RB,LV,2023,0,0.08458966553746883,0.05305150640860618,0.06421418259296162,0.07103776892858739,2022
2023_10_NYJ_LV,00-0038563,WR,LV,2023,0,0.08650015512832754,0.06083886701993886,0.05241932811704889,0.07768274974873528,2022
2023_10_NYJ_LV,00-0038579,QB,LV,2023,0,0.07961242578493133,0.0974499464484226,0.05979128927935665,0.07950098707548553,2022
2023_10_NYJ_LV,00-0039066,TE,LV,2023,1,0.12100465053288356,0.11771365797624816,0.13717580678547972,0.15213375966566248,2022
2023_10_NYJ_LV,00-0028002,WR,NYJ,2023,0,0.08407703654179277,0.06816305893783967,0.06830110339850456,0.06756597396234675,2022
2023_10_NYJ_LV,00-0032134,TE,NYJ,2023,0,0.09155440711302254,0.06357112094108812,0.05984322359519919,0.1028161355101878,2022
2023_10_NYJ_LV,00-0033893,RB,NYJ,2023,0,0.11614417357202411,0.06238022530725483,0.07743345897206394,0.07239981000373931,2022
2023_10_NYJ_LV,00-0034270,TE,NYJ,2023,0,0.13669454087261756,0.10217922405584838,0.11470292020484515,0.15725930984169564,2022
2023_10_NYJ_LV,00-0034433,RB,NYJ,2023,0,0.05755338570481627,0.04083233402508223,0.05640014194235591,0.05412789361606935,2022
2023_10_NYJ_LV,00-0034521,WR,NYJ,2023,0,0.13838989566822069,0.13878338745172933,0.1336635121511673,0.16185556325954717,2022
2023_10_NYJ_LV,00-0035140,WR,NYJ,2023,0,0.053778617598189915,0.048045727281803834,0.042344875787552014,0.05168169640635447,2022
2023_10_NYJ_LV,00-0035480,WR,NYJ,2023,0,0.05221437743282997,0.04976693533507849,0.044677388209214144,0.050275786201225456,2022
2023_10_NYJ_LV,00-0036924,RB,NYJ,2023,0,0.09283289596089161,0.06682642910089419,0.053652515608698104,0.08290823113561215,2022
2023_10_NYJ_LV,00-0037013,QB,NYJ,2023,0,0.11775290677548844,0.10203493885703674,0.0883981050931321,0.11281114547679381,2022
2023_10_NYJ_LV,00-0037740,WR,NYJ,2023,0,0.2773873725205801,0.23568554782421308,0.2791752206586879,0.26799739866132793,2022
2023_10_NYJ_LV,00-0037805,TE,NYJ,2023,0,0.045899231137058516,0.05178924951398562,0.053576573464022746,0.044748758610293496,2022
2023_10_NYJ_LV,00-0038120,RB,NYJ,2023,0,0.3600417374292447,0.32626680155553545,0.30605135321187094,0.28336147429341446,2022
2023_10_NYJ_LV,00-0038496,WR,NYJ,2023,0,0.05171538481032334,0.051806563866210666,0.0429813026196781,0.05289569217692996,2022
2023_10_SF_JAX,00-0033572,WR,JAX,2023,0,0.09159077172652674,0.06615941376801113,0.06306906093019661,0.06718243788222555,2022
2023_10_SF_JAX,00-0033881,TE,JAX,2023,0,0.2579610689225623,0.19774873656213227,0.20599799016634984,0.2017039833432024,2022
2023_10_SF_JAX,00-0033936,QB,JAX,2023,0,0.03559815054778348,0.022623987709076913,0.011575411782530652,0.05111042640664941,2022
2023_10_SF_JAX,00-0034775,WR,JAX,2023,0,0.25166969517453497,0.17892626107640378,0.20450798449197355,0.1843580329977191,2022
2023_10_SF_JAX,00-0034837,WR,JAX,2023,0,0.24772542525242736,0.19315154172580687,0.21018352983960784,0.20342189375156267,2022
2023_10_SF_JAX,00-0035628,RB,JAX,2023,0,0.04076969817935028,0.04289424708483581,0.05432093537947644,0.05276937003845329,2022
2023_10_SF_JAX,00-0036497,WR,JAX,2023,0,0.05714199885915372,0.05788471816232764,0.05606892999972424,0.0477379774403203,2022
2023_10_SF_JAX,00-0036887,TE,JAX,2023,0,0.05951328749962326,0.06448501681989359,0.05584317487777889,0.046192062208787014,2022
2023_10_SF_JAX,00-0036971,QB,JAX,2023,0,0.16086189174605947,0.12946989808722692,0.14137106665829738,0.12286776037246565,2022
2023_10_SF_JAX,00-0036973,RB,JAX,2023,0,0.4727363743388585,0.563170709306426,0.5354073979159554,0.3388111215610603,2022
2023_10_SF_JAX,00-0038555,RB,JAX,2023,0,0.06897148943316245,0.054723456594207395,0.06724960404624471,0.06466676686351511,2022
2023_10_SF_JAX,00-0038935,TE,JAX,2023,0,0.07175566812400991,0.05455396827040912,0.04549321005285537,0.054646168718364356,2022
2023_10_SF_JAX,00-0033280,RB,SF,2023,0,0.4927830099293362,0.6478160392696247,0.5418763812746308,0.41194010410718723,2022
2023_10_SF_JAX,00-0033288,TE,SF,2023,1,0.24665870185228345,0.25854215751940907,0.35028124481151307,0.26577282544774716,2022
2023_10_SF_JAX,00-0034073,TE,SF,2023,0,0.04321607147650908,0.034593608610182645,0.057745774461047165,0.054961411058130946,2022
2023_10_SF_JAX,00-0034407,WR,SF,2023,0,0.11255318831622019,0.09176746723806524,0.08775467132636376,0.07879298255545875,2022
2023_10_SF_JAX,00-0035719,WR,SF,2023,1,0.279504773974257,0.25389442380683475,0.2020215318814764,0.2325638609633089,2022
2023_10_SF_JAX,00-0036259,WR,SF,2023,0,0.15217543992541915,0.12173010803224082,0.13183236723779768,0.09538112738771304,2022
2023_10_SF_JAX,00-0036261,WR,SF,2023,1,0.3071218868700881,0.28624938873587774,0.3595900848721705,0.2558035514399178,2022
2023_10_SF_JAX,00-0036567,RB,SF,2023,0,0.14162570921820428,0.08217945320950938,0.10221573383022171,0.0868504501507314,2022
2023_10_SF_JAX,00-0037525,RB,SF,2023,0,0.10397815297974056,0.07861353127062415,0.09220890861458941,0.07897198083350554,2022
2023_10_SF_JAX,00-0037834,QB,SF,2023,0,0.1456971521562802,0.12671070043132876,0.11249993444941264,0.14983337917730866,2022
2023_10_SF_JAX,00-0038647,WR,SF,2023,0,0.05380873811001807,0.06302898675229575,0.06177258071200854,0.050694109497592864,2022
2023_10_TEN_TB,00-0031408,WR,TB,2023,1,0.2041864402654474,0.16806337472082422,0.17717865858372064,0.1738978939782357,2022
2023_10_TEN_TB,00-0033921,WR,TB,2023,0,0.2696793940561074,0.2458316130238258,0.24821630017769655,0.2125365603131893,2022
2023_10_TEN_TB,00-0034681,RB,TB,2023,0,0.0827475611278582,0.05523521226792618,0.06420079369963366,0.06508980025669607,2022
2023_10_TEN_TB,00-0034855,QB,TB,2023,0,0.16499119550646535,0.1233383642915064,0.11202852829599279,0.12340457732454493,2022
2023_10_TEN_TB,00-0036450,RB,TB,2023,0,0.15331650267946784,0.07612506019019774,0.09702540824327899,0.0801377675366503,2022
2023_10_TEN_TB,00-0037256,RB,TB,2023,1,0.41265453768058613,0.43715724386094773,0.36272976637952525,0.3535183535593449,2022
2023_10_TEN_TB,00-0037487,WR,TB,2023,0,0.0933932165718303,0.06776288359518019,0.05989843706278609,0.0882045719667193,2022
2023_10_TEN_TB,00-0038129,TE,TB,2023,0,0.20346606868718542,0.2255372519653279,0.2400663311952936,0.19545646090833496,2022
2023_10_TEN_TB,00-0038821,WR,TB,2023,0,0.05321613309524975,0.04696114612443639,0.048982762802978815,0.04895303146284214,2022
2023_10_TEN_TB,00-0039050,TE,TB,2023,0,0.034185123890527525,0.04107347764022602,0.031539088823166375,0.044911315009468496,2022
2023_10_TEN_TB,00-0039052,WR,TB,2023,0,0.16261339024555677,0.14230788974556174,0.1468523977491487,0.1284480854743394,2022
2023_10_TEN_TB,00-0029701,QB,TEN,2023,0,0.08299054540228368,0.07827144052571616,0.06353018167825254,0.07247038905451708,2022
2023_10_TEN_TB,00-0030564,WR,TEN,2023,0,0.22396310488960514,0.1437479644507085,0.20172046499829543,0.17300586984426403,2022
2023_10_TEN_TB,00-0032398,WR,TEN,2023,0,0.07742505064864835,0.06911856471650302,0.06641552001260277,0.06517805340576271,2022
2023_10_TEN_TB,00-0032764,RB,TEN,2023,0,0.333092356634479,0.3918793549668368,0.3617643648244312,0.2849869958262311,2022
2023_10_TEN_TB,00-0035259,TE,TEN,2023,0,0.037036152059024774,0.0596219029118987,0.07239061361581929,0.05282349702659341,2022
2023_10_TEN_TB,00-0036182,WR,TEN,2023,0,0.11423640596774609,0.09922779931585249,0.10105711079133248,0.12738462977953066,2022
2023_10_TEN_TB,00-0037273,WR,TEN,2023,0,0.07827077429953733,0.0592075826941954,0.05725221130830444,0.07410991303254418,2022
2023_10_TEN_TB,00-0037742,WR,TEN,2023,0,0.12696933208074523,0.103002287712624,0.1054098470683465,0.11670762425892356,2022
2023_10_TEN_TB,00-0037809,TE,TEN,2023,0,0.15177171119341037,0.11877366384510203,0.15064212630970256,0.14115382946903407,2022
2023_10_TEN_TB,00-0038128,QB,TEN,2023,0,0.05073555356800186,0.02951738108781689,0.024823901395234157,0.06402869593905229,2022
2023_10_TEN_TB,00-0038589,TE,TEN,2023,0,0.0457040510609773,0.036458944228824,0.03421735099875475,0.06536892556702155,2022
2023_10_TEN_TB,00-0039032,RB,TEN,2023,0,0.18841716881897752,0.14505489289646814,0.10909256114578064,0.16731580158154685,2022
2023_10_TEN_TB,00-0039152,QB,TEN,2023,0,0.12290919918730281,0.09445914648487673,0.041275806764036485,0.11274315306440787,2022
2023_10_WAS_SEA,00-0030565,QB,SEA,2023,0,0.16314431636970517,0.1319602319998608,0.08487042198672336,0.1549110119848476,2022
2023_10_WAS_SEA,00-0032211,WR,SEA,2023,1,0.2915497020577065,0.2754536745654067,0.25891498319832784,0.26861564400177745,2022
2023_10_WAS_SEA,00-0034159,TE,SEA,2023,0,0.07741388035005825,0.08538824877500688,0.07829953400004273,0.057112287637932226,2022
2023_10_WAS_SEA,00-0035164,WR,SEA,2023,0,0.0276182878235659,0.0503107015038116,0.04290894414879906,0.04737005408549516,2022
2023_10_WAS_SEA,00-0035640,WR,SEA,2023,0,0.3017086697267448,0.2624092768457801,0.2724754214625001,0.26674763037191657,2022
2023_10_WAS_SEA,00-0035644,TE,SEA,2023,0,0.09715954694721951,0.10356288488487397,0.10420206746543155,0.0676551600324549,2022
2023_10_WAS_SEA,00-0036244,TE,SEA,2023,0,0.14317860934981208,0.1220467482676937,0.10991054759414468,0.112997936572132,2022
2023_10_WAS_SEA,00-0036425,RB,SEA,2023,0,0.02785047129142637,0.052068566296304505,0.0609842440096212,0.046815778227810766,2022
2023_10_WAS_SEA,00-0036620,WR,SEA,2023,0,0.02901558440298846,0.046790165658134715,0.03950274843053386,0.05022515550854425,2022
2023_10_WAS_SEA,00-0038134,RB,SEA,2023,1,0.4918368499272707,0.5311626638998226,0.5296134698780958,0.41566904180190484,2022
2023_10_WAS_SEA,00-0038543,WR,SEA,2023,0,0.23779172618695799,0.19406797130082717,0.18614016379640108,0.22447091392551627,2022
2023_10_WAS_SEA,00-0038752,WR,SEA,2023,0,0.13050035320159337,0.10427341615279177,0.0895129194441129,0.09559566161507158,2022
2023_10_WAS_SEA,00-0039165,RB,SEA,2023,0,0.23269623452956156,0.1683495347382254,0.16227054475065847,0.21693134466583075,2022
2023_10_WAS_SEA,00-0031260,TE,WAS,2023,0,0.18181319669017348,0.16675248351588928,0.14691859267001722,0.16561496190349967,2022
2023_10_WAS_SEA,00-0031941,WR,WAS,2023,0,0.07983637235411478,0.05408925655996053,0.05721975146069931,0.08216468017649402,2022
2023_10_WAS_SEA,00-0033282,WR,WAS,2023,0,0.18572139721248704,0.1370475924813484,0.12857600317973947,0.172107689762848,2022
2023_10_WAS_SEA,00-0033296,RB,WAS,2023,0,0.01570164993518841,0.03850455523660512,0.043895144762347515,0.046317987880113265,2022
2023_10_WAS_SEA,00-0034297,WR,WAS,2023,0,0.048830711584338826,0.04411199057497395,0.04645159399391101,0.050298034210254104,2022
2023_10_WAS_SEA,00-0035659,WR,WAS,2023,0,0.22768948307769166,0.20312987444578912,0.2391958832467898,0.19889774472260385,2022
2023_10_WAS_SEA,00-0036328,RB,WAS,2023,1,0.1758464478034727,0.12444773696227061,0.11584304263621022,0.1395884134671705,2022
2023_10_WAS_SEA,00-0036626,WR,WAS,2023,1,0.06469783492150205,0.05211424738822397,0.055777886559945145,0.06116707900404053,2022
2023_10_WAS_SEA,00-0036628,TE,WAS,2023,0,0.054156935619238955,0.06075379662489733,0.05734997648109372,0.04663687240776906,2022
2023_10_WAS_SEA,00-0037077,QB,WAS,2023,0,0.15467855254112495,0.11171610628343495,0.11482688283760698,0.11762911015935577,2022
2023_10_WAS_SEA,00-0037741,WR,WAS,2023,0,0.18335787328068076,0.17065668545381127,0.180086627951338,0.18201636308202782,2022
2023_10_WAS_SEA,00-0037746,RB,WAS,2023,1,0.3195846840088403,0.19197948261669454,0.23312167868091652,0.2632700489067825,2022
2023_10_WAS_SEA,00-0038611,RB,WAS,2023,0,0.08164732540831399,0.04773154096819307,0.06597406847442247,0.07303624563433814,2022
2023_11_ARI_HOU,00-0030874,RB,ARI,2023,0,0.07047916607446614,0.06355857817474056,0.07552690660502917,0.07183446483533089,2022
2023_11_ARI_HOU,00-0032141,TE,ARI,2023,0,0.05049123648118914,0.060764721752897474,0.05044763153155266,0.054724135178352847,2022
2023_11_ARI_HOU,00-0033251,WR,ARI,2023,0,0.03242686483488055,0.04600782741424422,0.049403909325858725,0.04685077031569381,2022
2023_11_ARI_HOU,00-0033553,RB,ARI,2023,0,0.2604712658253304,0.2656670331953309,0.30033406362619414,0.33409288257955827,2022
2023_11_ARI_HOU,00-0033949,QB,ARI,2023,0,0.16615688230385173,0.147079886805398,0.1334985552723844,0.1841642515142788,2022
2023_11_ARI_HOU,00-0035228,QB,ARI,2023,1,0.14314928141678607,0.13008920845593996,0.10631631175956066,0.15078757396405076,2022
2023_11_ARI_HOU,00-0035500,WR,ARI,2023,0,0.027075484590455945,0.04018633294998669,0.043434673269078294,0.07494334890858313,2022
2023_11_ARI_HOU,00-0035662,WR,ARI,2023,0,0.21013768970281121,0.23781025411178205,0.26694177295990884,0.21458858669418998,2022
2023_11_ARI_HOU,00-0035860,RB,ARI,2023,0,0.08376121790574176,0.07493572207343323,0.07308019987316694,0.07971990997881484,2022
2023_11_ARI_HOU,00-0036936,WR,ARI,2023,1,0.1635887777758821,0.1686777146594537,0.14478919488637865,0.15261998849426991,2022
2023_11_ARI_HOU,00-0037299,RB,ARI,2023,0,0.11419726107505235,0.10493370077381696,0.11207770701052075,0.09392706619351741,2022
2023_11_ARI_HOU,00-0037744,TE,ARI,2023,0,0.19214454567284722,0.1872140627360217,0.14781342570501124,0.17319414692909615,2022
2023_11_ARI_HOU,00-0038559,WR,ARI,2023,0,0.12922359878644585,0.16639275170496154,0.1693346962125252,0.16912114621409757,2022
2023_11_ARI_HOU,00-0038582,QB,ARI,2023,0,0.0763368243067275,0.029496418301088508,0.008915914793245258,0.0680958750505603,2022
2023_11_ARI_HOU,00-0038705,RB,ARI,2023,0,0.21189979460587016,0.2325390793990063,0.2100475636427252,0.22746090755579398,2022
2023_11_ARI_HOU,00-0039041,TE,ARI,2023,0,0.019966449134770747,0.04276407066101816,0.03233765835559094,0.04672599515629997,2022
2023_11_ARI_HOU,00-0030431,WR,HOU,2023,0,0.2311119984400869,0.1841274643746802,0.19817559738381163,0.17784108430001588,2022
2023_11_ARI_HOU,00-0033591,WR,HOU,2023,0,0.2262697990844439,0.23026626480158108,0.20335922869241377,0.22107725294483258,2022
2023_11_ARI_HOU,00-0033854,RB,HOU,2023,0,0.028976713775370033,0.05546864313666277,0.07633072158704467,0.04973832361850018,2022
2023_11_ARI_HOU,00-0034208,RB,HOU,2023,0,0.056676887187061986,0.07160063014406463,0.08285182979934472,0.04961946110104782,2022
2023_11_ARI_HOU,00-0034383,TE,HOU,2023,1,0.29818963644971186,0.29366403890191245,0.25097858819168106,0.27080333209337837,2022
2023_11_ARI_HOU,00-0035250,RB,HOU,2023,1,0.3683482530421124,0.38349477162608386,0.41259521362103224,0.3963794282001354,2022
2023_11_ARI_HOU,00-0036554,WR,HOU,2023,0,0.2606769503105282,0.25889896962638487,0.2557008428609834,0.26578644361425313,2022
2023_11_ARI_HOU,00-0037258,RB,HOU,2023,0,0.4029248932193248,0.45943424000109906,0.41197288703716356,0.4154447167613835,2022
2023_11_ARI_HOU,00-0037614,WR,HOU,2023,0,0.0800638629516004,0.07881543322710184,0.07205872363094616,0.06294499300510614,2022
2023_11_ARI_HOU,00-0038618,WR,HOU,2023,0,0.047731259126702175,0.05580751174294768,0.04955207478102297,0.04777302627846474,2022
2023_11_ARI_HOU,00-0038977,WR,HOU,2023,1,0.3140151228118063,0.3006319324493567,0.2588228729976881,0.2690502162399193,2022
2023_11_ARI_HOU,00-0039163,QB,HOU,2023,0,0.12534689135481447,0.1340362798449505,0.08773428361504573,0.09066825116521847,2022
2023_11_CHI_DET,00-0024243,TE,CHI,2023,0,0.03813978133033358,0.047269479306974824,0.041543092301399666,0.04791021442169583,2022
2023_11_CHI_DET,00-0033292,WR,CHI,2023,0,0.015116702012284655,0.03573298480775171,0.03395073231330072,0.044752348288642864,2022
2023_11_CHI_DET,00-0033757,TE,CHI,2023,0,0.058245410110194906,0.050286918129715065,0.042642023932006536,0.0499677772196461,2022
2023_11_CHI_DET,00-0033925,RB,CHI,2023,1,0.32328708185708555,0.2757340035177549,0.2861674702178239,0.34279051004840744,2022
2023_11_CHI_DET,00-0034279,WR,CHI,2023,0,0.058340093049303654,0.06721869461854495,0.06327802006097404,0.05180293093838143,2022
2023_11_CHI_DET,00-0034827,WR,CHI,2023,1,0.2611467824126571,0.255036086741794,0.2719877487780053,0.2032394056729581,2022
2023_11_CHI_DET,00-0036290,TE,CHI,2023,0,0.2250922676185163,0.19376536250657175,0.1846893556642305,0.19400008316390438,2022
2023_11_CHI_DET,00-0036297,RB,CHI,2023,0,0.1792988082133119,0.09219484369567164,0.0979632943497101,0.10765877518568537,2022
2023_11_CHI_DET,00-0036309,WR,CHI,2023,0,0.18785312401055543,0.1654158719498958,0.15569737369998807,0.16228155508497777,2022
2023_11_CHI_DET,00-0037745,WR,CHI,2023,0,0.047168542629053456,0.04072597365549258,0.0393767512070276,0.04600427424618186,2022
2023_11_CHI_DET,00-0038416,QB,CHI,2023,0,0.14605370255845895,0.09036566592774647,0.0961296726809828,0.11955449198424781,2022
2023_11_CHI_DET,00-0038941,WR,CHI,2023,0,0.11973025245071289,0.0919657593335768,0.0903924659816556,0.07492468555713588,2022
2023_11_CHI_DET,00-0039021,RB,CHI,2023,0,0.15737258769734364,0.08596263360227241,0.0822019018546411,0.08137472094731033,2022
2023_11_CHI_DET,00-0032464,WR,DET,2023,0,0.13126794833867894,0.09884140537847054,0.09158808961106303,0.09513777630276472,2022
2023_11_CHI_DET,00-0033106,QB,DET,2023,0,0.13931912185162842,0.13092708623863697,0.12770891901099182,0.0890531333326886,2022
2023_11_CHI_DET,00-0033943,WR,DET,2023,0,0.16297028251618906,0.19446460222319464,0.1662936475755762,0.16100638647826038,2022
2023_11_CHI_DET,00-0035567,RB,DET,2023,0,0.2099068610957956,0.11824484192110479,0.14610886446683294,0.1087961066128248,2022
2023_11_CHI_DET,00-0035685,RB,DET,2023,1,0.4420017154936863,0.4621488262087104,0.4475404591801994,0.40617257094258463,2022
2023_11_CHI_DET,00-0036754,TE,DET,2023,0,0.11245600061169725,0.12131647801239828,0.10491350425625846,0.07875877481651404,2022
2023_11_CHI_DET,00-0036963,WR,DET,2023,1,0.3754723415741499,0.40985523509086746,0.4219218248411328,0.39280874475440186,2022
2023_11_CHI_DET,00-0037240,WR,DET,2023,1,0.14026972990082365,0.11842962864577608,0.11647521913982667,0.07706879493970975,2022
2023_11_CHI_DET,00-0038627,WR,DET,2023,0,0.05285457841018082,0.072205538247951,0.06764510096860533,0.048066502143326986,2022
2023_11_CHI_DET,00-0039065,TE,DET,2023,0,0.27555719071268847,0.28160669466399796,0.2525472221597608,0.27131559113162096,2022
2023_11_CHI_DET,00-0039139,RB,DET,2023,1,0.46307781718075947,0.5437682992620082,0.5036127303251399,0.42413499543952754,2022
2023_11_CIN_BAL,00-0031235,WR,BAL,2023,0,0.22137186249993845,0.14109215332074931,0.15433734450954806,0.18071147581508767,2022
2023_11_CIN_BAL,00-0031549,WR,BAL,2023,1,0.10370601973303073,0.09695425187617535,0.09392820186128095,0.06455496395843266,2022
2023_11_CIN_BAL,00-0033376,RB,BAL,2023,0,0.07649558686061242,0.08926247910949062,0.08751330971591416,0.04831873521207385,2022
2023_11_CIN_BAL,00-0034184,RB,BAL,2023,1,0.353242486453861,0.32579362316543,0.2842042071594795,0.33347685035211755,2022
2023_11_CIN_BAL,00-0034753,TE,BAL,2023,0,0.296202262579938,0.2631182814683948,0.20147476538893527,0.229432916828654,2022
2023_11_CIN_BAL,00-0034796,QB,BAL,2023,0,0.26751513485727074,0.2725248748059368,0.345569562245819,0.33635783759725435,2022
2023_11_CIN_BAL,00-0034975,RB,BAL,2023,0,0.22996482201930246,0.20166762807525596,0.18481111417611001,0.283110937457902,2022
2023_11_CIN_BAL,00-0035993,QB,BAL,2023,0,0.06332704665375932,0.034368561883337666,0.01657288454869066,0.059146653485355,2022
2023_11_CIN_BAL,00-0036331,WR,BAL,2023,0,0.030618183938202703,0.054112492066511655,0.050310988962292226,0.04678916741840801,2022
2023_11_CIN_BAL,00-0036550,WR,BAL,2023,1,0.1780447296497858,0.14116501746280818,0.14513994120095455,0.12196891378135455,2022
2023_11_CIN_BAL,00-0037838,TE,BAL,2023,0,0.08813357237784736,0.06269867973381167,0.04486229260575295,0.0556243099798373,2022
2023_11_CIN_BAL,00-0038046,TE,BAL,2023,0,0.042879609936830154,0.060017797777111234,0.03573497118585683,0.060507084786403126,2022
2023_11_CIN_BAL,00-0038454,RB,BAL,2023,0,0.15531114949207725,0.0985175479240191,0.12430096824920138,0.09543317433826987,2022
2023_11_CIN_BAL,00-0039064,WR,BAL,2023,0,0.2640619811158459,0.22734854708256697,0.23728489966256178,0.24802270521893513,2022
2023_11_CIN_BAL,00-0033009,WR,CIN,2023,0,0.19933420888569953,0.22035422588916204,0.2221924538852292,0.19541445865025195,2022
2023_11_CIN_BAL,00-0033897,RB,CIN,2023,1,0.43931582281654047,0.50219331574922,0.5249077764910075,0.3610149384190973,2022
2023_11_CIN_BAL,00-0034613,TE,CIN,2023,0,0.11851597018152626,0.08541918324007602,0.06645844830939221,0.0946014817223492,2022
2023_11_CIN_BAL,00-0034970,TE,CIN,2023,0,0.1087301447477641,0.0934130496811571,0.08013793991500806,0.11768262736828906,2022
2023_11_CIN_BAL,00-0035291,RB,CIN,2023,0,0.05411023610071286,0.05502259604451908,0.06283865781125912,0.057408734734085184,2022
2023_11_CIN_BAL,00-0035341,WR,CIN,2023,0,0.10984746952626323,0.10133508959961306,0.10897562076323766,0.10614057828053722,2022
2023_11_CIN_BAL,00-0035631,TE,CIN,2023,0,0.07107875105790484,0.06663672629036688,0.05640006744033325,0.05634575115710798,2022
2023_11_CIN_BAL,00-0035771,TE,CIN,2023,0,0.04011616207641999,0.04956378170442722,0.037520313569551246,0.04666144581279659,2022
2023_11_CIN_BAL,00-0036410,WR,CIN,2023,0,0.18315340587813833,0.1460106642121565,0.16835152061513645,0.16394578895483206,2022
2023_11_CIN_BAL,00-0036442,QB,CIN,2023,0,0.16356178415681943,0.1348303294338624,0.14915612669168501,0.12765219292454685,2022
2023_11_CIN_BAL,00-0036857,RB,CIN,2023,0,0.034125905736825723,0.043205246095083874,0.05824802785575908,0.04600427424618186,2022
2023_11_CIN_BAL,00-0036900,WR,CIN,2023,1,0.30300239519897054,0.37583535813738395,0.40173508066950514,0.2857370839511772,2022
2023_11_CIN_BAL,00-0038619,WR,CIN,2023,0,0.05095935427703058,0.04966973720063173,0.05788961569300571,0.057086419101942794,2022
2023_11_DAL_CAR,00-0030035,WR,CAR,2023,0,0.24938510645874845,0.2808596827821123,0.2676764011678757,0.21301134588541468,2022
2023_11_DAL_CAR,00-0034777,WR,CAR,2023,0,0.13582985584335727,0.12936516719224392,0.11939218831905869,0.13463339077449638,2022
2023_11_DAL_CAR,00-0034830,TE,CAR,2023,0,0.08990723587979466,0.06407684374585458,0.07087482589600333,0.07739167372740968,2022
2023_11_DAL_CAR,00-0035243,RB,CAR,2023,0,0.16702787484022985,0.09195838323228193,0.0999367586179304,0.10831358728762144,2022
2023_11_DAL_CAR,00-0036438,TE,CAR,2023,0,0.0705131177580881,0.045538402641069044,0.03629188361898098,0.07386688987336038,2022
2023_11_DAL_CAR,00-0036482,WR,CAR,2023,0,0.056459718133429315,0.04182077586903094,0.0583135583746773,0.05816898848733689,2022
2023_11_DAL_CAR,00-0036555,RB,CAR,2023,0,0.30597101622237477,0.2649356217388324,0.29076041212679543,0.28214026663962344,2022
2023_11_DAL_CAR,00-0036955,WR,CAR,2023,0,0.09523254013177518,0.06291652789683759,0.05997333222326389,0.10248944076681354,2022
2023_11_DAL_CAR,00-0037005,TE,CAR,2023,1,0.07921639147255932,0.059783019316301665,0.04869254594972658,0.10402531048975062,2022
2023_11_DAL_CAR,00-0037429,RB,CAR,2023,0,0.08232417350090848,0.05042709067456893,0.06048023990349628,0.07103776892858739,2022
2023_11_DAL_CAR,00-0039062,WR,CAR,2023,0,0.1467849705453591,0.15678078844810847,0.15106371467148966,0.14981670933536384,2022
2023_11_DAL_CAR,00-0039150,QB,CAR,2023,0,0.10368766005331054,0.08217319503693002,0.06992718716625083,0.08930313393511358,2022
2023_11_DAL_CAR,00-0031236,WR,DAL,2023,0,0.21509538399831352,0.21610587121609615,0.18195356160801834,0.22918989119771208,2022
2023_11_DAL_CAR,00-0033077,QB,DAL,2023,0,0.1822609926930976,0.14370187498692263,0.12902059690970935,0.1593574808949494,2022
2023_11_DAL_CAR,00-0033662,QB,DAL,2023,0,0.05950968613358254,0.0391766380914016,0.021447165880541318,0.05990447435237801,2022
2023_11_DAL_CAR,00-0034764,WR,DAL,2023,0,0.18097817779333658,0.1539447340924637,0.15084425331014106,0.13868070181710143,2022
2023_11_DAL_CAR,00-0035261,RB,DAL,2023,1,0.4294426992182292,0.4506620211449751,0.38402438647225284,0.4164658583816216,2022
2023_11_DAL_CAR,00-0036032,TE,DAL,2023,0,0.03086557373103349,0.05146726465967338,0.04683593785116525,0.050579222845938604,2022
2023_11_DAL_CAR,00-0036139,RB,DAL,2023,0,0.1843699276490487,0.12210023577064211,0.13694981169498563,0.09251021338502853,2022
2023_11_DAL_CAR,00-0036358,WR,DAL,2023,1,0.37445526583060007,0.44142653964542006,0.4148191427523111,0.3903600245105567,2022
2023_11_DAL_CAR,00-0037666,WR,DAL,2023,0,0.12395466823709111,0.11539071643760317,0.10313707710926678,0.08512169599458311,2022
2023_11_DAL_CAR,00-0037801,WR,DAL,2023,0,0.06573598868804342,0.06923717549803532,0.054626034236264796,0.06242307677579552,2022
2023_11_DAL_CAR,00-0038041,TE,DAL,2023,0,0.22388600902015354,0.24120749959896967,0.2480018249753035,0.24659085269781159,2022
2023_11_DAL_CAR,00-0038547,TE,DAL,2023,1,0.08064069159098963,0.07991891164521818,0.08553330431904067,0.05974879908056927,2022
2023_11_DAL_CAR,00-0038622,RB,DAL,2023,0,0.1431476916701151,0.10195767663709177,0.10425051076297442,0.08194562481906503,2022
2023_11_DAL_CAR,00-0038640,WR,DAL,2023,0,0.1206977486495655,0.10411543935527992,0.08593979945840478,0.088260928127606,2022
2023_11_DAL_CAR,00-0038738,RB,DAL,2023,0,0.05501787378742784,0.05898762670026572,0.06535672509603506,0.055756035128213144,2022
2023_11_LAC_GB,00-0033293,RB,GB,2023,0,0.3479291459781564,0.266958048458175,0.28533394378111465,0.31424696146826675,2022
2023_11_LAC_GB,00-0036264,QB,GB,2023,0,0.12517666387561277,0.11260954837297697,0.10030013875392052,0.10601800994333868,2022
2023_11_LAC_GB,00-0036265,RB,GB,2023,0,0.32112760803095775,0.2499181948195394,0.21973593765663577,0.29651596011278164,2022
2023_11_LAC_GB,00-0036332,TE,GB,2023,0,0.05134996262902369,0.05377701949994489,0.043471307532871775,0.0486150925915211,2022
2023_11_LAC_GB,00-0037816,WR,GB,2023,1,0.2014852162395453,0.18268632676009622,0.18463628454568204,0.17796003045778244,2022
2023_11_LAC_GB,00-0038124,WR,GB,2023,1,0.21664770942380007,0.18467000809737963,0.20464434549135202,0.18482682814281806,2022
2023_11_LAC_GB,00-0038393,WR,GB,2023,0,0.09854516501888988,0.06894037196257377,0.06489544069580579,0.07618954695457669,2022
2023_11_LAC_GB,00-0038465,WR,GB,2023,0,0.052546795528086054,0.04559601789424871,0.04702588533916774,0.04922306106442457,2022
2023_11_LAC_GB,00-0038797,RB,GB,2023,0,0.07996588297366813,0.056016286033652406,0.06547906544613498,0.07326076201688142,2022
2023_11_LAC_GB,00-0038996,TE,GB,2023,0,0.04483654420743677,0.06024620113600672,0.05689345137066153,0.04740984672553854,2022
2023_11_LAC_GB,00-0039144,TE,GB,2023,0,0.16526579866315105,0.14004689465574577,0.14974799586127166,0.16417808188549646,2022
2023_11_LAC_GB,00-0039146,WR,GB,2023,1,0.14744923646796781,0.115002002643424,0.10434532707310301,0.14947409000133707,2022
2023_11_LAC_GB,00-0030279,WR,LAC,2023,1,0.29935819562615584,0.35263758897986314,0.3728522988202273,0.32553735789815635,2022
2023_11_LAC_GB,00-0033699,RB,LAC,2023,0,0.45870594988595537,0.5234254858188445,0.44488651626437065,0.37973595385334746,2022
2023_11_LAC_GB,00-0033895,TE,LAC,2023,0,0.130332068585305,0.12108465244615721,0.10690093118651828,0.1249023028562199,2022
2023_11_LAC_GB,00-0035329,TE,LAC,2023,0,0.11809146202861032,0.10049222119912955,0.08668158197303633,0.10341107830845372,2022
2023_11_LAC_GB,00-0035414,WR,LAC,2023,0,0.14948367947017793,0.12687725419881427,0.12585146423065152,0.15451324786004358,2022
2023_11_LAC_GB,00-0036355,QB,LAC,2023,0,0.1524631584812537,0.13578287475340498,0.12129335615829469,0.13936898114145643,2022
2023_11_LAC_GB,00-0036370,RB,LAC,2023,0,0.13297332813882679,0.10383212363941388,0.1133336507785437,0.0831813786406397,2022
2023_11_LAC_GB,00-0036646,WR,LAC,2023,0,0.04971661486880441,0.041535593465896324,0.050861673150101,0.06500014968398009,2022
2023_11_LAC_GB,00-0036988,WR,LAC,2023,0,0.21473112566444652,0.22206681924427216,0.24260132517145971,0.2304691886213178,2022
2023_11_LAC_GB,00-0037475,TE,LAC,2023,1,0.06707506917916395,0.06597246294831623,0.05764149499543065,0.05991968370324898,2022
2023_11_LAC_GB,00-0038045,RB,LAC,2023,0,0.08092356895666442,0.06435720111718228,0.07854278371216049,0.06687159067911264,2022
2023_11_LAC_GB,00-0038544,WR,LAC,2023,0,0.14179986326841998,0.15086931300131562,0.14048095739680114,0.1572363898100913,2022
2023_11_LAC_GB,00-0038573,WR,LAC,2023,0,0.059811440090279167,0.05800744420454794,0.05221230332925076,0.06162506112503478,2022
2023_11_LV_MIA,00-0031345,QB,LV,2023,0,0.08500488691492047,0.06394374880053626,0.048269119142630344,0.08409522079556983,2022
2023_11_LV_MIA,00-0031381,WR,LV,2023,1,0.22776059552943784,0.1755838142157918,0.2449386970127796,0.19051164198485443,2022
2023_11_LV_MIA,00-0031763,WR,LV,2023,0,0.018102858804682875,0.026897849199993634,0.02734073563654643,0.04589296289398304,2022
2023_11_LV_MIA,00-0032104,RB,LV,2023,0,0.048837996482361534,0.03800911855756047,0.041436365304143026,0.059580302768949045,2022
2023_11_LV_MIA,00-0032392,TE,LV,2023,0,0.05369300564593227,0.04751236253776613,0.03929334311451517,0.05858209010004901,2022
2023_11_LV_MIA,00-0034960,WR,LV,2023,0,0.16827497538041358,0.14919418766867482,0.16044006925993023,0.1645224336009018,2022
2023_11_LV_MIA,00-0034983,WR,LV,2023,0,0.06569298235356136,0.044751404500149895,0.04672728445600419,0.06778169364983806,2022
2023_11_LV_MIA,00-0035562,TE,LV,2023,0,0.00875306022109068,0.023718871219691847,0.015709289629623632,0.04795315690958684,2022
2023_11_LV_MIA,00-0035700,RB,LV,2023,0,0.3892698710754311,0.5244608831243397,0.5997892512252498,0.296160339575663,2022
2023_11_LV_MIA,00-0035726,RB,LV,2023,0,0.0194104128927709,0.03401220712266802,0.038876395511328,0.04659901442794865,2022
2023_11_LV_MIA,00-0038040,RB,LV,2023,0,0.06120435445906347,0.03851510382935463,0.0490921201697355,0.07143858432256148,2022
2023_11_LV_MIA,00-0038563,WR,LV,2023,0,0.07223942206880396,0.04892543537296788,0.046553594065519545,0.07577237782061846,2022
2023_11_LV_MIA,00-0038579,QB,LV,2023,0,0.07610259295366739,0.049429116866885225,0.03621754679765689,0.07544670137229295,2022
2023_11_LV_MIA,00-0039066,TE,LV,2023,0,0.12672112501762411,0.10801989120704747,0.11748745225026189,0.14859135522497235,2022
2023_11_LV_MIA,00-0031687,RB,MIA,2023,0,0.5059552340221434,0.4017332505993756,0.4614156140180168,0.3819256537770206,2022
2023_11_LV_MIA,00-0033040,WR,MIA,2023,1,0.4630938541495059,0.3936659744064135,0.4095973960840362,0.39013222184393037,2022
2023_11_LV_MIA,00-0034115,RB,MIA,2023,0,0.20753405454027318,0.1187132330578185,0.13317531823857873,0.10088867808688932,2022
2023_11_LV_MIA,00-0034418,WR,MIA,2023,0,0.1837588619506958,0.1389610618397649,0.1324124267403665,0.11710318608773863,2022
2023_11_LV_MIA,00-0034419,WR,MIA,2023,0,0.12132023205878384,0.1154501965477834,0.10275123890472314,0.06963026370097383,2022
2023_11_LV_MIA,00-0034798,TE,MIA,2023,0,0.17655218450938315,0.16845262957514434,0.16145599124162413,0.13752248442220688,2022
2023_11_LV_MIA,00-0036020,RB,MIA,2023,1,0.2749634915805962,0.1427922390284123,0.16239434120890428,0.13065737664316035,2022
2023_11_LV_MIA,00-0036212,QB,MIA,2023,0,0.1884319615937946,0.15837402280081933,0.13559366579933296,0.1296183930051821,2022
2023_11_LV_MIA,00-0036326,WR,MIA,2023,0,0.045256295422772985,0.06878191333673299,0.06243419965279638,0.0555822186412229,2022
2023_11_LV_MIA,00-0036613,WR,MIA,2023,0,0.40441344046305805,0.3331962397156541,0.3220635691871647,0.27364616570149414,2022
2023_11_LV_MIA,00-0038720,TE,MIA,2023,0,0.09312093144145417,0.10220059350402173,0.09169600267126804,0.07062389874099738,2022
2023_11_MIN_DEN,00-0029263,QB,DEN,2023,0,0.19261092150908687,0.14656079652387138,0.14983446957488125,0.1418448877753472,2022
2023_11_MIN_DEN,00-0031484,TE,DEN,2023,0,0.05929212737680811,0.0600651532627845,0.05560773320375369,0.04741679121305523,2022
2023_11_MIN_DEN,00-0033526,RB,DEN,2023,0,0.1804554281153642,0.10580252851298136,0.08365749560757417,0.11452576832147951,2022
2023_11_MIN_DEN,00-0034348,WR,DEN,2023,1,0.2784488373220454,0.21520516772076084,0.23684159554114634,0.23498103613338278,2022
2023_11_MIN_DEN,00-0035406,WR,DEN,2023,0,0.08537619982359335,0.07168009336286159,0.06793714061374335,0.06621620795325449,2022
2023_11_MIN_DEN,00-0036407,WR,DEN,2023,0,0.245606256671287,0.17953246630700342,0.19804490761120758,0.19938926808789417,2022
2023_11_MIN_DEN,00-0036422,TE,DEN,2023,0,0.15297449281563302,0.1334856676570768,0.13049195155748786,0.1053257285302662,2022
2023_11_MIN_DEN,00-0036997,RB,DEN,2023,0,0.4076697073547605,0.3778345254789448,0.4433057204527846,0.3523782365322488,2022
2023_11_MIN_DEN,00-0037539,TE,DEN,2023,0,0.052191273949910855,0.05425726094680877,0.04630559734970897,0.04659901442794865,2022
2023_11_MIN_DEN,00-0038783,TE,DEN,2023,0,0.049843074920002506,0.04704543426006623,0.03297044140663181,0.050512934301427774,2022
2023_11_MIN_DEN,00-0038794,RB,DEN,2023,0,0.23110825745344699,0.10702480676623956,0.1173685826151672,0.13788468327366052,2022
2023_11_MIN_DEN,00-0038976,WR,DEN,2023,0,0.07360071479796515,0.07248845778477006,0.06595018339482103,0.04902779909589581,2022
2023_11_MIN_DEN,00-0029604,QB,MIN,2023,0,0.09792304320255774,0.07450533342111361,0.0579092229432398,0.07512751307300293,2022
2023_11_MIN_DEN,00-0033246,TE,MIN,2023,0,0.025821566616897496,0.03717647689062002,0.028536803536686247,0.044360772749409486,2022
2023_11_MIN_DEN,00-0033949,QB,MIN,2023,1,0.14902145663456123,0.14796159378218832,0.172433537181835,0.15756639374790596,2022
2023_11_MIN_DEN,00-0034646,WR,MIN,2023,0,0.12651836799459182,0.11893662265541147,0.11442181439203311,0.1582246924683041,2022
2023_11_MIN_DEN,00-0034972,RB,MIN,2023,0,0.28444503197322313,0.32058338844009393,0.3483223491283621,0.29263322154315236,2022
2023_11_MIN_DEN,00-0035229,TE,MIN,2023,0,0.25702266264640017,0.2855512253034161,0.2471453094076982,0.2734995963424835,2022
2023_11_MIN_DEN,00-0035249,TE,MIN,2023,1,0.05340913632563904,0.05964332707882473,0.05265274088777494,0.049689877621327316,2022
2023_11_MIN_DEN,00-0035934,WR,MIN,2023,0,0.062065094943039356,0.0643706926128169,0.06754747569681069,0.05646634145738078,2022
2023_11_MIN_DEN,00-0036345,WR,MIN,2023,0,0.15765193240772613,0.16629830960619044,0.16965154866924723,0.1758811359494345,2022
2023_11_MIN_DEN,00-0036414,RB,MIN,2023,0,0.16646648909921713,0.10303469143532808,0.11684542970085186,0.11967927150965972,2022
2023_11_MIN_DEN,00-0036842,RB,MIN,2023,0,0.020575199589665916,0.03605040841542624,0.046004513938056234,0.04703692826287778,2022
2023_11_MIN_DEN,00-0037276,RB,MIN,2023,0,0.07167578752108139,0.050851761035055225,0.06255995963617422,0.06942200848473458,2022
2023_11_MIN_DEN,00-0037291,WR,MIN,2023,0,0.03679626830635885,0.06675419275761502,0.061346112445578846,0.053968638755849105,2022
2023_11_MIN_DEN,00-0038598,QB,MIN,2023,0,0.04659667361729669,0.028624144863753177,0.017864800222495567,0.05573915933194424,2022
2023_11_MIN_DEN,00-0038994,WR,MIN,2023,0,0.19965453965967217,0.23085431128579065,0.2468409952500533,0.2045982646785657,2022
2023_11_NYG_WAS,00-0028118,QB,NYG,2023,0,0.06958303900195884,0.0428077867912422,0.04235780829177808,0.09366211666691537,2022
2023_11_NYG_WAS,00-0031610,TE,NYG,2023,0,0.15741730538019294,0.13405900726080497,0.14390476172121808,0.16517995472976432,2022
2023_11_NYG_WAS,00-0032385,WR,NYG,2023,0,0.05335736347058917,0.034230089109740854,0.027748342079798215,0.09797119229581877,2022
2023_11_NYG_WAS,00-0033308,RB,NYG,2023,0,0.058680201635423535,0.04497854287660706,0.04728795789301837,0.07647053547837639,2022
2023_11_NYG_WAS,00-0034844,RB,NYG,2023,1,0.3069906451487888,0.48099195209575324,0.391293877079417,0.2918159600780882,2022
2023_11_NYG_WAS,00-0035535,WR,NYG,2023,1,0.11869693307212825,0.11703988427203345,0.12112647322191342,0.14819677299738207,2022
2023_11_NYG_WAS,00-0035639,WR,NYG,2023,0,0.02886520261720138,0.03018506220537933,0.0283622100862521,0.05022499191439977,2022
2023_11_NYG_WAS,00-0035710,QB,NYG,2023,0,0.10749690823111002,0.05737993087124804,0.06554039468039398,0.10918381001579136,2022
2023_11_NYG_WAS,00-0036145,TE,NYG,2023,0,0.0408085239793905,0.03747019303778559,0.034762644953049135,0.0543588578037483,2022
2023_11_NYG_WAS,00-0036165,WR,NYG,2023,0,0.05910320033971861,0.05169755428649098,0.04928494232442324,0.05975581177769008,2022
2023_11_NYG_WAS,00-0036493,RB,NYG,2023,0,0.014391431050754688,0.030785014181954014,0.019323231134124867,0.04927494136281647,2022
2023_11_NYG_WAS,00-0037410,RB,NYG,2023,0,0.05120681665994442,0.034115159602543216,0.035159201627912126,0.06867228393604774,2022
2023_11_NYG_WAS,00-0038115,TE,NYG,2023,0,0.05832955243352678,0.06284971444732516,0.07837456378591305,0.06060497410656623,2022
2023_11_NYG_WAS,00-0038117,WR,NYG,2023,0,0.10726070648882624,0.0858439117116655,0.08084640968588129,0.1414032516842183,2022
2023_11_NYG_WAS,00-0038476,QB,NYG,2023,0,0.0818264861979624,0.05832050011168091,0.043314712853893475,0.09456072867026771,2022
2023_11_NYG_WAS,00-0038938,WR,NYG,2023,0,0.09117281161107882,0.07343678228228333,0.08231444878819745,0.09924297306829395,2022
2023_11_NYG_WAS,00-0031260,TE,WAS,2023,0,0.1866960102957792,0.17389731402481914,0.21577289334857044,0.21629906461703333,2022
2023_11_NYG_WAS,00-0031941,WR,WAS,2023,0,0.09689168451682195,0.06866913457536426,0.060383225536977475,0.09350179455784378,2022
2023_11_NYG_WAS,00-0033282,WR,WAS,2023,0,0.2103513594775055,0.14572013273167575,0.11895717375080957,0.2062115273871183,2022
2023_11_NYG_WAS,00-0033296,RB,WAS,2023,0,0.024280759556514986,0.051812276364356404,0.05590452236033887,0.045758175416601654,2022
2023_11_NYG_WAS,00-0034297,WR,WAS,2023,0,0.061222776563914616,0.056595249797983346,0.049951824211438775,0.052404478890135095,2022
2023_11_NYG_WAS,00-0035659,WR,WAS,2023,0,0.3005162810575356,0.2559815951014481,0.27130711557909126,0.2959340546962189,2022
2023_11_NYG_WAS,00-0036328,RB,WAS,2023,0,0.243948089066503,0.17289742676237563,0.17118426946271642,0.2462563556044868,2022
2023_11_NYG_WAS,00-0036626,WR,WAS,2023,0,0.0736929983251835,0.0620288014331066,0.05943873977016815,0.05058155435628813,2022
2023_11_NYG_WAS,00-0036628,TE,WAS,2023,0,0.07852215836175924,0.08540406412573369,0.09544577712014894,0.05706366990255112,2022
2023_11_NYG_WAS,00-0037077,QB,WAS,2023,1,0.17667075358043904,0.13833852572909758,0.13372653946965427,0.146492740782431,2022
2023_11_NYG_WAS,00-0037741,WR,WAS,2023,1,0.22402062708771775,0.21300630523566288,0.1840003488468473,0.24416048030354034,2022
2023_11_NYG_WAS,00-0037746,RB,WAS,2023,0,0.4011520611554754,0.27749690830413926,0.3088400585929197,0.34843949007252756,2022
2023_11_NYG_WAS,00-0038611,RB,WAS,2023,0,0.10242823829762893,0.0632849647649931,0.08315979621475461,0.08321662893696215,2022
2023_11_NYJ_BUF,00-0030513,RB,BUF,2023,0,0.2858790501187961,0.16300073530638062,0.16796013980201013,0.3022055807528138,2022
2023_11_NYJ_BUF,00-0031588,WR,BUF,2023,0,0.37218686891687713,0.3605397284328358,0.3803531383413873,0.33230927642681257,2022
2023_11_NYJ_BUF,00-0034487,WR,BUF,2023,0,0.05163294784575778,0.06684738795167813,0.0583604834912923,0.046156507856455864,2022
2023_11_NYJ_BUF,00-0034857,QB,BUF,2023,0,0.2530268132656551,0.17762690538337672,0.19828171304812073,0.1745557330512387,2022
2023_11_NYJ_BUF,00-0035215,WR,BUF,2023,0,0.04642196128207343,0.05191842047915856,0.04743310748517093,0.05364573132080081,2022
2023_11_NYJ_BUF,00-0035537,RB,BUF,2023,1,0.012791715763254774,0.04335974313105017,0.05622339992429305,0.048415487737956564,2022
2023_11_NYJ_BUF,00-0036196,WR,BUF,2023,0,0.2680810251772664,0.2610165401398453,0.23580077429561955,0.23828825068828183,2022
2023_11_NYJ_BUF,00-0037248,RB,BUF,2023,1,0.38854376636263,0.33536575136973984,0.37545937777786187,0.34299943820032985,2022
2023_11_NYJ_BUF,00-0037261,WR,BUF,2023,1,0.15841143940164637,0.13558587881963066,0.11931439889192944,0.17708220722997,2022
2023_11_NYJ_BUF,00-0038933,TE,BUF,2023,0,0.27269244525994174,0.24205507079087324,0.18495250693292684,0.2496095576631479,2022
2023_11_NYJ_BUF,00-0032134,TE,NYJ,2023,0,0.06805190148695872,0.050924075237456214,0.052599395952261783,0.06759883189528282,2022
2023_11_NYJ_BUF,00-0033893,RB,NYJ,2023,0,0.08816698109963905,0.050298571872723845,0.031899741934355894,0.07067171945411306,2022
2023_11_NYJ_BUF,00-0034270,TE,NYJ,2023,0,0.1315525124728032,0.10171578742182394,0.08456879113854587,0.1437009324366287,2022
2023_11_NYJ_BUF,00-0034433,RB,NYJ,2023,0,0.052822786739005534,0.032972671847720014,0.049690278244358385,0.05412789361606935,2022
2023_11_NYJ_BUF,00-0034521,WR,NYJ,2023,0,0.1358855441787611,0.130982979017154,0.11666608926582481,0.13341945689679036,2022
2023_11_NYJ_BUF,00-0035480,WR,NYJ,2023,0,0.04698010351650328,0.04053817994655239,0.035910072237886344,0.05123392835035772,2022
2023_11_NYJ_BUF,00-0036924,RB,NYJ,2023,0,0.07580394934784462,0.05493858164693987,0.02593857536220136,0.07142810695781042,2022
2023_11_NYJ_BUF,00-0037013,QB,NYJ,2023,0,0.11599633054890657,0.09942300785187118,0.12110032734126733,0.10567309080684549,2022
2023_11_NYJ_BUF,00-0037740,WR,NYJ,2023,0,0.26558920810317244,0.22475202278556033,0.24475416079573414,0.21900076183292433,2022
2023_11_NYJ_BUF,00-0037805,TE,NYJ,2023,0,0.04210505534773956,0.04191269120979616,0.04163068096407516,0.044748758610293496,2022
2023_11_NYJ_BUF,00-0038120,RB,NYJ,2023,1,0.3530196911678303,0.34191200708067226,0.19284666672866338,0.263596518710138,2022
2023_11_NYJ_BUF,00-0038496,WR,NYJ,2023,0,0.05622350993687808,0.05547949107464656,0.04368642450303823,0.04944743668354741,2022
2023_11_PHI_KC,00-0030506,TE,KC,2023,1,0.29668768667300127,0.28038131960856205,0.19950594419552525,0.37166725984122206,2022
2023_11_PHI_KC,00-0031376,RB,KC,2023,0,0.13425971630356837,0.09466581669569898,0.09107415709864214,0.08970963888736394,2022
2023_11_PHI_KC,00-0032062,TE,KC,2023,0,0.07619879514107886,0.06561257150624823,0.05215343813973409,0.06758962000896833,2022
2023_11_PHI_KC,00-0033873,QB,KC,2023,0,0.18214252952466625,0.1394672126334552,0.145664010317746,0.16348541093279131,2022
2023_11_PHI_KC,00-0034272,WR,KC,2023,0,0.13473280312728864,0.11887857126544595,0.11939346074462695,0.0988383251132975,2022
2023_11_PHI_KC,00-0034386,WR,KC,2023,1,0.11658764473607064,0.1003905637301239,0.10028806258791072,0.08138208773490199,2022
2023_11_PHI_KC,00-0035140,WR,KC,2023,0,0.11873253863580069,0.065093342745024,0.06979580671676583,0.10365501353522176,2022
2023_11_PHI_KC,00-0036269,RB,KC,2023,0,0.06956434552400081,0.06319108675877953,0.03926966537052303,0.046838192051379124,2022
2023_11_PHI_KC,00-0036360,RB,KC,2023,0,0.08389173769740221,0.06128803475520593,0.08142224587025523,0.06672660494081768,2022
2023_11_PHI_KC,00-0036637,TE,KC,2023,0,0.10887643505665756,0.10650982144697721,0.09867576250206184,0.0958972059794228,2022
2023_11_PHI_KC,00-0036913,WR,KC,2023,0,0.13433958180091554,0.08717683049894767,0.07585195199575895,0.09310257199131419,2022
2023_11_PHI_KC,00-0037197,RB,KC,2023,0,0.4465370950070797,0.3826740544938536,0.455580282517301,0.40888186419296124,2022
2023_11_PHI_KC,00-0037216,WR,KC,2023,0,0.0580352324026171,0.06075013747571278,0.06045677732024674,0.0503038538854518,2022
2023_11_PHI_KC,00-0038090,WR,KC,2023,0,0.12793769391307108,0.10484366478173042,0.10767511358336053,0.10353158464502965,2022
2023_11_PHI_KC,00-0039067,WR,KC,2023,0,0.1738050095971716,0.13835111741266135,0.1280382350507674,0.20265164806225347,2022
2023_11_PHI_KC,00-0027944,WR,PHI,2023,0,0.06678632516758998,0.05386674711216429,0.050564511330031196,0.07527356775728486,2022
2023_11_PHI_KC,00-0034351,TE,PHI,2023,0,0.2282003367976866,0.20438111142122237,0.21237272896714912,0.2186234592528216,2022
2023_11_PHI_KC,00-0034414,RB,PHI,2023,0,0.06135594640569464,0.05147787171092772,0.05927640492864357,0.05687983506266405,2022
2023_11_PHI_KC,00-0034750,RB,PHI,2023,0,0.06335960411380981,0.05309498142955783,0.06070515861363569,0.06673987448336172,2022
2023_11_PHI_KC,00-0035208,WR,PHI,2023,0,0.09913933272986808,0.10416093225053188,0.09800608361689966,0.07522119260743956,2022
2023_11_PHI_KC,00-0035676,WR,PHI,2023,0,0.3109284198165291,0.36429944491357585,0.3542951312173483,0.28421680647709335,2022
2023_11_PHI_KC,00-0036275,RB,PHI,2023,1,0.40896717302322294,0.4408952937038817,0.37779544341067184,0.35507721098324013,2022
2023_11_PHI_KC,00-0036389,QB,PHI,2023,1,0.26368920965636167,0.2418638862162746,0.21072745427219697,0.2605704835669897,2022
2023_11_PHI_KC,00-0036912,WR,PHI,2023,0,0.22607817054065826,0.24719620848370516,0.2519799215644995,0.21074683228679753,2022
2023_11_PHI_KC,00-0036919,RB,PHI,2023,0,0.17074568934951462,0.1146290930096285,0.10709616763233905,0.08944566272872563,2022
2023_11_PIT_CLE,00-0030068,WR,CLE,2023,0,0.04857549189592825,0.041639835911684124,0.038730923130944894,0.04931176112639314,2022
2023_11_PIT_CLE,00-0031544,WR,CLE,2023,0,0.22282890317771153,0.19853481572664466,0.23470039279531613,0.19228221496309827,2022
2023_11_PIT_CLE,00-0033275,QB,CLE,2023,0,0.07658506723610192,0.06319496502637284,0.04687740536131261,0.08448738176609756,2022
2023_11_PIT_CLE,00-0033537,QB,CLE,2023,0,0.09901732978284083,0.08143575107161138,0.0773038299120927,0.10226255908828114,2022
2023_11_PIT_CLE,00-0033885,TE,CLE,2023,0,0.21679810189850124,0.19761937985135555,0.19251544522333086,0.1856880089085808,2022
2023_11_PIT_CLE,00-0033923,RB,CLE,2023,0,0.20614902156765214,0.12974941539638282,0.10412124415643356,0.1844011339434892,2022
2023_11_PIT_CLE,00-0034364,TE,CLE,2023,0,0.048978785003505165,0.03943167367839546,0.03559247116445428,0.04920087575995812,2022
2023_11_PIT_CLE,00-0036133,WR,CLE,2023,0,0.02274871401614731,0.028950776769371703,0.03472638092936462,0.0523100531301484,2022
2023_11_PIT_CLE,00-0036232,TE,CLE,2023,0,0.04035605149339294,0.04575877406909926,0.04640258591677199,0.046306134695670235,2022
2023_11_PIT_CLE,00-0036233,WR,CLE,2023,0,0.09550917205043818,0.11722030152612721,0.10659267602853767,0.07228446028244238,2022
2023_11_PIT_CLE,00-0036980,WR,CLE,2023,0,0.16872554417698793,0.15030884122633736,0.15350251449778587,0.16528442300545515,2022
2023_11_PIT_CLE,00-0037267,RB,CLE,2023,1,0.25558984465072554,0.27020713342647207,0.21535454919377392,0.23559998817544855,2022
2023_11_PIT_CLE,00-0038098,RB,CLE,2023,0,0.06969423525435825,0.0566993507618952,0.06190139357318714,0.07039626220705693,2022
2023_11_PIT_CLE,00-0038583,QB,CLE,2023,0,0.0549646940572055,0.039160723444094575,0.024203459326132253,0.06146918011415012,2022
2023_11_PIT_CLE,00-0038979,WR,CLE,2023,0,0.096523757863757,0.07615703943090862,0.0788229697886189,0.10303768708413227,2022
2023_11_PIT_CLE,00-0031428,WR,PIT,2023,0,0.1194655695966913,0.09506885806506093,0.07933503982204379,0.10135372000265012,2022
2023_11_PIT_CLE,00-0033869,QB,PIT,2023,0,0.06473441825573889,0.031767354127670476,0.023171922997599036,0.06634739019534101,2022
2023_11_PIT_CLE,00-0035216,WR,PIT,2023,0,0.21400900105903464,0.15841298117135094,0.15712618099160683,0.17701998337455557,2022
2023_11_PIT_CLE,00-0035703,WR,PIT,2023,0,0.021016829615419508,0.03029342358661416,0.02559679716700314,0.044360772749409486,2022
2023_11_PIT_CLE,00-0036336,RB,PIT,2023,0,0.025764130160164767,0.02780341153834625,0.031529909949761716,0.048434167629599185,2022
2023_11_PIT_CLE,00-0036893,RB,PIT,2023,0,0.30603632559870275,0.2161659394884085,0.21053316752994358,0.28584006318264116,2022
2023_11_PIT_CLE,00-0037228,RB,PIT,2023,1,0.23681143134429428,0.16100039871787675,0.1294359421397683,0.19132104303923203,2022
2023_11_PIT_CLE,00-0037247,WR,PIT,2023,0,0.2052873469439308,0.16110970448843256,0.16112861234602985,0.1799415135541997,2022
2023_11_PIT_CLE,00-0037451,TE,PIT,2023,0,0.024315033545983744,0.0006544969270180252,0.06793145525975222,0.045842919405300005,2022
2023_11_PIT_CLE,00-0037837,WR,PIT,2023,0,0.05937287610406228,0.04620119631675697,0.03458152410886473,0.05473490582234043,2022
2023_11_PIT_CLE,00-0038102,QB,PIT,2023,0,0.11728004710113882,0.06458377345064045,0.06098513278781218,0.10036211701136612,2022
2023_11_PIT_CLE,00-0038558,TE,PIT,2023,0,0.06119074532744817,0.05943230167044602,0.08005815604993777,0.05502111199855785,2022
2023_11_SEA_LA,00-0026498,QB,LA,2023,0,0.10080089021225203,0.09933655281328274,0.07337843998572652,0.058310499881421,2022
2023_11_SEA_LA,00-0032775,WR,LA,2023,0,0.0546358515449451,0.036605216034239565,0.030223540231309853,0.04897905125842613,2022
2023_11_SEA_LA,00-0033110,TE,LA,2023,0,0.19256407124628572,0.18590809601517175,0.21606105339838294,0.2063958352870026,2022
2023_11_SEA_LA,00-0033908,WR,LA,2023,0,0.36161551976060047,0.2913465492135672,0.34351655989311525,0.2856087778396349,2022
2023_11_SEA_LA,00-0034838,RB,LA,2023,0,0.2063235573897093,0.09595506096900752,0.13182031056699184,0.14330223715707982,2022
2023_11_SEA_LA,00-0034955,QB,LA,2023,0,0.09499891652748449,0.06281864203119235,0.04240919539197611,0.06711899785608769,2022
2023_11_SEA_LA,00-0035664,RB,LA,2023,1,0.4069564412061927,0.31897346638548,0.3517410483425388,0.3984632334694412,2022
2023_11_SEA_LA,00-0036424,TE,LA,2023,0,0.039479285833587174,0.047035371729102944,0.03428070608310035,0.04583469341499674,2022
2023_11_SEA_LA,00-0036841,WR,LA,2023,0,0.011747899027965247,0.041751379888022515,0.03847238012459382,0.04670227364050362,2022
2023_11_SEA_LA,00-0036849,WR,LA,2023,0,0.21983629054743947,0.20055002034016944,0.18022575910048277,0.2117322686786602,2022
2023_11_SEA_LA,00-0036862,WR,LA,2023,0,0.055943679444727556,0.05490106171878121,0.04860943040532557,0.0477908117586458,2022
2023_11_SEA_LA,00-0039075,WR,LA,2023,1,0.35423554674361657,0.29574176353696546,0.33098552148860855,0.2764320319840498,2022
2023_11_SEA_LA,00-0030565,QB,SEA,2023,0,0.14446573731367884,0.11730627263853706,0.07803465004709643,0.13171557461586983,2022
2023_11_SEA_LA,00-0032211,WR,SEA,2023,0,0.2663056840559702,0.2618263767984475,0.25801832069395714,0.24985622100347324,2022
2023_11_SEA_LA,00-0034159,TE,SEA,2023,0,0.06483419181952432,0.07226240404536827,0.06600846734747975,0.05088912055397511,2022
2023_11_SEA_LA,00-0035640,WR,SEA,2023,1,0.2831820739730726,0.21971157367273533,0.26143440069652907,0.2484257463296904,2022
2023_11_SEA_LA,00-0035644,TE,SEA,2023,0,0.08776469814339471,0.09040177888785751,0.09258560894763611,0.06186627920290105,2022
2023_11_SEA_LA,00-0036244,TE,SEA,2023,0,0.1028235766994452,0.08144841084563706,0.06847283947317251,0.09313405272708437,2022
2023_11_SEA_LA,00-0036620,WR,SEA,2023,0,0.02526704461365803,0.03896684182925248,0.03703921451609055,0.04971939901363922,2022
2023_11_SEA_LA,00-0038134,RB,SEA,2023,0,0.4426847940335501,0.4242245590257994,0.43826391325825714,0.35147316135653206,2022
2023_11_SEA_LA,00-0038543,WR,SEA,2023,0,0.19205647941785786,0.16115887672111678,0.1621566594436127,0.19269258835998002,2022
2023_11_SEA_LA,00-0038752,WR,SEA,2023,0,0.10618560560913137,0.07932326085566904,0.07780721198533848,0.1007734111286922,2022
2023_11_SEA_LA,00-0039165,RB,SEA,2023,0,0.2074218884404294,0.14602622033454862,0.13513177632995305,0.1725611429108365,2022
2023_11_TB_SF,00-0033280,RB,SF,2023,1,0.5848967889487242,0.6258905542392543,0.594611081756141,0.4298684355119465,2022
2023_11_TB_SF,00-0033288,TE,SF,2023,1,0.3224867106101539,0.2802542365325675,0.35800217426167025,0.2734090729639896,2022
2023_11_TB_SF,00-0034073,TE,SF,2023,0,0.0563577541450504,0.042343228607424836,0.07242988044564211,0.05668910744684338,2022
2023_11_TB_SF,00-0034407,WR,SF,2023,0,0.11994524050190536,0.09986813171412671,0.08392021941137875,0.06947511334374701,2022
2023_11_TB_SF,00-0034869,QB,SF,2023,0,0.04963257311752822,0.00020100280306685096,0.002116675916947165,0.05407215166807212,2022
2023_11_TB_SF,00-0035719,WR,SF,2023,0,0.2963025491306781,0.2347524073916087,0.16675667859217733,0.2329348997917617,2022
2023_11_TB_SF,00-0036259,WR,SF,2023,0,0.19246228324462,0.14300893432956557,0.13803828714532898,0.10321450915502965,2022
2023_11_TB_SF,00-0036261,WR,SF,2023,1,0.35478209769580604,0.3009371372699849,0.3237117294801456,0.2740904681588138,2022
2023_11_TB_SF,00-0036567,RB,SF,2023,0,0.1945035497468739,0.11133296479953164,0.1447138688919147,0.09200560731691894,2022
2023_11_TB_SF,00-0037834,QB,SF,2023,0,0.17060837814571606,0.1461953000678075,0.13077584922261282,0.1310324906892143,2022
2023_11_TB_SF,00-0038647,WR,SF,2023,0,0.07281992007422244,0.07165069768049566,0.0629171185139482,0.05667337853073393,2022
2023_11_TB_SF,00-0031408,WR,TB,2023,1,0.17551147583768167,0.1419380965708329,0.17406402855302028,0.17074311379666576,2022
2023_11_TB_SF,00-0033921,WR,TB,2023,0,0.18020872929920417,0.15686728201819425,0.1610331071006382,0.16234045943483813,2022
2023_11_TB_SF,00-0034681,RB,TB,2023,0,0.06400088242694801,0.03923305437253777,0.047293793441394526,0.07244948219963676,2022
2023_11_TB_SF,00-0034855,QB,TB,2023,0,0.10466370856392382,0.07379164939713358,0.059022818638822035,0.1000582074291002,2022
2023_11_TB_SF,00-0036450,RB,TB,2023,0,0.10853556255214736,0.04968322366823779,0.06806654061042801,0.07862784762913694,2022
2023_11_TB_SF,00-0036928,QB,TB,2023,0,0.01594331337966781,0.00008719340542688364,0.0012177276253989824,0.047527115747379015,2022
2023_11_TB_SF,00-0037256,RB,TB,2023,1,0.32876635917686814,0.39487783615831495,0.3688646755273429,0.28826458829534285,2022
2023_11_TB_SF,00-0037487,WR,TB,2023,0,0.05470666060539042,0.03570336667614427,0.03757220873282717,0.0654644069463546,2022
2023_11_TB_SF,00-0038129,TE,TB,2023,0,0.14240680729200494,0.14827912295170054,0.17236438886480895,0.16332722877089167,2022
2023_11_TB_SF,00-0038821,WR,TB,2023,0,0.037046416869586096,0.03031690172422935,0.033832471522854964,0.047935046217081556,2022
2023_11_TB_SF,00-0039050,TE,TB,2023,0,0.023725679200828798,0.026458043535077816,0.021059929547286173,0.044360772749409486,2022
2023_11_TB_SF,00-0039052,WR,TB,2023,0,0.11496817294448125,0.09427952805757821,0.10579018162925499,0.11662824052843979,2022
2023_11_TEN_JAX,00-0033572,WR,JAX,2023,0,0.07112028071496512,0.06263258643596364,0.05453039121394613,0.053443613763541495,2022
2023_11_TEN_JAX,00-0033881,TE,JAX,2023,0,0.28543517736648905,0.23119867066181873,0.2566076214381206,0.24279350096550445,2022
2023_11_TEN_JAX,00-0033936,QB,JAX,2023,0,0.032418420567398076,0.025768842504718458,0.011728079265595574,0.047947888154983395,2022
2023_11_TEN_JAX,00-0034775,WR,JAX,2023,0,0.2826450499071892,0.20727460600037526,0.21880730283029717,0.23547092285108603,2022
2023_11_TEN_JAX,00-0034837,WR,JAX,2023,1,0.2860191344335218,0.22735689259163558,0.23226987780031708,0.2363299873328003,2022
2023_11_TEN_JAX,00-0035628,RB,JAX,2023,0,0.04974459073460746,0.051095851400449845,0.062235047981473175,0.05717694619075357,2022
2023_11_TEN_JAX,00-0036497,WR,JAX,2023,0,0.08610413007408446,0.0815875643083205,0.07320799169550982,0.052549859154209635,2022
2023_11_TEN_JAX,00-0036887,TE,JAX,2023,0,0.06805915855999056,0.07575016875466513,0.06948147388658879,0.04732443707670169,2022
2023_11_TEN_JAX,00-0036971,QB,JAX,2023,1,0.16782741483783215,0.13892060490433786,0.12744299073211005,0.13365648218169468,2022
2023_11_TEN_JAX,00-0036973,RB,JAX,2023,0,0.5183540715473318,0.5824485362478901,0.5477390497910163,0.3771900783492436,2022
2023_11_TEN_JAX,00-0038555,RB,JAX,2023,0,0.09164611116137056,0.06742204069314575,0.07973719278134894,0.06755979232620275,2022
2023_11_TEN_JAX,00-0038935,TE,JAX,2023,0,0.0769575570265566,0.06222560471847348,0.05612353776095333,0.055626774564989385,2022
2023_11_TEN_JAX,00-0030564,WR,TEN,2023,1,0.21644472479480448,0.1491296998030026,0.19866921131555915,0.1832107803610687,2022
2023_11_TEN_JAX,00-0032398,WR,TEN,2023,0,0.08676480156262234,0.07491067495954776,0.07262167155912265,0.07726015218953226,2022
2023_11_TEN_JAX,00-0032764,RB,TEN,2023,0,0.3251394052892589,0.34623810489849965,0.3688104649554648,0.2901951803611539,2022
2023_11_TEN_JAX,00-0035259,TE,TEN,2023,0,0.03612113615776258,0.05501332895025395,0.06744442438920478,0.05328970045861973,2022
2023_11_TEN_JAX,00-0036182,WR,TEN,2023,0,0.0960448467375179,0.08045185034759685,0.08354056821971764,0.08998699718381133,2022
2023_11_TEN_JAX,00-0037273,WR,TEN,2023,0,0.08435588220115564,0.05599733844694175,0.05582520513052747,0.08313066157158111,2022
2023_11_TEN_JAX,00-0037742,WR,TEN,2023,0,0.12398092640666547,0.09538065905252602,0.09896382466491513,0.1157652487108666,2022
2023_11_TEN_JAX,00-0037809,TE,TEN,2023,0,0.15383787374092261,0.10876189263082565,0.12967427511599233,0.14658768712085074,2022
2023_11_TEN_JAX,00-0038128,QB,TEN,2023,0,0.049490870349972904,0.027168557134505777,0.023637630496241336,0.06402869593905229,2022
2023_11_TEN_JAX,00-0038589,TE,TEN,2023,0,0.06836333070574963,0.04207524960952485,0.0368494915417466,0.07724819997866009,2022
2023_11_TEN_JAX,00-0039032,RB,TEN,2023,0,0.19108329793589962,0.14788481398617773,0.11413749843577611,0.16845073311027026,2022
2023_11_TEN_JAX,00-0039152,QB,TEN,2023,0,0.10976175119331633,0.08674117062596373,0.029718590885153273,0.09469939651326488,2022
2023_12_BAL_LAC,00-0031235,WR,BAL,2023,0,0.25396860740289906,0.15465280090307093,0.17973770699987646,0.18268341824642736,2022
2023_12_BAL_LAC,00-0031549,WR,BAL,2023,0,0.09035616506430388,0.08962720802060382,0.08583902953678374,0.05306509297017741,2022
2023_12_BAL_LAC,00-0033376,RB,BAL,2023,0,0.07802559569605083,0.09037414347533898,0.08408457750058568,0.047702013284725994,2022
2023_12_BAL_LAC,00-0034184,RB,BAL,2023,0,0.366090893901165,0.30845939464683025,0.2549049036542165,0.3124473370641945,2022
2023_12_BAL_LAC,00-0034753,TE,BAL,2023,0,0.2716417303017822,0.1953763434631664,0.14272804574882136,0.21076472108433397,2022
2023_12_BAL_LAC,00-0034796,QB,BAL,2023,0,0.25488081393986306,0.24914618407696665,0.34806281558113006,0.3310244893951305,2022
2023_12_BAL_LAC,00-0034975,RB,BAL,2023,0,0.20086026278172275,0.16861636402280303,0.15700591436382372,0.1273140022819243,2022
2023_12_BAL_LAC,00-0035993,QB,BAL,2023,0,0.0646029638364809,0.03482272346312958,0.017182435879154113,0.058291800355698024,2022
2023_12_BAL_LAC,00-0036331,WR,BAL,2023,0,0.028123574681700347,0.05130181331818566,0.04732972601366435,0.046377047804724,2022
2023_12_BAL_LAC,00-0036550,WR,BAL,2023,0,0.18758490828100982,0.15680150074103572,0.15751162039291328,0.15700502325221433,2022
2023_12_BAL_LAC,00-0037838,TE,BAL,2023,0,0.10193849478565353,0.07494370100069889,0.06090858682937127,0.05632876501370266,2022
2023_12_BAL_LAC,00-0038046,TE,BAL,2023,0,0.045490528476177516,0.06040386556367166,0.04296657095479017,0.04847875178687977,2022
2023_12_BAL_LAC,00-0038454,RB,BAL,2023,0,0.18066531462172308,0.12036840380067954,0.1348388785614024,0.09369246858042107,2022
2023_12_BAL_LAC,00-0039064,WR,BAL,2023,1,0.2518113647938188,0.22632371231005335,0.2272218587149044,0.2353726638213044,2022
2023_12_BAL_LAC,00-0030279,WR,LAC,2023,0,0.3510916247190451,0.37421298831725086,0.4200587531686721,0.3373061042305085,2022
2023_12_BAL_LAC,00-0032543,WR,LAC,2023,0,0.08594844932610812,0.1333403893733996,0.11944150765712065,0.059959542817605405,2022
2023_12_BAL_LAC,00-0033699,RB,LAC,2023,0,0.4727568164554137,0.49616557196014566,0.4253180268432365,0.3790082090313952,2022
2023_12_BAL_LAC,00-0033895,TE,LAC,2023,1,0.1439202542718523,0.11869318816044756,0.0913201728570476,0.1249023028562199,2022
2023_12_BAL_LAC,00-0035329,TE,LAC,2023,0,0.15018868834030452,0.11349348319102635,0.08501172294395638,0.13110083941364958,2022
2023_12_BAL_LAC,00-0035414,WR,LAC,2023,0,0.1648724294399787,0.12438757517727222,0.13087930128188519,0.15298558487894393,2022
2023_12_BAL_LAC,00-0036355,QB,LAC,2023,0,0.17135608848187822,0.13437040138652165,0.12614522639282866,0.13837461580222918,2022
2023_12_BAL_LAC,00-0036370,RB,LAC,2023,0,0.15911960043016138,0.11048055796313748,0.13815247632356586,0.08889068877967952,2022
2023_12_BAL_LAC,00-0037475,TE,LAC,2023,0,0.08928252067201747,0.0670964689269331,0.051455723549326246,0.05977142189731768,2022
2023_12_BAL_LAC,00-0038544,WR,LAC,2023,0,0.18423414275440586,0.176115334188968,0.17544767795617458,0.19704056561226174,2022
2023_12_BAL_LAC,00-0038573,WR,LAC,2023,0,0.0773572120826923,0.060704681927581175,0.05707995303709424,0.06684864310299811,2022
2023_12_BUF_PHI,00-0030513,RB,BUF,2023,0,0.21841263742373374,0.13915249581501488,0.15294987548144076,0.14822747438637648,2022
2023_12_BUF_PHI,00-0031588,WR,BUF,2023,1,0.2900483003749236,0.27664235185043223,0.3109967256624949,0.255775984333334,2022
2023_12_BUF_PHI,00-0034487,WR,BUF,2023,0,0.04374541359171935,0.060933509058140024,0.058824089121963984,0.044765132584537834,2022
2023_12_BUF_PHI,00-0034577,QB,BUF,2023,0,0.05083590406760574,0.00016060622886380027,0.0018347675739184659,0.05439789442324893,2022
2023_12_BUF_PHI,00-0034857,QB,BUF,2023,1,0.22744139200288271,0.1586083270152989,0.1748143001607428,0.18145340316300435,2022
2023_12_BUF_PHI,00-0035215,WR,BUF,2023,0,0.041561125604404725,0.04730718435982634,0.0495965989479662,0.045345985994915274,2022
2023_12_BUF_PHI,00-0035537,RB,BUF,2023,0,0.05341188121458451,0.050967995486593046,0.060464542871284874,0.055261681342054475,2022
2023_12_BUF_PHI,00-0036187,RB,BUF,2023,0,0.02056497214498021,0.0468090243029261,0.05924047091670769,0.045745841780029994,2022
2023_12_BUF_PHI,00-0036196,WR,BUF,2023,1,0.2315093770518506,0.24238678217397291,0.23731868893368555,0.21502654457760406,2022
2023_12_BUF_PHI,00-0036590,TE,BUF,2023,0,0.08772592100801702,0.06258179972390057,0.08568174449121826,0.10271698012408913,2022
2023_12_BUF_PHI,00-0037248,RB,BUF,2023,0,0.3553945383631958,0.33663507350977867,0.3772627509006276,0.33866092069059234,2022
2023_12_BUF_PHI,00-0037261,WR,BUF,2023,0,0.15561331279434865,0.1433520212159002,0.14192080906926294,0.16733501039387105,2022
2023_12_BUF_PHI,00-0038933,TE,BUF,2023,0,0.26543436005777377,0.24743771318667968,0.1900220736385264,0.25215901905892874,2022
2023_12_BUF_PHI,00-0027944,WR,PHI,2023,0,0.09844169112728973,0.08432819489888385,0.07537325465871211,0.0666550870091961,2022
2023_12_BUF_PHI,00-0034351,TE,PHI,2023,0,0.269212250777192,0.2467132168526394,0.24277245793938418,0.2514282303912137,2022
2023_12_BUF_PHI,00-0034414,RB,PHI,2023,0,0.06912018427561462,0.060086112212779895,0.07960374365137039,0.059625895255072496,2022
2023_12_BUF_PHI,00-0034750,RB,PHI,2023,0,0.07619432244395907,0.06671991015792736,0.08338769023427646,0.07035602692191652,2022
2023_12_BUF_PHI,00-0035208,WR,PHI,2023,1,0.10980773461890081,0.11225504914305065,0.10228906337754771,0.07381440474063275,2022
2023_12_BUF_PHI,00-0035676,WR,PHI,2023,1,0.36344870466549295,0.4026741341424679,0.3710271872067245,0.3268568945971798,2022
2023_12_BUF_PHI,00-0036275,RB,PHI,2023,0,0.4710414398742788,0.4930154176443602,0.4550685177351974,0.4287150748005355,2022
2023_12_BUF_PHI,00-0036389,QB,PHI,2023,1,0.31233954274809184,0.2609905119785853,0.2829478015483019,0.37224093083356197,2022
2023_12_BUF_PHI,00-0036741,TE,PHI,2023,0,0.0792394714193766,0.08051361430060638,0.06759928149810465,0.05184351916991343,2022
2023_12_BUF_PHI,00-0036912,WR,PHI,2023,1,0.2970873893455732,0.3252897567172225,0.3230212104090814,0.2686172966250084,2022
2023_12_BUF_PHI,00-0036919,RB,PHI,2023,0,0.18155602618762512,0.12174068672393724,0.1239250566993781,0.09441698478521694,2022
2023_12_CAR_TEN,00-0030035,WR,CAR,2023,0,0.2315481084124632,0.25347628838137914,0.23312330223348376,0.21959112150932117,2022
2023_12_CAR_TEN,00-0034777,WR,CAR,2023,0,0.1258761169168685,0.12805485103234637,0.11613686636654885,0.13964155094794425,2022
2023_12_CAR_TEN,00-0034830,TE,CAR,2023,0,0.08315619963871623,0.06337968085230244,0.07804724873659505,0.07739167372740968,2022
2023_12_CAR_TEN,00-0035243,RB,CAR,2023,0,0.14351136839598544,0.09339075220337865,0.10006029729789442,0.11303960177803477,2022
2023_12_CAR_TEN,00-0036268,WR,CAR,2023,0,0.06371118541904175,0.04275224131430628,0.03205249658905444,0.07678824732103631,2022
2023_12_CAR_TEN,00-0036438,TE,CAR,2023,0,0.05733263181909132,0.042305984647385476,0.037298511432773636,0.0754376316433474,2022
2023_12_CAR_TEN,00-0036482,WR,CAR,2023,0,0.05214814339357843,0.04135506170523656,0.05661652327960649,0.05766269870150634,2022
2023_12_CAR_TEN,00-0036555,RB,CAR,2023,1,0.29369571989690657,0.26275191302870354,0.2764784438991473,0.2843693797283429,2022
2023_12_CAR_TEN,00-0036955,WR,CAR,2023,0,0.08810127987149252,0.062231149947916356,0.058230981444208275,0.10248944076681354,2022
2023_12_CAR_TEN,00-0037005,TE,CAR,2023,0,0.08904323023838046,0.07169299716527927,0.0665836718953475,0.11948896063562076,2022
2023_12_CAR_TEN,00-0037429,RB,CAR,2023,0,0.062934288099467,0.04473697113700519,0.04960772323290658,0.07244948219963676,2022
2023_12_CAR_TEN,00-0039062,WR,CAR,2023,0,0.13710056774793156,0.15019119635046543,0.14998071040357216,0.13349509261096906,2022
2023_12_CAR_TEN,00-0039150,QB,CAR,2023,0,0.10016519843689298,0.08178376523211774,0.0653173201880174,0.0921082104828809,2022
2023_12_CAR_TEN,00-0030564,WR,TEN,2023,0,0.2589885607645327,0.15703490855798455,0.1970279596062346,0.20106152463825816,2022
2023_12_CAR_TEN,00-0032398,WR,TEN,2023,0,0.10999426802915013,0.09956009485974666,0.08528872402238029,0.08435722625620388,2022
2023_12_CAR_TEN,00-0032764,RB,TEN,2023,1,0.3831167798201448,0.3755823341840723,0.3704923580773149,0.31577090746519443,2022
2023_12_CAR_TEN,00-0035259,TE,TEN,2023,0,0.04355517242231677,0.06677723789483345,0.07759200483394445,0.053686893713897815,2022
2023_12_CAR_TEN,00-0036182,WR,TEN,2023,0,0.11599269914842159,0.09399777790588305,0.08777732871227702,0.08656038670320887,2022
2023_12_CAR_TEN,00-0037273,WR,TEN,2023,0,0.11713666436641457,0.07406386541056711,0.06747734434263312,0.08753300604419686,2022
2023_12_CAR_TEN,00-0037742,WR,TEN,2023,0,0.15561425539060103,0.11760434447905511,0.11175199656045896,0.12727191764521073,2022
2023_12_CAR_TEN,00-0037809,TE,TEN,2023,0,0.16946633919077558,0.12216187047247665,0.14469812567806553,0.15219981869373816,2022
2023_12_CAR_TEN,00-0038589,TE,TEN,2023,0,0.07804907195156996,0.0489763019146688,0.04792197491150013,0.06052776080581131,2022
2023_12_CAR_TEN,00-0039032,RB,TEN,2023,0,0.23075009139637392,0.16824889495229808,0.12217613257843787,0.18674095035989965,2022
2023_12_CAR_TEN,00-0039152,QB,TEN,2023,0,0.13924058150431795,0.10352897704837036,0.060516127295961855,0.11266691293482714,2022
2023_12_CHI_MIN,00-0024243,TE,CHI,2023,0,0.03456005867493783,0.05043500990957685,0.044290193541209895,0.046310612223615454,2022
2023_12_CHI_MIN,00-0033757,TE,CHI,2023,0,0.046300710160049996,0.05126590988721982,0.04176694962914559,0.0499677772196461,2022
2023_12_CHI_MIN,00-0033925,RB,CHI,2023,0,0.238014206219188,0.21233083065409086,0.2031406452355832,0.28384701642125393,2022
2023_12_CHI_MIN,00-0034279,WR,CHI,2023,0,0.053548443866232254,0.07004578739294154,0.06922490786013125,0.055157218055104894,2022
2023_12_CHI_MIN,00-0034827,WR,CHI,2023,0,0.22008609328948991,0.2769167114541167,0.30278157485712726,0.2135153909986512,2022
2023_12_CHI_MIN,00-0036290,TE,CHI,2023,0,0.18020946041096197,0.18569035458858726,0.1855478456138802,0.19176954425109735,2022
2023_12_CHI_MIN,00-0036297,RB,CHI,2023,0,0.1445230569628726,0.09390902969526702,0.09799094057538987,0.10765877518568537,2022
2023_12_CHI_MIN,00-0036309,WR,CHI,2023,0,0.14193968817172542,0.1533274005998793,0.14920722854534804,0.15211852307442625,2022
2023_12_CHI_MIN,00-0036906,RB,CHI,2023,0,0.2625705397023135,0.32129444757737113,0.3044561676797735,0.26672864378459726,2022
2023_12_CHI_MIN,00-0036945,QB,CHI,2023,0,0.17322502566286224,0.17893680431552667,0.266223618045048,0.21644276857220252,2022
2023_12_CHI_MIN,00-0037745,WR,CHI,2023,0,0.037450164623019644,0.04152697064093301,0.04132459504512142,0.04600427424618186,2022
2023_12_CHI_MIN,00-0038416,QB,CHI,2023,0,0.1172619910834416,0.09204929041892407,0.0967089384961894,0.12408216719066428,2022
2023_12_CHI_MIN,00-0038941,WR,CHI,2023,0,0.08526034928531423,0.08448589000551925,0.084644475392132,0.0745329862229046,2022
2023_12_CHI_MIN,00-0039021,RB,CHI,2023,0,0.11969170970312548,0.0939584929634555,0.08550890384900177,0.08244877774200175,2022
2023_12_CHI_MIN,00-0033246,TE,MIN,2023,0,0.03425196782997375,0.047734118703508174,0.03640688751816098,0.04511123192305872,2022
2023_12_CHI_MIN,00-0033949,QB,MIN,2023,0,0.19417064563173936,0.18422580115940543,0.19027529793018796,0.18664860938612893,2022
2023_12_CHI_MIN,00-0034646,WR,MIN,2023,0,0.15929714174273335,0.1468333684535188,0.1367475408041401,0.17816766909731713,2022
2023_12_CHI_MIN,00-0034972,RB,MIN,2023,0,0.32614157466608973,0.33729259222680863,0.34857727980766845,0.34194785865298866,2022
2023_12_CHI_MIN,00-0035229,TE,MIN,2023,1,0.3212648494321828,0.32620844274933747,0.28672689659911105,0.2799028449619982,2022
2023_12_CHI_MIN,00-0035249,TE,MIN,2023,0,0.0901313338882812,0.08564682314029405,0.07183560435646875,0.07151109333783967,2022
2023_12_CHI_MIN,00-0035934,WR,MIN,2023,0,0.08182067772078838,0.08199347263482062,0.08009975540210987,0.05834157757863325,2022
2023_12_CHI_MIN,00-0036345,WR,MIN,2023,0,0.18404052182016994,0.19114448362663136,0.18116946382862345,0.19085637439439468,2022
2023_12_CHI_MIN,00-0036414,RB,MIN,2023,0,0.21539517087490945,0.12977434798173668,0.15035254209240298,0.14862217580002082,2022
2023_12_CHI_MIN,00-0036842,RB,MIN,2023,0,0.027316870484863975,0.046303640384516544,0.06059070207284935,0.04783039449610764,2022
2023_12_CHI_MIN,00-0037276,RB,MIN,2023,0,0.14539339750593716,0.09286054388443504,0.10828279242357332,0.08051452848237386,2022
2023_12_CHI_MIN,00-0037291,WR,MIN,2023,0,0.048719124097967526,0.08497024380347536,0.07283601511517715,0.05501897084007806,2022
2023_12_CHI_MIN,00-0038598,QB,MIN,2023,0,0.06159210092567602,0.03684597939116502,0.023508004919275273,0.05643346868876276,2022
2023_12_CHI_MIN,00-0038994,WR,MIN,2023,0,0.26067599855545454,0.2919788238043766,0.29975697352294317,0.23990611875975806,2022
2023_12_CLE_DEN,00-0030068,WR,CLE,2023,0,0.04778454182132752,0.03956889864711458,0.038028843548794156,0.04931176112639314,2022
2023_12_CLE_DEN,00-0031544,WR,CLE,2023,0,0.21301194244437216,0.19782495894310465,0.2312773411642747,0.18207517765075168,2022
2023_12_CLE_DEN,00-0033275,QB,CLE,2023,0,0.07535642471169335,0.060119243914747066,0.04463658207741114,0.08370036062345755,2022
2023_12_CLE_DEN,00-0033537,QB,CLE,2023,0,0.09744819690910556,0.07754573255376458,0.07372106564982686,0.10132828401471723,2022
2023_12_CLE_DEN,00-0033885,TE,CLE,2023,0,0.2440051996241458,0.22455889025810324,0.21719907041302802,0.19214759266094705,2022
2023_12_CLE_DEN,00-0033923,RB,CLE,2023,0,0.20266163672905124,0.13506771112206406,0.10689718999103513,0.17587501105118827,2022
2023_12_CLE_DEN,00-0034364,TE,CLE,2023,0,0.04818143577848499,0.03746626491110337,0.03410726019881357,0.04920087575995812,2022
2023_12_CLE_DEN,00-0036133,WR,CLE,2023,0,0.016576433340359076,0.026276759880688613,0.03242704967484163,0.051474541968418254,2022
2023_12_CLE_DEN,00-0036232,TE,CLE,2023,1,0.039696131303182725,0.043492280044247794,0.04448709611774178,0.046306134695670235,2022
2023_12_CLE_DEN,00-0036980,WR,CLE,2023,0,0.15731175638238337,0.14112336629045755,0.14456366605874219,0.1586862260624065,2022
2023_12_CLE_DEN,00-0037267,RB,CLE,2023,0,0.25887722806803315,0.2380036612666562,0.1828087283120444,0.24012258033461234,2022
2023_12_CLE_DEN,00-0038098,RB,CLE,2023,0,0.07608368699088397,0.05668844383002009,0.060651719452041467,0.07103776892858739,2022
2023_12_CLE_DEN,00-0038583,QB,CLE,2023,0,0.06874646671587392,0.052356627002220955,0.03621892532267133,0.07689193035765098,2022
2023_12_CLE_DEN,00-0038979,WR,CLE,2023,0,0.09363675159307816,0.08544410589150411,0.08174698343116793,0.08427708436447096,2022
2023_12_CLE_DEN,00-0029263,QB,DEN,2023,1,0.15073379409672416,0.11866927760799993,0.14031870470841726,0.11965822012672608,2022
2023_12_CLE_DEN,00-0031484,TE,DEN,2023,0,0.05185011765330261,0.05129842663672678,0.054386238625024536,0.04741679121305523,2022
2023_12_CLE_DEN,00-0033526,RB,DEN,2023,1,0.14902161311574558,0.08188056659992449,0.06064740419032486,0.09747007018692373,2022
2023_12_CLE_DEN,00-0034348,WR,DEN,2023,0,0.25441391194182206,0.18205501296582374,0.20047594728407292,0.2109570180629244,2022
2023_12_CLE_DEN,00-0035406,WR,DEN,2023,0,0.07013767109417912,0.05989509062223551,0.05225093548450158,0.06368494380045395,2022
2023_12_CLE_DEN,00-0036407,WR,DEN,2023,0,0.21053153217272014,0.13138101772221095,0.14883218281297664,0.16779465701536478,2022
2023_12_CLE_DEN,00-0036422,TE,DEN,2023,1,0.13649135240804966,0.12134197229805864,0.12924920119481084,0.12040533466580836,2022
2023_12_CLE_DEN,00-0036997,RB,DEN,2023,0,0.39668360716049067,0.41097269519764906,0.5070497911953141,0.34006246187996764,2022
2023_12_CLE_DEN,00-0037539,TE,DEN,2023,0,0.04561879975483507,0.046296464637436446,0.045278639311225624,0.04659901442794865,2022
2023_12_CLE_DEN,00-0038783,TE,DEN,2023,0,0.03610159807759794,0.03934016346006266,0.03177641435076039,0.046317987880113265,2022
2023_12_CLE_DEN,00-0038794,RB,DEN,2023,0,0.1775469841180094,0.08001495975831176,0.08203797176141661,0.11755686086783716,2022
2023_12_CLE_DEN,00-0038976,WR,DEN,2023,0,0.07972482566077288,0.07036354108191223,0.06201503429312651,0.06020648483318614,2022
2023_12_GB_DET,00-0032464,WR,DET,2023,0,0.11847782701173393,0.08893054113245193,0.08305104293579436,0.09569273505649828,2022
2023_12_GB_DET,00-0033106,QB,DET,2023,0,0.13691529045612894,0.14220174184512255,0.13730110820725447,0.09170735302217878,2022
2023_12_GB_DET,00-0033943,WR,DET,2023,1,0.13862604265796907,0.17769721073590178,0.1562511108503152,0.10364582742278505,2022
2023_12_GB_DET,00-0035567,RB,DET,2023,0,0.2309038219182502,0.12880842007772922,0.16652625076493793,0.11627416341277379,2022
2023_12_GB_DET,00-0035685,RB,DET,2023,1,0.4383753599018573,0.4834276894818187,0.4462484446323693,0.40617257094258463,2022
2023_12_GB_DET,00-0036233,WR,DET,2023,0,0.03893427207592637,0.05210684281687631,0.05339259773570577,0.050389710986889054,2022
2023_12_GB_DET,00-0036754,TE,DET,2023,0,0.09948627667788568,0.11679991259517562,0.09928945246896051,0.06701714537622522,2022
2023_12_GB_DET,00-0036963,WR,DET,2023,0,0.3910425397523404,0.4468534586455484,0.4217609925256004,0.4130525703590812,2022
2023_12_GB_DET,00-0037240,WR,DET,2023,0,0.14190287326310458,0.12426016808162008,0.11920149316994676,0.08797281710783741,2022
2023_12_GB_DET,00-0039065,TE,DET,2023,1,0.26796209610861477,0.26448613216750166,0.25934980478044467,0.26310618738601477,2022
2023_12_GB_DET,00-0039139,RB,DET,2023,0,0.45998123408598335,0.5466072625401429,0.47418553644382794,0.4256447799669135,2022
2023_12_GB_DET,00-0033293,RB,GB,2023,0,0.3085379712093268,0.21303432315800525,0.2186173915120237,0.2549976305318965,2022
2023_12_GB_DET,00-0036264,QB,GB,2023,0,0.12188120676377856,0.10411811189631372,0.09944240910764258,0.09850068042070852,2022
2023_12_GB_DET,00-0036265,RB,GB,2023,0,0.28897705810034857,0.2396146738823776,0.205167103962934,0.2688033722508705,2022
2023_12_GB_DET,00-0036332,TE,GB,2023,0,0.04865409488211392,0.04970274235717761,0.03966830386368762,0.0486150925915211,2022
2023_12_GB_DET,00-0037816,WR,GB,2023,0,0.19109017191203914,0.16595891079522043,0.1764421852886131,0.17839169486615603,2022
2023_12_GB_DET,00-0038124,WR,GB,2023,1,0.190726643738243,0.15562639799599662,0.17552132243158722,0.14842986268601344,2022
2023_12_GB_DET,00-0038393,WR,GB,2023,0,0.108724978748438,0.06868615532187242,0.07062562096753296,0.08567356433830764,2022
2023_12_GB_DET,00-0038465,WR,GB,2023,0,0.04649359428256683,0.04248682440556172,0.04474644609459349,0.04922306106442457,2022
2023_12_GB_DET,00-0038797,RB,GB,2023,0,0.08210374005677201,0.051895747454242275,0.06075990351031573,0.07101527100487297,2022
2023_12_GB_DET,00-0038996,TE,GB,2023,1,0.050987780155433704,0.05832832738200044,0.054253430394209205,0.045954048890467725,2022
2023_12_GB_DET,00-0039144,TE,GB,2023,0,0.1474074458429535,0.12048411696008808,0.1301032714096231,0.1562447255924429,2022
2023_12_GB_DET,00-0039146,WR,GB,2023,1,0.16562668805844327,0.12889015803363518,0.11376206464324815,0.14374955296637076,2022
2023_12_JAX_HOU,00-0030431,WR,HOU,2023,0,0.228006642988973,0.16278165080121582,0.19443053129310975,0.17336847414283874,2022
2023_12_JAX_HOU,00-0033591,WR,HOU,2023,0,0.218397776649924,0.1971395260691495,0.18873644132021433,0.19412891138169291,2022
2023_12_JAX_HOU,00-0033854,RB,HOU,2023,0,0.0278493723399168,0.04598641521536976,0.06208657293974984,0.0485038258712132,2022
2023_12_JAX_HOU,00-0034208,RB,HOU,2023,0,0.06441843251940127,0.062215771520604715,0.06975897252985352,0.053273611172059344,2022
2023_12_JAX_HOU,00-0034383,TE,HOU,2023,0,0.2500410545899302,0.23233729904187359,0.2010638973713133,0.2215320595188521,2022
2023_12_JAX_HOU,00-0034928,WR,HOU,2023,0,0.056157566499256184,0.057117814905686785,0.047109293237188515,0.06242585670608814,2022
2023_12_JAX_HOU,00-0035250,RB,HOU,2023,0,0.42659855721776796,0.5053061741815489,0.521213703348825,0.38148493517685117,2022
2023_12_JAX_HOU,00-0036554,WR,HOU,2023,1,0.2501869537056296,0.20783575387651143,0.22209602026402658,0.22616572925142933,2022
2023_12_JAX_HOU,00-0037614,WR,HOU,2023,0,0.06837192676398929,0.062396816089469224,0.0633430578990808,0.05272444386644891,2022
2023_12_JAX_HOU,00-0038618,WR,HOU,2023,0,0.04589170025255074,0.04627019285061351,0.045359255726232575,0.04658491564199028,2022
2023_12_JAX_HOU,00-0038977,WR,HOU,2023,1,0.32215182918066365,0.28887183664509797,0.2791668005227284,0.2787211226012048,2022
2023_12_JAX_HOU,00-0039163,QB,HOU,2023,1,0.11999619028309627,0.11163318929980051,0.07235048285597157,0.07705248822676648,2022
2023_12_JAX_HOU,00-0033572,WR,JAX,2023,0,0.06763389214881044,0.06564555423113619,0.061017664055561076,0.05297010356402096,2022
2023_12_JAX_HOU,00-0033881,TE,JAX,2023,0,0.2672863790589287,0.22752808818402123,0.23617626300345806,0.2549898766695297,2022
2023_12_JAX_HOU,00-0033891,WR,JAX,2023,0,0.2104502127576805,0.16478527159097348,0.17513213157556187,0.18964254549874904,2022
2023_12_JAX_HOU,00-0033936,QB,JAX,2023,0,0.030797854448665007,0.02705965633549885,0.012925590822327861,0.04771173951112701,2022
2023_12_JAX_HOU,00-0034775,WR,JAX,2023,0,0.2628235999829279,0.2148989056512922,0.2450057187034842,0.25993810696349534,2022
2023_12_JAX_HOU,00-0034837,WR,JAX,2023,1,0.2932236195691823,0.27593032954808955,0.2753181853288098,0.25626923557367276,2022
2023_12_JAX_HOU,00-0035628,RB,JAX,2023,0,0.08251092923209957,0.06192442554547649,0.07815867219802973,0.07029200305923403,2022
2023_12_JAX_HOU,00-0036497,WR,JAX,2023,0,0.08191613492276317,0.08542926702179195,0.08172520035847762,0.05208383189611274,2022
2023_12_JAX_HOU,00-0036887,TE,JAX,2023,0,0.06989533857368413,0.08054377978488542,0.07213852895645949,0.049764550042580666,2022
2023_12_JAX_HOU,00-0036971,QB,JAX,2023,1,0.1696831161897625,0.12413985577459283,0.057896047036141984,0.15754414283879253,2022
2023_12_JAX_HOU,00-0036973,RB,JAX,2023,0,0.45703620982161863,0.5463364801130092,0.4935535885409906,0.43412671875118364,2022
2023_12_JAX_HOU,00-0038555,RB,JAX,2023,0,0.11460677298919775,0.08124373942512574,0.09896001616717577,0.0796978147845646,2022
2023_12_JAX_HOU,00-0038935,TE,JAX,2023,0,0.07319644124978242,0.06522035668588125,0.05765726679926074,0.05473398499426816,2022
2023_12_KC_LV,00-0030506,TE,KC,2023,0,0.3124300215216864,0.3058576107473778,0.25462044311530996,0.3738639691001921,2022
2023_12_KC_LV,00-0031376,RB,KC,2023,0,0.14240514369836077,0.10220327850976675,0.09148400500663896,0.09114700582450505,2022
2023_12_KC_LV,00-0032062,TE,KC,2023,0,0.08197716475211692,0.07148863073216438,0.06536371812170026,0.06785569558815942,2022
2023_12_KC_LV,00-0033873,QB,KC,2023,0,0.21501886516137303,0.1728056020000314,0.19021163435132546,0.1696325572486356,2022
2023_12_KC_LV,00-0034272,WR,KC,2023,0,0.1465146331733509,0.1221977271716704,0.12996916875414596,0.08108992741887971,2022
2023_12_KC_LV,00-0034386,WR,KC,2023,1,0.18653055064878832,0.13366615876481047,0.13748465881231048,0.14859482672753696,2022
2023_12_KC_LV,00-0035140,WR,KC,2023,0,0.10858404331327454,0.07570188003761075,0.07316944357505402,0.09828056762194026,2022
2023_12_KC_LV,00-0036269,RB,KC,2023,0,0.07486025216613201,0.06886626836828405,0.03999135534317208,0.04717670411500664,2022
2023_12_KC_LV,00-0036360,RB,KC,2023,0,0.08012094644301826,0.0635809937334898,0.08099797553994877,0.06243559686976861,2022
2023_12_KC_LV,00-0036637,TE,KC,2023,0,0.10660725138081861,0.10215379355704596,0.10805145418020733,0.0750449903604418,2022
2023_12_KC_LV,00-0036913,WR,KC,2023,0,0.12938826940453063,0.08196039378248958,0.07236211649692949,0.08739953552250002,2022
2023_12_KC_LV,00-0037197,RB,KC,2023,1,0.4527038495745134,0.40647998426360354,0.46159333506805045,0.40550706710630363,2022
2023_12_KC_LV,00-0038090,WR,KC,2023,0,0.1376865439434256,0.10884327408317354,0.11285660580476707,0.09907928121681431,2022
2023_12_KC_LV,00-0039067,WR,KC,2023,1,0.1853821458409406,0.16367068078679037,0.1427059360938464,0.2022349708655356,2022
2023_12_KC_LV,00-0031381,WR,LV,2023,0,0.27873724759588026,0.21335544834196601,0.2877858654633346,0.19456952891783155,2022
2023_12_KC_LV,00-0031763,WR,LV,2023,0,0.015582203667581451,0.029268633127619643,0.027520350749250626,0.04589296289398304,2022
2023_12_KC_LV,00-0032104,RB,LV,2023,0,0.05209101905454938,0.04208285639999555,0.04546341578829698,0.05798327824789813,2022
2023_12_KC_LV,00-0032392,TE,LV,2023,0,0.05616975642729016,0.05273904171227543,0.044337340559751526,0.053307110659905,2022
2023_12_KC_LV,00-0034960,WR,LV,2023,1,0.1748614008290561,0.1533194046076418,0.15309420634105753,0.16029561569851644,2022
2023_12_KC_LV,00-0034983,WR,LV,2023,0,0.09984072820159995,0.06098153541199906,0.058318170191046494,0.0997818760982104,2022
2023_12_KC_LV,00-0035562,TE,LV,2023,0,0.007805197964793842,0.02602351841124675,0.01679840276962541,0.0483748374827711,2022
2023_12_KC_LV,00-0035700,RB,LV,2023,1,0.4242119824482218,0.47789229786129717,0.6040921891927653,0.29666243775075263,2022
2023_12_KC_LV,00-0038040,RB,LV,2023,0,0.06991279613774815,0.04261285596186219,0.054302988451943014,0.07143858432256148,2022
2023_12_KC_LV,00-0038563,WR,LV,2023,0,0.11272517492812673,0.0641946495167852,0.06248157742256067,0.09011762086390798,2022
2023_12_KC_LV,00-0038579,QB,LV,2023,0,0.0874011506831458,0.049696189566250715,0.03345283439268508,0.07296791389147644,2022
2023_12_KC_LV,00-0039066,TE,LV,2023,0,0.1346642014741085,0.11749103230810094,0.12947885674674223,0.14666181175069704,2022
2023_12_LA_ARI,00-0032141,TE,ARI,2023,0,0.07038919285761958,0.06597558058289864,0.049886783523241135,0.06293562715637059,2022
2023_12_LA_ARI,00-0033251,WR,ARI,2023,0,0.04334748276024125,0.04816818893979015,0.050181626760691586,0.04685077031569381,2022
2023_12_LA_ARI,00-0033553,RB,ARI,2023,0,0.3132335619056502,0.2730501977720617,0.3156574331742274,0.30731592414491593,2022
2023_12_LA_ARI,00-0035228,QB,ARI,2023,1,0.21487975405123116,0.13695707485092576,0.07785125515332682,0.1987998702146819,2022
2023_12_LA_ARI,00-0035500,WR,ARI,2023,1,0.08778611706880268,0.06185227063587398,0.061004336716394277,0.09520801964615734,2022
2023_12_LA_ARI,00-0035662,WR,ARI,2023,0,0.25101911051879,0.25789450818367715,0.2553624752713301,0.23779861159844148,2022
2023_12_LA_ARI,00-0035860,RB,ARI,2023,0,0.09644274123694463,0.07425939740167026,0.07535435826243113,0.08672428822608888,2022
2023_12_LA_ARI,00-0036936,WR,ARI,2023,0,0.19344477294168938,0.16795352853975093,0.13411868415832204,0.19443674099519925,2022
2023_12_LA_ARI,00-0037299,RB,ARI,2023,0,0.15042200208829137,0.10954329072067934,0.12088424179841825,0.10286965395814944,2022
2023_12_LA_ARI,00-0037744,TE,ARI,2023,0,0.27170040635393855,0.23086704519837734,0.17627490609394195,0.2524270133888499,2022
2023_12_LA_ARI,00-0038559,WR,ARI,2023,0,0.16973956019507952,0.17317978506096926,0.17165943859740473,0.19538972541390523,2022
2023_12_LA_ARI,00-0038582,QB,ARI,2023,0,0.10125035958314843,0.030906581644363638,0.009288022372165321,0.06771033143037641,2022
2023_12_LA_ARI,00-0039041,TE,ARI,2023,0,0.035335874824421576,0.04567412212729851,0.031437690993942065,0.04488735132500798,2022
2023_12_LA_ARI,00-0026498,QB,LA,2023,0,0.09967590223143685,0.1023270229783733,0.07289309469121777,0.05810613971402687,2022
2023_12_LA_ARI,00-0032775,WR,LA,2023,0,0.07260965470151703,0.05781678150571917,0.049020256720005095,0.06835400914214991,2022
2023_12_LA_ARI,00-0033110,TE,LA,2023,1,0.1921098192244548,0.19689150371070643,0.25828599959125015,0.13760366264687504,2022
2023_12_LA_ARI,00-0033908,WR,LA,2023,0,0.2907096506259681,0.22875660440961684,0.25121496381392516,0.2631941033017229,2022
2023_12_LA_ARI,00-0034838,RB,LA,2023,1,0.2675499378823284,0.1683705336388161,0.18418781669873013,0.2820544711683357,2022
2023_12_LA_ARI,00-0034955,QB,LA,2023,0,0.09279843443167946,0.06378686622818337,0.04190078254724777,0.06711899785608769,2022
2023_12_LA_ARI,00-0035664,RB,LA,2023,0,0.39546551908550465,0.29699188311950564,0.2862514243160802,0.3716789676329231,2022
2023_12_LA_ARI,00-0036841,WR,LA,2023,0,0.0681710403067346,0.05945860975806667,0.056070956584452714,0.05130400382092388,2022
2023_12_LA_ARI,00-0036849,WR,LA,2023,0,0.19982843897129976,0.198941441148853,0.17534994761788283,0.19700153019346692,2022
2023_12_LA_ARI,00-0036862,WR,LA,2023,0,0.04239588351718748,0.051496522326076634,0.0457172371198631,0.04682989375927998,2022
2023_12_LA_ARI,00-0039075,WR,LA,2023,0,0.33845108677795654,0.3070614977423173,0.302103976791806,0.27982895306491834,2022
2023_12_LA_ARI,00-0039136,RB,LA,2023,0,0.06470035600266044,0.05894061037021265,0.0723655328915486,0.07070158568767623,2022
2023_12_MIA_NYJ,00-0031687,RB,MIA,2023,1,0.4045139413267135,0.40134509638514426,0.44042381212163095,0.42470663846248974,2022
2023_12_MIA_NYJ,00-0032688,WR,MIA,2023,0,0.06237735689462076,0.07451420353653938,0.06860930942860263,0.05147917690421701,2022
2023_12_MIA_NYJ,00-0033040,WR,MIA,2023,1,0.3414882213793148,0.3506582945759635,0.3505406562232708,0.3795328999191317,2022
2023_12_MIA_NYJ,00-0034115,RB,MIA,2023,0,0.1421965870179963,0.09665745619052744,0.09174497657464659,0.09290253101616827,2022
2023_12_MIA_NYJ,00-0034418,WR,MIA,2023,0,0.1398110404877857,0.12844582182390782,0.12456759882017139,0.12650267052363104,2022
2023_12_MIA_NYJ,00-0034419,WR,MIA,2023,0,0.08174798267758021,0.09393604148877156,0.08459879171408007,0.05879471925031768,2022
2023_12_MIA_NYJ,00-0034798,TE,MIA,2023,0,0.12022747269016199,0.13860919602113242,0.14438439654263246,0.12536222807969474,2022
2023_12_MIA_NYJ,00-0036020,RB,MIA,2023,0,0.1918545642860785,0.1156517600324315,0.11726917155154346,0.10808825169166252,2022
2023_12_MIA_NYJ,00-0036212,QB,MIA,2023,0,0.1263394056770768,0.12879075021807615,0.10255007555185178,0.1159959824787378,2022
2023_12_MIA_NYJ,00-0036326,WR,MIA,2023,0,0.030076795533788392,0.055419528425697306,0.050999477029051055,0.0474589783320884,2022
2023_12_MIA_NYJ,00-0036613,WR,MIA,2023,0,0.25812379226333604,0.23228674953990106,0.24075184543004263,0.24504698137435443,2022
2023_12_MIA_NYJ,00-0038720,TE,MIA,2023,0,0.06577943918719997,0.08814949602762513,0.0919971979817342,0.07092104851899993,2022
2023_12_MIA_NYJ,00-0039040,RB,MIA,2023,0,0.2587459410762405,0.16270219268228042,0.19269785003475487,0.19071672890716865,2022
2023_12_MIA_NYJ,00-0032134,TE,NYJ,2023,0,0.054822597423556885,0.046098453962563415,0.04243309107785221,0.06640311706494179,2022
2023_12_MIA_NYJ,00-0033893,RB,NYJ,2023,0,0.07986429097033065,0.051610657546259785,0.03255007038323732,0.07148725522215231,2022
2023_12_MIA_NYJ,00-0034177,QB,NYJ,2023,0,0.04137408248681318,0.026122397634554335,0.02178637396452727,0.052348399433872365,2022
2023_12_MIA_NYJ,00-0034270,TE,NYJ,2023,0,0.11917633656847948,0.10118356902157707,0.07824674750949358,0.14236556996235364,2022
2023_12_MIA_NYJ,00-0034433,RB,NYJ,2023,0,0.05058438939982668,0.03354444876853072,0.052713264822911256,0.05412789361606935,2022
2023_12_MIA_NYJ,00-0034521,WR,NYJ,2023,0,0.11951480135773729,0.11083276258716106,0.09956561702505401,0.1039539426850305,2022
2023_12_MIA_NYJ,00-0035480,WR,NYJ,2023,0,0.04498337742011149,0.041235555569352975,0.036042909683903196,0.05123392835035772,2022
2023_12_MIA_NYJ,00-0036924,RB,NYJ,2023,0,0.07262965584397019,0.05586926120878417,0.027558493027855617,0.07142810695781042,2022
2023_12_MIA_NYJ,00-0037013,QB,NYJ,2023,0,0.12043314330456645,0.09405303316575252,0.11749900503283393,0.10768050116026795,2022
2023_12_MIA_NYJ,00-0037740,WR,NYJ,2023,1,0.25393342499634175,0.23766336366302693,0.2539914607222328,0.21105685166623905,2022
2023_12_MIA_NYJ,00-0037805,TE,NYJ,2023,0,0.049371891183930705,0.05462849121748425,0.03981244379859528,0.04953408285407665,2022
2023_12_MIA_NYJ,00-0038120,RB,NYJ,2023,0,0.34004525233491867,0.32355025299633866,0.17758755798890066,0.26180000489296434,2022
2023_12_MIA_NYJ,00-0038389,RB,NYJ,2023,0,0.0788356649845634,0.04831338861269917,0.027245145990382334,0.07491116027687446,2022
2023_12_MIA_NYJ,00-0038496,WR,NYJ,2023,0,0.06675352029814519,0.06697834725297862,0.05097281813436504,0.06721439871987997,2022
2023_12_NE_NYG,00-0031547,WR,NE,2023,0,0.10364667117380433,0.11690129859202554,0.10112609066880568,0.0801778464436751,2022
2023_12_NE_NYG,00-0033045,RB,NE,2023,0,0.229353715536875,0.12770816966586757,0.13444187072105135,0.2036404654245495,2022
2023_12_NE_NYG,00-0033090,TE,NE,2023,0,0.12954335374530346,0.12275106665973759,0.18138545971975364,0.16169957701870402,2022
2023_12_NE_NYG,00-0033307,WR,NE,2023,0,0.18948277323584062,0.19339487001425903,0.16048570143575466,0.1808730078178966,2022
2023_12_NE_NYG,00-0033439,TE,NE,2023,0,0.04145543663278295,0.05689120776659461,0.0671575575525947,0.045345692668276566,2022
2023_12_NE_NYG,00-0033857,WR,NE,2023,0,0.11857125021911719,0.10334180831255245,0.08467432508101239,0.13712224482656143,2022
2023_12_NE_NYG,00-0034829,TE,NE,2023,0,0.09834022822473276,0.09336688964554724,0.12155458370536217,0.09198754807061534,2022
2023_12_NE_NYG,00-0036387,WR,NE,2023,0,0.1058671567557612,0.0929770235397509,0.09126332869491298,0.09253303901650113,2022
2023_12_NE_NYG,00-0036875,RB,NE,2023,1,0.3361100580677028,0.34122974167160625,0.27851881292479425,0.33562188929059844,2022
2023_12_NE_NYG,00-0036972,QB,NE,2023,0,0.09468127952282523,0.0957926923115068,0.07600158595222627,0.0896888432719204,2022
2023_12_NE_NYG,00-0038104,WR,NE,2023,0,0.06824560722298689,0.052989460872100776,0.05584936045951994,0.06721415080377899,2022
2023_12_NE_NYG,00-0038608,WR,NE,2023,0,0.08334197563056989,0.0711508272772896,0.06925134225095428,0.09382447256151684,2022
2023_12_NE_NYG,00-0038621,WR,NE,2023,0,0.1896748388256866,0.15578633428456098,0.133133155482907,0.17113688513222539,2022
2023_12_NE_NYG,00-0032385,WR,NYG,2023,0,0.08859114895691356,0.03920417892799973,0.03312380705325052,0.10830756588028771,2022
2023_12_NE_NYG,00-0033308,RB,NYG,2023,0,0.0741015126464537,0.0468842832228076,0.0504393126452326,0.07735124245809112,2022
2023_12_NE_NYG,00-0034844,RB,NYG,2023,0,0.3713556651915726,0.5263113468836579,0.4525733925210109,0.2926479782609568,2022
2023_12_NE_NYG,00-0035535,WR,NYG,2023,0,0.14285355776902542,0.11502695620459313,0.11787415057330282,0.1525226857300724,2022
2023_12_NE_NYG,00-0035639,WR,NYG,2023,0,0.03597295734341588,0.03296055997585578,0.030651575395139543,0.050669488603197525,2022
2023_12_NE_NYG,00-0035710,QB,NYG,2023,0,0.1325935588348658,0.06249484451866747,0.06751695815291765,0.1133693067288248,2022
2023_12_NE_NYG,00-0036145,TE,NYG,2023,0,0.05077938797094761,0.04088731269867375,0.03904868716259089,0.05483782731572113,2022
2023_12_NE_NYG,00-0036165,WR,NYG,2023,1,0.07601161616445817,0.05743941106389815,0.055015185576638426,0.056739768020939926,2022
2023_12_NE_NYG,00-0036493,RB,NYG,2023,0,0.01796820056499182,0.03361376513991687,0.021366853338077845,0.04971147007960008,2022
2023_12_NE_NYG,00-0037410,RB,NYG,2023,0,0.06363282889767785,0.03723815180687477,0.03881135141095993,0.06867228393604774,2022
2023_12_NE_NYG,00-0038115,TE,NYG,2023,0,0.09301457888696818,0.09463926738319665,0.13314536632014665,0.07879723291790379,2022
2023_12_NE_NYG,00-0038117,WR,NYG,2023,0,0.12012213141104955,0.0894382728213442,0.08124252098492808,0.12904467813449852,2022
2023_12_NE_NYG,00-0038476,QB,NYG,2023,0,0.096602901316862,0.06534282196947536,0.04593433116566785,0.09913979753935867,2022
2023_12_NE_NYG,00-0038938,WR,NYG,2023,0,0.11374973554360446,0.07839667415843247,0.09056092591050573,0.10041238858304848,2022
2023_12_NO_ATL,00-0030578,RB,ATL,2023,0,0.0919968303515557,0.06979178510316092,0.07769906513681014,0.07370174999365928,2022
2023_12_NO_ATL,00-0031585,TE,ATL,2023,0,0.07123443785116801,0.05477736768694332,0.05222308014334927,0.07228747252634271,2022
2023_12_NO_ATL,00-0031800,QB,ATL,2023,0,0.09805511304439674,0.07673931360669677,0.06292481132880971,0.09653316675533846,2022
2023_12_NO_ATL,00-0031868,WR,ATL,2023,0,0.06764671899958508,0.053808726470065585,0.05622395697549916,0.050591762476274754,2022
2023_12_NO_ATL,00-0033555,WR,ATL,2023,0,0.07990205691730612,0.06379933557792154,0.05909637414359739,0.06949352429653605,2022
2023_12_NO_ATL,00-0033858,TE,ATL,2023,0,0.1499326777542671,0.10997976823094203,0.08461078453308332,0.1446353256649442,2022
2023_12_NO_ATL,00-0034854,WR,ATL,2023,0,0.09242371395838411,0.07457362552463347,0.07199089450195092,0.06784761796679667,2022
2023_12_NO_ATL,00-0035298,WR,ATL,2023,0,0.07057942537913298,0.05707780163079389,0.05312569613648611,0.07054196053378572,2022
2023_12_NO_ATL,00-0036415,WR,ATL,2023,0,0.10746202463649812,0.08381172986706557,0.08795536744571322,0.06566350718609097,2022
2023_12_NO_ATL,00-0036970,TE,ATL,2023,0,0.1705554046962614,0.12127249088504755,0.13347044742246536,0.12043912207771999,2022
2023_12_NO_ATL,00-0037238,WR,ATL,2023,0,0.24276271480041134,0.20482897946565873,0.2087839139076845,0.20490063897547373,2022
2023_12_NO_ATL,00-0037263,RB,ATL,2023,0,0.2615919563363006,0.18876925610161152,0.19859348382867031,0.19431042782600538,2022
2023_12_NO_ATL,00-0038122,QB,ATL,2023,0,0.11777162047882528,0.06941648312441334,0.039112465941441965,0.1007218943007248,2022
2023_12_NO_ATL,00-0038542,RB,ATL,2023,1,0.29683314314909215,0.28284744269508766,0.23486277736594252,0.24573579508736926,2022
2023_12_NO_ATL,00-0031280,QB,NO,2023,0,0.08626802625491192,0.08344242353981524,0.0657980716567025,0.06691117013691852,2022
2023_12_NO_ATL,00-0031503,QB,NO,2023,0,0.032051194014489304,0.030762029956333273,0.01560001422332738,0.04607631680815776,2022
2023_12_NO_ATL,00-0032765,WR,NO,2023,0,0.14478980366021532,0.13883567801990257,0.12905462568909695,0.15181003770685086,2022
2023_12_NO_ATL,00-0033357,TE,NO,2023,0,0.23792530823849556,0.2135480305166762,0.09720209744158437,0.26075501915846133,2022
2023_12_NO_ATL,00-0033906,RB,NO,2023,0,0.4052921394138239,0.49920789184635184,0.36123479011830506,0.3673872341673062,2022
2023_12_NO_ATL,00-0033948,RB,NO,2023,0,0.13242355576930687,0.09902142556312132,0.10633554654065368,0.07903088307853821,2022
2023_12_NO_ATL,00-0034981,TE,NO,2023,0,0.07531396830469117,0.08623880079053449,0.08732092471476553,0.07574019619807217,2022
2023_12_NO_ATL,00-0036040,TE,NO,2023,0,0.1320783339845666,0.13579212326867965,0.15906306212652324,0.1460003896022185,2022
2023_12_NO_ATL,00-0036364,WR,NO,2023,0,0.03614360098360003,0.0634091763416142,0.04754848959959191,0.046789521892390246,2022
2023_12_NO_ATL,00-0037239,WR,NO,2023,0,0.24182160029006228,0.2541477911321338,0.2618408559101684,0.24940226055746945,2022
2023_12_NO_ATL,00-0037545,WR,NO,2023,0,0.16667405877386754,0.15500153862630148,0.142178409312115,0.19294595743966458,2022
2023_12_NO_ATL,00-0038551,RB,NO,2023,0,0.11744758040285086,0.08211144022934938,0.08069353907683816,0.08528234156874805,2022
2023_12_NO_ATL,00-0038612,WR,NO,2023,0,0.15290343010210838,0.1411309368416165,0.1290929257981067,0.1728889024001245,2022
2023_12_PIT_CIN,00-0033009,WR,CIN,2023,0,0.17059145427904698,0.18512440349444415,0.17762727584389393,0.17303603132956905,2022
2023_12_PIT_CIN,00-0033897,RB,CIN,2023,0,0.36000560071239973,0.38376929741208365,0.44515191548185945,0.29608676567144454,2022
2023_12_PIT_CIN,00-0034613,TE,CIN,2023,0,0.09674077568243822,0.06868085251082347,0.05761846720750981,0.09408623191356875,2022
2023_12_PIT_CIN,00-0034970,TE,CIN,2023,0,0.07505157370608118,0.06195097781995398,0.05660459757379376,0.07834284550250852,2022
2023_12_PIT_CIN,00-0035100,QB,CIN,2023,0,0.0724298057871654,0.02866504565882779,0.019788148894854033,0.07533008089918908,2022
2023_12_PIT_CIN,00-0035291,RB,CIN,2023,0,0.05161868728846508,0.04758887325432557,0.053530058665792156,0.05976520329676506,2022
2023_12_PIT_CIN,00-0035341,WR,CIN,2023,0,0.07771895183675293,0.07657631692298826,0.07181256398719396,0.0891651051504934,2022
2023_12_PIT_CIN,00-0035631,TE,CIN,2023,1,0.05965117517478491,0.05340318733571681,0.048569067706438485,0.05899886899601914,2022
2023_12_PIT_CIN,00-0035771,TE,CIN,2023,0,0.03216876417777648,0.03909161484685755,0.03220603314613063,0.04666144581279659,2022
2023_12_PIT_CIN,00-0036410,WR,CIN,2023,0,0.14918643971272327,0.11768376874153408,0.12281593987069715,0.14201636186887942,2022
2023_12_PIT_CIN,00-0036442,QB,CIN,2023,0,0.1219959951875017,0.0880071216347418,0.08789389447724698,0.10860038381508766,2022
2023_12_PIT_CIN,00-0036857,RB,CIN,2023,0,0.027348292242884376,0.03402845273892392,0.046176447817475,0.04600427424618186,2022
2023_12_PIT_CIN,00-0036900,WR,CIN,2023,0,0.22471044994484846,0.2436869286810109,0.2524604412183216,0.2161017838269381,2022
2023_12_PIT_CIN,00-0038576,WR,CIN,2023,0,0.011589922663456709,0.027212785927319384,0.026105400212245892,0.04688379365375337,2022
2023_12_PIT_CIN,00-0038619,WR,CIN,2023,0,0.040909934586210284,0.039176106129013996,0.04076708938155652,0.05677171394111702,2022
2023_12_PIT_CIN,00-0038891,WR,CIN,2023,0,0.015332184879891075,0.026273142980400455,0.028728212388404444,0.04732687658730844,2022
2023_12_PIT_CIN,00-0031428,WR,PIT,2023,0,0.13820627799514584,0.11821346879642497,0.10502778445732194,0.13193611478087874,2022
2023_12_PIT_CIN,00-0035216,WR,PIT,2023,0,0.27637602051710763,0.2252837123170344,0.226739134270859,0.2181805971390219,2022
2023_12_PIT_CIN,00-0035703,WR,PIT,2023,0,0.023645972346376665,0.03791225562731866,0.033128417251625374,0.044755816067402955,2022
2023_12_PIT_CIN,00-0036336,RB,PIT,2023,0,0.02166774111397962,0.03279135514875541,0.037767649669957284,0.048705262270424786,2022
2023_12_PIT_CIN,00-0036893,RB,PIT,2023,1,0.3477679789418965,0.24064969664735922,0.2477754039403459,0.34249244179798016,2022
2023_12_PIT_CIN,00-0036894,TE,PIT,2023,0,0.147062592938059,0.08605769580095698,0.11379730685341685,0.13988127813630974,2022
2023_12_PIT_CIN,00-0037228,RB,PIT,2023,0,0.26559113930915124,0.20428570120202863,0.16392094226836834,0.2448765344609341,2022
2023_12_PIT_CIN,00-0037247,WR,PIT,2023,0,0.21079053015545146,0.1858828307615034,0.1823178717833385,0.18201464770477238,2022
2023_12_PIT_CIN,00-0037451,TE,PIT,2023,0,0.019693145581995197,0.0008156392027498109,0.08299131018746614,0.04625052280264013,2022
2023_12_PIT_CIN,00-0037837,WR,PIT,2023,0,0.058228976607787364,0.050928338627624754,0.03908158507342231,0.05550569236987047,2022
2023_12_PIT_CIN,00-0038102,QB,PIT,2023,0,0.12768919983219496,0.07468743849804801,0.06393805700172656,0.10735808911527912,2022
2023_12_PIT_CIN,00-0038558,TE,PIT,2023,0,0.0671043452407929,0.07274898674395934,0.097184594934024,0.055988472076870674,2022
2023_12_SF_SEA,00-0030565,QB,SEA,2023,0,0.10907831677444024,0.0852442467340068,0.05333153453189504,0.08823166699055844,2022
2023_12_SF_SEA,00-0032211,WR,SEA,2023,0,0.21520209373096155,0.18856883259862872,0.19230608915337527,0.1734898871370817,2022
2023_12_SF_SEA,00-0034159,TE,SEA,2023,0,0.05176018281152184,0.053130881056551164,0.046692506431179656,0.047322672549246804,2022
2023_12_SF_SEA,00-0035640,WR,SEA,2023,0,0.24683378217739427,0.1831791625843991,0.23228286008385685,0.1859712349258111,2022
2023_12_SF_SEA,00-0035644,TE,SEA,2023,0,0.0792752645504533,0.07728512605507014,0.07877650533057702,0.0588824549022636,2022
2023_12_SF_SEA,00-0035704,QB,SEA,2023,0,0.023458565832194633,0.02224851916678572,0.011029911148840851,0.04686203003615596,2022
2023_12_SF_SEA,00-0036244,TE,SEA,2023,0,0.07539092787522728,0.05903815400624572,0.044819017556836885,0.08050752793506413,2022
2023_12_SF_SEA,00-0036425,RB,SEA,2023,0,0.017864409357296385,0.03400614224594259,0.04239863626857282,0.044360772749409486,2022
2023_12_SF_SEA,00-0036620,WR,SEA,2023,0,0.026883559806430535,0.03302789286966581,0.0344471532157127,0.04740520784182095,2022
2023_12_SF_SEA,00-0038134,RB,SEA,2023,0,0.3259438676921682,0.2516743571391838,0.3117558634383293,0.29581870973141916,2022
2023_12_SF_SEA,00-0038543,WR,SEA,2023,0,0.16340001403493554,0.12997945311456102,0.13887498566632878,0.13550272966579976,2022
2023_12_SF_SEA,00-0038752,WR,SEA,2023,0,0.08870417923703722,0.06359470775951458,0.06334758277678709,0.0969103803421279,2022
2023_12_SF_SEA,00-0039165,RB,SEA,2023,0,0.2303269090831771,0.17198533771443641,0.16033644962545626,0.16429784367213535,2022
2023_12_SF_SEA,00-0033280,RB,SF,2023,1,0.5717940042979744,0.6137701685275794,0.6320463243130839,0.4305777950411823,2022
2023_12_SF_SEA,00-0033288,TE,SF,2023,0,0.3285262877281462,0.2943232050731919,0.33960746467672137,0.27626105621619973,2022
2023_12_SF_SEA,00-0034407,WR,SF,2023,0,0.0979604084749135,0.08345365874314645,0.07297628938151773,0.06399314439340137,2022
2023_12_SF_SEA,00-0034869,QB,SF,2023,0,0.04400879690583004,0.00017545704905188954,0.001835602996711561,0.05251018186644228,2022
2023_12_SF_SEA,00-0035719,WR,SF,2023,1,0.21592924991564122,0.18319749425551782,0.1264026859887558,0.18227059657554473,2022
2023_12_SF_SEA,00-0036259,WR,SF,2023,0,0.17601280067747438,0.1259111659829841,0.12519249301406102,0.11013654044383746,2022
2023_12_SF_SEA,00-0036261,WR,SF,2023,1,0.31765218428692277,0.2791793025496296,0.30367277793344594,0.2791867958657518,2022
2023_12_SF_SEA,00-0036567,RB,SF,2023,0,0.12265024160234539,0.07599201977125551,0.09814577759696459,0.08372329346034126,2022
2023_12_SF_SEA,00-0037834,QB,SF,2023,0,0.179185877234168,0.14787247352876995,0.14220957077768265,0.16209532098309043,2022
2023_12_SF_SEA,00-0038647,WR,SF,2023,0,0.064659480030137,0.06311776644643821,0.058214778639607515,0.055105890028156024,2022
2023_12_TB_IND,00-0033217,TE,IND,2023,0,0.0692170005691648,0.07558698223356321,0.07323313197873549,0.05045302325256501,2022
2023_12_TB_IND,00-0033466,WR,IND,2023,0,0.0766928420168137,0.06598415756366241,0.05952816743995284,0.06285020206238053,2022
2023_12_TB_IND,00-0035289,QB,IND,2023,1,0.15569446899103023,0.105768104458914,0.10056629217434686,0.1239439109504502,2022
2023_12_TB_IND,00-0035593,WR,IND,2023,0,0.036965944283608,0.04812302288537048,0.046753966787300295,0.04753977417802573,2022
2023_12_TB_IND,00-0036223,RB,IND,2023,1,0.4512791161768951,0.44965368772473596,0.45407392014157394,0.4237403494657221,2022
2023_12_TB_IND,00-0036251,RB,IND,2023,0,0.2794345009096376,0.18578382262668658,0.19876777623047892,0.20547233116748184,2022
2023_12_TB_IND,00-0036252,WR,IND,2023,0,0.34757849445514744,0.34188351499716046,0.330824831142631,0.31980429836782853,2022
2023_12_TB_IND,00-0036876,TE,IND,2023,0,0.153481859334045,0.11340237592317609,0.08897032399247878,0.10669388492820502,2022
2023_12_TB_IND,00-0037292,TE,IND,2023,0,0.09963698628949813,0.09571109043458972,0.10345268763064548,0.07168247739494281,2022
2023_12_TB_IND,00-0037664,WR,IND,2023,0,0.16881029045022566,0.19789622769151832,0.18288976051567812,0.12222970521766921,2022
2023_12_TB_IND,00-0038394,TE,IND,2023,0,0.06017988007270336,0.053237912257259545,0.043352044767964004,0.051994579476013915,2022
2023_12_TB_IND,00-0038997,WR,IND,2023,0,0.21052350387901797,0.16552352502720455,0.14359003858708477,0.20106473497606578,2022
2023_12_TB_IND,00-0031408,WR,TB,2023,1,0.24693223980458034,0.23713716451842706,0.2688688736666558,0.20253229216742993,2022
2023_12_TB_IND,00-0033921,WR,TB,2023,0,0.23480859908427842,0.22370508497824912,0.22145278878287314,0.19201666947019602,2022
2023_12_TB_IND,00-0034681,RB,TB,2023,0,0.10634085759235035,0.06804939873078786,0.0744208131704219,0.07202064335395023,2022
2023_12_TB_IND,00-0034855,QB,TB,2023,0,0.14475902440675026,0.11570816720676118,0.09255578912556005,0.1164428472701817,2022
2023_12_TB_IND,00-0036450,RB,TB,2023,0,0.14840446455429035,0.0767784932876358,0.09518927374078723,0.0801377675366503,2022
2023_12_TB_IND,00-0036928,QB,TB,2023,0,0.02222160295345188,0.00013869269038487982,0.0017352640252805036,0.04811497561455825,2022
2023_12_TB_IND,00-0037256,RB,TB,2023,0,0.4362781483952648,0.5316237949742785,0.4573408743048804,0.35526240361644423,2022
2023_12_TB_IND,00-0037487,WR,TB,2023,0,0.062102250695546535,0.05188672575781688,0.052514449298734854,0.05183329174225656,2022
2023_12_TB_IND,00-0038129,TE,TB,2023,0,0.20041418098855523,0.2254005871977091,0.2532663310369349,0.19447464980297213,2022
2023_12_TB_IND,00-0038821,WR,TB,2023,0,0.05319327012690844,0.04780122008328182,0.049850244470316295,0.05031462174864718,2022
2023_12_TB_IND,00-0039050,TE,TB,2023,0,0.03789344361975444,0.04400116519314445,0.03519518025634935,0.044911315009468496,2022
2023_12_TB_IND,00-0039052,WR,TB,2023,0,0.15164620459033828,0.14645778777762788,0.14026366737866183,0.13925995965460566,2022
2023_12_WAS_DAL,00-0031236,WR,DAL,2023,1,0.2430672265724486,0.24519831915954265,0.19954520070342147,0.23208790443803795,2022
2023_12_WAS_DAL,00-0033077,QB,DAL,2023,0,0.22106818912472592,0.17012374688194326,0.1811409784766571,0.1647377563293701,2022
2023_12_WAS_DAL,00-0033662,QB,DAL,2023,0,0.09408244002199495,0.04929246586036048,0.03273482990115681,0.07632390080937508,2022
2023_12_WAS_DAL,00-0034764,WR,DAL,2023,0,0.20560819639770134,0.16053153142154694,0.15427482723732536,0.15021255619973475,2022
2023_12_WAS_DAL,00-0035261,RB,DAL,2023,1,0.49805981293063417,0.4887108004371065,0.4828626657704953,0.41376923638292457,2022
2023_12_WAS_DAL,00-0036139,RB,DAL,2023,1,0.23760381481597792,0.15528911377913351,0.19958821738482596,0.10621456512810284,2022
2023_12_WAS_DAL,00-0036358,WR,DAL,2023,1,0.4523322245332323,0.5306903033420312,0.48918560464611516,0.39081056427621924,2022
2023_12_WAS_DAL,00-0037666,WR,DAL,2023,0,0.15905037676586087,0.13205658406963539,0.12244064453254372,0.08404609379127247,2022
2023_12_WAS_DAL,00-0037801,WR,DAL,2023,1,0.09586616906878442,0.08091880405691879,0.06649613600506103,0.07969002128153058,2022
2023_12_WAS_DAL,00-0038041,TE,DAL,2023,0,0.26987361731891335,0.27502057526305373,0.2453094601759826,0.2486353084798958,2022
2023_12_WAS_DAL,00-0038547,TE,DAL,2023,0,0.08697009370365638,0.09010453184484242,0.07623648539241047,0.06474007820037485,2022
2023_12_WAS_DAL,00-0038622,RB,DAL,2023,0,0.17594073437795754,0.11933931412609187,0.14570544203279978,0.08908238596932959,2022
2023_12_WAS_DAL,00-0038640,WR,DAL,2023,0,0.14880738564311546,0.12181503249353474,0.09993030126959825,0.09594216033349505,2022
2023_12_WAS_DAL,00-0038738,RB,DAL,2023,0,0.05518620035915023,0.06719201490102807,0.09085532515471699,0.06396051037557787,2022
2023_12_WAS_DAL,00-0031260,TE,WAS,2023,0,0.14685263110804092,0.1314899317799074,0.12033581526432643,0.14561582561291722,2022
2023_12_WAS_DAL,00-0031941,WR,WAS,2023,0,0.06669813011820469,0.049417872851240316,0.05186576897253087,0.07532927395646875,2022
2023_12_WAS_DAL,00-0033282,WR,WAS,2023,0,0.12350454984577286,0.07222514411260247,0.07308886240773688,0.12994587563462284,2022
2023_12_WAS_DAL,00-0033296,RB,WAS,2023,0,0.016048048171706908,0.033146318986655245,0.039955380265603,0.044360772749409486,2022
2023_12_WAS_DAL,00-0034297,WR,WAS,2023,0,0.045922558189427365,0.03908808874224592,0.04242469341435162,0.05705672741667572,2022
2023_12_WAS_DAL,00-0035659,WR,WAS,2023,0,0.18506827798243708,0.16126775137411253,0.19434952787212012,0.17024662097672552,2022
2023_12_WAS_DAL,00-0035715,RB,WAS,2023,0,0.029305818871211975,0.026186171749577034,0.033889470631358075,0.05251736952221063,2022
2023_12_WAS_DAL,00-0036328,RB,WAS,2023,0,0.16811046190000212,0.11594325885861366,0.12676257054019482,0.1551864995382256,2022
2023_12_WAS_DAL,00-0036626,WR,WAS,2023,0,0.04969674489297271,0.04216457567349634,0.04634517509384381,0.04983955872440543,2022
2023_12_WAS_DAL,00-0036628,TE,WAS,2023,0,0.05729583005510397,0.062247460264976996,0.06066973290615334,0.05649265139755827,2022
2023_12_WAS_DAL,00-0037077,QB,WAS,2023,1,0.11350578926651345,0.0844298547476331,0.07563487593529411,0.09096175846364898,2022
2023_12_WAS_DAL,00-0037078,TE,WAS,2023,0,0.06251675389614786,0.04058437733153005,0.027318669609611032,0.09314388735145215,2022
2023_12_WAS_DAL,00-0037741,WR,WAS,2023,0,0.15339331791041888,0.14649119033458563,0.1536430811919743,0.1552168261599804,2022
2023_12_WAS_DAL,00-0037746,RB,WAS,2023,0,0.30720223699234916,0.24025893526401884,0.30003469028247925,0.2426850820188394,2022
2023_12_WAS_DAL,00-0038611,RB,WAS,2023,0,0.07985280389477056,0.04642047927447399,0.06594806817258582,0.07121240643125515,2022
2023_13_ARI_PIT,00-0032141,TE,ARI,2023,0,0.041210161655766187,0.050108896591624236,0.04304830986387386,0.05937581954842407,2022
2023_13_ARI_PIT,00-0033251,WR,ARI,2023,0,0.02748487784732856,0.037259991907018446,0.04048381492978828,0.04685077031569381,2022
2023_13_ARI_PIT,00-0033553,RB,ARI,2023,1,0.21147244487031247,0.21619633897347446,0.25317550199295774,0.22025702331010855,2022
2023_13_ARI_PIT,00-0035228,QB,ARI,2023,0,0.1286501098597309,0.09676368943540228,0.06434973961074972,0.12697617611461404,2022
2023_13_ARI_PIT,00-0035500,WR,ARI,2023,0,0.08434820876795535,0.06425302821193067,0.06709978038058069,0.10362555236178986,2022
2023_13_ARI_PIT,00-0035662,WR,ARI,2023,0,0.17148398347641247,0.2260907084673343,0.2450292085658181,0.17304194604227605,2022
2023_13_ARI_PIT,00-0035860,RB,ARI,2023,0,0.06178881349233534,0.057801379861790965,0.05629735276013615,0.07797873221374406,2022
2023_13_ARI_PIT,00-0036924,RB,ARI,2023,0,0.15235046255217854,0.12823002743806747,0.12758342666013428,0.14136393573014602,2022
2023_13_ARI_PIT,00-0036936,WR,ARI,2023,0,0.11065609813588217,0.12748233703066167,0.10906385771610143,0.13002557466152795,2022
2023_13_ARI_PIT,00-0037299,RB,ARI,2023,0,0.09744005267143296,0.08599173821984277,0.09145162632047123,0.09203132080621071,2022
2023_13_ARI_PIT,00-0037744,TE,ARI,2023,1,0.1851601237661188,0.23120644526680986,0.18334277458310408,0.20046854224557226,2022
2023_13_ARI_PIT,00-0038559,WR,ARI,2023,0,0.11040148598864552,0.1380679217999049,0.14199513546783804,0.14525318072433793,2022
2023_13_ARI_PIT,00-0038582,QB,ARI,2023,0,0.05038167204888122,0.017880366810416423,0.010677905701382934,0.06415295990190856,2022
2023_13_ARI_PIT,00-0038705,RB,ARI,2023,0,0.18195745134470498,0.19465794124367872,0.1947226020982133,0.19810513086374307,2022
2023_13_ARI_PIT,00-0039041,TE,ARI,2023,0,0.026311039557895044,0.037589930764428764,0.031231876158294578,0.044360772749409486,2022
2023_13_ARI_PIT,00-0031428,WR,PIT,2023,0,0.11954295948315408,0.12438705328955174,0.09539866397206426,0.0726151830035174,2022
2023_13_ARI_PIT,00-0035216,WR,PIT,2023,1,0.355349616029083,0.24532485958635936,0.24429313440891087,0.26159857857295626,2022
2023_13_ARI_PIT,00-0035703,WR,PIT,2023,0,0.024496023797806576,0.047667719424613765,0.03844205026759,0.04566710742842685,2022
2023_13_ARI_PIT,00-0036336,RB,PIT,2023,0,0.02857076280380566,0.04201954190442371,0.05111753740210453,0.04887378104729823,2022
2023_13_ARI_PIT,00-0036893,RB,PIT,2023,0,0.407559326169202,0.25723014853142784,0.26470361329419917,0.36706188536180434,2022
2023_13_ARI_PIT,00-0036894,TE,PIT,2023,0,0.2105497663015461,0.1328476428766658,0.18028900036737058,0.19482865784435058,2022
2023_13_ARI_PIT,00-0037228,RB,PIT,2023,0,0.3549401328538959,0.2592465059498863,0.22919045852154277,0.3096857604649053,2022
2023_13_ARI_PIT,00-0037247,WR,PIT,2023,0,0.23917302382933725,0.19648409176712278,0.1802137246435849,0.21362645370574607,2022
2023_13_ARI_PIT,00-0037451,TE,PIT,2023,0,0.025975485277366372,0.0010549928403978473,0.09669858217606514,0.04677887869562827,2022
2023_13_ARI_PIT,00-0037837,WR,PIT,2023,0,0.07800824791098526,0.06727033676694788,0.04902937927438115,0.057250296977526455,2022
2023_13_ARI_PIT,00-0038102,QB,PIT,2023,0,0.14642014288912053,0.09398249776001548,0.08913772846317662,0.1118488347040491,2022
2023_13_ARI_PIT,00-0038558,TE,PIT,2023,0,0.08754188359808701,0.09411425652649075,0.11684591933948967,0.056935866938135876,2022
2023_13_ATL_NYJ,00-0030578,RB,ATL,2023,0,0.08951285743377013,0.0670291665912222,0.06689837517502757,0.07269773059560336,2022
2023_13_ATL_NYJ,00-0031585,TE,ATL,2023,1,0.05837472381909914,0.04520630723172336,0.052160020458769316,0.07126429136628072,2022
2023_13_ATL_NYJ,00-0031800,QB,ATL,2023,0,0.08056704277148463,0.06358907166125871,0.052690548608172134,0.08870686751836022,2022
2023_13_ATL_NYJ,00-0031868,WR,ATL,2023,0,0.05541523489679634,0.04439896347267056,0.043773337086903466,0.05015293815049713,2022
2023_13_ATL_NYJ,00-0033555,WR,ATL,2023,0,0.06553339365344735,0.05273985370406071,0.046040697022465285,0.06795920894283672,2022
2023_13_ATL_NYJ,00-0033858,TE,ATL,2023,0,0.11112706091884594,0.08105422509944225,0.07529541586692058,0.107934082015257,2022
2023_13_ATL_NYJ,00-0034854,WR,ATL,2023,0,0.07141396527338562,0.06251726150428087,0.05576675359676528,0.05748034957034965,2022
2023_13_ATL_NYJ,00-0035298,WR,ATL,2023,0,0.0645732837047992,0.047892528222850894,0.04221636168610633,0.07673029928453598,2022
2023_13_ATL_NYJ,00-0036415,WR,ATL,2023,0,0.09894386829191226,0.07464605213582064,0.07429375727779541,0.06991496197022422,2022
2023_13_ATL_NYJ,00-0036970,TE,ATL,2023,0,0.13901897815511333,0.09669804675592225,0.13247386270495962,0.10511394005805848,2022
2023_13_ATL_NYJ,00-0037238,WR,ATL,2023,0,0.21098421462290573,0.17515417561705296,0.1792491409706764,0.17299752761904805,2022
2023_13_ATL_NYJ,00-0037263,RB,ATL,2023,0,0.204464148479776,0.14663833101160967,0.1428672121135986,0.1772651894135271,2022
2023_13_ATL_NYJ,00-0038122,QB,ATL,2023,0,0.10219382201992044,0.061989845260411146,0.038019755572244594,0.104219937909826,2022
2023_13_ATL_NYJ,00-0038542,RB,ATL,2023,0,0.2528866982548251,0.23582849465101907,0.1914788383357406,0.2142938959915719,2022
2023_13_ATL_NYJ,00-0032134,TE,NYJ,2023,0,0.04920111222577339,0.04638895808215026,0.05200659558467739,0.06640311706494179,2022
2023_13_ATL_NYJ,00-0033893,RB,NYJ,2023,0,0.07491890845220406,0.04603585539781482,0.05412740745845102,0.07584807113068771,2022
2023_13_ATL_NYJ,00-0034177,QB,NYJ,2023,0,0.06965109152382376,0.044496010142602536,0.030273971579515817,0.06877247838888839,2022
2023_13_ATL_NYJ,00-0034270,TE,NYJ,2023,0,0.10524342301634915,0.08616990884940703,0.09510800460485218,0.1399927785678169,2022
2023_13_ATL_NYJ,00-0034433,RB,NYJ,2023,0,0.03447063456954769,0.02880483140242688,0.03725791787002857,0.053427176320990116,2022
2023_13_ATL_NYJ,00-0034521,WR,NYJ,2023,0,0.10764881800617165,0.11148353375441676,0.09296435539530327,0.10796325334942253,2022
2023_13_ATL_NYJ,00-0035480,WR,NYJ,2023,0,0.04034917724722997,0.04149674771011048,0.033496569373080744,0.05123392835035772,2022
2023_13_ATL_NYJ,00-0036924,RB,NYJ,2023,0,0.0652461111877175,0.05621771036386503,0.026002777493320927,0.07142810695781042,2022
2023_13_ATL_NYJ,00-0037013,QB,NYJ,2023,0,0.1084816954532154,0.09461576359317374,0.11494414751459156,0.11181560296499558,2022
2023_13_ATL_NYJ,00-0037740,WR,NYJ,2023,0,0.24128230446287524,0.3002429876498758,0.2546596252776636,0.21879831167209116,2022
2023_13_ATL_NYJ,00-0037805,TE,NYJ,2023,0,0.053091115757662566,0.05004549682727932,0.05380247163267364,0.05863620370529394,2022
2023_13_ATL_NYJ,00-0038120,RB,NYJ,2023,0,0.31758688941281443,0.27847984995616937,0.28143018754109106,0.25796642187689206,2022
2023_13_ATL_NYJ,00-0038389,RB,NYJ,2023,0,0.07084560514560356,0.048617139451760716,0.02570665172659937,0.07491116027687446,2022
2023_13_ATL_NYJ,00-0038492,WR,NYJ,2023,0,0.07537254785644332,0.13701009637022998,0.097638339700039,0.09810592565660306,2022
2023_13_ATL_NYJ,00-0038496,WR,NYJ,2023,0,0.0696249997949262,0.06423462332905233,0.05563703689901865,0.08273429081742281,2022
2023_13_CAR_TB,00-0030035,WR,CAR,2023,0,0.20504015122987762,0.22540099762747848,0.1884546932083035,0.1969127847818106,2022
2023_13_CAR_TB,00-0034365,TE,CAR,2023,0,0.03230800056393468,0.036651184207102304,0.04260924580396935,0.04813921646186779,2022
2023_13_CAR_TB,00-0034777,WR,CAR,2023,0,0.12887447171876998,0.1254369988144557,0.11183878029368712,0.15147632638909514,2022
2023_13_CAR_TB,00-0034830,TE,CAR,2023,0,0.08157648540422946,0.06436945735804893,0.08639026474024773,0.07739167372740968,2022
2023_13_CAR_TB,00-0035243,RB,CAR,2023,0,0.15913964050264695,0.10444128741702789,0.11510647846662274,0.11831423861721517,2022
2023_13_CAR_TB,00-0036268,WR,CAR,2023,0,0.05660766921650828,0.04022016258972537,0.031675995470516666,0.06947015673101375,2022
2023_13_CAR_TB,00-0036438,TE,CAR,2023,0,0.05427680030707738,0.04242393737468514,0.04091009952569267,0.06285247845992065,2022
2023_13_CAR_TB,00-0036482,WR,CAR,2023,0,0.051141011060965025,0.04201631749446395,0.055755486750244915,0.05746570633839781,2022
2023_13_CAR_TB,00-0036555,RB,CAR,2023,1,0.286203932623056,0.21778238684563483,0.2119089954228461,0.2864251661526444,2022
2023_13_CAR_TB,00-0036635,WR,CAR,2023,0,0.005438282866243926,0.0269835284337178,0.022836930167969314,0.04880380147675679,2022
2023_13_CAR_TB,00-0036955,WR,CAR,2023,0,0.0864321216101277,0.06320420063416761,0.057346884422860414,0.10248944076681354,2022
2023_13_CAR_TB,00-0037005,TE,CAR,2023,0,0.08966050503112644,0.07905808229267386,0.08400302590843516,0.10482804487524854,2022
2023_13_CAR_TB,00-0037429,RB,CAR,2023,0,0.06172571050463638,0.04544973895127973,0.04931411933978945,0.07244948219963676,2022
2023_13_CAR_TB,00-0039062,WR,CAR,2023,0,0.15110698426791647,0.16290259314212596,0.1643168851514651,0.1573571956944603,2022
2023_13_CAR_TB,00-0039150,QB,CAR,2023,0,0.10606383030677902,0.08232177738060804,0.08403166455214288,0.103251879397558,2022
2023_13_CAR_TB,00-0031408,WR,TB,2023,1,0.26966500590839015,0.2732514082213237,0.3052610691609553,0.20859134326100867,2022
2023_13_CAR_TB,00-0033589,WR,TB,2023,0,0.04447206146540639,0.039632601708969886,0.039708323356712406,0.047326904461730955,2022
2023_13_CAR_TB,00-0033921,WR,TB,2023,1,0.2280900885617977,0.22472896676261242,0.20976825110519876,0.19328385204320664,2022
2023_13_CAR_TB,00-0034681,RB,TB,2023,0,0.1179496653972365,0.06988458948165926,0.075824818852409,0.07827037103081927,2022
2023_13_CAR_TB,00-0034855,QB,TB,2023,0,0.15120458185115215,0.1136273741974964,0.09400125189139798,0.12581075537983197,2022
2023_13_CAR_TB,00-0036928,QB,TB,2023,0,0.014500569704564037,0.00010906303874107215,0.0009751737222319563,0.046920701270584564,2022
2023_13_CAR_TB,00-0037256,RB,TB,2023,1,0.44177652908826504,0.5475035017320568,0.46037779558020814,0.35404316429127003,2022
2023_13_CAR_TB,00-0037487,WR,TB,2023,0,0.0478131576568015,0.04484120748575435,0.04381057886124688,0.050281116717480076,2022
2023_13_CAR_TB,00-0038129,TE,TB,2023,0,0.20127502266224406,0.22075816417051441,0.2536072887339762,0.19634083801958108,2022
2023_13_CAR_TB,00-0038821,WR,TB,2023,0,0.054193371096308396,0.04674877180134148,0.04667252049680412,0.049701290244265194,2022
2023_13_CAR_TB,00-0039050,TE,TB,2023,0,0.04053726237391231,0.042462919295873765,0.03427725234300159,0.04589296289398304,2022
2023_13_CAR_TB,00-0039052,WR,TB,2023,0,0.1740686634418911,0.15913641023445188,0.14879760680302237,0.15998987024040826,2022
2023_13_CIN_JAX,00-0033009,WR,CIN,2023,0,0.16372202942657788,0.14933155594662598,0.14942040469931792,0.15484810663221174,2022
2023_13_CIN_JAX,00-0033897,RB,CIN,2023,1,0.34870494090938864,0.33050264247666633,0.4038956597787027,0.2943213767833246,2022
2023_13_CIN_JAX,00-0034613,TE,CIN,2023,0,0.10536753334771587,0.06328574313959305,0.05481908277294201,0.09265765737059861,2022
2023_13_CIN_JAX,00-0034970,TE,CIN,2023,0,0.07484475081523134,0.05219860645280937,0.0493401734592658,0.09497949312678636,2022
2023_13_CIN_JAX,00-0035100,QB,CIN,2023,1,0.09129704947431072,0.03164235669838417,0.025466063671083932,0.09612290807116458,2022
2023_13_CIN_JAX,00-0035291,RB,CIN,2023,0,0.04490347404083728,0.040881600544198156,0.048099023841088044,0.056460847230163,2022
2023_13_CIN_JAX,00-0035341,WR,CIN,2023,0,0.08424484048650327,0.07509619340586347,0.07025293581179233,0.09547534079583475,2022
2023_13_CIN_JAX,00-0035631,TE,CIN,2023,0,0.06195651892658072,0.04794442717273725,0.04730761144136802,0.06057433967959307,2022
2023_13_CIN_JAX,00-0035771,TE,CIN,2023,0,0.03610083617028981,0.037248165237922085,0.034544594982364736,0.046192062208787014,2022
2023_13_CIN_JAX,00-0036442,QB,CIN,2023,0,0.11932078868378648,0.0785239706591299,0.08208752349519215,0.104570186370625,2022
2023_13_CIN_JAX,00-0036857,RB,CIN,2023,0,0.026717415173500125,0.03016932705274148,0.041109001080206216,0.04600427424618186,2022
2023_13_CIN_JAX,00-0036900,WR,CIN,2023,1,0.20761057406673744,0.20921521846694688,0.20381635852773472,0.18259755915684672,2022
2023_13_CIN_JAX,00-0038576,WR,CIN,2023,0,0.010590930985541536,0.024389427109097254,0.023324101169823412,0.04688379365375337,2022
2023_13_CIN_JAX,00-0038597,RB,CIN,2023,0,0.017360979909132324,0.026784013539316247,0.03432412016837914,0.04593017371174882,2022
2023_13_CIN_JAX,00-0038619,WR,CIN,2023,0,0.04636430984964912,0.033961737612172894,0.03558780062599149,0.06792712589606598,2022
2023_13_CIN_JAX,00-0038891,WR,CIN,2023,0,0.014976363519375702,0.023272348047859732,0.025502178821926742,0.04732687658730844,2022
2023_13_CIN_JAX,00-0033572,WR,JAX,2023,0,0.07161144120233809,0.07058189946636631,0.05829830754661173,0.05356369338717955,2022
2023_13_CIN_JAX,00-0033881,TE,JAX,2023,1,0.2803220947653322,0.24501199877273364,0.25789659521850117,0.2535677733417456,2022
2023_13_CIN_JAX,00-0033891,WR,JAX,2023,0,0.20178757829275729,0.1745976257373395,0.16182368662389626,0.16779147357024932,2022
2023_13_CIN_JAX,00-0033936,QB,JAX,2023,0,0.032646995313181715,0.02918509116876525,0.013824743532477497,0.04860100943011139,2022
2023_13_CIN_JAX,00-0034775,WR,JAX,2023,0,0.2648062335873115,0.23786184094027676,0.23542416365707644,0.26167824713570903,2022
2023_13_CIN_JAX,00-0034837,WR,JAX,2023,0,0.2862951668197924,0.3138340427608087,0.2641938433573403,0.2677813495086115,2022
2023_13_CIN_JAX,00-0035628,RB,JAX,2023,0,0.13942310813525038,0.09467747893918817,0.11297623472770772,0.08380276253757685,2022
2023_13_CIN_JAX,00-0036497,WR,JAX,2023,0,0.08669385440078503,0.09170727116130073,0.07815979544772249,0.052668042383814465,2022
2023_13_CIN_JAX,00-0036887,TE,JAX,2023,0,0.10896547416286184,0.09800338146856112,0.08930553753898647,0.06851827463478331,2022
2023_13_CIN_JAX,00-0036971,QB,JAX,2023,1,0.17474041301710563,0.1338290866458341,0.08168577041011445,0.1694604088981535,2022
2023_13_CIN_JAX,00-0036973,RB,JAX,2023,1,0.4839805363408266,0.569260522026732,0.4842060533765108,0.4258728361917125,2022
2023_13_CIN_JAX,00-0038555,RB,JAX,2023,0,0.10085358288779134,0.07668715357911658,0.09744058562919729,0.08208261894182041,2022
2023_13_CIN_JAX,00-0038935,TE,JAX,2023,0,0.07748732410358605,0.07012712811043018,0.06891580852344104,0.05495243526998044,2022
2023_13_CLE_LA,00-0031544,WR,CLE,2023,0,0.19998584522765128,0.18444977739698354,0.2041635628442652,0.17200120791623014,2022
2023_13_CLE_LA,00-0033275,QB,CLE,2023,0,0.0681891226197835,0.05173042491696831,0.03671059510471975,0.08083459841430234,2022
2023_13_CLE_LA,00-0033537,QB,CLE,2023,0,0.09681047329725267,0.07740705288167991,0.07531188773770213,0.10132828401471723,2022
2023_13_CLE_LA,00-0033885,TE,CLE,2023,0,0.2346462454980378,0.21072817134709276,0.21656610127477244,0.19106014320033546,2022
2023_13_CLE_LA,00-0033923,RB,CLE,2023,0,0.19516436012637817,0.12858756737913177,0.10938773223569381,0.1673390277410965,2022
2023_13_CLE_LA,00-0034364,TE,CLE,2023,0,0.047857584203343406,0.03739635597808831,0.033965099622678435,0.04920087575995812,2022
2023_13_CLE_LA,00-0036133,WR,CLE,2023,0,0.014016125116851352,0.02559133693201186,0.030702541431552186,0.050869482101731506,2022
2023_13_CLE_LA,00-0036232,TE,CLE,2023,1,0.044306164234863,0.042727762102300185,0.03910882466494439,0.057942847304134376,2022
2023_13_CLE_LA,00-0036980,WR,CLE,2023,0,0.1635305758961928,0.14318029110114255,0.14764203022962658,0.16336207106273773,2022
2023_13_CLE_LA,00-0037257,WR,CLE,2023,0,0.05365613319181961,0.03826945087212227,0.038801767198340095,0.049701290244265194,2022
2023_13_CLE_LA,00-0037267,RB,CLE,2023,1,0.271333651524827,0.2577667489985886,0.19472483827303116,0.25156580395724093,2022
2023_13_CLE_LA,00-0038098,RB,CLE,2023,0,0.07557987049454529,0.056584776434416686,0.060379393669238404,0.07103776892858739,2022
2023_13_CLE_LA,00-0038583,QB,CLE,2023,0,0.08208821493883067,0.05603319466612864,0.03911787986651373,0.08458656097443153,2022
2023_13_CLE_LA,00-0038979,WR,CLE,2023,0,0.10102340328267201,0.09941984721941903,0.09122615240618115,0.08551106179034991,2022
2023_13_CLE_LA,00-0026498,QB,LA,2023,0,0.06983499775226165,0.09078267692841806,0.0656524092381528,0.05866267645290844,2022
2023_13_CLE_LA,00-0032775,WR,LA,2023,1,0.060064382044989206,0.06694797011229044,0.05790605452398135,0.06519619601616315,2022
2023_13_CLE_LA,00-0033110,TE,LA,2023,0,0.14161982100240966,0.18260595618250058,0.21551306653964247,0.2136508030577244,2022
2023_13_CLE_LA,00-0033908,WR,LA,2023,1,0.17991258705204816,0.17150668198620486,0.19944757420446937,0.2059052174192546,2022
2023_13_CLE_LA,00-0034838,RB,LA,2023,0,0.23027963941886032,0.2251419415496083,0.23188452487136382,0.29888687538503256,2022
2023_13_CLE_LA,00-0034955,QB,LA,2023,0,0.06469459571259495,0.05650469890738601,0.037079190250714184,0.06820313424593337,2022
2023_13_CLE_LA,00-0035664,RB,LA,2023,0,0.2922289215597269,0.27078659936894306,0.2626554857184867,0.3310129121460093,2022
2023_13_CLE_LA,00-0036841,WR,LA,2023,0,0.044431799041071085,0.05146515806509424,0.04863692888446277,0.050282281045158035,2022
2023_13_CLE_LA,00-0036849,WR,LA,2023,0,0.1394854689274846,0.1589890223282278,0.14516920912504544,0.16643307156298162,2022
2023_13_CLE_LA,00-0036862,WR,LA,2023,0,0.028036715513495736,0.04548777333110356,0.040971935577032985,0.04589296289398304,2022
2023_13_CLE_LA,00-0037840,RB,LA,2023,1,0.3870526142007872,0.5272147413887895,0.5527601682246998,0.36354769910299933,2022
2023_13_CLE_LA,00-0039074,TE,LA,2023,0,0.021181317295550728,0.03836235422215261,0.02962768551401677,0.04720576130141543,2022
2023_13_CLE_LA,00-0039075,WR,LA,2023,1,0.23757731328178178,0.26756711729589155,0.27751226911338966,0.2624487957965774,2022
2023_13_CLE_LA,00-0039136,RB,LA,2023,0,0.044686998410143675,0.05139996711939339,0.06453050336954033,0.06957553871296575,2022
2023_13_DEN_HOU,00-0029263,QB,DEN,2023,1,0.19264845942597486,0.15419598044048913,0.13681060136047893,0.14400117042497532,2022
2023_13_DEN_HOU,00-0031484,TE,DEN,2023,0,0.05837148860751973,0.058053127520780894,0.0565754005546297,0.04741679121305523,2022
2023_13_DEN_HOU,00-0033526,RB,DEN,2023,0,0.20032479162465977,0.10469939784226476,0.08451157525795346,0.11192325150667767,2022
2023_13_DEN_HOU,00-0034348,WR,DEN,2023,1,0.27805376617365707,0.21626738224389347,0.2557065722992453,0.24498026268112816,2022
2023_13_DEN_HOU,00-0035406,WR,DEN,2023,0,0.06161114578388549,0.05774763916094143,0.05746080255017082,0.05037620618124757,2022
2023_13_DEN_HOU,00-0036407,WR,DEN,2023,0,0.22220136244327215,0.15014225882255025,0.17633629658376887,0.20138055498766577,2022
2023_13_DEN_HOU,00-0036422,TE,DEN,2023,0,0.12076644922455182,0.12127504903834692,0.1439330944581875,0.08742314744508242,2022
2023_13_DEN_HOU,00-0036997,RB,DEN,2023,0,0.44474207145347733,0.5027889136511285,0.5286429582965396,0.35524044361788965,2022
2023_13_DEN_HOU,00-0037539,TE,DEN,2023,0,0.05137785823206198,0.05242893260240843,0.04711946848324987,0.04659901442794865,2022
2023_13_DEN_HOU,00-0038783,TE,DEN,2023,0,0.040684945682050166,0.04459427956801051,0.03308732716641547,0.046317987880113265,2022
2023_13_DEN_HOU,00-0038794,RB,DEN,2023,0,0.15555410127824387,0.07354956186897699,0.08113315852791832,0.10176010727646785,2022
2023_13_DEN_HOU,00-0038976,WR,DEN,2023,0,0.11562693915715205,0.09243253321767345,0.09176460936166657,0.08129490060346237,2022
2023_13_DEN_HOU,00-0030431,WR,HOU,2023,0,0.18553611797114555,0.16682129174687582,0.18572875829056312,0.19541406137463155,2022
2023_13_DEN_HOU,00-0033591,WR,HOU,2023,0,0.20038152266180098,0.21613177343729018,0.2077666286909905,0.21695340280035547,2022
2023_13_DEN_HOU,00-0033854,RB,HOU,2023,0,0.025306651157343873,0.05134803552603634,0.07079673522432799,0.04878159372633744,2022
2023_13_DEN_HOU,00-0034208,RB,HOU,2023,0,0.05863917147974418,0.06933208095024014,0.07945431718641449,0.05357715617985115,2022
2023_13_DEN_HOU,00-0034383,TE,HOU,2023,0,0.18802986789348608,0.19923653080819112,0.18429884421025886,0.24432404669161414,2022
2023_13_DEN_HOU,00-0034928,WR,HOU,2023,0,0.02664045521679559,0.04815603383076356,0.04681749612547985,0.049040454440386315,2022
2023_13_DEN_HOU,00-0035250,RB,HOU,2023,0,0.4259816950122862,0.5485251872795138,0.5690354439849608,0.4351076629038087,2022
2023_13_DEN_HOU,00-0036554,WR,HOU,2023,1,0.24733091117532724,0.24854088606475436,0.26257379874063286,0.25987536969644925,2022
2023_13_DEN_HOU,00-0036556,TE,HOU,2023,0,0.06182719024028449,0.06759273813144959,0.04467694477131653,0.05548179017132231,2022
2023_13_DEN_HOU,00-0037258,RB,HOU,2023,1,0.33258172104354555,0.3481475628757958,0.3523419195220542,0.3558818104837422,2022
2023_13_DEN_HOU,00-0037614,WR,HOU,2023,0,0.05966442885502243,0.07329530175052384,0.07117906338443981,0.05901472042806833,2022
2023_13_DEN_HOU,00-0038618,WR,HOU,2023,0,0.04107099013022342,0.05226536786551829,0.049531827155055615,0.04685223554247559,2022
2023_13_DEN_HOU,00-0038977,WR,HOU,2023,0,0.3098182684034567,0.36997713750544425,0.3529233605340846,0.315233592526306,2022
2023_13_DEN_HOU,00-0039163,QB,HOU,2023,0,0.1314940656049538,0.13324318299405072,0.08366732279789232,0.10764351276289925,2022
2023_13_DET_NO,00-0032464,WR,DET,2023,0,0.12321914168804748,0.08838877646350626,0.08162726322243948,0.09507217567647377,2022
2023_13_DET_NO,00-0033106,QB,DET,2023,0,0.12805460687890013,0.13437376264491727,0.11859127486098542,0.0881349766563483,2022
2023_13_DET_NO,00-0033943,WR,DET,2023,0,0.13616540546195466,0.15509777206645875,0.1356587838592617,0.09918595937384313,2022
2023_13_DET_NO,00-0035567,RB,DET,2023,0,0.22032061120542967,0.1201000334974304,0.14368931290967982,0.11627416341277379,2022
2023_13_DET_NO,00-0035685,RB,DET,2023,1,0.3676001001023542,0.31979102896923395,0.3465982003232276,0.33060601889477487,2022
2023_13_DET_NO,00-0036233,WR,DET,2023,0,0.02078455417601832,0.04926830110231014,0.04652275758471736,0.04722795330429491,2022
2023_13_DET_NO,00-0036754,TE,DET,2023,0,0.07504507605653454,0.09661729161370834,0.08750608271938946,0.055689179689173404,2022
2023_13_DET_NO,00-0036963,WR,DET,2023,1,0.35799672060778176,0.41002368240192755,0.38630335730065657,0.4130525703590812,2022
2023_13_DET_NO,00-0037240,WR,DET,2023,1,0.13794381857654403,0.126761823285656,0.11970912208419732,0.08892994733025462,2022
2023_13_DET_NO,00-0039065,TE,DET,2023,1,0.24513290287701872,0.2539467220214703,0.257071539707866,0.2652062888971471,2022
2023_13_DET_NO,00-0039139,RB,DET,2023,0,0.474514097354906,0.5651247357538638,0.5028907605304892,0.43379599158357046,2022
2023_13_DET_NO,00-0031280,QB,NO,2023,0,0.09053405918391744,0.08276499150086977,0.0655617118323246,0.07117352192545495,2022
2023_13_DET_NO,00-0031503,QB,NO,2023,0,0.033047743240158356,0.03099051795737246,0.015670053099149005,0.04664711067950889,2022
2023_13_DET_NO,00-0032765,WR,NO,2023,0,0.14900899796244138,0.13975115107512648,0.1315825810665484,0.15181003770685086,2022
2023_13_DET_NO,00-0033357,TE,NO,2023,1,0.24167096853499548,0.2050853684114667,0.06842118869360314,0.21897518268478247,2022
2023_13_DET_NO,00-0033906,RB,NO,2023,1,0.39747712719882533,0.464648121562384,0.3554261468055922,0.3699516842436436,2022
2023_13_DET_NO,00-0033948,RB,NO,2023,0,0.12306181134866268,0.09219259768506019,0.10394153557251215,0.07528135016434831,2022
2023_13_DET_NO,00-0034317,WR,NO,2023,0,0.0594030477029962,0.05648278368118548,0.05792669510277874,0.05673914801246988,2022
2023_13_DET_NO,00-0034981,TE,NO,2023,0,0.06866274511615744,0.08105867266982719,0.06593694711572581,0.06593704680461651,2022
2023_13_DET_NO,00-0036040,TE,NO,2023,0,0.15339993707231137,0.14224370007875206,0.13936294607477553,0.17248254873232394,2022
2023_13_DET_NO,00-0036364,WR,NO,2023,0,0.07247558687406208,0.08181789466476345,0.061696005303323545,0.04681264679901425,2022
2023_13_DET_NO,00-0037239,WR,NO,2023,0,0.24648547870008508,0.22677923893911156,0.24235122936296044,0.22642197988586385,2022
2023_13_DET_NO,00-0037545,WR,NO,2023,0,0.16033114266669957,0.12771387824482175,0.12486532591774316,0.1884583687274951,2022
2023_13_DET_NO,00-0038551,RB,NO,2023,0,0.12092731033496074,0.08268879232974169,0.09018862158074398,0.08528234156874805,2022
2023_13_DET_NO,00-0038612,WR,NO,2023,0,0.13465761083504202,0.1388034554461747,0.12068595059442694,0.14292497992846784,2022
2023_13_IND_TEN,00-0033217,TE,IND,2023,0,0.06231587736317534,0.07255631192299944,0.07676126671398734,0.052365171632834225,2022
2023_13_IND_TEN,00-0033466,WR,IND,2023,0,0.06524405803205102,0.0578096030556131,0.05154669674696662,0.057639255873408686,2022
2023_13_IND_TEN,00-0035289,QB,IND,2023,0,0.14569622216732647,0.09325224812078871,0.09546905772961944,0.11690633102736649,2022
2023_13_IND_TEN,00-0036223,RB,IND,2023,0,0.40647273657463434,0.4434527270681863,0.39020095337718147,0.36427191866178027,2022
2023_13_IND_TEN,00-0036251,RB,IND,2023,0,0.22530806628327937,0.15941975142379922,0.1608671929760335,0.12118067666286672,2022
2023_13_IND_TEN,00-0036252,WR,IND,2023,1,0.3280139414470524,0.31953069125645445,0.31149849494966664,0.26836126458041293,2022
2023_13_IND_TEN,00-0036876,TE,IND,2023,0,0.10739216596887713,0.08854485253283138,0.07523397889079235,0.08363817265670398,2022
2023_13_IND_TEN,00-0037292,TE,IND,2023,0,0.08951809066619765,0.084899022920143,0.0959116030033244,0.06539867747310818,2022
2023_13_IND_TEN,00-0037664,WR,IND,2023,1,0.16422671910409903,0.20265932563032227,0.17050249722755634,0.1382456740188278,2022
2023_13_IND_TEN,00-0038394,TE,IND,2023,0,0.059906819153794366,0.0493189264944139,0.042943969585899446,0.04862627099224223,2022
2023_13_IND_TEN,00-0038997,WR,IND,2023,0,0.22167725282248552,0.15715813503156928,0.14700073699095395,0.15114538555143509,2022
2023_13_IND_TEN,00-0030564,WR,TEN,2023,1,0.2655820488079552,0.1623294155056569,0.19847314882238482,0.18605171036576895,2022
2023_13_IND_TEN,00-0032398,WR,TEN,2023,0,0.1307790412399754,0.1056251487259354,0.0928904734099853,0.10256034508200801,2022
2023_13_IND_TEN,00-0032764,RB,TEN,2023,1,0.435069739466698,0.37557825975874354,0.41899948979187934,0.3540687010954701,2022
2023_13_IND_TEN,00-0035259,TE,TEN,2023,0,0.04842321004300365,0.0683827154373217,0.0683426610615128,0.05282349702659341,2022
2023_13_IND_TEN,00-0036182,WR,TEN,2023,0,0.1284463308099446,0.10478211720248903,0.10126424983476767,0.08282870356345985,2022
2023_13_IND_TEN,00-0037273,WR,TEN,2023,0,0.12225242815002746,0.06948898777984693,0.06801510098817218,0.10100711014256142,2022
2023_13_IND_TEN,00-0037809,TE,TEN,2023,0,0.18535083839795574,0.11886009311982908,0.1127195380703542,0.1577357727069016,2022
2023_13_IND_TEN,00-0038589,TE,TEN,2023,0,0.09005109367908437,0.050153372985167706,0.04109944778248359,0.06275370081646812,2022
2023_13_IND_TEN,00-0038632,WR,TEN,2023,0,0.03686900676564042,0.03740401856345842,0.04534794764268794,0.0486174375633877,2022
2023_13_IND_TEN,00-0039032,RB,TEN,2023,0,0.24299677161797695,0.15581381759610868,0.12013331237544841,0.1904381805394905,2022
2023_13_IND_TEN,00-0039152,QB,TEN,2023,0,0.15123430099589807,0.10470994093206396,0.07305031268129508,0.11399797020790764,2022
2023_13_KC_GB,00-0033293,RB,GB,2023,0,0.2726253217246374,0.20829262214147518,0.2183032884493535,0.22768837633061056,2022
2023_13_KC_GB,00-0035973,RB,GB,2023,0,0.11931662011069522,0.08037776563784543,0.07681432086732225,0.08284030684785698,2022
2023_13_KC_GB,00-0036264,QB,GB,2023,0,0.10858809754906495,0.10262891546045726,0.0954084005185402,0.10489341345450763,2022
2023_13_KC_GB,00-0036265,RB,GB,2023,0,0.2649674163686079,0.24197849470894495,0.22423374703334148,0.23379914106859245,2022
2023_13_KC_GB,00-0036332,TE,GB,2023,0,0.042119711467897614,0.048373001539137324,0.0373700496748319,0.0486150925915211,2022
2023_13_KC_GB,00-0037816,WR,GB,2023,0,0.16268049207723567,0.16941229769889093,0.1648035633592457,0.1663829996107505,2022
2023_13_KC_GB,00-0038124,WR,GB,2023,1,0.18066345882049706,0.165270188145028,0.18081000785605886,0.1666856117846781,2022
2023_13_KC_GB,00-0038393,WR,GB,2023,0,0.09453427585637852,0.06688428054076645,0.06642508448712613,0.08452133735082253,2022
2023_13_KC_GB,00-0038465,WR,GB,2023,0,0.050093293331316735,0.041978878939877666,0.042409855142276305,0.049701290244265194,2022
2023_13_KC_GB,00-0038797,RB,GB,2023,0,0.07124807920242338,0.05051045377482515,0.060654999671324754,0.07004508138108888,2022
2023_13_KC_GB,00-0038809,TE,GB,2023,1,0.03183975121912164,0.03813454172403474,0.02816202704062908,0.046317987880113265,2022
2023_13_KC_GB,00-0038996,TE,GB,2023,0,0.058593958867042106,0.06380623574575836,0.05887697635110604,0.05840522050475551,2022
2023_13_KC_GB,00-0039144,TE,GB,2023,0,0.12854209193719768,0.11749483453523316,0.12323788395128892,0.14994275153766617,2022
2023_13_KC_GB,00-0039146,WR,GB,2023,0,0.1638193629159196,0.13583142569749956,0.12394812063743368,0.14565976341680673,2022
2023_13_KC_GB,00-0030506,TE,KC,2023,0,0.28412538098975015,0.2830364202639797,0.24276682204232572,0.2942306003269333,2022
2023_13_KC_GB,00-0031376,RB,KC,2023,0,0.13097494289022027,0.09457618548260388,0.08345467830935399,0.09052296347117154,2022
2023_13_KC_GB,00-0033873,QB,KC,2023,0,0.19868181129777962,0.16320521688842937,0.19010665440034002,0.16493161485281319,2022
2023_13_KC_GB,00-0034272,WR,KC,2023,0,0.1335973161907612,0.11637646170044864,0.11718757714114954,0.08829398845881628,2022
2023_13_KC_GB,00-0034286,WR,KC,2023,0,0.04358681573628953,0.055524236995257784,0.05455875660441621,0.046598981853498554,2022
2023_13_KC_GB,00-0034386,WR,KC,2023,0,0.18598242928737774,0.1396068726743487,0.13115269652687767,0.13496855479668324,2022
2023_13_KC_GB,00-0035140,WR,KC,2023,0,0.09970929694718689,0.069898522841011,0.06749256026054085,0.09828056762194026,2022
2023_13_KC_GB,00-0036269,RB,KC,2023,0,0.06863526761792405,0.06355090415380411,0.03630083485539215,0.046838192051379124,2022
2023_13_KC_GB,00-0036360,RB,KC,2023,0,0.08263116797427816,0.055889148500200304,0.07261600097339642,0.06750824123099361,2022
2023_13_KC_GB,00-0036637,TE,KC,2023,1,0.09792406877948157,0.09902464366328777,0.10116507896714624,0.0747664977362225,2022
2023_13_KC_GB,00-0036913,WR,KC,2023,0,0.1189292405525908,0.07571655742257369,0.06674335937464793,0.08739953552250002,2022
2023_13_KC_GB,00-0037197,RB,KC,2023,1,0.43906508345121453,0.3988638880386938,0.4553013222175542,0.432219208401159,2022
2023_13_KC_GB,00-0038090,WR,KC,2023,0,0.11855829067983892,0.10740947182719521,0.10060161207676296,0.09578334856709458,2022
2023_13_KC_GB,00-0039067,WR,KC,2023,0,0.20357018904071167,0.17446436472004245,0.15416522152637896,0.2136881806052103,2022
2023_13_LAC_NE,00-0030279,WR,LAC,2023,0,0.33476236352868605,0.4101295945328883,0.39591791110473656,0.3213069945725932,2022
2023_13_LAC_NE,00-0032543,WR,LAC,2023,0,0.08996523009253443,0.10803502980553298,0.09268098650601769,0.060343834606999706,2022
2023_13_LAC_NE,00-0033699,RB,LAC,2023,0,0.4489268125732161,0.4782387290997758,0.364605250820741,0.36807298237599706,2022
2023_13_LAC_NE,00-0033895,TE,LAC,2023,0,0.13823484031403288,0.11705179341964447,0.10954642030128733,0.1475944778505882,2022
2023_13_LAC_NE,00-0035329,TE,LAC,2023,0,0.11912706404514628,0.10660240811811339,0.10757275808897697,0.10833970649911098,2022
2023_13_LAC_NE,00-0035414,WR,LAC,2023,0,0.15924366543899682,0.13775972471752368,0.12707975369270016,0.1221632938253055,2022
2023_13_LAC_NE,00-0036355,QB,LAC,2023,0,0.16971863307255397,0.13676728908483646,0.14268337829833885,0.14623390189718471,2022
2023_13_LAC_NE,00-0036370,RB,LAC,2023,0,0.14145441398806313,0.09578032105634068,0.10524393852927517,0.08302043840922556,2022
2023_13_LAC_NE,00-0037475,TE,LAC,2023,0,0.0732967874209095,0.057800837678425726,0.05996144672101511,0.06101024374427068,2022
2023_13_LAC_NE,00-0038544,WR,LAC,2023,0,0.16562609887350765,0.16445552052152354,0.1424021335280314,0.18143282365867885,2022
2023_13_LAC_NE,00-0038573,WR,LAC,2023,0,0.05807507239965293,0.05398019455544451,0.04417211236662291,0.0632323360570583,2022
2023_13_LAC_NE,00-0031547,WR,NE,2023,0,0.10397376126449842,0.09893424238056218,0.0923014825639824,0.0792792119536516,2022
2023_13_LAC_NE,00-0032200,WR,NE,2023,0,0.012483527176734954,0.026449536686804283,0.024425485152494757,0.0479318869616678,2022
2023_13_LAC_NE,00-0033045,RB,NE,2023,0,0.21913635059862657,0.10029640047973631,0.11711313874505826,0.1698263214476652,2022
2023_13_LAC_NE,00-0033090,TE,NE,2023,0,0.12779473722654366,0.10430134701672623,0.12197749477121317,0.14179988269813434,2022
2023_13_LAC_NE,00-0033439,TE,NE,2023,0,0.040868209017112855,0.0478009653321035,0.04318811058133895,0.044765132584537834,2022
2023_13_LAC_NE,00-0033857,WR,NE,2023,0,0.11347880024151102,0.08726634921598404,0.07225166846014137,0.125131927900517,2022
2023_13_LAC_NE,00-0034829,TE,NE,2023,0,0.08931894763339043,0.06540790067304475,0.06571622319639028,0.08585281546270655,2022
2023_13_LAC_NE,00-0036387,WR,NE,2023,0,0.10441870009766785,0.07860143122946243,0.08296727304269852,0.08846779839116414,2022
2023_13_LAC_NE,00-0036875,RB,NE,2023,0,0.3380394121094118,0.33246893074904454,0.2993078321742111,0.2744391893438446,2022
2023_13_LAC_NE,00-0036972,QB,NE,2023,0,0.08159688758269534,0.06801065780398509,0.05207190159064307,0.06999343206252927,2022
2023_13_LAC_NE,00-0038104,WR,NE,2023,0,0.08202221460720094,0.05089776754703078,0.05182333462342161,0.06420866117521164,2022
2023_13_LAC_NE,00-0038608,WR,NE,2023,0,0.0737677565450311,0.05020798429825876,0.05082818016152708,0.0691283071790856,2022
2023_13_LAC_NE,00-0038621,WR,NE,2023,0,0.21068726730492482,0.16029861760929723,0.15430494661031763,0.15139862719471553,2022
2023_13_MIA_WAS,00-0031687,RB,MIA,2023,1,0.43859654689055694,0.4041855241517703,0.4853498767628686,0.41852062837661275,2022
2023_13_MIA_WAS,00-0032688,WR,MIA,2023,0,0.07272810548099284,0.08965185139038703,0.07752883314157433,0.05590247282059055,2022
2023_13_MIA_WAS,00-0033040,WR,MIA,2023,1,0.41990832795053523,0.4199845311967443,0.381600380588927,0.3920784671699274,2022
2023_13_MIA_WAS,00-0034115,RB,MIA,2023,0,0.21564135204564172,0.14856818354953918,0.1567063950934369,0.11900314580566608,2022
2023_13_MIA_WAS,00-0034401,QB,MIA,2023,0,0.04520161076550999,0.00022428588824400332,0.002656677337320674,0.05278960513987352,2022
2023_13_MIA_WAS,00-0034418,WR,MIA,2023,0,0.16185136094251695,0.15273164283762256,0.13967102436201978,0.1286808517166461,2022
2023_13_MIA_WAS,00-0034419,WR,MIA,2023,0,0.08929087553416482,0.11173328939595638,0.09325099992898479,0.0653435628464406,2022
2023_13_MIA_WAS,00-0034798,TE,MIA,2023,0,0.15978025627748715,0.1861667119981667,0.19726918924287928,0.16369210134285883,2022
2023_13_MIA_WAS,00-0036020,RB,MIA,2023,0,0.2209860378167301,0.13790130108303011,0.15462544598765418,0.10923628190147965,2022
2023_13_MIA_WAS,00-0036212,QB,MIA,2023,0,0.16149934465643634,0.15101532141948745,0.11344370512658455,0.12515008828548313,2022
2023_13_MIA_WAS,00-0036297,RB,MIA,2023,0,0.045024133613541184,0.06869962939415862,0.08943811334920561,0.06656018057793305,2022
2023_13_MIA_WAS,00-0036326,WR,MIA,2023,0,0.035168404295948585,0.06695872319616007,0.05777164479288062,0.051555618254469346,2022
2023_13_MIA_WAS,00-0036613,WR,MIA,2023,0,0.28506239555199975,0.25112984601286603,0.2556687712276223,0.2309750799423885,2022
2023_13_MIA_WAS,00-0038720,TE,MIA,2023,0,0.058138914092170424,0.0873701695517864,0.08009054743245458,0.054939857991258646,2022
2023_13_MIA_WAS,00-0039040,RB,MIA,2023,1,0.2960273811452866,0.19203787732283523,0.2473492036981321,0.1925529085516209,2022
2023_13_MIA_WAS,00-0031260,TE,WAS,2023,0,0.16813872249482786,0.1480598638441383,0.11485213111823842,0.16915742634085268,2022
2023_13_MIA_WAS,00-0031941,WR,WAS,2023,0,0.08011976018032363,0.06310267119265565,0.06563519019704929,0.07990614713413943,2022
2023_13_MIA_WAS,00-0033282,WR,WAS,2023,0,0.16094567573135632,0.1003279616311237,0.0997632123657789,0.1370951794378742,2022
2023_13_MIA_WAS,00-0033296,RB,WAS,2023,0,0.019544246891962658,0.041813961018477515,0.051543681237374024,0.044360772749409486,2022
2023_13_MIA_WAS,00-0034297,WR,WAS,2023,0,0.06009988246986964,0.052252894074993755,0.056408177183683426,0.05755229790538792,2022
2023_13_MIA_WAS,00-0035659,WR,WAS,2023,0,0.22066346653197433,0.1923742603105301,0.24062665245866938,0.191293290635471,2022
2023_13_MIA_WAS,00-0035715,RB,WAS,2023,0,0.035637560256320255,0.033096062222904774,0.04379873155619037,0.052809811777105635,2022
2023_13_MIA_WAS,00-0036328,RB,WAS,2023,0,0.20262876770019733,0.14219981173996954,0.1357997837243774,0.1949879409390327,2022
2023_13_MIA_WAS,00-0036626,WR,WAS,2023,0,0.06317772212248118,0.054410812303679154,0.05988305493097304,0.053007596621841374,2022
2023_13_MIA_WAS,00-0036628,TE,WAS,2023,0,0.0694547838531886,0.077911723036102,0.06393563299045131,0.05698361863594028,2022
2023_13_MIA_WAS,00-0037077,QB,WAS,2023,1,0.14233801581720018,0.09457573653808647,0.06418847231451583,0.10337901528337509,2022
2023_13_MIA_WAS,00-0037078,TE,WAS,2023,0,0.06780831049081892,0.047821085082594736,0.026573060151439544,0.0902749225997425,2022
2023_13_MIA_WAS,00-0037741,WR,WAS,2023,0,0.17374549121990224,0.1769733529037284,0.17339691661884007,0.18047273157940663,2022
2023_13_MIA_WAS,00-0037746,RB,WAS,2023,0,0.367005028157539,0.30249428400659273,0.3968472780237812,0.2959734265882378,2022
2023_13_MIA_WAS,00-0038611,RB,WAS,2023,0,0.10062371901639156,0.06009118391717234,0.08701210865787525,0.07580603706750118,2022
2023_13_SEA_DAL,00-0031236,WR,DAL,2023,1,0.2213867588274313,0.21817145769884314,0.18992843674022797,0.21362231088012462,2022
2023_13_SEA_DAL,00-0033077,QB,DAL,2023,0,0.1800760616251067,0.1385941748237444,0.11610579633825173,0.1310324906892143,2022
2023_13_SEA_DAL,00-0033662,QB,DAL,2023,0,0.08725370261969001,0.04497945043833137,0.027930700300549758,0.07013058194812627,2022
2023_13_SEA_DAL,00-0034764,WR,DAL,2023,0,0.1326382405804053,0.12072669904584801,0.10771385752756897,0.08125661885917969,2022
2023_13_SEA_DAL,00-0035261,RB,DAL,2023,1,0.4698743917570619,0.4588561022611127,0.44909148249816205,0.4126664296172715,2022
2023_13_SEA_DAL,00-0036139,RB,DAL,2023,0,0.23773154185417888,0.14944275787265215,0.1861502555575652,0.11093943712531802,2022
2023_13_SEA_DAL,00-0036358,WR,DAL,2023,1,0.4417012448525284,0.5290442609136581,0.5084177622758972,0.3922621371524601,2022
2023_13_SEA_DAL,00-0037666,WR,DAL,2023,0,0.16805764821534475,0.1301317289714393,0.13002482701880333,0.11105791339288194,2022
2023_13_SEA_DAL,00-0037801,WR,DAL,2023,0,0.09094631011687004,0.07175416413319353,0.06457590745317793,0.07281185667912402,2022
2023_13_SEA_DAL,00-0038041,TE,DAL,2023,1,0.2601023098419659,0.2546253194467418,0.23924975573290375,0.24533338754203085,2022
2023_13_SEA_DAL,00-0038547,TE,DAL,2023,0,0.08526425186490527,0.08604396178673042,0.07773927437250312,0.0587379488302556,2022
2023_13_SEA_DAL,00-0038622,RB,DAL,2023,0,0.1637312234921645,0.10960389758746393,0.12793225871602312,0.08194562481906503,2022
2023_13_SEA_DAL,00-0038640,WR,DAL,2023,0,0.10269860736946534,0.09082862471253124,0.07616191943036422,0.07803381319329462,2022
2023_13_SEA_DAL,00-0038738,RB,DAL,2023,0,0.05110098510207839,0.061413988900097576,0.07915286546655827,0.059221538408465994,2022
2023_13_SEA_DAL,00-0030565,QB,SEA,2023,1,0.10610293364144441,0.0856228183199427,0.06785359823555046,0.08301372828232972,2022
2023_13_SEA_DAL,00-0032211,WR,SEA,2023,0,0.21965985365130236,0.2060685319739995,0.21443824611064707,0.21342984695374004,2022
2023_13_SEA_DAL,00-0034159,TE,SEA,2023,0,0.05090193590147818,0.05378308373840172,0.04516939501654446,0.0477379774403203,2022
2023_13_SEA_DAL,00-0035640,WR,SEA,2023,1,0.25871418139837055,0.1682662114657629,0.24446223789415558,0.20703277622779742,2022
2023_13_SEA_DAL,00-0035644,TE,SEA,2023,0,0.08131036958564619,0.08389808867989375,0.08319602780510944,0.06773400085214666,2022
2023_13_SEA_DAL,00-0035704,QB,SEA,2023,0,0.023328339115176178,0.02360145607705669,0.011478989367855413,0.04686203003615596,2022
2023_13_SEA_DAL,00-0036244,TE,SEA,2023,0,0.06070313736415245,0.059146459752374335,0.03895349048611896,0.07069288074150737,2022
2023_13_SEA_DAL,00-0036425,RB,SEA,2023,0,0.02630068925616902,0.036636069373608256,0.046400297736686205,0.04864736481439922,2022
2023_13_SEA_DAL,00-0036620,WR,SEA,2023,0,0.024649907382513603,0.03496192802480215,0.03433424629368994,0.04500543290606185,2022
2023_13_SEA_DAL,00-0038134,RB,SEA,2023,0,0.3244486829326346,0.2632228269103214,0.3205843529493292,0.343610711726815,2022
2023_13_SEA_DAL,00-0038543,WR,SEA,2023,0,0.14863587434540282,0.12801643960615755,0.1344851241879506,0.1569704497530016,2022
2023_13_SEA_DAL,00-0038752,WR,SEA,2023,0,0.08899764885154804,0.0631159207583047,0.06538307574559434,0.09507600741254668,2022
2023_13_SEA_DAL,00-0039165,RB,SEA,2023,1,0.2983221569543656,0.2761982531154629,0.2545358493328695,0.2645676218109338,2022
2023_13_SF_PHI,00-0027944,WR,PHI,2023,0,0.09673643697537271,0.0811987889879223,0.08232174192977815,0.06453923354632503,2022
2023_13_SF_PHI,00-0034351,TE,PHI,2023,0,0.22725234522093174,0.20904483815768266,0.19995186734135,0.2186234592528216,2022
2023_13_SF_PHI,00-0034414,RB,PHI,2023,0,0.053105597729560916,0.04707355268899797,0.06099207261202783,0.0557325409896005,2022
2023_13_SF_PHI,00-0034750,RB,PHI,2023,0,0.06306902022726424,0.05454320507905824,0.0669741268034788,0.06673987448336172,2022
2023_13_SF_PHI,00-0035208,WR,PHI,2023,0,0.08101381860630574,0.07883017856153776,0.08130461910712099,0.05628259254781066,2022
2023_13_SF_PHI,00-0035676,WR,PHI,2023,0,0.3347786869647038,0.35229764406797415,0.3571442649432654,0.27579237634631387,2022
2023_13_SF_PHI,00-0036275,RB,PHI,2023,0,0.3749853674445114,0.4081768087471583,0.36850149141106064,0.34849750217531494,2022
2023_13_SF_PHI,00-0036389,QB,PHI,2023,1,0.2734955402534762,0.24055460914260576,0.290603398078859,0.3010463705400219,2022
2023_13_SF_PHI,00-0036741,TE,PHI,2023,0,0.07294843219896752,0.06881184891787755,0.05720568119375898,0.05450831130420693,2022
2023_13_SF_PHI,00-0036912,WR,PHI,2023,1,0.25608671736289823,0.2866914960519535,0.28604993327330175,0.23742766109402813,2022
2023_13_SF_PHI,00-0036919,RB,PHI,2023,0,0.15828437096125136,0.10034542032267663,0.0968209314074255,0.09272029848980667,2022
2023_13_SF_PHI,00-0033280,RB,SF,2023,1,0.578616341721957,0.6842201433452841,0.6563726440126575,0.42437506096589217,2022
2023_13_SF_PHI,00-0033288,TE,SF,2023,0,0.3287919650839396,0.30039645163275636,0.32658139982672296,0.2923968188256122,2022
2023_13_SF_PHI,00-0034407,WR,SF,2023,0,0.06435327436113181,0.06316059236524718,0.05843549249598777,0.04967285831370723,2022
2023_13_SF_PHI,00-0034869,QB,SF,2023,0,0.04327847999416923,0.0001720130178415128,0.0018381800222233779,0.05057149785007512,2022
2023_13_SF_PHI,00-0035719,WR,SF,2023,1,0.2772557275022127,0.20028322027258935,0.1516095721892334,0.2423638136289088,2022
2023_13_SF_PHI,00-0036259,WR,SF,2023,1,0.1556926901304927,0.11553393171141862,0.11172375460190168,0.08817016607270306,2022
2023_13_SF_PHI,00-0036261,WR,SF,2023,1,0.26983163162246093,0.25146396070723026,0.2589284847394493,0.2480247576332081,2022
2023_13_SF_PHI,00-0036429,TE,SF,2023,0,0.031037634458035313,0.060017613385411325,0.05241415940596141,0.04714293915387592,2022
2023_13_SF_PHI,00-0036567,RB,SF,2023,0,0.14717593422619668,0.08943354976601169,0.11377044926030087,0.08311689886210875,2022
2023_13_SF_PHI,00-0037834,QB,SF,2023,0,0.16779908804643817,0.13852972460732055,0.1364132839506886,0.1486811434751179,2022
2023_13_SF_PHI,00-0038647,WR,SF,2023,0,0.04221804335577495,0.053240649780935845,0.052703862462009116,0.04782402719999561,2022
2023_14_BUF_KC,00-0030513,RB,BUF,2023,0,0.23806217690052656,0.1477033507543248,0.1454471450936626,0.2178358000232673,2022
2023_14_BUF_KC,00-0031588,WR,BUF,2023,0,0.2799532879732577,0.2609868453691642,0.2764373529293582,0.25345382928254556,2022
2023_14_BUF_KC,00-0034487,WR,BUF,2023,0,0.054964415972623915,0.06183981735481628,0.060333556220363876,0.04612189322196873,2022
2023_14_BUF_KC,00-0034577,QB,BUF,2023,0,0.052306386694234264,0.0001679524398971769,0.0019046461979733904,0.054825485492455014,2022
2023_14_BUF_KC,00-0034857,QB,BUF,2023,1,0.21921455217725283,0.15922561753721823,0.1552545073838493,0.15582704992305066,2022
2023_14_BUF_KC,00-0035215,WR,BUF,2023,0,0.04276940561510434,0.04936456694986188,0.049826031856147986,0.04570586427621768,2022
2023_14_BUF_KC,00-0035537,RB,BUF,2023,0,0.06956585159734441,0.05755187680824503,0.069433714217753,0.06511430349917051,2022
2023_14_BUF_KC,00-0036187,RB,BUF,2023,0,0.02116958674353875,0.04884585277355229,0.061493404646567516,0.0461087401572936,2022
2023_14_BUF_KC,00-0036196,WR,BUF,2023,0,0.26428222180410743,0.28082429977951096,0.2822140724127896,0.23720837659262342,2022
2023_14_BUF_KC,00-0036590,TE,BUF,2023,0,0.0902116301500201,0.0652579702388199,0.09177906253566141,0.10271698012408913,2022
2023_14_BUF_KC,00-0037248,RB,BUF,2023,1,0.36230263213199165,0.3304136736779798,0.3510817873324718,0.35844145077202577,2022
2023_14_BUF_KC,00-0037261,WR,BUF,2023,0,0.16571801967171462,0.16598461696926967,0.1605337025610436,0.14671673377713515,2022
2023_14_BUF_KC,00-0038933,TE,BUF,2023,0,0.2548929815613292,0.23232569206308543,0.1846191125954434,0.20509614166223236,2022
2023_14_BUF_KC,00-0030506,TE,KC,2023,0,0.26558385106512594,0.2520582530264394,0.23716800135070817,0.24732061065364655,2022
2023_14_BUF_KC,00-0031376,RB,KC,2023,1,0.14021963073522736,0.09743232554682195,0.09495772430329256,0.08952970766408525,2022
2023_14_BUF_KC,00-0032062,TE,KC,2023,0,0.06516624144909122,0.0604986964423535,0.0468413133082794,0.05652215296213398,2022
2023_14_BUF_KC,00-0033873,QB,KC,2023,0,0.20763207991038934,0.17330151244723233,0.2045109627681244,0.1617044794599373,2022
2023_14_BUF_KC,00-0034272,WR,KC,2023,0,0.14819530886759225,0.11732228527391579,0.12057544594580658,0.08425481328348608,2022
2023_14_BUF_KC,00-0034286,WR,KC,2023,0,0.052150252079966375,0.05659500040173501,0.05581814141735599,0.047291185518358404,2022
2023_14_BUF_KC,00-0034386,WR,KC,2023,0,0.1986440098520289,0.14360722025774614,0.13571198500991177,0.13484554527206633,2022
2023_14_BUF_KC,00-0035140,WR,KC,2023,0,0.10688485484258203,0.07206873273518076,0.07001715804351587,0.09655013928858176,2022
2023_14_BUF_KC,00-0036360,RB,KC,2023,0,0.10280553943232884,0.06475525124131919,0.09808331255704947,0.0717455925656194,2022
2023_14_BUF_KC,00-0036637,TE,KC,2023,0,0.11498240621810096,0.10228972932125352,0.0821403141664998,0.08608947410709407,2022
2023_14_BUF_KC,00-0036913,WR,KC,2023,0,0.07362225986433601,0.06455868763671992,0.05691667330199858,0.057070341712992995,2022
2023_14_BUF_KC,00-0037197,RB,KC,2023,0,0.4817983654079845,0.4824170079935536,0.5128316975385122,0.42784838572127426,2022
2023_14_BUF_KC,00-0038090,WR,KC,2023,0,0.12465333034044601,0.11155187155706665,0.10383139592529993,0.08533117862623381,2022
2023_14_BUF_KC,00-0039067,WR,KC,2023,1,0.24099034228050353,0.199715501478994,0.1756177235904813,0.2080967374789713,2022
2023_14_CAR_NO,00-0030035,WR,CAR,2023,0,0.20603148099371627,0.1875203947010491,0.16807159704581318,0.16739056164485813,2022
2023_14_CAR_NO,00-0034365,TE,CAR,2023,0,0.0450424041404629,0.04419947506244017,0.047198333849843614,0.047751012365962776,2022
2023_14_CAR_NO,00-0034777,WR,CAR,2023,0,0.12835113874098747,0.10412538539043292,0.09707762193562179,0.13560957104361443,2022
2023_14_CAR_NO,00-0035243,RB,CAR,2023,0,0.19505768982048166,0.122520673909564,0.12918961727982403,0.12274210606749127,2022
2023_14_CAR_NO,00-0036268,WR,CAR,2023,0,0.0630446417682019,0.040149883235846805,0.03223704810466338,0.06947015673101375,2022
2023_14_CAR_NO,00-0036438,TE,CAR,2023,0,0.0613410097379703,0.045862402580900005,0.044827754608597545,0.06258425037301592,2022
2023_14_CAR_NO,00-0036482,WR,CAR,2023,0,0.0522307755390079,0.047184090382210706,0.043546968715239665,0.04864123495434767,2022
2023_14_CAR_NO,00-0036555,RB,CAR,2023,0,0.32736854768617485,0.22313904574618734,0.24631050883325276,0.27912632387580105,2022
2023_14_CAR_NO,00-0036635,WR,CAR,2023,0,0.00811807638065598,0.028483709109844317,0.024443688847241823,0.04672599515629997,2022
2023_14_CAR_NO,00-0037005,TE,CAR,2023,0,0.0996525943388138,0.07892551953152438,0.07580279079837907,0.10482804487524854,2022
2023_14_CAR_NO,00-0037429,RB,CAR,2023,0,0.047486204031672696,0.038831865356743614,0.04298393634444216,0.061055784041913225,2022
2023_14_CAR_NO,00-0039062,WR,CAR,2023,0,0.2002799602498867,0.19118179430996274,0.18027334792036484,0.16192063334541257,2022
2023_14_CAR_NO,00-0039150,QB,CAR,2023,0,0.09906217808496509,0.07849258223861987,0.0781291493216781,0.0918703731995484,2022
2023_14_CAR_NO,00-0027696,TE,NO,2023,1,0.04503304886158144,0.04596607274732771,0.03892404289978926,0.06667082537774564,2022
2023_14_CAR_NO,00-0031280,QB,NO,2023,0,0.0844404676695849,0.07509156556282393,0.052913266482423366,0.06786209543818554,2022
2023_14_CAR_NO,00-0031503,QB,NO,2023,0,0.028455013235913484,0.030140720619680386,0.014522944916680177,0.04626190431904466,2022
2023_14_CAR_NO,00-0032765,WR,NO,2023,0,0.15521186583687696,0.14293915959382422,0.13054389448945902,0.15436164857245696,2022
2023_14_CAR_NO,00-0033357,TE,NO,2023,0,0.2719726253680742,0.21130940597354878,0.06570167392168115,0.2167541656762023,2022
2023_14_CAR_NO,00-0033906,RB,NO,2023,1,0.3927725667449581,0.41411243689092875,0.30369695848827194,0.3659805600499148,2022
2023_14_CAR_NO,00-0033948,RB,NO,2023,0,0.1359093349785555,0.10112579681280155,0.09994046744980457,0.09042951705038886,2022
2023_14_CAR_NO,00-0034317,WR,NO,2023,0,0.06201109843710406,0.05789911849226946,0.057430982034103774,0.0562755222074592,2022
2023_14_CAR_NO,00-0034981,TE,NO,2023,0,0.06716333507171302,0.08350703978419555,0.07637999299699874,0.05493671130125463,2022
2023_14_CAR_NO,00-0036040,TE,NO,2023,0,0.15438012737705642,0.1384991229424484,0.1425650375819049,0.13507750343072455,2022
2023_14_CAR_NO,00-0036364,WR,NO,2023,0,0.08373709037364674,0.08703226736304417,0.06845152791065534,0.06035137011373007,2022
2023_14_CAR_NO,00-0037239,WR,NO,2023,1,0.25093584974306393,0.21945297018146723,0.22177642292856997,0.23382778583573205,2022
2023_14_CAR_NO,00-0037545,WR,NO,2023,0,0.16695752269213326,0.1306690020875716,0.12387210050705319,0.19148689798444715,2022
2023_14_CAR_NO,00-0038612,WR,NO,2023,0,0.12895231805278418,0.13639766605213233,0.1114323110012906,0.09780406904819168,2022
2023_14_DEN_LAC,00-0029263,QB,DEN,2023,0,0.21119088100977446,0.17784112133485303,0.15951679356010615,0.23453284309243724,2022
2023_14_DEN_LAC,00-0031484,TE,DEN,2023,0,0.05640833736472328,0.054586712204697956,0.052061034938050005,0.04741679121305523,2022
2023_14_DEN_LAC,00-0033526,RB,DEN,2023,0,0.1753133797801496,0.0926283338356513,0.07266719514829197,0.09430308096575453,2022
2023_14_DEN_LAC,00-0034348,WR,DEN,2023,1,0.26761947434435396,0.2043838194242175,0.2669796214919167,0.21570856638116023,2022
2023_14_DEN_LAC,00-0035406,WR,DEN,2023,0,0.052676360819784884,0.05613215959094762,0.05449167326812457,0.0477379774403203,2022
2023_14_DEN_LAC,00-0036407,WR,DEN,2023,0,0.20329803784753664,0.13494907281236768,0.16041546775993928,0.15741775742259553,2022
2023_14_DEN_LAC,00-0036422,TE,DEN,2023,1,0.11403986528272614,0.10985519885450591,0.12733739714417275,0.08338848471089542,2022
2023_14_DEN_LAC,00-0036997,RB,DEN,2023,1,0.40691742690927346,0.4914136803928519,0.4811780593222898,0.3474344844433012,2022
2023_14_DEN_LAC,00-0037539,TE,DEN,2023,0,0.06067729837096336,0.0467987105062016,0.0491814114317651,0.05752393180002258,2022
2023_14_DEN_LAC,00-0038783,TE,DEN,2023,0,0.038116801116361954,0.04151404068165257,0.030014295299393548,0.046317987880113265,2022
2023_14_DEN_LAC,00-0038794,RB,DEN,2023,0,0.13906305460907598,0.07128372754922224,0.07096476292769409,0.08796533860461998,2022
2023_14_DEN_LAC,00-0038976,WR,DEN,2023,0,0.11329517092814068,0.08809581640478868,0.08887508184858112,0.07704200522639701,2022
2023_14_DEN_LAC,00-0030279,WR,LAC,2023,0,0.3758006159676238,0.43412069135233416,0.4376572780312958,0.39124076863360824,2022
2023_14_DEN_LAC,00-0032543,WR,LAC,2023,0,0.08385989950476425,0.09278524961305415,0.08697415217268736,0.05820778069010761,2022
2023_14_DEN_LAC,00-0033699,RB,LAC,2023,1,0.4810065743809834,0.47298066281894674,0.4074015748859607,0.4350433618339085,2022
2023_14_DEN_LAC,00-0033895,TE,LAC,2023,0,0.15130551324224073,0.11633389860410423,0.08684619804129347,0.15831095213685112,2022
2023_14_DEN_LAC,00-0035329,TE,LAC,2023,0,0.13153444547450055,0.11473822352108379,0.09085724143851126,0.10360859986177633,2022
2023_14_DEN_LAC,00-0035414,WR,LAC,2023,0,0.17544711626629272,0.14700889495643882,0.13823026396443178,0.12052979584731503,2022
2023_14_DEN_LAC,00-0036355,QB,LAC,2023,0,0.20846412021889926,0.16166743331915834,0.17373065225760526,0.16097269870697895,2022
2023_14_DEN_LAC,00-0036370,RB,LAC,2023,0,0.17989146428450686,0.11994971903988644,0.13766132855042565,0.09219623609623165,2022
2023_14_DEN_LAC,00-0037475,TE,LAC,2023,0,0.07836384289792986,0.05750264130010091,0.04453998424620647,0.062043461869187626,2022
2023_14_DEN_LAC,00-0038544,WR,LAC,2023,0,0.19334620888077225,0.1867412420818864,0.17802488760794663,0.21632677737234404,2022
2023_14_DEN_LAC,00-0038573,WR,LAC,2023,0,0.05604409627839668,0.05726208576614599,0.05041366655313536,0.05205507148756953,2022
2023_14_DET_CHI,00-0024243,TE,CHI,2023,0,0.03550260289433316,0.05267610090765766,0.04552434985926975,0.046884165896894626,2022
2023_14_DET_CHI,00-0033292,WR,CHI,2023,0,0.012292756228003743,0.038069683045001905,0.03355830980275892,0.04624598999704025,2022
2023_14_DET_CHI,00-0033757,TE,CHI,2023,0,0.043086760348031494,0.05151175548787847,0.041929050431151166,0.04832831310602634,2022
2023_14_DET_CHI,00-0033925,RB,CHI,2023,0,0.2437448172182508,0.2200983401031594,0.2166561689141226,0.28199535849495866,2022
2023_14_DET_CHI,00-0034279,WR,CHI,2023,0,0.05499391190072178,0.07309121238878521,0.06524253160327695,0.05583392183977539,2022
2023_14_DET_CHI,00-0034827,WR,CHI,2023,1,0.23303687588939537,0.2841901034120987,0.3052310257056523,0.21583872978391033,2022
2023_14_DET_CHI,00-0035594,RB,CHI,2023,0,0.006120350150071396,0.034936981783362825,0.04544028171544368,0.04897264364465995,2022
2023_14_DET_CHI,00-0036290,TE,CHI,2023,0,0.2087683342760085,0.20697297357685016,0.2222854827279763,0.19220720417412296,2022
2023_14_DET_CHI,00-0036297,RB,CHI,2023,0,0.14822354128077975,0.097882767599477,0.10543621757193582,0.10765877518568537,2022
2023_14_DET_CHI,00-0036309,WR,CHI,2023,0,0.1335743081430646,0.14715247388626723,0.12931569096097373,0.14748767066025828,2022
2023_14_DET_CHI,00-0036906,RB,CHI,2023,0,0.24847077557298958,0.2719856064157547,0.2778579255010919,0.25750243166139936,2022
2023_14_DET_CHI,00-0036945,QB,CHI,2023,1,0.1760727996769168,0.1783610011295884,0.3033960222514928,0.203375920120813,2022
2023_14_DET_CHI,00-0037745,WR,CHI,2023,0,0.035580224760144885,0.042514508430390306,0.03834608265727786,0.047130726629329774,2022
2023_14_DET_CHI,00-0038416,QB,CHI,2023,0,0.12031437289398772,0.09595266743831757,0.1003779353521839,0.12698676267160708,2022
2023_14_DET_CHI,00-0038941,WR,CHI,2023,0,0.0875214190321505,0.08809965950549026,0.07985114164068279,0.0745329862229046,2022
2023_14_DET_CHI,00-0039021,RB,CHI,2023,0,0.16605721715105504,0.1389342433990391,0.12285705856494164,0.16213090780029715,2022
2023_14_DET_CHI,00-0032464,WR,DET,2023,0,0.1171240027489372,0.07550090185287951,0.07162642734082811,0.0895848445262954,2022
2023_14_DET_CHI,00-0033106,QB,DET,2023,0,0.12288374127910284,0.12423760699207775,0.11007680601169084,0.09821607158389205,2022
2023_14_DET_CHI,00-0033943,WR,DET,2023,1,0.13593936261957995,0.13884327865429366,0.12932440291885874,0.08265427763843604,2022
2023_14_DET_CHI,00-0035567,RB,DET,2023,0,0.17742888053005512,0.1092774489979542,0.12349542351505803,0.08316969442806163,2022
2023_14_DET_CHI,00-0035685,RB,DET,2023,0,0.3296886202627386,0.2565446629094511,0.3002470333228328,0.24350996824707716,2022
2023_14_DET_CHI,00-0036233,WR,DET,2023,0,0.03663326341593387,0.04328281074216683,0.047494884633714936,0.05359075570384245,2022
2023_14_DET_CHI,00-0036754,TE,DET,2023,0,0.06873123946454318,0.08055316444799432,0.07914555076913779,0.047572499367778645,2022
2023_14_DET_CHI,00-0036963,WR,DET,2023,0,0.31489151356615486,0.33609826272837895,0.31862510569359287,0.28736288301996304,2022
2023_14_DET_CHI,00-0037240,WR,DET,2023,0,0.11487654436435368,0.11481303452290294,0.10360191093429048,0.08059620116978636,2022
2023_14_DET_CHI,00-0039065,TE,DET,2023,0,0.26211588401846453,0.2603454642432103,0.26946501722758254,0.23769788742255357,2022
2023_14_DET_CHI,00-0039139,RB,DET,2023,1,0.40589112710852704,0.45865963552483646,0.3663708841064028,0.3716402172186935,2022
2023_14_GB_NYG,00-0033293,RB,GB,2023,0,0.29218551272365645,0.2370752362161434,0.2194600647849003,0.2530467960667796,2022
2023_14_GB_NYG,00-0035831,RB,GB,2023,0,0.045348048076969794,0.04769632157368217,0.04874066529276548,0.05825143871185393,2022
2023_14_GB_NYG,00-0035973,RB,GB,2023,0,0.12543256174836814,0.09117604794806876,0.07374437277618913,0.0865077681931249,2022
2023_14_GB_NYG,00-0036264,QB,GB,2023,0,0.10753653760519066,0.111168933449188,0.09819242145867461,0.10531092961293333,2022
2023_14_GB_NYG,00-0036265,RB,GB,2023,0,0.28441972295386897,0.2739527993462892,0.2526932494554679,0.2985769836703173,2022
2023_14_GB_NYG,00-0037816,WR,GB,2023,0,0.1531340430599084,0.16888403999361545,0.15359831594383772,0.1846927853638628,2022
2023_14_GB_NYG,00-0038124,WR,GB,2023,0,0.20179829432831986,0.1729414830471895,0.18078832157364405,0.2039914848525947,2022
2023_14_GB_NYG,00-0038393,WR,GB,2023,0,0.11205988581751736,0.08387427841588177,0.07734286114331898,0.08897678726827037,2022
2023_14_GB_NYG,00-0038465,WR,GB,2023,1,0.055922843524426336,0.04986455848898596,0.04508175272163488,0.049701290244265194,2022
2023_14_GB_NYG,00-0038797,RB,GB,2023,0,0.07710832844803739,0.05911822983051052,0.06104163980078911,0.07204244015206855,2022
2023_14_GB_NYG,00-0038809,TE,GB,2023,0,0.04780475913667248,0.04586866491436134,0.045598789475679184,0.05551107283064387,2022
2023_14_GB_NYG,00-0038996,TE,GB,2023,0,0.09779903745619722,0.09681598926397442,0.13314391345876855,0.08535328843890817,2022
2023_14_GB_NYG,00-0039144,TE,GB,2023,0,0.13874997511759246,0.1358841424373076,0.18485248435520313,0.16469750397530128,2022
2023_14_GB_NYG,00-0039146,WR,GB,2023,1,0.172190159058479,0.13716796270012255,0.11620788064314176,0.15342098486270717,2022
2023_14_GB_NYG,00-0032385,WR,NYG,2023,0,0.11354463443388296,0.046949549406070844,0.04237564899879282,0.10688025088762948,2022
2023_14_GB_NYG,00-0033308,RB,NYG,2023,0,0.0812920556199509,0.04766379179412936,0.05213226150426539,0.07735124245809112,2022
2023_14_GB_NYG,00-0034844,RB,NYG,2023,1,0.39039153346201827,0.5045556489241748,0.4519658472897288,0.2926479782609568,2022
2023_14_GB_NYG,00-0035535,WR,NYG,2023,0,0.1580985723429572,0.1134890193857919,0.12262609549951947,0.15039471173349922,2022
2023_14_GB_NYG,00-0035639,WR,NYG,2023,0,0.032754300518353374,0.03159486096644808,0.0306062683037995,0.04716146251395179,2022
2023_14_GB_NYG,00-0036145,TE,NYG,2023,0,0.05446422582959887,0.04151119700022391,0.03541650292783868,0.0543588578037483,2022
2023_14_GB_NYG,00-0036165,WR,NYG,2023,1,0.07964249266567114,0.05493683823948966,0.054757873146670834,0.05664632841450043,2022
2023_14_GB_NYG,00-0037410,RB,NYG,2023,0,0.0682163769826114,0.037808549890731825,0.03994291743882381,0.06867228393604774,2022
2023_14_GB_NYG,00-0038115,TE,NYG,2023,0,0.10817554257977124,0.11557236829880772,0.1573871190374134,0.08421620354944037,2022
2023_14_GB_NYG,00-0038117,WR,NYG,2023,0,0.14899867517396392,0.10211223607004115,0.0966137535757026,0.1388651623752072,2022
2023_14_GB_NYG,00-0038476,QB,NYG,2023,0,0.11203556876342258,0.071712406832981,0.0554366278380127,0.0975953892529497,2022
2023_14_GB_NYG,00-0038938,WR,NYG,2023,0,0.13562750969329063,0.07750773906583709,0.09843033034271045,0.1192204657038388,2022
2023_14_HOU_NYJ,00-0030431,WR,HOU,2023,0,0.0959867958094971,0.09904381633371347,0.0911422017141153,0.10656006511570161,2022
2023_14_HOU_NYJ,00-0033576,TE,HOU,2023,0,0.035030496971393155,0.04632051847713346,0.04855173383430851,0.046192062208787014,2022
2023_14_HOU_NYJ,00-0033591,WR,HOU,2023,0,0.1350556051936751,0.14845903851963385,0.13766760928634914,0.1412883954534789,2022
2023_14_HOU_NYJ,00-0033854,RB,HOU,2023,0,0.022121575984891395,0.03679473970053405,0.040400728087444104,0.04743418600236562,2022
2023_14_HOU_NYJ,00-0034208,RB,HOU,2023,0,0.0385601739683058,0.04618513299121198,0.043836624548225164,0.05215537579675234,2022
2023_14_HOU_NYJ,00-0034383,TE,HOU,2023,0,0.12675870876829742,0.13920727323450463,0.176560259771384,0.15879149495619516,2022
2023_14_HOU_NYJ,00-0034928,WR,HOU,2023,0,0.017417593184752223,0.03183699381562997,0.02689140862836889,0.04795315690958684,2022
2023_14_HOU_NYJ,00-0035250,RB,HOU,2023,1,0.29701694062615824,0.4100355090972383,0.37051437161343526,0.28096281252100413,2022
2023_14_HOU_NYJ,00-0036554,WR,HOU,2023,0,0.1965041104254519,0.23279267251025074,0.20285913598527675,0.20381384072679118,2022
2023_14_HOU_NYJ,00-0036556,TE,HOU,2023,0,0.060958788112671525,0.058038958960011905,0.06175728568778409,0.06047595492619737,2022
2023_14_HOU_NYJ,00-0037258,RB,HOU,2023,0,0.21241746376460013,0.20620231392309618,0.19444287484956183,0.26100960549415453,2022
2023_14_HOU_NYJ,00-0037614,WR,HOU,2023,0,0.04283859639103771,0.04781490466753346,0.042266652463667585,0.051683155701903925,2022
2023_14_HOU_NYJ,00-0038618,WR,HOU,2023,0,0.026921777671875424,0.034604390115530737,0.028485011511596846,0.045811116790058726,2022
2023_14_HOU_NYJ,00-0038977,WR,HOU,2023,0,0.21438931549994666,0.2762516056480565,0.23480896812373112,0.2063324051773831,2022
2023_14_HOU_NYJ,00-0039163,QB,HOU,2023,0,0.09702301927468004,0.11099976278452017,0.07548584251473425,0.09410129385186583,2022
2023_14_HOU_NYJ,00-0032134,TE,NYJ,2023,0,0.049371567384605686,0.04488702599609896,0.052102669730928135,0.06640311706494179,2022
2023_14_HOU_NYJ,00-0032156,QB,NYJ,2023,0,0.03143620541735004,0.025390510501095857,0.02117129820063542,0.04884829663236729,2022
2023_14_HOU_NYJ,00-0033893,RB,NYJ,2023,0,0.10705202347855258,0.05473126774275403,0.0652459550749141,0.08134206715264015,2022
2023_14_HOU_NYJ,00-0034177,QB,NYJ,2023,0,0.05916446422180466,0.03886604796589563,0.02833214301664526,0.0650045496105402,2022
2023_14_HOU_NYJ,00-0034270,TE,NYJ,2023,0,0.12728333730725694,0.0897618928529753,0.10086064456381956,0.13876068135442682,2022
2023_14_HOU_NYJ,00-0034433,RB,NYJ,2023,0,0.03459098802841365,0.027855589165893903,0.03589238453770705,0.053427176320990116,2022
2023_14_HOU_NYJ,00-0034521,WR,NYJ,2023,0,0.09944834766545807,0.09239821582653956,0.07360727977701717,0.0900924859336484,2022
2023_14_HOU_NYJ,00-0037013,QB,NYJ,2023,0,0.10884541806499126,0.09170254866371161,0.11328020249884965,0.11181560296499558,2022
2023_14_HOU_NYJ,00-0037740,WR,NYJ,2023,0,0.22232508138089468,0.2759086664519759,0.21973230266345042,0.19694299141669863,2022
2023_14_HOU_NYJ,00-0037805,TE,NYJ,2023,0,0.05957812919758121,0.049617282856440875,0.05675670172982003,0.0644725304273992,2022
2023_14_HOU_NYJ,00-0038120,RB,NYJ,2023,1,0.31296084021726533,0.28131082662569373,0.27720642155339004,0.2562231906932996,2022
2023_14_HOU_NYJ,00-0038389,RB,NYJ,2023,0,0.07108819819038825,0.047046624818118304,0.024753596466988683,0.07491116027687446,2022
2023_14_HOU_NYJ,00-0038492,WR,NYJ,2023,0,0.07563000259463948,0.13298328790198205,0.09082857807336726,0.09717912798712942,2022
2023_14_HOU_NYJ,00-0038496,WR,NYJ,2023,1,0.08855002692206193,0.0795176295617208,0.0635846393196227,0.12316888130114878,2022
2023_14_IND_CIN,00-0033009,WR,CIN,2023,0,0.23888598675124584,0.23277842543164137,0.22747927442914923,0.24215690942753137,2022
2023_14_IND_CIN,00-0033897,RB,CIN,2023,1,0.4789489739531023,0.4718551183041414,0.5332595676684099,0.4234846800707813,2022
2023_14_IND_CIN,00-0034613,TE,CIN,2023,1,0.14899617404811294,0.09587077884075781,0.06945061505326121,0.11598688837953042,2022
2023_14_IND_CIN,00-0034970,TE,CIN,2023,0,0.07786521925839951,0.06972537787798591,0.059860984553842686,0.060257112546529164,2022
2023_14_IND_CIN,00-0035100,QB,CIN,2023,1,0.1418533416517066,0.07214427565539246,0.049557603434261896,0.11155107935541134,2022
2023_14_IND_CIN,00-0035291,RB,CIN,2023,0,0.049601423943735456,0.06219820697695554,0.07411353670118752,0.04882866234371619,2022
2023_14_IND_CIN,00-0035341,WR,CIN,2023,0,0.1091793154920313,0.1080064549092022,0.09741872110030765,0.08501448778861062,2022
2023_14_IND_CIN,00-0035631,TE,CIN,2023,0,0.09214847874478882,0.08457949198670738,0.07105967855403673,0.06725264385756204,2022
2023_14_IND_CIN,00-0035771,TE,CIN,2023,0,0.0377365416216211,0.05431229143801097,0.04114008871323943,0.0472631660367032,2022
2023_14_IND_CIN,00-0036410,WR,CIN,2023,0,0.18788346052462368,0.1645861404060497,0.1583426365248486,0.2137847466716249,2022
2023_14_IND_CIN,00-0036442,QB,CIN,2023,0,0.16914794247302112,0.12755331930086472,0.12362701574573491,0.14519886423415435,2022
2023_14_IND_CIN,00-0036900,WR,CIN,2023,0,0.2750642571835866,0.3084702458934061,0.2961441706670657,0.26828333954480515,2022
2023_14_IND_CIN,00-0038597,RB,CIN,2023,1,0.07944781105492005,0.05863629912555313,0.07987292369403944,0.06833488184443418,2022
2023_14_IND_CIN,00-0038619,WR,CIN,2023,0,0.05560244194163577,0.05140124209900931,0.05814248309221627,0.06441651381782285,2022
2023_14_IND_CIN,00-0038891,WR,CIN,2023,0,0.021765950399946776,0.039273634123565944,0.042495098783943815,0.048561717084195495,2022
2023_14_IND_CIN,00-0033217,TE,IND,2023,1,0.05605577283203367,0.06927364431570325,0.0747513096460903,0.053009542641637736,2022
2023_14_IND_CIN,00-0033466,WR,IND,2023,0,0.05102397755002308,0.05310729547312521,0.04738509307803062,0.05227336402883245,2022
2023_14_IND_CIN,00-0035289,QB,IND,2023,0,0.12869251332658926,0.09687488981423001,0.10277138363057942,0.10544370124419533,2022
2023_14_IND_CIN,00-0036223,RB,IND,2023,0,0.37357321282282563,0.4311912353819963,0.38310879647143903,0.35476365928528175,2022
2023_14_IND_CIN,00-0036251,RB,IND,2023,0,0.23816567417250134,0.17798912503296144,0.19985923543082545,0.2271267997302428,2022
2023_14_IND_CIN,00-0036252,WR,IND,2023,0,0.3191541819028575,0.3831274412266404,0.3548831966280734,0.26905537431578097,2022
2023_14_IND_CIN,00-0036876,TE,IND,2023,0,0.08993457544932781,0.08225373399007103,0.07820093335031951,0.07023656724892342,2022
2023_14_IND_CIN,00-0036984,RB,IND,2023,0,0.06701279162367024,0.05232749170037112,0.060670497860200255,0.06446644099022658,2022
2023_14_IND_CIN,00-0037120,RB,IND,2023,0,0.04211057247067629,0.04474341690351761,0.04428913877804422,0.060079296488378904,2022
2023_14_IND_CIN,00-0037292,TE,IND,2023,0,0.06712158862648054,0.06925069627902092,0.07797331430860621,0.05821299508042499,2022
2023_14_IND_CIN,00-0037664,WR,IND,2023,0,0.16301768570904074,0.21926660989825184,0.1763500358803611,0.1558254591403373,2022
2023_14_IND_CIN,00-0038394,TE,IND,2023,0,0.0713869121318974,0.05103920992687316,0.04605897573099402,0.05676178169695648,2022
2023_14_IND_CIN,00-0038997,WR,IND,2023,0,0.17775645063330825,0.13041086009131403,0.12976755515091348,0.15026356411391698,2022
2023_14_JAX_CLE,00-0026158,QB,CLE,2023,0,0.06554394130882424,0.0005740944149400591,0.009870794024429207,0.060595477563107215,2022
2023_14_JAX_CLE,00-0031544,WR,CLE,2023,0,0.18748661581535253,0.16299443058098867,0.1564010449868854,0.17137704598245454,2022
2023_14_JAX_CLE,00-0033275,QB,CLE,2023,0,0.077022874703631,0.05777411710901527,0.04080231554329554,0.08470291894189136,2022
2023_14_JAX_CLE,00-0033885,TE,CLE,2023,1,0.24069663873110614,0.2107002761354994,0.24057805292734963,0.20199000174314716,2022
2023_14_JAX_CLE,00-0033923,RB,CLE,2023,1,0.22480135983158245,0.14433692910798857,0.13553804062807295,0.18699929948360075,2022
2023_14_JAX_CLE,00-0034364,TE,CLE,2023,0,0.04703508447155613,0.04081442891667207,0.03685862992223889,0.04920087575995812,2022
2023_14_JAX_CLE,00-0036232,TE,CLE,2023,0,0.07138832258067296,0.05916717644849147,0.05138693798115331,0.0719388528000851,2022
2023_14_JAX_CLE,00-0036980,WR,CLE,2023,0,0.2070722225556011,0.16933193446212308,0.17567851133547727,0.19062861579475088,2022
2023_14_JAX_CLE,00-0037257,WR,CLE,2023,1,0.06064279867424616,0.04695625166310339,0.042871807105630835,0.049701290244265194,2022
2023_14_JAX_CLE,00-0037267,RB,CLE,2023,0,0.3201499395735877,0.3078327481816493,0.2492701089160342,0.3074611813155119,2022
2023_14_JAX_CLE,00-0038098,RB,CLE,2023,0,0.0692537191896565,0.0546886921058158,0.059499689959744216,0.07345034463870433,2022
2023_14_JAX_CLE,00-0038583,QB,CLE,2023,0,0.09263124957689395,0.06254642467663163,0.043465806578263315,0.09003076609641664,2022
2023_14_JAX_CLE,00-0038979,WR,CLE,2023,0,0.12849080936324775,0.1424984603234121,0.1258969554787549,0.09354391005899378,2022
2023_14_JAX_CLE,00-0033881,TE,JAX,2023,1,0.20456320122777094,0.18069416734426455,0.19253858775410135,0.1637244701795039,2022
2023_14_JAX_CLE,00-0033891,WR,JAX,2023,0,0.14495727763186617,0.12232706593195689,0.11793702942054125,0.12725767812984437,2022
2023_14_JAX_CLE,00-0033936,QB,JAX,2023,0,0.025495958277973685,0.01977683935784881,0.009710217626461121,0.04698969214910995,2022
2023_14_JAX_CLE,00-0034775,WR,JAX,2023,0,0.1602282241189228,0.11813311049033191,0.12030991789769196,0.14863682130287892,2022
2023_14_JAX_CLE,00-0034837,WR,JAX,2023,0,0.22367235145900022,0.25797901438265375,0.20915531789303585,0.17808563091278853,2022
2023_14_JAX_CLE,00-0035628,RB,JAX,2023,0,0.12013077769389502,0.07575903199464389,0.08319415262740355,0.07632920318409114,2022
2023_14_JAX_CLE,00-0036497,WR,JAX,2023,0,0.051957323016420864,0.05553256595057025,0.0484658709932536,0.0477379774403203,2022
2023_14_JAX_CLE,00-0036887,TE,JAX,2023,0,0.07035085354485904,0.062234437520147845,0.05936145028918282,0.060719884999949916,2022
2023_14_JAX_CLE,00-0036971,QB,JAX,2023,0,0.11889980448479631,0.08376816638970239,0.03915452419725689,0.10039060796516841,2022
2023_14_JAX_CLE,00-0036973,RB,JAX,2023,1,0.3583636265823752,0.43747994370007565,0.3471619642595555,0.30162560011122364,2022
2023_14_JAX_CLE,00-0038555,RB,JAX,2023,0,0.07198137201814714,0.04926562535687574,0.05939961067833875,0.07004508138108888,2022
2023_14_JAX_CLE,00-0038606,WR,JAX,2023,1,0.061238607433532044,0.05603019115292831,0.0466368822925366,0.0926496113085732,2022
2023_14_LA_BAL,00-0031235,WR,BAL,2023,1,0.22999546884721545,0.1328365857584356,0.14607888947717584,0.15530715613445592,2022
2023_14_LA_BAL,00-0031549,WR,BAL,2023,0,0.09213411530116866,0.09016538266843001,0.08270626847311044,0.05590624872751557,2022
2023_14_LA_BAL,00-0033376,RB,BAL,2023,0,0.07546286324839924,0.08751230206656305,0.08128097426911444,0.0480897376308687,2022
2023_14_LA_BAL,00-0034184,RB,BAL,2023,0,0.32291370926097895,0.22042284675771745,0.19595553024913506,0.23323791960199894,2022
2023_14_LA_BAL,00-0034753,TE,BAL,2023,0,0.26371069886631204,0.18988354350518316,0.1362776588078884,0.2161147122679964,2022
2023_14_LA_BAL,00-0034796,QB,BAL,2023,0,0.24510629905475656,0.23120519755945326,0.3713515595230158,0.31334846973767044,2022
2023_14_LA_BAL,00-0034975,RB,BAL,2023,0,0.1962462366299319,0.14586689540329947,0.14404794154249648,0.13122502747097073,2022
2023_14_LA_BAL,00-0036331,WR,BAL,2023,0,0.028245279060494122,0.04764562985420086,0.04104172216031562,0.04574988474179411,2022
2023_14_LA_BAL,00-0036550,WR,BAL,2023,0,0.19923338208768204,0.16844736312509845,0.16642400225119267,0.16205316194307526,2022
2023_14_LA_BAL,00-0037838,TE,BAL,2023,1,0.1432134755082427,0.0936531122987928,0.0830757652914002,0.08801652514491905,2022
2023_14_LA_BAL,00-0038046,TE,BAL,2023,0,0.04397088876322319,0.058430117842236666,0.04081012998855335,0.049252112293654164,2022
2023_14_LA_BAL,00-0038454,RB,BAL,2023,0,0.1949023732606926,0.13535550912728694,0.14196168313264368,0.11651919696079853,2022
2023_14_LA_BAL,00-0039064,WR,BAL,2023,1,0.2677673960502789,0.25941489911662396,0.24012544139024536,0.2601169834407596,2022
2023_14_LA_BAL,00-0026498,QB,LA,2023,0,0.05887264984143603,0.06940230601384106,0.05063137011494551,0.05483286703380959,2022
2023_14_LA_BAL,00-0032775,WR,LA,2023,1,0.06952506043509854,0.06280886396062446,0.06180460782145157,0.09386857606199644,2022
2023_14_LA_BAL,00-0033110,TE,LA,2023,0,0.11660314801499172,0.13625701397502274,0.16264718491182947,0.15091692580751986,2022
2023_14_LA_BAL,00-0033908,WR,LA,2023,1,0.15311198727505182,0.14956412579237482,0.17376726426662853,0.1578140961278925,2022
2023_14_LA_BAL,00-0034838,RB,LA,2023,0,0.17074598471600144,0.1391905271450571,0.15130089074556208,0.21010336567087748,2022
2023_14_LA_BAL,00-0035664,RB,LA,2023,0,0.24999988544074814,0.21692237317417154,0.21463064503475393,0.2742969601942141,2022
2023_14_LA_BAL,00-0036841,WR,LA,2023,0,0.0358089219988732,0.03871363608441711,0.040488395543067435,0.048980819735601054,2022
2023_14_LA_BAL,00-0036849,WR,LA,2023,0,0.11003897984832967,0.11025162576624184,0.11089536183520791,0.12409282820925077,2022
2023_14_LA_BAL,00-0036862,WR,LA,2023,0,0.03497348109948317,0.038790151043074886,0.03910191562175742,0.049960418948976335,2022
2023_14_LA_BAL,00-0037840,RB,LA,2023,0,0.3373370330905161,0.50063007184385,0.5051496275039887,0.28874527816900014,2022
2023_14_LA_BAL,00-0039074,TE,LA,2023,1,0.017661406508907684,0.02889915409771837,0.023447659239207594,0.04748468349159435,2022
2023_14_LA_BAL,00-0039075,WR,LA,2023,0,0.18095392053560255,0.18660354235266804,0.20257917621684982,0.16376067468279681,2022
2023_14_LA_BAL,00-0039136,RB,LA,2023,0,0.03733614249700368,0.038850589548875374,0.05026213503731221,0.06619832126602128,2022
2023_14_MIN_LV,00-0031381,WR,LV,2023,0,0.30286237104029856,0.23409652278298168,0.31585451895385613,0.2169362456120821,2022
2023_14_MIN_LV,00-0031763,WR,LV,2023,0,0.01841678546981329,0.03470051390216324,0.03389656002682377,0.04589296289398304,2022
2023_14_MIN_LV,00-0032104,RB,LV,2023,0,0.06356070072807296,0.05224735528495482,0.0533519865735386,0.06865361331035834,2022
2023_14_MIN_LV,00-0032392,TE,LV,2023,0,0.06641151102894804,0.061415382041265655,0.05370096989520706,0.04941859705105509,2022
2023_14_MIN_LV,00-0034960,WR,LV,2023,0,0.17587164715593817,0.16637634587552783,0.15710243210022587,0.18373885728623693,2022
2023_14_MIN_LV,00-0034983,WR,LV,2023,0,0.1240274085312808,0.07581627254336762,0.07536905122574623,0.12024736836879041,2022
2023_14_MIN_LV,00-0035562,TE,LV,2023,0,0.008649460395266706,0.030132471032230084,0.019453204935225864,0.0483748374827711,2022
2023_14_MIN_LV,00-0035700,RB,LV,2023,0,0.47085779679795703,0.5473121819695128,0.6395154377986462,0.3519295764000928,2022
2023_14_MIN_LV,00-0038040,RB,LV,2023,0,0.0703388563142262,0.04546475459081354,0.056689885084717964,0.06525972721663628,2022
2023_14_MIN_LV,00-0038563,WR,LV,2023,0,0.11681165551729566,0.06705896186285748,0.06857069009334293,0.09696607246511711,2022
2023_14_MIN_LV,00-0038579,QB,LV,2023,0,0.07662986326707899,0.05785772810779657,0.044502245415364815,0.06838450283504287,2022
2023_14_MIN_LV,00-0039066,TE,LV,2023,0,0.15915519164099656,0.1363067980398144,0.15385905263498534,0.16652481804471794,2022
2023_14_MIN_LV,00-0033246,TE,MIN,2023,0,0.03599115595567637,0.04334292207600587,0.03484902980681066,0.044360772749409486,2022
2023_14_MIN_LV,00-0033949,QB,MIN,2023,0,0.19535784799129086,0.14989915865776532,0.14638899424763271,0.12540777776396975,2022
2023_14_MIN_LV,00-0034646,WR,MIN,2023,0,0.1604984493439897,0.12710830964426822,0.11991297120673085,0.14558233277470034,2022
2023_14_MIN_LV,00-0034972,RB,MIN,2023,0,0.3464359972095322,0.3110094745913133,0.29926320578178695,0.3042476313295114,2022
2023_14_MIN_LV,00-0035229,TE,MIN,2023,0,0.33332621015659003,0.2867264232584508,0.2617054154638093,0.2190825671306544,2022
2023_14_MIN_LV,00-0035249,TE,MIN,2023,0,0.09456523320896781,0.0780538035232649,0.06887009697896795,0.06959878878645696,2022
2023_14_MIN_LV,00-0036345,WR,MIN,2023,0,0.1870126702603464,0.17008108132739588,0.1617199880028248,0.15920369044617652,2022
2023_14_MIN_LV,00-0036842,RB,MIN,2023,0,0.022674037451385076,0.04069505890377899,0.04939762473652974,0.04703692826287778,2022
2023_14_MIN_LV,00-0037276,RB,MIN,2023,0,0.18623741230582214,0.09544026576994426,0.10343864383154254,0.09711076002790879,2022
2023_14_MIN_LV,00-0037291,WR,MIN,2023,0,0.05117321342724401,0.07743212673523722,0.06694636984895021,0.053968638755849105,2022
2023_14_MIN_LV,00-0038994,WR,MIN,2023,0,0.2845944323101852,0.2721120077632905,0.29888621834602563,0.21279203477725092,2022
2023_14_NE_PIT,00-0031547,WR,NE,2023,0,0.09676657196477723,0.07746169633406864,0.07791562290016286,0.10957436201018343,2022
2023_14_NE_PIT,00-0032200,WR,NE,2023,0,0.007582280635071159,0.019814984378318273,0.017136443675260696,0.046334930775480634,2022
2023_14_NE_PIT,00-0033045,RB,NE,2023,1,0.18305983965635897,0.11752354723717807,0.11428986557795225,0.21261196985253009,2022
2023_14_NE_PIT,00-0033090,TE,NE,2023,1,0.10373836606986919,0.07982084054894731,0.1208203517898982,0.13975840331719444,2022
2023_14_NE_PIT,00-0033439,TE,NE,2023,0,0.030304466024019705,0.034996925269751296,0.039967984595601296,0.044765132584537834,2022
2023_14_NE_PIT,00-0033857,WR,NE,2023,0,0.0873796964264828,0.06990387275577187,0.057513659264787305,0.11992000992290522,2022
2023_14_NE_PIT,00-0034829,TE,NE,2023,0,0.06667477395278343,0.04812600688986196,0.060923342884489536,0.08585281546270655,2022
2023_14_NE_PIT,00-0036387,WR,NE,2023,0,0.06808931735176738,0.04546049553012534,0.04535275193481029,0.08470860293903529,2022
2023_14_NE_PIT,00-0036875,RB,NE,2023,0,0.24394265969436546,0.18950851018391254,0.18021535613806822,0.25607304244099943,2022
2023_14_NE_PIT,00-0036972,QB,NE,2023,0,0.06084468985754643,0.05007791918883172,0.040619446376091876,0.06999343206252927,2022
2023_14_NE_PIT,00-0038104,WR,NE,2023,0,0.06500917142648521,0.04284001554887826,0.04124588990491568,0.06317783362097515,2022
2023_14_NE_PIT,00-0038108,QB,NE,2023,0,0.028145859648624594,0.022602009684804098,0.013671570435077446,0.046960083556952484,2022
2023_14_NE_PIT,00-0038608,WR,NE,2023,0,0.054946890297639106,0.036784103486020334,0.03596651392061417,0.0691283071790856,2022
2023_14_NE_PIT,00-0038621,WR,NE,2023,0,0.16011055919765582,0.12119622321360106,0.11278271701325801,0.15139862719471553,2022
2023_14_NE_PIT,00-0031428,WR,PIT,2023,0,0.09453247584976188,0.09479849807091238,0.07661779518142244,0.08747210603664185,2022
2023_14_NE_PIT,00-0033869,QB,PIT,2023,1,0.07202926462024761,0.04181255209908985,0.0280597947850135,0.06833922754086044,2022
2023_14_NE_PIT,00-0035216,WR,PIT,2023,1,0.24144637036630268,0.18444973548675073,0.17972949693157975,0.19370269906895457,2022
2023_14_NE_PIT,00-0035703,WR,PIT,2023,0,0.017794341740876463,0.03463386843123213,0.029341915379121584,0.044752348288642864,2022
2023_14_NE_PIT,00-0036336,RB,PIT,2023,0,0.02076620543094343,0.03048064975945093,0.03582831672793421,0.048434167629599185,2022
2023_14_NE_PIT,00-0036893,RB,PIT,2023,0,0.32280220413341476,0.2327301698388416,0.21856871557507143,0.2802247054860687,2022
2023_14_NE_PIT,00-0036894,TE,PIT,2023,0,0.1725573461497817,0.10425114705253001,0.13559496170131488,0.14766426084915762,2022
2023_14_NE_PIT,00-0037228,RB,PIT,2023,0,0.2705993105419492,0.2032742312810821,0.17087754487045567,0.2175257344303337,2022
2023_14_NE_PIT,00-0037247,WR,PIT,2023,0,0.1888887290784389,0.1561617999896547,0.14477804656715207,0.16798886757357107,2022
2023_14_NE_PIT,00-0037837,WR,PIT,2023,0,0.045074646077050584,0.0445514868350145,0.03568996146330332,0.0464381637622044,2022
2023_14_NE_PIT,00-0038102,QB,PIT,2023,0,0.1113407113167213,0.07795023325729908,0.06393873402989055,0.10374648428087618,2022
2023_14_NE_PIT,00-0038558,TE,PIT,2023,0,0.06417121774709567,0.06930468506947485,0.08799827519463353,0.05422181876396127,2022
2023_14_PHI_DAL,00-0031236,WR,DAL,2023,0,0.21807128449388358,0.22254987856448982,0.19585777299629648,0.2368608518635358,2022
2023_14_PHI_DAL,00-0033077,QB,DAL,2023,0,0.1948144092355567,0.14728548321490928,0.1138130297375594,0.16052064198452987,2022
2023_14_PHI_DAL,00-0033662,QB,DAL,2023,0,0.08779201903771428,0.04257470138881172,0.027012760509008214,0.06775980225241474,2022
2023_14_PHI_DAL,00-0034764,WR,DAL,2023,1,0.1184673166501079,0.10882326201472205,0.09778469132171695,0.06071093096336205,2022
2023_14_PHI_DAL,00-0035261,RB,DAL,2023,0,0.4986517760372644,0.5271605834831827,0.5044008641714618,0.4209017208317662,2022
2023_14_PHI_DAL,00-0036139,RB,DAL,2023,1,0.22028053551882465,0.13539538032390755,0.1708947108382472,0.09863743344091183,2022
2023_14_PHI_DAL,00-0036358,WR,DAL,2023,1,0.4494674103807058,0.5469686258095326,0.5266878895945178,0.3901678703607868,2022
2023_14_PHI_DAL,00-0037666,WR,DAL,2023,0,0.16311462741261396,0.12356432621095506,0.12244171307387083,0.09183987855289888,2022
2023_14_PHI_DAL,00-0037801,WR,DAL,2023,0,0.10563729377887499,0.07506781665189387,0.06710026112885348,0.07042154755515613,2022
2023_14_PHI_DAL,00-0038041,TE,DAL,2023,0,0.27718405657963274,0.26368557244368146,0.22161694785070762,0.24551334479485576,2022
2023_14_PHI_DAL,00-0038547,TE,DAL,2023,0,0.08145919897102816,0.07955851050082108,0.06618886922398015,0.05444382049556313,2022
2023_14_PHI_DAL,00-0038640,WR,DAL,2023,0,0.10332670456154858,0.086193861755265,0.07272650029539844,0.07712215808568225,2022
2023_14_PHI_DAL,00-0038738,RB,DAL,2023,0,0.02870311610307219,0.06144302486748654,0.07816341765775887,0.04702744726636587,2022
2023_14_PHI_DAL,00-0027944,WR,PHI,2023,0,0.10701045371012008,0.0889402199207491,0.08766732288352197,0.06453923354632503,2022
2023_14_PHI_DAL,00-0032268,QB,PHI,2023,0,0.07744726402504787,0.030665400108279058,0.01703653626094119,0.06818814280411431,2022
2023_14_PHI_DAL,00-0034414,RB,PHI,2023,0,0.05173958644510879,0.053407554896193116,0.06687430366766754,0.04981323174526637,2022
2023_14_PHI_DAL,00-0035208,WR,PHI,2023,0,0.08970212784202902,0.08636701512303291,0.08659038503958413,0.05672410947812441,2022
2023_14_PHI_DAL,00-0035676,WR,PHI,2023,0,0.3418505383193239,0.36811800469795086,0.35619013553415463,0.2775360182171483,2022
2023_14_PHI_DAL,00-0036271,WR,PHI,2023,0,0.13696228221154938,0.1363701375864331,0.1294625889491888,0.11878001354827736,2022
2023_14_PHI_DAL,00-0036275,RB,PHI,2023,0,0.4073165628820561,0.3950090827627779,0.3613860939646237,0.4056632555262356,2022
2023_14_PHI_DAL,00-0036389,QB,PHI,2023,0,0.3029836293824639,0.2622548381661784,0.3711791051182718,0.35977520184292033,2022
2023_14_PHI_DAL,00-0036423,TE,PHI,2023,0,0.05891512506835128,0.07552023934236822,0.07073227618102326,0.053055675387158246,2022
2023_14_PHI_DAL,00-0036741,TE,PHI,2023,0,0.08081033994682962,0.07546932125947525,0.06582751358875537,0.05450831130420693,2022
2023_14_PHI_DAL,00-0036912,WR,PHI,2023,0,0.3033563997019637,0.36129461819060743,0.3479797005984713,0.31496851335930703,2022
2023_14_PHI_DAL,00-0036919,RB,PHI,2023,0,0.18293426301860272,0.12616790105708822,0.09770026663674267,0.13512023682522933,2022
2023_14_SEA_SF,00-0030565,QB,SEA,2023,0,0.0911351980758518,0.07133165312838632,0.05332776618631335,0.07981137441340887,2022
2023_14_SEA_SF,00-0032211,WR,SEA,2023,0,0.17947974840834957,0.1743494200206983,0.1936790490211553,0.1576572033389268,2022
2023_14_SEA_SF,00-0034159,TE,SEA,2023,0,0.05153621394903729,0.04317533598021847,0.03690864356484269,0.05267354308498446,2022
2023_14_SEA_SF,00-0035640,WR,SEA,2023,1,0.2079490540420198,0.17390947172012866,0.19444084702423495,0.18449293215573795,2022
2023_14_SEA_SF,00-0035644,TE,SEA,2023,0,0.07274726826239042,0.07374829747989373,0.07527876505110996,0.07218239347630062,2022
2023_14_SEA_SF,00-0035704,QB,SEA,2023,0,0.019759957281913043,0.01975395601864711,0.010077972985957499,0.047278245675976556,2022
2023_14_SEA_SF,00-0036244,TE,SEA,2023,1,0.05157093731220519,0.04979997000156445,0.033649074341141824,0.0702945934844883,2022
2023_14_SEA_SF,00-0036425,RB,SEA,2023,0,0.03696255080667765,0.03649137989791297,0.04473618109898066,0.048278327232459436,2022
2023_14_SEA_SF,00-0036620,WR,SEA,2023,0,0.02088154179312207,0.02931805720781503,0.02983729318398013,0.04540594430821208,2022
2023_14_SEA_SF,00-0038134,RB,SEA,2023,0,0.2822448941472012,0.22949375010923156,0.28977774103040504,0.2918373831940015,2022
2023_14_SEA_SF,00-0038543,WR,SEA,2023,0,0.15076357263697426,0.12402472221828742,0.13761830513373274,0.14212575724486015,2022
2023_14_SEA_SF,00-0038752,WR,SEA,2023,0,0.049723375738896514,0.041450387796978495,0.04458872594839744,0.05975141258721791,2022
2023_14_SEA_SF,00-0039165,RB,SEA,2023,0,0.29738531411126723,0.2681353382253195,0.2988243856732931,0.27908756530063766,2022
2023_14_SEA_SF,00-0033280,RB,SF,2023,0,0.686244083371288,0.7425057889498969,0.717128337330374,0.43277836705510847,2022
2023_14_SEA_SF,00-0033288,TE,SF,2023,1,0.4137826388934577,0.3594877048293198,0.4113029158686001,0.29691860832926237,2022
2023_14_SEA_SF,00-0034407,WR,SF,2023,0,0.08574183177176631,0.08215331525589399,0.06594312000354373,0.060072867169005485,2022
2023_14_SEA_SF,00-0034869,QB,SF,2023,0,0.054641103721194906,0.00022807336706446394,0.0025727791279336935,0.05810946332642811,2022
2023_14_SEA_SF,00-0035719,WR,SF,2023,1,0.3582863663653807,0.2439954033332936,0.17390276895812612,0.2448035203782026,2022
2023_14_SEA_SF,00-0036259,WR,SF,2023,0,0.15815554627181005,0.12919053296312855,0.1035780751422761,0.10254002822506475,2022
2023_14_SEA_SF,00-0036261,WR,SF,2023,0,0.3635830798010017,0.31968898027814313,0.2950967661190404,0.27047400218406487,2022
2023_14_SEA_SF,00-0036429,TE,SF,2023,0,0.04451174163748861,0.08120430294960161,0.0817210979621001,0.05724479940009689,2022
2023_14_SEA_SF,00-0036567,RB,SF,2023,0,0.19873335149909033,0.12006581172993427,0.17093340307283306,0.09612951887333282,2022
2023_14_SEA_SF,00-0037525,RB,SF,2023,1,0.019847947905440644,0.06305146421795037,0.0898389542881122,0.059835570134386916,2022
2023_14_SEA_SF,00-0037834,QB,SF,2023,0,0.19899804531324616,0.16173709052976218,0.14605710420119083,0.12901256276714443,2022
2023_14_SEA_SF,00-0038647,WR,SF,2023,0,0.043421969287349316,0.0669526698579139,0.0568037888349819,0.05901834139668688,2022
2023_14_TB_ATL,00-0030578,RB,ATL,2023,0,0.11192049845165708,0.08056491609017365,0.07989326042731093,0.08491171445444264,2022
2023_14_TB_ATL,00-0031585,TE,ATL,2023,0,0.07891182764524218,0.054835947712826974,0.057326832080107214,0.0983499759064664,2022
2023_14_TB_ATL,00-0031800,QB,ATL,2023,0,0.10450321443565314,0.08024500575353695,0.06566548400539045,0.10149025528392075,2022
2023_14_TB_ATL,00-0033858,TE,ATL,2023,0,0.14603289887109272,0.09646695423449221,0.08022087429308161,0.11320931443251042,2022
2023_14_TB_ATL,00-0034854,WR,ATL,2023,0,0.10060574656875065,0.07927913643171819,0.07552984142174583,0.05902373268485076,2022
2023_14_TB_ATL,00-0035298,WR,ATL,2023,0,0.0839782732120068,0.0607035799614871,0.055554725329272976,0.08097554567096016,2022
2023_14_TB_ATL,00-0036415,WR,ATL,2023,0,0.1279482298160307,0.09390770863396562,0.09674334884528656,0.07443383852820244,2022
2023_14_TB_ATL,00-0036970,TE,ATL,2023,1,0.1960312033150694,0.13169892061684846,0.1609139547227839,0.14237927281901497,2022
2023_14_TB_ATL,00-0037238,WR,ATL,2023,0,0.25677287975516616,0.19232655538797208,0.21190937392671058,0.2289609332147094,2022
2023_14_TB_ATL,00-0037263,RB,ATL,2023,0,0.2101871738439287,0.1217490847870488,0.13306761550513338,0.13338800096995296,2022
2023_14_TB_ATL,00-0038122,QB,ATL,2023,1,0.13627677072394484,0.07542607963486289,0.04082268584292148,0.1320733873035914,2022
2023_14_TB_ATL,00-0038542,RB,ATL,2023,1,0.3901325884030562,0.4069619717372707,0.35522854114392804,0.3522884705295816,2022
2023_14_TB_ATL,00-0031408,WR,TB,2023,0,0.2913306438111809,0.2973018104662836,0.36206335588724614,0.20931314468700876,2022
2023_14_TB_ATL,00-0033589,WR,TB,2023,0,0.04215146011607285,0.03769082948267251,0.04046792264931219,0.047326904461730955,2022
2023_14_TB_ATL,00-0033921,WR,TB,2023,0,0.20502877720820334,0.18982932266876384,0.19605155521277998,0.18668251494128754,2022
2023_14_TB_ATL,00-0034681,RB,TB,2023,0,0.09556609089963808,0.0636377592808633,0.06745522378167039,0.07183446483533089,2022
2023_14_TB_ATL,00-0034855,QB,TB,2023,1,0.13376775819464914,0.10499854576108066,0.08738992214222586,0.1248000180911337,2022
2023_14_TB_ATL,00-0036928,QB,TB,2023,0,0.013732712030081529,0.00010351085646961916,0.0009399677584236222,0.046920701270584564,2022
2023_14_TB_ATL,00-0037256,RB,TB,2023,1,0.4374590902733939,0.5805642309723326,0.46706378984731695,0.3560875705323575,2022
2023_14_TB_ATL,00-0037487,WR,TB,2023,0,0.058303904782962324,0.04481167370836146,0.04392874562994509,0.050756869659445675,2022
2023_14_TB_ATL,00-0038129,TE,TB,2023,1,0.17371428636418473,0.19478910674737368,0.23825740229213893,0.19141335824131248,2022
2023_14_TB_ATL,00-0038821,WR,TB,2023,0,0.05137927673756271,0.044474493711488906,0.04755874337717003,0.049701290244265194,2022
2023_14_TB_ATL,00-0039050,TE,TB,2023,0,0.038417833160874215,0.04038830934754049,0.03351553310205278,0.04589296289398304,2022
2023_14_TB_ATL,00-0039052,WR,TB,2023,0,0.17023995351835908,0.14627119994336257,0.14724197125621616,0.141641179879985,2022
2023_14_TEN_MIA,00-0031687,RB,MIA,2023,1,0.4018509818145922,0.4129427972205774,0.4604627158427234,0.4005927688786001,2022
2023_14_TEN_MIA,00-0032688,WR,MIA,2023,0,0.07317771315972244,0.09195837321511673,0.08063183771514365,0.06098212417289515,2022
2023_14_TEN_MIA,00-0033040,WR,MIA,2023,0,0.38942997445423755,0.39296951999309193,0.34360249633730927,0.38588251391026257,2022
2023_14_TEN_MIA,00-0034054,WR,MIA,2023,0,0.13056811143500102,0.1151639678756263,0.10236564453010813,0.10627726953929789,2022
2023_14_TEN_MIA,00-0034115,RB,MIA,2023,0,0.1946778676477534,0.1376965940163167,0.16128863814294708,0.11279278579848939,2022
2023_14_TEN_MIA,00-0034401,QB,MIA,2023,0,0.039553178554587065,0.0002303466419144819,0.002507382443931184,0.05657401630361311,2022
2023_14_TEN_MIA,00-0034418,WR,MIA,2023,0,0.16280131601737358,0.15638226823118787,0.144870599573573,0.13641888475521244,2022
2023_14_TEN_MIA,00-0034419,WR,MIA,2023,0,0.08048814921987568,0.11371329311537769,0.09556239637229318,0.06594409785769394,2022
2023_14_TEN_MIA,00-0034798,TE,MIA,2023,0,0.16071925464623926,0.19043688322567132,0.19587999429181516,0.16770730333395903,2022
2023_14_TEN_MIA,00-0036020,RB,MIA,2023,0,0.22223456401958408,0.14125654695334502,0.16774100755432156,0.11596065834830394,2022
2023_14_TEN_MIA,00-0036212,QB,MIA,2023,0,0.14247717488073397,0.13685547883199675,0.11332921083310772,0.10678845095557651,2022
2023_14_TEN_MIA,00-0036297,RB,MIA,2023,0,0.04530667058109772,0.07050885280888115,0.09766316707888276,0.07167011351084102,2022
2023_14_TEN_MIA,00-0036613,WR,MIA,2023,0,0.3057919063211253,0.26673098222179664,0.2892827156713887,0.25364005914321486,2022
2023_14_TEN_MIA,00-0038720,TE,MIA,2023,0,0.07455886556727875,0.10133935841676595,0.0887287599794245,0.05945833454166287,2022
2023_14_TEN_MIA,00-0039040,RB,MIA,2023,0,0.37610259884018316,0.3083719801846184,0.35804042701278793,0.32066544573785827,2022
2023_14_TEN_MIA,00-0030564,WR,TEN,2023,1,0.23497809279191073,0.15092720374052396,0.19942972484254762,0.17097054370029657,2022
2023_14_TEN_MIA,00-0032398,WR,TEN,2023,0,0.09779382191660946,0.08607410101138861,0.08455260852989098,0.09563826466525019,2022
2023_14_TEN_MIA,00-0032764,RB,TEN,2023,1,0.32787995332385667,0.2599830792762248,0.29874282839743876,0.29185826859179886,2022
2023_14_TEN_MIA,00-0035259,TE,TEN,2023,0,0.04359081953653465,0.052822632393673144,0.051882603765376206,0.053152632572832495,2022
2023_14_TEN_MIA,00-0036182,WR,TEN,2023,0,0.10130220450149707,0.08659080733528211,0.09283767780994491,0.07896779894273104,2022
2023_14_TEN_MIA,00-0037273,WR,TEN,2023,0,0.09441622286048956,0.050835221165406806,0.05581888848735719,0.09884769340415066,2022
2023_14_TEN_MIA,00-0037809,TE,TEN,2023,0,0.1437940947057692,0.0872643631165147,0.07750502939937103,0.14038298632283422,2022
2023_14_TEN_MIA,00-0038589,TE,TEN,2023,0,0.07288053588089816,0.03749276838285443,0.029344261214610385,0.061953368071001415,2022
2023_14_TEN_MIA,00-0038632,WR,TEN,2023,0,0.020199769622930908,0.024749183601755265,0.033411248763816355,0.048347026210239584,2022
2023_14_TEN_MIA,00-0039032,RB,TEN,2023,0,0.23572406308256466,0.15717124763282847,0.12805057138858367,0.1671501855905261,2022
2023_14_TEN_MIA,00-0039152,QB,TEN,2023,0,0.09540979757271284,0.07102762207578474,0.05503725206938467,0.08266800324586633,2022
2023_15_ATL_CAR,00-0030578,RB,ATL,2023,1,0.0908008866483695,0.06475903595087554,0.05883256720234749,0.07166706035567462,2022
2023_15_ATL_CAR,00-0031585,TE,ATL,2023,0,0.06231477656916007,0.044906800553274236,0.055851783594251025,0.09674814224634275,2022
2023_15_ATL_CAR,00-0033555,WR,ATL,2023,0,0.05994337231421043,0.04745266141141752,0.03956791063647387,0.06056857065264035,2022
2023_15_ATL_CAR,00-0033858,TE,ATL,2023,0,0.13627559719858595,0.07842457328277144,0.10679365097105192,0.12614125271223864,2022
2023_15_ATL_CAR,00-0034854,WR,ATL,2023,0,0.08050626787109716,0.06574603254858077,0.05670114986929523,0.061218882635911714,2022
2023_15_ATL_CAR,00-0035298,WR,ATL,2023,0,0.07555909164955599,0.04789832554051095,0.041675459605931456,0.09115633587965413,2022
2023_15_ATL_CAR,00-0036415,WR,ATL,2023,0,0.10257824510924174,0.07471059429072925,0.07161630623455188,0.0706823315104778,2022
2023_15_ATL_CAR,00-0036970,TE,ATL,2023,0,0.16180625009124283,0.11088897921085487,0.16030541658485034,0.14220177588215221,2022
2023_15_ATL_CAR,00-0037238,WR,ATL,2023,0,0.20281458982440126,0.15568172312377093,0.169750163819817,0.17027034127606896,2022
2023_15_ATL_CAR,00-0037263,RB,ATL,2023,0,0.1678256180565103,0.10060788970533269,0.09774536995098167,0.11593345266861854,2022
2023_15_ATL_CAR,00-0038122,QB,ATL,2023,0,0.0974876386661715,0.0616814421347836,0.04643086930245376,0.09762595756165761,2022
2023_15_ATL_CAR,00-0038542,RB,ATL,2023,0,0.3352862069815342,0.3807197371675173,0.33495645829674864,0.2768070124125202,2022
2023_15_ATL_CAR,00-0030035,WR,CAR,2023,0,0.19144384419247962,0.15953517598014302,0.1641161406271482,0.18225270096114496,2022
2023_15_ATL_CAR,00-0034365,TE,CAR,2023,0,0.04077903048970788,0.039023440285219965,0.04125069186685542,0.047751012365962776,2022
2023_15_ATL_CAR,00-0034777,WR,CAR,2023,0,0.11290364360862326,0.09641217328668182,0.0864050245722629,0.1247322518572416,2022
2023_15_ATL_CAR,00-0035243,RB,CAR,2023,0,0.16750521233825766,0.10033708443139391,0.11459566610962478,0.1147975358962293,2022
2023_15_ATL_CAR,00-0036268,WR,CAR,2023,0,0.057128904116115486,0.035430501680240284,0.02832614457297507,0.06947015673101375,2022
2023_15_ATL_CAR,00-0036438,TE,CAR,2023,0,0.07120474234342111,0.04454996333449687,0.05150298362222643,0.06466103041383925,2022
2023_15_ATL_CAR,00-0036482,WR,CAR,2023,0,0.0473040015681353,0.041673777762979286,0.038318306368226425,0.04864123495434767,2022
2023_15_ATL_CAR,00-0036555,RB,CAR,2023,0,0.29157864729585203,0.24367524588052375,0.2543089391021644,0.285792607065287,2022
2023_15_ATL_CAR,00-0036635,WR,CAR,2023,0,0.01825909643224899,0.02889278135477008,0.024594464439628667,0.046317987880113265,2022
2023_15_ATL_CAR,00-0037005,TE,CAR,2023,0,0.08739126748069459,0.06708767759346128,0.06465332830611469,0.09112056754436673,2022
2023_15_ATL_CAR,00-0037429,RB,CAR,2023,0,0.03388523295558654,0.031000341625900353,0.03702509128135809,0.0542456039122994,2022
2023_15_ATL_CAR,00-0039062,WR,CAR,2023,0,0.20549037567150952,0.17922981909984867,0.1763138882824758,0.18164087237846843,2022
2023_15_ATL_CAR,00-0039150,QB,CAR,2023,0,0.07869751048180984,0.0690482295406011,0.06064681479899411,0.08799418821483737,2022
2023_15_BAL_JAX,00-0031235,WR,BAL,2023,0,0.22004525379926865,0.12677498522647573,0.13994496474803997,0.18114315991995306,2022
2023_15_BAL_JAX,00-0031549,WR,BAL,2023,0,0.10085010300349051,0.08596493777954438,0.0716657630272595,0.07977105418591927,2022
2023_15_BAL_JAX,00-0034184,RB,BAL,2023,1,0.2273968072593877,0.1352757859133401,0.11823466781504771,0.13691564149081675,2022
2023_15_BAL_JAX,00-0034753,TE,BAL,2023,0,0.22930703188915724,0.16447071688537318,0.14033028915663656,0.19326882261816922,2022
2023_15_BAL_JAX,00-0034796,QB,BAL,2023,0,0.23362368438124392,0.21766794386912808,0.37709530427465854,0.23664261451326365,2022
2023_15_BAL_JAX,00-0034975,RB,BAL,2023,0,0.14367152083302948,0.10400877874928083,0.10053219987470272,0.10297276259206904,2022
2023_15_BAL_JAX,00-0036331,WR,BAL,2023,0,0.022327558392950086,0.0398933688013544,0.03220041546847963,0.044026438391260136,2022
2023_15_BAL_JAX,00-0036550,WR,BAL,2023,0,0.1703625239229306,0.137527762298754,0.13796730269880997,0.11443726328772628,2022
2023_15_BAL_JAX,00-0037838,TE,BAL,2023,1,0.1570567788575271,0.10582783841634219,0.1259007155120305,0.1494826122197896,2022
2023_15_BAL_JAX,00-0038046,TE,BAL,2023,0,0.03303481000460384,0.049410365710785456,0.04193207515122864,0.047403287220195114,2022
2023_15_BAL_JAX,00-0038454,RB,BAL,2023,0,0.20376878377902796,0.1469370899957474,0.13785589327310063,0.1366347367964102,2022
2023_15_BAL_JAX,00-0039064,WR,BAL,2023,0,0.23932942597728335,0.24140953316385447,0.2125005552539938,0.24334536676507876,2022
2023_15_BAL_JAX,00-0033881,TE,JAX,2023,0,0.2109136799576249,0.21657019551020762,0.19204161984055887,0.18778079253244884,2022
2023_15_BAL_JAX,00-0033891,WR,JAX,2023,0,0.17553371706980436,0.1535263157757797,0.16951432635466618,0.14858951058813918,2022
2023_15_BAL_JAX,00-0033936,QB,JAX,2023,0,0.026716222105141796,0.020709877602718266,0.01015779814392572,0.04740698525295843,2022
2023_15_BAL_JAX,00-0034775,WR,JAX,2023,0,0.16731264466243012,0.12312357783090207,0.1353550519549505,0.15458977509526434,2022
2023_15_BAL_JAX,00-0034837,WR,JAX,2023,0,0.23061029655678444,0.27670341076558247,0.24960521256524387,0.19159004374337688,2022
2023_15_BAL_JAX,00-0035628,RB,JAX,2023,0,0.14564588952616475,0.09366120934958898,0.1056738776732947,0.0906882267626072,2022
2023_15_BAL_JAX,00-0036497,WR,JAX,2023,0,0.0544082022902298,0.05805259519508845,0.05508931099870377,0.048161579888049456,2022
2023_15_BAL_JAX,00-0036887,TE,JAX,2023,0,0.07363512498894909,0.06503765038052722,0.05658881403779987,0.06125127272356034,2022
2023_15_BAL_JAX,00-0036971,QB,JAX,2023,0,0.13091234257512985,0.0997846333704766,0.05447313053836437,0.11622018878111776,2022
2023_15_BAL_JAX,00-0036973,RB,JAX,2023,0,0.348790315093669,0.42862608231320953,0.322165941251017,0.30455055896326094,2022
2023_15_BAL_JAX,00-0038555,RB,JAX,2023,0,0.07533863553402009,0.05151677745467816,0.06739012531523286,0.07004508138108888,2022
2023_15_BAL_JAX,00-0038606,WR,JAX,2023,0,0.0691252559722828,0.06322093396024091,0.06057357465197271,0.07237284967151689,2022
2023_15_CHI_CLE,00-0024243,TE,CHI,2023,0,0.033926272415796155,0.04208043450906463,0.046646588331494286,0.044748758610293496,2022
2023_15_CHI_CLE,00-0033292,WR,CHI,2023,0,0.009259860493114225,0.029721722014673126,0.02501451967677337,0.045679869228627,2022
2023_15_CHI_CLE,00-0033757,TE,CHI,2023,0,0.04085785256097574,0.041127518905136086,0.04360624286138359,0.047322672549246804,2022
2023_15_CHI_CLE,00-0033925,RB,CHI,2023,0,0.21691573432611977,0.18590216822320807,0.167044237183737,0.21776696689436473,2022
2023_15_CHI_CLE,00-0034279,WR,CHI,2023,0,0.05216600703429031,0.05862566446810188,0.049050697055897284,0.05468107450287104,2022
2023_15_CHI_CLE,00-0034827,WR,CHI,2023,0,0.2553213779233301,0.2514900530400518,0.2728380002699719,0.21189291523656822,2022
2023_15_CHI_CLE,00-0035594,RB,CHI,2023,0,0.004721371700198929,0.02765435599500573,0.03305188797297488,0.0483748374827711,2022
2023_15_CHI_CLE,00-0036290,TE,CHI,2023,1,0.19273042025643383,0.16087988338549025,0.22718559451492112,0.1679652618977196,2022
2023_15_CHI_CLE,00-0036309,WR,CHI,2023,0,0.14193510024726286,0.12685471563875708,0.11526966074481947,0.13755052857932804,2022
2023_15_CHI_CLE,00-0036906,RB,CHI,2023,0,0.2114071492856674,0.17846232630653486,0.1852044821734886,0.1800202064737113,2022
2023_15_CHI_CLE,00-0036945,QB,CHI,2023,0,0.18645345497183374,0.16886074380299043,0.3530951243051808,0.2030649232415044,2022
2023_15_CHI_CLE,00-0037745,WR,CHI,2023,0,0.028057255174818607,0.032936107119698646,0.028818806276105644,0.04588852380336789,2022
2023_15_CHI_CLE,00-0038941,WR,CHI,2023,0,0.06844697937297906,0.06084088454884032,0.051887819013205334,0.05812501443266117,2022
2023_15_CHI_CLE,00-0039021,RB,CHI,2023,0,0.1311834618250407,0.09678491421775852,0.07833817192354675,0.10106750483169531,2022
2023_15_CHI_CLE,00-0026158,QB,CLE,2023,0,0.10223188694925556,0.08714971144145182,0.08275371052357015,0.0710121064239664,2022
2023_15_CHI_CLE,00-0031544,WR,CLE,2023,1,0.2099087670217482,0.1787933395549289,0.18543735143016601,0.17655518378566207,2022
2023_15_CHI_CLE,00-0033275,QB,CLE,2023,0,0.07806199956107684,0.05868254870994758,0.040828276285786703,0.08470291894189136,2022
2023_15_CHI_CLE,00-0033885,TE,CLE,2023,1,0.23519703082900745,0.2128013868984177,0.23587164873082098,0.19427568958049884,2022
2023_15_CHI_CLE,00-0033923,RB,CLE,2023,0,0.2310932985881724,0.14145375805603835,0.15115863435382723,0.18233574760212026,2022
2023_15_CHI_CLE,00-0034364,TE,CLE,2023,0,0.0425526376332408,0.04338028586626405,0.03711643038833787,0.047867905978255305,2022
2023_15_CHI_CLE,00-0036232,TE,CLE,2023,0,0.07235444540602565,0.06009611523113711,0.04990066708348837,0.0719388528000851,2022
2023_15_CHI_CLE,00-0036980,WR,CLE,2023,0,0.21404863597178614,0.18015682123247842,0.1905770277403191,0.1918386220775883,2022
2023_15_CHI_CLE,00-0037257,WR,CLE,2023,0,0.06569936138007493,0.04801419582865353,0.04593597183222711,0.05124639461973635,2022
2023_15_CHI_CLE,00-0037267,RB,CLE,2023,0,0.30813767797450553,0.2780128892215315,0.23857375950993112,0.2949561595431771,2022
2023_15_CHI_CLE,00-0038098,RB,CLE,2023,0,0.036767735906894305,0.042179320868915196,0.04903386702369399,0.055802294099987326,2022
2023_15_CHI_CLE,00-0038583,QB,CLE,2023,0,0.07978115593983592,0.04967085036328946,0.03186992452119401,0.08324921877704418,2022
2023_15_CHI_CLE,00-0038979,WR,CLE,2023,0,0.13522597508824985,0.14284855126691803,0.13333972832376786,0.11152748530147126,2022
2023_15_DAL_BUF,00-0030513,RB,BUF,2023,1,0.23504214891320563,0.16800551012051104,0.18790536726354354,0.21384406983172163,2022
2023_15_DAL_BUF,00-0031588,WR,BUF,2023,0,0.29290302645772137,0.26499716772489407,0.3036346280889134,0.27014812624035495,2022
2023_15_DAL_BUF,00-0034487,WR,BUF,2023,0,0.06486471490170953,0.06760194238391144,0.06918328922515543,0.05066608180114105,2022
2023_15_DAL_BUF,00-0034577,QB,BUF,2023,0,0.05542593661755735,0.00019046746691338991,0.0021988647818883297,0.05565896047937767,2022
2023_15_DAL_BUF,00-0034857,QB,BUF,2023,1,0.25296691013520567,0.18910673468239467,0.0975729252297006,0.24531174076597315,2022
2023_15_DAL_BUF,00-0035215,WR,BUF,2023,0,0.0393454144431179,0.05177450081211594,0.052565671433387334,0.04537049775321132,2022
2023_15_DAL_BUF,00-0035537,RB,BUF,2023,0,0.10858984291289253,0.07646047439303556,0.09915478778978451,0.08044914834843418,2022
2023_15_DAL_BUF,00-0035689,TE,BUF,2023,0,0.16118085876303012,0.13471401390467663,0.12294695693917466,0.13075290371043666,2022
2023_15_DAL_BUF,00-0036187,RB,BUF,2023,0,0.022454115837265642,0.05503473790012411,0.07584106230972024,0.046785549807472446,2022
2023_15_DAL_BUF,00-0036196,WR,BUF,2023,0,0.2691217818812296,0.281733700359111,0.2854118274267851,0.2620893763453662,2022
2023_15_DAL_BUF,00-0036590,TE,BUF,2023,0,0.09547523017771531,0.07336591376591449,0.09001984694393518,0.10271698012408913,2022
2023_15_DAL_BUF,00-0037248,RB,BUF,2023,1,0.38509911847392453,0.35682251926741937,0.38733597790930246,0.38261561787037934,2022
2023_15_DAL_BUF,00-0037261,WR,BUF,2023,0,0.1493301317806327,0.1646513975374805,0.16029256426494218,0.11843236040051429,2022
2023_15_DAL_BUF,00-0038933,TE,BUF,2023,0,0.26367147011060554,0.2228530188303376,0.19514937784041197,0.22539047808429322,2022
2023_15_DAL_BUF,00-0031236,WR,DAL,2023,0,0.20033211059628275,0.2083949217254862,0.21431258181546584,0.21667352684801372,2022
2023_15_DAL_BUF,00-0033077,QB,DAL,2023,0,0.13689184095193008,0.11294041670598652,0.06759208002568486,0.10454628149018692,2022
2023_15_DAL_BUF,00-0034764,WR,DAL,2023,0,0.11218455437394603,0.09616391263599783,0.1005896795617429,0.0801614471243908,2022
2023_15_DAL_BUF,00-0035261,RB,DAL,2023,0,0.43019914105405654,0.4923328475758611,0.40113201200917087,0.387205307881526,2022
2023_15_DAL_BUF,00-0036139,RB,DAL,2023,0,0.21749712961345502,0.1403210430003356,0.14596964821712333,0.13550950812337156,2022
2023_15_DAL_BUF,00-0036358,WR,DAL,2023,1,0.3582140542848894,0.43101394792826647,0.44875994049978163,0.3426495307181353,2022
2023_15_DAL_BUF,00-0037569,TE,DAL,2023,0,0.0562755150825095,0.05921109696391849,0.05576810799860189,0.05064153675243931,2022
2023_15_DAL_BUF,00-0037666,WR,DAL,2023,0,0.11356020083375784,0.09199663021691533,0.10003693400943094,0.07403083411596097,2022
2023_15_DAL_BUF,00-0037801,WR,DAL,2023,0,0.08059340530218229,0.05908553968888224,0.05895684350407849,0.06690640506534237,2022
2023_15_DAL_BUF,00-0038041,TE,DAL,2023,0,0.22082640499361128,0.20587408555233447,0.174185063046559,0.19934084753485265,2022
2023_15_DAL_BUF,00-0038547,TE,DAL,2023,0,0.0598099685631891,0.06311120304719701,0.055809572088903185,0.0461851261420089,2022
2023_15_DAL_BUF,00-0038640,WR,DAL,2023,0,0.08316074838261855,0.06976365041555355,0.06663777168427099,0.07286438030824699,2022
2023_15_DAL_BUF,00-0038738,RB,DAL,2023,0,0.022917550010128962,0.04947535851116684,0.05662849490084813,0.045597204869666445,2022
2023_15_DEN_DET,00-0029263,QB,DEN,2023,1,0.22533312233913683,0.1687560379799061,0.1565287448298754,0.24661979445052368,2022
2023_15_DEN_DET,00-0031484,TE,DEN,2023,0,0.061722827845287154,0.05767149714042883,0.059263775440225076,0.04800335525696175,2022
2023_15_DEN_DET,00-0033526,RB,DEN,2023,0,0.1956593625267754,0.09911811765578522,0.07467021879790398,0.10662183127995876,2022
2023_15_DEN_DET,00-0034348,WR,DEN,2023,0,0.27714939997463073,0.20740128987229386,0.25590535497142886,0.2303131174348025,2022
2023_15_DEN_DET,00-0035406,WR,DEN,2023,1,0.061411147008496036,0.0657784991749564,0.05914064111836286,0.04676421964340278,2022
2023_15_DEN_DET,00-0036407,WR,DEN,2023,0,0.21233570736175433,0.1427444984749533,0.1516742248454453,0.1733160239403144,2022
2023_15_DEN_DET,00-0036422,TE,DEN,2023,0,0.13762377717274943,0.11956999945930216,0.13707585787947996,0.13596597281362016,2022
2023_15_DEN_DET,00-0036997,RB,DEN,2023,0,0.41668687611705413,0.43180735681483495,0.3956021162745288,0.3493160964238222,2022
2023_15_DEN_DET,00-0037539,TE,DEN,2023,0,0.06140758241343747,0.0502023606994101,0.05111184756777155,0.0516331520048956,2022
2023_15_DEN_DET,00-0038794,RB,DEN,2023,0,0.1524982488388884,0.07808254733999023,0.07858325697913472,0.08851511986647484,2022
2023_15_DEN_DET,00-0038976,WR,DEN,2023,0,0.1303913049361215,0.09465667518497643,0.09104325409461629,0.07950329401960345,2022
2023_15_DEN_DET,00-0032464,WR,DET,2023,0,0.1451647466432866,0.09111584575797776,0.08841987742132794,0.0867797411079988,2022
2023_15_DEN_DET,00-0033106,QB,DET,2023,0,0.1571289578326459,0.13563672958309536,0.11865529860354064,0.11048882081167381,2022
2023_15_DEN_DET,00-0033943,WR,DET,2023,0,0.1890110934790039,0.15568325847619655,0.1492948311675996,0.13227881083980658,2022
2023_15_DEN_DET,00-0035685,RB,DET,2023,0,0.42225156738517833,0.3283566955110867,0.38012323582112406,0.36872579839557107,2022
2023_15_DEN_DET,00-0036233,WR,DET,2023,0,0.048794954640809296,0.05183639500178784,0.05578217881556028,0.04940877781219878,2022
2023_15_DEN_DET,00-0036754,TE,DET,2023,0,0.09070069210742082,0.08990459856493284,0.07065757902441516,0.05314142987285508,2022
2023_15_DEN_DET,00-0036963,WR,DET,2023,1,0.3811286168391981,0.3533881135585881,0.3381869013988953,0.3211938941364625,2022
2023_15_DEN_DET,00-0037240,WR,DET,2023,0,0.14800755316800185,0.13827666105974043,0.12494545344388198,0.07986657268422367,2022
2023_15_DEN_DET,00-0039065,TE,DET,2023,1,0.30017923527101775,0.2662324450529081,0.2590841581716992,0.26165517441364883,2022
2023_15_DEN_DET,00-0039139,RB,DET,2023,1,0.4627704789101198,0.42291630325214097,0.3861204564933694,0.35432698101854215,2022
2023_15_HOU_TEN,00-0030431,WR,HOU,2023,0,0.09761065464132601,0.0992689556729693,0.09330269226159522,0.10550545155263855,2022
2023_15_HOU_TEN,00-0033576,TE,HOU,2023,0,0.03562372262605562,0.04466105433789591,0.043960623850830105,0.04676421964340278,2022
2023_15_HOU_TEN,00-0033591,WR,HOU,2023,1,0.13172050135803137,0.13306003595989332,0.13628194255094558,0.13080505586021168,2022
2023_15_HOU_TEN,00-0033854,RB,HOU,2023,0,0.034423333079539487,0.03913091624835759,0.04504969141858745,0.05163528279817694,2022
2023_15_HOU_TEN,00-0034383,TE,HOU,2023,0,0.12879752659565147,0.1346900599520354,0.16192456843358588,0.15756992511645132,2022
2023_15_HOU_TEN,00-0034928,WR,HOU,2023,0,0.017715290294418318,0.030679719459940663,0.02747136511524103,0.048546017865814375,2022
2023_15_HOU_TEN,00-0035250,RB,HOU,2023,0,0.30460325167851465,0.40130579827772234,0.3722533397914093,0.2987745713294437,2022
2023_15_HOU_TEN,00-0036554,WR,HOU,2023,0,0.18002526378753791,0.17043516575746376,0.15518900300915803,0.1620988290461138,2022
2023_15_HOU_TEN,00-0036556,TE,HOU,2023,0,0.07020431016739959,0.06719026046260264,0.06864676489559052,0.07910852814231953,2022
2023_15_HOU_TEN,00-0037258,RB,HOU,2023,0,0.17670830340963062,0.13465208239784252,0.13472435719034612,0.17860543831868758,2022
2023_15_HOU_TEN,00-0037614,WR,HOU,2023,0,0.06266531730860259,0.053388648989191274,0.05313711332180645,0.058212168666781486,2022
2023_15_HOU_TEN,00-0038618,WR,HOU,2023,0,0.046465890045537916,0.04426434650532825,0.037823610660041335,0.05597850793121385,2022
2023_15_HOU_TEN,00-0038977,WR,HOU,2023,0,0.21765161515086495,0.26867539619585656,0.238772738376831,0.20217420205906786,2022
2023_15_HOU_TEN,00-0039163,QB,HOU,2023,0,0.09683629952714012,0.10503828060903242,0.06769429813342767,0.09330195903793334,2022
2023_15_HOU_TEN,00-0030564,WR,TEN,2023,0,0.2723060991804678,0.21303282425579484,0.2295248174117514,0.19715644465682738,2022
2023_15_HOU_TEN,00-0032398,WR,TEN,2023,0,0.10756391923302999,0.11652470775474279,0.0948799558510198,0.10020195684559247,2022
2023_15_HOU_TEN,00-0032764,RB,TEN,2023,0,0.3576583373461545,0.3149747239534056,0.30186007437015067,0.3563292436111981,2022
2023_15_HOU_TEN,00-0035259,TE,TEN,2023,0,0.05021991508984236,0.07245402657908002,0.08255127469724259,0.053152632572832495,2022
2023_15_HOU_TEN,00-0036182,WR,TEN,2023,0,0.14088892747384918,0.13935309265060636,0.12590255615809537,0.11555097046106667,2022
2023_15_HOU_TEN,00-0037273,WR,TEN,2023,0,0.10832405047103599,0.06978241599443803,0.06396616688724223,0.10207828570594252,2022
2023_15_HOU_TEN,00-0037742,WR,TEN,2023,0,0.14784660886219425,0.11353606602090359,0.11345209424201527,0.10364686029080186,2022
2023_15_HOU_TEN,00-0037809,TE,TEN,2023,0,0.17127342367451015,0.12195297959977214,0.1255287188381122,0.1542441608896276,2022
2023_15_HOU_TEN,00-0038589,TE,TEN,2023,0,0.0837647417782934,0.051738064632341686,0.047355575348730444,0.06407300204347842,2022
2023_15_HOU_TEN,00-0038632,WR,TEN,2023,0,0.02331506402197414,0.03432525575009283,0.03842101541084065,0.0486174375633877,2022
2023_15_HOU_TEN,00-0039032,RB,TEN,2023,0,0.27686549482914014,0.2313097395352894,0.1571016292056611,0.1840840165648258,2022
2023_15_HOU_TEN,00-0039152,QB,TEN,2023,1,0.11541540462058919,0.11159713487228189,0.097328778096293,0.10397012968170817,2022
2023_15_KC_NE,00-0030506,TE,KC,2023,0,0.24714739568802446,0.25487553197204127,0.2617349409625071,0.2570267008395665,2022
2023_15_KC_NE,00-0031376,RB,KC,2023,1,0.14508336365466112,0.0989582707590695,0.08920796040903259,0.10635618361592203,2022
2023_15_KC_NE,00-0032062,TE,KC,2023,0,0.059047408663449485,0.05811081174238032,0.05094833103377188,0.056563616724883366,2022
2023_15_KC_NE,00-0033873,QB,KC,2023,0,0.17843140320003759,0.1600404139187454,0.16710607882434309,0.15780744677308242,2022
2023_15_KC_NE,00-0034272,WR,KC,2023,0,0.13042142096745024,0.10535616096174523,0.11056525687111643,0.08198723537873685,2022
2023_15_KC_NE,00-0034286,WR,KC,2023,0,0.05106203944650212,0.05429115409013703,0.053668023667417374,0.05123604224679111,2022
2023_15_KC_NE,00-0034386,WR,KC,2023,0,0.18509407306721948,0.14645561832624765,0.13432747357173316,0.14669931318262344,2022
2023_15_KC_NE,00-0036360,RB,KC,2023,1,0.16024306916004638,0.09491905389924442,0.11811732099818348,0.08511273391871818,2022
2023_15_KC_NE,00-0036637,TE,KC,2023,0,0.10445427497378368,0.09842515790001699,0.08905316282099916,0.08559898130193509,2022
2023_15_KC_NE,00-0036913,WR,KC,2023,0,0.09782239393440806,0.07523243854404653,0.06339168366160954,0.07948707310406078,2022
2023_15_KC_NE,00-0037197,RB,KC,2023,0,0.4477450344036721,0.4717377843038826,0.4691926421457009,0.4111632328218223,2022
2023_15_KC_NE,00-0038090,WR,KC,2023,0,0.09697809193921714,0.09661377660540293,0.09008583480791249,0.06557464883775765,2022
2023_15_KC_NE,00-0039067,WR,KC,2023,1,0.24827709797058828,0.22735791489469603,0.20041293808142518,0.22820805724680202,2022
2023_15_KC_NE,00-0031547,WR,NE,2023,0,0.1052998006732554,0.09352154668501075,0.0984680928490958,0.10957436201018343,2022
2023_15_KC_NE,00-0032200,WR,NE,2023,0,0.016643422604752933,0.025696798332135767,0.023959137332211493,0.04593017371174882,2022
2023_15_KC_NE,00-0033045,RB,NE,2023,0,0.260232951239746,0.22157149818836427,0.22273050275677522,0.27835692702947634,2022
2023_15_KC_NE,00-0033090,TE,NE,2023,1,0.12655118415544964,0.10088015540485643,0.12219036759681025,0.15612205257458406,2022
2023_15_KC_NE,00-0033439,TE,NE,2023,0,0.03508051014174551,0.04491232977708089,0.04127857643329752,0.044765132584537834,2022
2023_15_KC_NE,00-0033857,WR,NE,2023,0,0.11049614747270753,0.10304009512796825,0.09970017661338283,0.1429230862056332,2022
2023_15_KC_NE,00-0034829,TE,NE,2023,0,0.07266206281486831,0.05848940178514989,0.05811604478827306,0.08585281546270655,2022
2023_15_KC_NE,00-0036387,WR,NE,2023,0,0.06858369057918945,0.05198342801658401,0.053855054500372736,0.07731597821216797,2022
2023_15_KC_NE,00-0036875,RB,NE,2023,0,0.26340678369023107,0.22317879534369017,0.21931953394525974,0.2577855182904204,2022
2023_15_KC_NE,00-0036972,QB,NE,2023,0,0.0663272623854535,0.06083477344101608,0.0483600726231852,0.0690415789336876,2022
2023_15_KC_NE,00-0038104,WR,NE,2023,0,0.08448078662876068,0.06297580962496684,0.06399904164229954,0.08341581191697446,2022
2023_15_KC_NE,00-0038108,QB,NE,2023,0,0.04403929853771649,0.0359242611629433,0.023851812661963807,0.05952842512044904,2022
2023_15_KC_NE,00-0038608,WR,NE,2023,0,0.05991515132556513,0.04482014800603357,0.046005791370256094,0.0691283071790856,2022
2023_15_KC_NE,00-0038621,WR,NE,2023,0,0.17366826642747712,0.14489922724785817,0.14112475091884777,0.15139862719471553,2022
2023_15_LAC_LV,00-0030279,WR,LAC,2023,0,0.2538719796456227,0.3122819684380472,0.32017232543829277,0.2164751605126285,2022
2023_15_LAC_LV,00-0032543,WR,LAC,2023,1,0.0786472526843085,0.065260799583764,0.06570535178248445,0.0638657153895018,2022
2023_15_LAC_LV,00-0033699,RB,LAC,2023,0,0.3280238846181699,0.34601110377541955,0.28724542352116567,0.2919357066472332,2022
2023_15_LAC_LV,00-0033895,TE,LAC,2023,0,0.10745196573711335,0.08447915953992156,0.07955823183760678,0.13965704477465146,2022
2023_15_LAC_LV,00-0035282,QB,LAC,2023,0,0.028016913225211493,0.03196982347157281,0.017433398202322956,0.053152632572832495,2022
2023_15_LAC_LV,00-0035329,TE,LAC,2023,0,0.0760185921780725,0.0651647499662449,0.05909799751687143,0.08036828625947089,2022
2023_15_LAC_LV,00-0035414,WR,LAC,2023,0,0.09774799735545814,0.0826079095101873,0.07509751110146821,0.09652104737009085,2022
2023_15_LAC_LV,00-0036355,QB,LAC,2023,0,0.12380529382860672,0.08468067712967974,0.08774170333030604,0.11067999844326967,2022
2023_15_LAC_LV,00-0036370,RB,LAC,2023,0,0.11237843856315866,0.06981155458619993,0.07976663321114556,0.07935084640480104,2022
2023_15_LAC_LV,00-0037475,TE,LAC,2023,0,0.050239211669295125,0.036257069263716996,0.03470070561911493,0.0580177122995849,2022
2023_15_LAC_LV,00-0038045,RB,LAC,2023,0,0.078994261104393,0.0490310852044226,0.060998058977700775,0.07121240643125515,2022
2023_15_LAC_LV,00-0038544,WR,LAC,2023,1,0.12463212274596647,0.12699439762766715,0.11839028307657437,0.15382265092999425,2022
2023_15_LAC_LV,00-0038573,WR,LAC,2023,0,0.030048514361960654,0.033747870836567405,0.02850929370558947,0.05398130759244323,2022
2023_15_LAC_LV,00-0031381,WR,LV,2023,1,0.31121129682574267,0.24379981038768014,0.2875397787851519,0.23578158182716125,2022
2023_15_LAC_LV,00-0032104,RB,LV,2023,0,0.069688833405389,0.055879155483506526,0.05114990676364617,0.06946577475407384,2022
2023_15_LAC_LV,00-0032392,TE,LV,2023,0,0.06196485265883089,0.06365203474263861,0.06957233750492473,0.04865199016084514,2022
2023_15_LAC_LV,00-0034960,WR,LV,2023,1,0.19937278669437497,0.18400718346314252,0.155761444825289,0.18665004517392458,2022
2023_15_LAC_LV,00-0034983,WR,LV,2023,0,0.12641345906237123,0.07454502477906946,0.06225420375739139,0.11997645790233062,2022
2023_15_LAC_LV,00-0035562,TE,LV,2023,0,0.008881042212160684,0.031252009414128507,0.024864860741213034,0.0483748374827711,2022
2023_15_LAC_LV,00-0035700,RB,LV,2023,0,0.46670222671735384,0.5111127204506626,0.6064450605569073,0.3582483888368119,2022
2023_15_LAC_LV,00-0038040,RB,LV,2023,1,0.06818380790540934,0.04537076265797889,0.055072245541289644,0.06525972721663628,2022
2023_15_LAC_LV,00-0038563,WR,LV,2023,1,0.11028806046991046,0.057900281049945254,0.052436975644656755,0.09007084596595358,2022
2023_15_LAC_LV,00-0038579,QB,LV,2023,0,0.09206915497596346,0.06995487279765727,0.06078448449692707,0.07237400228441872,2022
2023_15_LAC_LV,00-0039066,TE,LV,2023,1,0.1592078436348745,0.13926441954491092,0.19611076322845514,0.16991363278573332,2022
2023_15_MIN_CIN,00-0033009,WR,CIN,2023,0,0.2374556694446227,0.20557554435901063,0.20078665642302262,0.21389909307197713,2022
2023_15_MIN_CIN,00-0033897,RB,CIN,2023,1,0.47808861940741365,0.4932351931391602,0.49035613974536885,0.364201296666474,2022
2023_15_MIN_CIN,00-0034613,TE,CIN,2023,0,0.14916687205782497,0.08605060024394251,0.05626103777568027,0.11018855580853416,2022
2023_15_MIN_CIN,00-0034970,TE,CIN,2023,0,0.07593033483501022,0.06352706816499241,0.05080563177710305,0.05953018001984061,2022
2023_15_MIN_CIN,00-0035100,QB,CIN,2023,0,0.13710878937519289,0.08369949295865385,0.06661911180471242,0.09910943225343552,2022
2023_15_MIN_CIN,00-0035291,RB,CIN,2023,0,0.034056765080991536,0.05170768798273388,0.05827591914042925,0.04698969214910995,2022
2023_15_MIN_CIN,00-0035341,WR,CIN,2023,0,0.10651232813717504,0.09876640641103908,0.09390408218750869,0.08293735412228516,2022
2023_15_MIN_CIN,00-0035631,TE,CIN,2023,0,0.08890126676319776,0.08224419755314354,0.06500835415008317,0.07886760458112753,2022
2023_15_MIN_CIN,00-0035771,TE,CIN,2023,0,0.037425894231640555,0.04975871935527399,0.035291095650278576,0.046317987880113265,2022
2023_15_MIN_CIN,00-0036410,WR,CIN,2023,1,0.18296742852914105,0.16368622392996507,0.16481290417058408,0.1809214675317767,2022
2023_15_MIN_CIN,00-0036900,WR,CIN,2023,0,0.2567076122624279,0.2800236091531622,0.2603674462459825,0.24237927102557857,2022
2023_15_MIN_CIN,00-0038597,RB,CIN,2023,0,0.12374431633530414,0.0719095977837633,0.09304455997342286,0.07654746473286922,2022
2023_15_MIN_CIN,00-0038619,WR,CIN,2023,0,0.0542044286218748,0.04675001453050668,0.055956989831515806,0.06391917967718183,2022
2023_15_MIN_CIN,00-0033246,TE,MIN,2023,0,0.02791211327912979,0.03576230495959396,0.0300589927928293,0.044911315009468496,2022
2023_15_MIN_CIN,00-0033949,QB,MIN,2023,0,0.14499818293503486,0.11343183317837958,0.11223967875341716,0.11736243393796573,2022
2023_15_MIN_CIN,00-0034646,WR,MIN,2023,0,0.1130583944168897,0.10174385094324724,0.09109113055463158,0.14349681073930837,2022
2023_15_MIN_CIN,00-0034972,RB,MIN,2023,0,0.2608759722454559,0.2200497568465446,0.2268286376274287,0.2885664426509156,2022
2023_15_MIN_CIN,00-0035229,TE,MIN,2023,0,0.2554009758676755,0.22169851261823945,0.23668856775555427,0.20254659587193982,2022
2023_15_MIN_CIN,00-0035249,TE,MIN,2023,0,0.0714230785549389,0.06308791474972562,0.06116253891503085,0.06575420913523848,2022
2023_15_MIN_CIN,00-0036322,WR,MIN,2023,0,0.21706532804820744,0.20742237969131433,0.21453044270939453,0.21140938939086334,2022
2023_15_MIN_CIN,00-0036345,WR,MIN,2023,0,0.1531031582405028,0.13847482219276286,0.13414373183720638,0.15006131032389877,2022
2023_15_MIN_CIN,00-0036842,RB,MIN,2023,0,0.020806950581798933,0.034717028009285604,0.04368034720166714,0.04773174669811116,2022
2023_15_MIN_CIN,00-0037276,RB,MIN,2023,1,0.1890889659802205,0.12413825082038363,0.1260055046974396,0.11538268211269431,2022
2023_15_MIN_CIN,00-0037291,WR,MIN,2023,0,0.0639874903301092,0.06316625925500502,0.05898308120684354,0.05176640282548793,2022
2023_15_MIN_CIN,00-0038994,WR,MIN,2023,1,0.20038750490432666,0.20736079202833244,0.22174165078690614,0.19083256910435228,2022
2023_15_NYG_NO,00-0027696,TE,NO,2023,1,0.06459828696310888,0.04944022581128862,0.04458904116610362,0.09514480396326722,2022
2023_15_NYG_NO,00-0031280,QB,NO,2023,0,0.09085444757950456,0.07831411024276519,0.05497131908666737,0.06830934790136109,2022
2023_15_NYG_NO,00-0031503,QB,NO,2023,0,0.03501182790104651,0.029469025155420298,0.014520499922173004,0.046066740567393766,2022
2023_15_NYG_NO,00-0033357,TE,NO,2023,0,0.29071527763634364,0.21627281841179388,0.07785810611127995,0.2237412319456303,2022
2023_15_NYG_NO,00-0033906,RB,NO,2023,0,0.4161941152503932,0.41740538448127934,0.3179617443898089,0.3549301939657308,2022
2023_15_NYG_NO,00-0033948,RB,NO,2023,0,0.1773001297586435,0.12277286790418582,0.12206217406769533,0.10148764819190746,2022
2023_15_NYG_NO,00-0034317,WR,NO,2023,1,0.06693214289286709,0.059531091683637315,0.05554389597540317,0.05677036606731403,2022
2023_15_NYG_NO,00-0034981,TE,NO,2023,0,0.06719215189730932,0.08617521105096637,0.09205074825868544,0.05375663007252066,2022
2023_15_NYG_NO,00-0036040,TE,NO,2023,1,0.1723147597831023,0.13790816974841044,0.16035439683104155,0.16825534106317544,2022
2023_15_NYG_NO,00-0036364,WR,NO,2023,0,0.10606163012277547,0.10225249932772139,0.07707298746436667,0.07494026153714475,2022
2023_15_NYG_NO,00-0037239,WR,NO,2023,0,0.25959977857713157,0.20898776654940018,0.1994114401426826,0.21939677890364706,2022
2023_15_NYG_NO,00-0037545,WR,NO,2023,0,0.17936791654063722,0.13406022928701652,0.12007999528699055,0.19148689798444715,2022
2023_15_NYG_NO,00-0038612,WR,NO,2023,0,0.13029001878398827,0.13007903603805532,0.1052088957963552,0.09482378980779771,2022
2023_15_NYG_NO,00-0032385,WR,NYG,2023,0,0.12184524355856263,0.049121484367016514,0.0445557042406545,0.10688025088762948,2022
2023_15_NYG_NO,00-0033308,RB,NYG,2023,0,0.07543891287469828,0.04795140215860342,0.051491613193662605,0.06377735427728042,2022
2023_15_NYG_NO,00-0034844,RB,NYG,2023,0,0.39759184402490166,0.4307050011200329,0.3977223115156282,0.28339185766141256,2022
2023_15_NYG_NO,00-0035535,WR,NYG,2023,0,0.1574237254099764,0.11837034934775058,0.12119011979883151,0.13040754455392695,2022
2023_15_NYG_NO,00-0035639,WR,NYG,2023,0,0.03526544293713718,0.0330811279759548,0.03220119683045092,0.04716146251395179,2022
2023_15_NYG_NO,00-0036145,TE,NYG,2023,0,0.05017263241080705,0.039885421419759856,0.03429791523394103,0.05226494176138146,2022
2023_15_NYG_NO,00-0036165,WR,NYG,2023,0,0.08216336537614877,0.0559852916761585,0.054893280885328286,0.06928115480722068,2022
2023_15_NYG_NO,00-0038115,TE,NYG,2023,0,0.1173380895043643,0.12572892451656925,0.1704697650913613,0.10165459554939306,2022
2023_15_NYG_NO,00-0038117,WR,NYG,2023,0,0.18528371493856388,0.1250071663259041,0.11817185909067704,0.14277601637425977,2022
2023_15_NYG_NO,00-0038476,QB,NYG,2023,0,0.1543217411030503,0.10384359524178052,0.10557461134820084,0.12809099098743057,2022
2023_15_NYG_NO,00-0038938,WR,NYG,2023,0,0.13437800619043594,0.0810943943122193,0.0934795389643898,0.11410893522046292,2022
2023_15_NYJ_MIA,00-0031687,RB,MIA,2023,1,0.3383751470983094,0.3254323727380969,0.35345276612271526,0.3379221238029985,2022
2023_15_NYJ_MIA,00-0033040,WR,MIA,2023,0,0.2784726048107411,0.2463017925355672,0.19523634161595102,0.28273748562100814,2022
2023_15_NYJ_MIA,00-0034054,WR,MIA,2023,0,0.09779630856780319,0.07777797094827513,0.07007225970366919,0.0895763005702842,2022
2023_15_NYJ_MIA,00-0034115,RB,MIA,2023,0,0.14722241010687132,0.09377096123047363,0.0932531674664893,0.08957833472103097,2022
2023_15_NYJ_MIA,00-0034401,QB,MIA,2023,0,0.029248168631392124,0.00014927407836050482,0.0015417299759015188,0.04637751151153598,2022
2023_15_NYJ_MIA,00-0034418,WR,MIA,2023,0,0.13014191754339055,0.11013703616238524,0.1002336489757135,0.12058734066240633,2022
2023_15_NYJ_MIA,00-0034419,WR,MIA,2023,0,0.05849164978667054,0.07533399259331656,0.06350532903909925,0.05316781637989035,2022
2023_15_NYJ_MIA,00-0034798,TE,MIA,2023,0,0.11512488631044537,0.126323360732737,0.1415304104222123,0.10502465360164666,2022
2023_15_NYJ_MIA,00-0036212,QB,MIA,2023,0,0.09667437391497136,0.08920315389723792,0.06027794832751751,0.07614445785375853,2022
2023_15_NYJ_MIA,00-0036297,RB,MIA,2023,0,0.0335289643884672,0.046851783484064796,0.05471556898232333,0.05890462221343472,2022
2023_15_NYJ_MIA,00-0036326,WR,MIA,2023,0,0.019983942406931576,0.04214778104451541,0.03755871592131871,0.04681376977375699,2022
2023_15_NYJ_MIA,00-0036613,WR,MIA,2023,1,0.23052339041793946,0.19384600604356833,0.2054447397036553,0.17502274165503282,2022
2023_15_NYJ_MIA,00-0038720,TE,MIA,2023,0,0.05540032281158558,0.06809589771914,0.06329983825260525,0.04906889021420004,2022
2023_15_NYJ_MIA,00-0039040,RB,MIA,2023,0,0.28605109659084105,0.20045535250977392,0.18085746187218985,0.2581532108583788,2022
2023_15_NYJ_MIA,00-0028002,WR,NYJ,2023,0,0.05806502962277538,0.04596960527314631,0.045789403331677525,0.06314285483203697,2022
2023_15_NYJ_MIA,00-0032156,QB,NYJ,2023,0,0.029500712881968427,0.023630644878308463,0.020374237968102487,0.04884829663236729,2022
2023_15_NYJ_MIA,00-0033893,RB,NYJ,2023,0,0.11324276636816077,0.061563622732961454,0.07352793782437905,0.09105146392810758,2022
2023_15_NYJ_MIA,00-0034177,QB,NYJ,2023,0,0.05557143611425541,0.03620686545577416,0.027273001846383753,0.0650045496105402,2022
2023_15_NYJ_MIA,00-0034270,TE,NYJ,2023,0,0.12043198441122815,0.09208575428117104,0.10859529632117669,0.131212323573128,2022
2023_15_NYJ_MIA,00-0034433,RB,NYJ,2023,0,0.03028523001071315,0.027599063596133334,0.03394249536064696,0.052786212379153596,2022
2023_15_NYJ_MIA,00-0034521,WR,NYJ,2023,0,0.0740112380889838,0.06615106760645553,0.0664570246594135,0.07189650263798125,2022
2023_15_NYJ_MIA,00-0037013,QB,NYJ,2023,0,0.09448896038709631,0.07004754338034123,0.06852538116685221,0.0997401938117544,2022
2023_15_NYJ_MIA,00-0037740,WR,NYJ,2023,0,0.21976425104557185,0.222976393432374,0.23196578581956034,0.232522291396882,2022
2023_15_NYJ_MIA,00-0037805,TE,NYJ,2023,0,0.061930194155842555,0.05026580460808356,0.05336036014158172,0.07456905812673781,2022
2023_15_NYJ_MIA,00-0038120,RB,NYJ,2023,0,0.29907216422294947,0.3231662216386458,0.3183559534003864,0.28922613192637375,2022
2023_15_NYJ_MIA,00-0038389,RB,NYJ,2023,0,0.05500987586172623,0.03484368171648419,0.040962554945824514,0.06377735427728042,2022
2023_15_NYJ_MIA,00-0038492,WR,NYJ,2023,0,0.07107535219776218,0.12472028577419116,0.093037420020522,0.09442392728832866,2022
2023_15_NYJ_MIA,00-0038496,WR,NYJ,2023,0,0.08636429923414868,0.0645749293310194,0.06360189265910858,0.12165357985088777,2022
2023_15_PHI_SEA,00-0027944,WR,PHI,2023,0,0.09981957913583916,0.09430251394892873,0.08238726706425728,0.06588253323783932,2022
2023_15_PHI_SEA,00-0032268,QB,PHI,2023,0,0.07216224628600143,0.032640122127057615,0.01817523971216567,0.0701679819496514,2022
2023_15_PHI_SEA,00-0034351,TE,PHI,2023,0,0.21150982009969965,0.193876649237952,0.25133978233501286,0.23775501001515176,2022
2023_15_PHI_SEA,00-0034414,RB,PHI,2023,0,0.06325084441930584,0.060256502473535464,0.07128631938860562,0.0701679819496514,2022
2023_15_PHI_SEA,00-0035208,WR,PHI,2023,0,0.08021979437904792,0.08406782615999554,0.07510682449240733,0.057199476024607926,2022
2023_15_PHI_SEA,00-0035676,WR,PHI,2023,0,0.35637276179826005,0.3925352458964413,0.3859666066644804,0.3085200785873364,2022
2023_15_PHI_SEA,00-0036271,WR,PHI,2023,0,0.1279067659353178,0.14413960892675404,0.12200189535883622,0.12496228097585801,2022
2023_15_PHI_SEA,00-0036275,RB,PHI,2023,0,0.3573734477889703,0.3381517960386094,0.2914386195790229,0.39902098753366366,2022
2023_15_PHI_SEA,00-0036389,QB,PHI,2023,1,0.2866280283094267,0.2499779277177458,0.34390091788238986,0.365900765883308,2022
2023_15_PHI_SEA,00-0036423,TE,PHI,2023,0,0.05485695231073995,0.08014460513521844,0.09519025997177448,0.056063778771516526,2022
2023_15_PHI_SEA,00-0036741,TE,PHI,2023,0,0.07530531077413083,0.08009083927528086,0.08875149419819818,0.055207927942183835,2022
2023_15_PHI_SEA,00-0036912,WR,PHI,2023,0,0.3113486443045457,0.3792630507080922,0.3625497339055694,0.315214467001742,2022
2023_15_PHI_SEA,00-0036919,RB,PHI,2023,0,0.15204026909167678,0.13117939231118084,0.10493037449682611,0.12424951025152493,2022
2023_15_PHI_SEA,00-0030565,QB,SEA,2023,0,0.12203175379594366,0.09885367606879598,0.071373325672865,0.09248542450604812,2022
2023_15_PHI_SEA,00-0032211,WR,SEA,2023,0,0.2209883273595027,0.2265714240166776,0.19824264660791024,0.21606178551296595,2022
2023_15_PHI_SEA,00-0034159,TE,SEA,2023,0,0.06898673424701762,0.06247518586272916,0.05713444663369198,0.053631630970771844,2022
2023_15_PHI_SEA,00-0035640,WR,SEA,2023,0,0.2694286013622861,0.24488029963527894,0.23933028473409174,0.240724738063075,2022
2023_15_PHI_SEA,00-0035644,TE,SEA,2023,0,0.1101515868500842,0.10827540227346694,0.11890010410250722,0.09905663386650577,2022
2023_15_PHI_SEA,00-0035704,QB,SEA,2023,0,0.06561971997981841,0.04626672116000577,0.027686168486572803,0.05924488486488343,2022
2023_15_PHI_SEA,00-0036244,TE,SEA,2023,0,0.06075685514215057,0.06276911346279342,0.05212508023234299,0.051660091946717064,2022
2023_15_PHI_SEA,00-0036425,RB,SEA,2023,0,0.048339077769644856,0.05079589389251152,0.05926143879467416,0.04785374956476958,2022
2023_15_PHI_SEA,00-0036620,WR,SEA,2023,0,0.028331310117391317,0.04135170346901709,0.03474079433569316,0.04500543290606185,2022
2023_15_PHI_SEA,00-0038134,RB,SEA,2023,1,0.31621796480176656,0.21043497785399143,0.2742169566724463,0.2621456433855458,2022
2023_15_PHI_SEA,00-0038543,WR,SEA,2023,1,0.19593153444622924,0.15684337410064084,0.15196121916187336,0.19397424027997212,2022
2023_15_PHI_SEA,00-0038752,WR,SEA,2023,0,0.06710396233315963,0.058165373116723866,0.05178709046053204,0.061956197596867296,2022
2023_15_PHI_SEA,00-0039165,RB,SEA,2023,0,0.38589198985513373,0.33451816316159133,0.37786920421784415,0.34730005691239174,2022
2023_15_PIT_IND,00-0033217,TE,IND,2023,1,0.06032889563456456,0.0713220736338398,0.06512532433389473,0.0583669740212862,2022
2023_15_PIT_IND,00-0033466,WR,IND,2023,0,0.0536343188861792,0.05694791492114608,0.05074789733537669,0.05390869948717014,2022
2023_15_PIT_IND,00-0035289,QB,IND,2023,0,0.13845359506954213,0.09992964393931177,0.11194906087278114,0.11163005089252054,2022
2023_15_PIT_IND,00-0036223,RB,IND,2023,0,0.38267393868251776,0.4434486732570169,0.4032539263180925,0.3719844194588885,2022
2023_15_PIT_IND,00-0036251,RB,IND,2023,1,0.2901494175011925,0.2188981470053637,0.23448973906280582,0.30153915203063886,2022
2023_15_PIT_IND,00-0036252,WR,IND,2023,0,0.3166400594972253,0.3842793259063769,0.36218898348023265,0.3194015817662659,2022
2023_15_PIT_IND,00-0036876,TE,IND,2023,0,0.09086684088375263,0.07869367646755081,0.07214660643417682,0.06535828487133699,2022
2023_15_PIT_IND,00-0036984,RB,IND,2023,0,0.07115550618964639,0.05467000789591679,0.06773125760262522,0.0650499379364228,2022
2023_15_PIT_IND,00-0037120,RB,IND,2023,0,0.036119981297082604,0.046508421087314906,0.04873081090107782,0.05717480999121752,2022
2023_15_PIT_IND,00-0037292,TE,IND,2023,0,0.07626509966111805,0.07189019502167407,0.07534433208853415,0.05507585257603475,2022
2023_15_PIT_IND,00-0037664,WR,IND,2023,0,0.15980171890517647,0.21689693039523258,0.17386433310112862,0.16237515353309068,2022
2023_15_PIT_IND,00-0038394,TE,IND,2023,0,0.08798801217228891,0.0628926836528247,0.05003630749658101,0.08015349676564415,2022
2023_15_PIT_IND,00-0038997,WR,IND,2023,0,0.1567977132785522,0.11864017177501796,0.11389083527537112,0.15740603052347582,2022
2023_15_PIT_IND,00-0031428,WR,PIT,2023,0,0.11722886795623855,0.10617790264322063,0.09878161500845807,0.088064574133508,2022
2023_15_PIT_IND,00-0033869,QB,PIT,2023,1,0.1270166195438973,0.06688633836471879,0.05560140085168766,0.11372213833575852,2022
2023_15_PIT_IND,00-0035216,WR,PIT,2023,1,0.24494244034477597,0.17488943075448174,0.18394455384081415,0.1854757590944977,2022
2023_15_PIT_IND,00-0035703,WR,PIT,2023,0,0.020078437590564602,0.03881887135495467,0.03680081888936592,0.045307519821931604,2022
2023_15_PIT_IND,00-0036893,RB,PIT,2023,0,0.33583520102692255,0.2517229124251454,0.23621378470347826,0.3398511479040021,2022
2023_15_PIT_IND,00-0036894,TE,PIT,2023,0,0.19364343460361988,0.12003245610711807,0.1425293073918849,0.1504649779631264,2022
2023_15_PIT_IND,00-0037228,RB,PIT,2023,0,0.299767771225272,0.2116905136880688,0.19052204187169003,0.2503440742726035,2022
2023_15_PIT_IND,00-0037247,WR,PIT,2023,0,0.20531064335928162,0.18335823653211095,0.18789681767131777,0.1764762367886628,2022
2023_15_PIT_IND,00-0037837,WR,PIT,2023,0,0.04065961085965142,0.048856417462674606,0.04343395760159342,0.04597839065872626,2022
2023_15_PIT_IND,00-0038102,QB,PIT,2023,0,0.12483942756716115,0.08689823640383999,0.06958243502063773,0.10883803333376173,2022
2023_15_PIT_IND,00-0038558,TE,PIT,2023,0,0.08054627422507588,0.06814133819738655,0.06143027433082054,0.06938386377808968,2022
2023_15_SF_ARI,00-0032141,TE,ARI,2023,0,0.054254859396156485,0.05719896489753333,0.03805548184464298,0.06394877668007286,2022
2023_15_SF_ARI,00-0033553,RB,ARI,2023,1,0.2935509592748041,0.29898692522046655,0.348642718313352,0.3020251600491034,2022
2023_15_SF_ARI,00-0035228,QB,ARI,2023,0,0.15752077923930807,0.11934699006672943,0.10691617893486913,0.13950344069393344,2022
2023_15_SF_ARI,00-0035500,WR,ARI,2023,0,0.12794512508208788,0.0879241649853562,0.1067308628144734,0.12946250761298275,2022
2023_15_SF_ARI,00-0035662,WR,ARI,2023,0,0.1895160740325713,0.17757386629008795,0.22730425225047213,0.14018345791440237,2022
2023_15_SF_ARI,00-0035860,RB,ARI,2023,0,0.07769964396568108,0.06018446875523239,0.0655367520666364,0.07864086704330729,2022
2023_15_SF_ARI,00-0036924,RB,ARI,2023,0,0.1205343930403705,0.0843452153172832,0.09197414112802964,0.09151017829464377,2022
2023_15_SF_ARI,00-0036936,WR,ARI,2023,0,0.13116766471045938,0.12432633239149765,0.12368589055464423,0.13448480169113153,2022
2023_15_SF_ARI,00-0037744,TE,ARI,2023,0,0.2279137141905575,0.2552852004451971,0.16445517123265135,0.19705368674598478,2022
2023_15_SF_ARI,00-0038582,QB,ARI,2023,0,0.06345562735448795,0.01865013455640404,0.011313472225365495,0.06415295990190856,2022
2023_15_SF_ARI,00-0038705,RB,ARI,2023,1,0.22485180697286888,0.20147691502064233,0.22135139095957768,0.2012037707727447,2022
2023_15_SF_ARI,00-0039041,TE,ARI,2023,1,0.04622036850023603,0.04322389608748919,0.0291827919509646,0.04906751557958653,2022
2023_15_SF_ARI,00-0033280,RB,SF,2023,1,0.6657159889919564,0.7191973348194514,0.7042668404301912,0.4305777950411823,2022
2023_15_SF_ARI,00-0033288,TE,SF,2023,0,0.3723437028808312,0.3332176623925995,0.3914294328182915,0.2636954530723367,2022
2023_15_SF_ARI,00-0034407,WR,SF,2023,0,0.08514164123151369,0.08227718614648953,0.06993785555210742,0.05955105421537341,2022
2023_15_SF_ARI,00-0034869,QB,SF,2023,0,0.05425213482872615,0.00022844800175275857,0.0025574973386116224,0.05760365994689653,2022
2023_15_SF_ARI,00-0035719,WR,SF,2023,1,0.4231192494322249,0.32243069563854854,0.25595849539369975,0.36842822982483736,2022
2023_15_SF_ARI,00-0036259,WR,SF,2023,0,0.1563663858607427,0.11048376414890519,0.09737461619882508,0.08328421771421791,2022
2023_15_SF_ARI,00-0036261,WR,SF,2023,0,0.366864289095143,0.32956207945720767,0.3070726104579279,0.2664993197764079,2022
2023_15_SF_ARI,00-0036429,TE,SF,2023,0,0.056078745835165145,0.08159469537085476,0.07787700530881785,0.055125873181402316,2022
2023_15_SF_ARI,00-0036567,RB,SF,2023,0,0.1974326175708061,0.12023935849717494,0.16618617292975224,0.09612951887333282,2022
2023_15_SF_ARI,00-0037525,RB,SF,2023,0,0.0666612689449938,0.07020917202536349,0.09425227921621693,0.06808565047502581,2022
2023_15_SF_ARI,00-0037834,QB,SF,2023,0,0.17477763322347029,0.15164578098205303,0.12259340338832243,0.10426316472352949,2022
2023_15_TB_GB,00-0035831,RB,GB,2023,0,0.05910154739991824,0.051765131179374944,0.05950425679701424,0.05851713682791135,2022
2023_15_TB_GB,00-0035973,RB,GB,2023,0,0.1757108997385225,0.11533951054531837,0.10072950344939946,0.1125115696395924,2022
2023_15_TB_GB,00-0036264,QB,GB,2023,0,0.13660798217737902,0.1118746757322005,0.08462181875132291,0.10358747214153181,2022
2023_15_TB_GB,00-0036265,RB,GB,2023,0,0.4000287587141371,0.3538683697133205,0.36018040170581317,0.33469202180742785,2022
2023_15_TB_GB,00-0037098,WR,GB,2023,0,0.09750611996147107,0.06754533319078207,0.07154180370362079,0.05998953649211971,2022
2023_15_TB_GB,00-0037816,WR,GB,2023,0,0.20766769669886387,0.18553461673523913,0.18790946900734468,0.22908820563321536,2022
2023_15_TB_GB,00-0038124,WR,GB,2023,0,0.2561181780847023,0.18561207958758155,0.2072848866868427,0.2284398726966086,2022
2023_15_TB_GB,00-0038393,WR,GB,2023,0,0.15894431111307228,0.0988547455542604,0.10122620857161563,0.11064246877751,2022
2023_15_TB_GB,00-0038465,WR,GB,2023,0,0.08319994701949929,0.05642411751357727,0.05776003848938302,0.057436833999821864,2022
2023_15_TB_GB,00-0038809,TE,GB,2023,0,0.062278714979439376,0.0497897149690987,0.03975472876213069,0.05551107283064387,2022
2023_15_TB_GB,00-0038996,TE,GB,2023,1,0.14981959248331178,0.13906580903934493,0.16336684776407837,0.13159380674211862,2022
2023_15_TB_GB,00-0039146,WR,GB,2023,1,0.26223185156876627,0.18945159504676898,0.1651263791707343,0.23707541796137258,2022
2023_15_TB_GB,00-0031408,WR,TB,2023,1,0.296314977634632,0.263420410907028,0.3325545233392224,0.20794681043458965,2022
2023_15_TB_GB,00-0033589,WR,TB,2023,1,0.041367515841287616,0.039715948090325345,0.03804243984464528,0.04747885736612233,2022
2023_15_TB_GB,00-0033921,WR,TB,2023,0,0.21905401164997174,0.18592276622309714,0.19954566058541212,0.17847656518453434,2022
2023_15_TB_GB,00-0034681,RB,TB,2023,0,0.11482590661151149,0.07009175321989958,0.0723775041191911,0.07716178873636569,2022
2023_15_TB_GB,00-0034855,QB,TB,2023,0,0.12902530053690908,0.11226393775840889,0.07611288291404725,0.10201127794027638,2022
2023_15_TB_GB,00-0036928,QB,TB,2023,0,0.013383834159104935,0.00009854582907802642,0.0009107088217077574,0.046920701270584564,2022
2023_15_TB_GB,00-0037256,RB,TB,2023,1,0.42231031596520185,0.5627139650555992,0.47474550221419826,0.348895098958387,2022
2023_15_TB_GB,00-0037311,TE,TB,2023,1,0.01409348502582819,0.0326095718327078,0.026666812914885905,0.046297407952117516,2022
2023_15_TB_GB,00-0037487,WR,TB,2023,0,0.05542610124392311,0.04160135778595988,0.03953632128098734,0.050756869659445675,2022
2023_15_TB_GB,00-0038129,TE,TB,2023,0,0.15229378697005103,0.17505744586918284,0.21594977897518552,0.17200182954169593,2022
2023_15_TB_GB,00-0039050,TE,TB,2023,0,0.037453865765418204,0.03852548460287122,0.032821824925940345,0.04589296289398304,2022
2023_15_TB_GB,00-0039052,WR,TB,2023,0,0.157826522332989,0.13920663952178183,0.1293640705475389,0.1517597683834563,2022
2023_15_WAS_LA,00-0026498,QB,LA,2023,0,0.119657302165462,0.12197713872444595,0.09342078272609433,0.06332542302950923,2022
2023_15_WAS_LA,00-0032775,WR,LA,2023,1,0.20275009383642895,0.14631277052896427,0.1335277080054355,0.1729654258205728,2022
2023_15_WAS_LA,00-0033110,TE,LA,2023,0,0.22857621086569746,0.22714469376769283,0.24648925264753352,0.2368887701331262,2022
2023_15_WAS_LA,00-0033908,WR,LA,2023,1,0.29144227378875975,0.26986655312024355,0.25904574670184644,0.26339490248908226,2022
2023_15_WAS_LA,00-0034838,RB,LA,2023,0,0.2772775512970045,0.1817059244789079,0.21618397908991685,0.19998362649092846,2022
2023_15_WAS_LA,00-0036849,WR,LA,2023,0,0.16675823407292467,0.1297407414875626,0.12070074723714763,0.10230241522901015,2022
2023_15_WAS_LA,00-0036862,WR,LA,2023,0,0.06196263024352888,0.06842698703256832,0.05910589654325834,0.04840133059803938,2022
2023_15_WAS_LA,00-0037840,RB,LA,2023,1,0.5875078083146812,0.7022011724072887,0.7032097042951676,0.42998656087139525,2022
2023_15_WAS_LA,00-0039074,TE,LA,2023,0,0.10992546445660689,0.091179395287959,0.07493786362257246,0.06459638119476947,2022
2023_15_WAS_LA,00-0039075,WR,LA,2023,0,0.34509195892969036,0.3146259439518215,0.3053416497879069,0.2812192973218818,2022
2023_15_WAS_LA,00-0039136,RB,LA,2023,0,0.07655921394072884,0.07003323786591963,0.0966994493350398,0.07333326236498756,2022
2023_15_WAS_LA,00-0031260,TE,WAS,2023,0,0.15559013118986242,0.1349343648149098,0.1251993597276976,0.15683101878314,2022
2023_15_WAS_LA,00-0031941,WR,WAS,2023,0,0.0601796310363214,0.053084075069933914,0.05650914342517276,0.05094164960944808,2022
2023_15_WAS_LA,00-0033282,WR,WAS,2023,1,0.15185845392082664,0.09607892321829893,0.09895713097993158,0.1196732928566539,2022
2023_15_WAS_LA,00-0034297,WR,WAS,2023,0,0.06266905915638699,0.05311328390442685,0.05685807853906857,0.05755229790538792,2022
2023_15_WAS_LA,00-0035659,WR,WAS,2023,1,0.2148380648996584,0.1840129442960825,0.22269501368067607,0.1898680247246567,2022
2023_15_WAS_LA,00-0035715,RB,WAS,2023,0,0.03718174619706183,0.03365221828236673,0.04176741487391027,0.052809811777105635,2022
2023_15_WAS_LA,00-0036328,RB,WAS,2023,0,0.25205956932549145,0.17805916771552782,0.16295152363995843,0.20011754094231396,2022
2023_15_WAS_LA,00-0036626,WR,WAS,2023,0,0.07885394682094748,0.05634544341097293,0.06257386353973615,0.0711373373724116,2022
2023_15_WAS_LA,00-0036628,TE,WAS,2023,0,0.07303093032239227,0.07687574741441938,0.06849317938756232,0.058554821139077604,2022
2023_15_WAS_LA,00-0037077,QB,WAS,2023,0,0.1508355284496835,0.09422667225916909,0.06970494143466086,0.10420846793930617,2022
2023_15_WAS_LA,00-0037078,TE,WAS,2023,0,0.03844000600199282,0.04113976635088624,0.022570626671738907,0.05874270429118687,2022
2023_15_WAS_LA,00-0037741,WR,WAS,2023,0,0.17240714320593098,0.1633804562533032,0.16418298771280843,0.1696952725409189,2022
2023_15_WAS_LA,00-0037746,RB,WAS,2023,0,0.35620269314472675,0.2892789390671329,0.3169756220838947,0.3156557383656875,2022
2023_15_WAS_LA,00-0038611,RB,WAS,2023,0,0.11274213188489468,0.06677606119253865,0.08993705740289885,0.07494149449794159,2022
2023_16_ARI_CHI,00-0032141,TE,ARI,2023,0,0.04817354932812412,0.056893688968846355,0.0511556907798551,0.05227336402883245,2022
2023_16_ARI_CHI,00-0033251,WR,ARI,2023,0,0.04759440968255879,0.04271362105962118,0.04721706664792158,0.0527826396889831,2022
2023_16_ARI_CHI,00-0033553,RB,ARI,2023,1,0.3056497727462848,0.35228672204140027,0.3385652105914153,0.3383338635458603,2022
2023_16_ARI_CHI,00-0035228,QB,ARI,2023,0,0.15087177885979552,0.12697033495392876,0.1242055522187822,0.13021504070325102,2022
2023_16_ARI_CHI,00-0035500,WR,ARI,2023,1,0.12476253785478286,0.10221206074263452,0.10736867592595477,0.1358489136837155,2022
2023_16_ARI_CHI,00-0035662,WR,ARI,2023,0,0.18363504620861526,0.18578244534790322,0.21389002381130537,0.15363985742112315,2022
2023_16_ARI_CHI,00-0036924,RB,ARI,2023,0,0.11383667736154768,0.08442829091850142,0.08203216070148908,0.08666539478417357,2022
2023_16_ARI_CHI,00-0036936,WR,ARI,2023,0,0.11611427144583086,0.12353286121282855,0.11161459898911864,0.13498936068422535,2022
2023_16_ARI_CHI,00-0037744,TE,ARI,2023,0,0.22092002075187744,0.27661793521215067,0.22665258155655557,0.25153817475441004,2022
2023_16_ARI_CHI,00-0038559,WR,ARI,2023,0,0.13580337782382002,0.1524213528830726,0.15606088498328782,0.17413630214147452,2022
2023_16_ARI_CHI,00-0038582,QB,ARI,2023,0,0.0453166897327173,0.0216387629595187,0.012050810879775383,0.05511855811820157,2022
2023_16_ARI_CHI,00-0038705,RB,ARI,2023,0,0.18216989783147852,0.15742504187291134,0.15686389445416488,0.16291604379066604,2022
2023_16_ARI_CHI,00-0039041,TE,ARI,2023,0,0.0598794474803076,0.04923448917548489,0.0423542652124784,0.05907005379881924,2022
2023_16_ARI_CHI,00-0024243,TE,CHI,2023,1,0.049874173449033665,0.0601391030003468,0.06059450684404084,0.045847452353841904,2022
2023_16_ARI_CHI,00-0033292,WR,CHI,2023,0,0.013197303336888067,0.042613528600160266,0.035472503108751614,0.04661266220497184,2022
2023_16_ARI_CHI,00-0033757,TE,CHI,2023,0,0.050666626020924976,0.054165301166714114,0.051594694361968126,0.04701315297839714,2022
2023_16_ARI_CHI,00-0033925,RB,CHI,2023,0,0.29509730343034535,0.21667118655832762,0.1957384432534613,0.2767563588781731,2022
2023_16_ARI_CHI,00-0034827,WR,CHI,2023,0,0.35180181277614186,0.3442666989359554,0.3525004455343991,0.30792644866489344,2022
2023_16_ARI_CHI,00-0036290,TE,CHI,2023,0,0.2543646529583299,0.21974597338308657,0.27298779611318064,0.2223117854666657,2022
2023_16_ARI_CHI,00-0036309,WR,CHI,2023,0,0.210669943706695,0.17372658518643938,0.1580667978251054,0.14531014784802962,2022
2023_16_ARI_CHI,00-0036906,RB,CHI,2023,1,0.2263937304872774,0.15360891627036785,0.1600055603196143,0.15485756940838669,2022
2023_16_ARI_CHI,00-0036945,QB,CHI,2023,1,0.2563877365629904,0.21914894332945647,0.3969484973996133,0.30600166612682095,2022
2023_16_ARI_CHI,00-0037745,WR,CHI,2023,0,0.043029067832921264,0.04822454735767616,0.039992461558354814,0.04750406428824253,2022
2023_16_ARI_CHI,00-0038941,WR,CHI,2023,0,0.10878666672136672,0.08929462416317854,0.07363145766244747,0.07695419682250396,2022
2023_16_ARI_CHI,00-0039021,RB,CHI,2023,0,0.22351482063959072,0.16335547336002018,0.1293075620412688,0.2445557381635523,2022
2023_16_BAL_SF,00-0031235,WR,BAL,2023,0,0.20932578347429542,0.10746844429909168,0.1430382674644533,0.13299208114297403,2022
2023_16_BAL_SF,00-0031549,WR,BAL,2023,1,0.10450355358009333,0.07363589061536766,0.07769854047717856,0.0740386470912827,2022
2023_16_BAL_SF,00-0034184,RB,BAL,2023,1,0.2782735235279046,0.16540009750676715,0.14228518123824493,0.19976972717100186,2022
2023_16_BAL_SF,00-0034796,QB,BAL,2023,0,0.2447893960321883,0.22694609610376076,0.3815060903979699,0.22833259221195198,2022
2023_16_BAL_SF,00-0034975,RB,BAL,2023,0,0.11043779991283409,0.06959741779209747,0.07546785485977614,0.06541657810098914,2022
2023_16_BAL_SF,00-0036331,WR,BAL,2023,0,0.022685416536444403,0.03619442941450385,0.03641053876905187,0.044418642769472716,2022
2023_16_BAL_SF,00-0036550,WR,BAL,2023,0,0.18616131494257104,0.12565567577762032,0.15328383609131999,0.1267089457268843,2022
2023_16_BAL_SF,00-0037838,TE,BAL,2023,0,0.18487609515161518,0.11951284143072781,0.12959599004474442,0.14613045106984188,2022
2023_16_BAL_SF,00-0038046,TE,BAL,2023,0,0.035099214597622,0.04666618725883125,0.032349117174787625,0.04760650585227577,2022
2023_16_BAL_SF,00-0038454,RB,BAL,2023,0,0.21668886787318198,0.15018782080753845,0.14445207154940823,0.11912815258000475,2022
2023_16_BAL_SF,00-0039064,WR,BAL,2023,1,0.25853281696182706,0.24442790435628903,0.2636022833191553,0.19495753545821043,2022
2023_16_BAL_SF,00-0033280,RB,SF,2023,1,0.5882264660709537,0.7043105961716386,0.6840221900400668,0.42783512193963824,2022
2023_16_BAL_SF,00-0033288,TE,SF,2023,0,0.3227826565097395,0.2988671582405181,0.3188094518545354,0.2732616506059266,2022
2023_16_BAL_SF,00-0034869,QB,SF,2023,0,0.055917478668291665,0.00020397302637791565,0.0022278112004755976,0.055106424263530324,2022
2023_16_BAL_SF,00-0035719,WR,SF,2023,0,0.38541675822767874,0.30928940646477304,0.2802099755964024,0.39505887774297743,2022
2023_16_BAL_SF,00-0036259,WR,SF,2023,0,0.1334968162117548,0.09735949744874445,0.09599549127519295,0.07422743491608846,2022
2023_16_BAL_SF,00-0036261,WR,SF,2023,0,0.32792509946285286,0.3008185952727145,0.32725192806450465,0.2700012448881356,2022
2023_16_BAL_SF,00-0036429,TE,SF,2023,0,0.04654413850555372,0.06838475920794085,0.05609744488624965,0.04671039821734065,2022
2023_16_BAL_SF,00-0036567,RB,SF,2023,0,0.1660968064685382,0.10146417206974707,0.13923544338941193,0.08655083853958093,2022
2023_16_BAL_SF,00-0037525,RB,SF,2023,0,0.08785746357440227,0.06639946955423287,0.08794652253945327,0.0684419379052262,2022
2023_16_BAL_SF,00-0037834,QB,SF,2023,0,0.1489690961734268,0.13102047550235915,0.10081400730850851,0.10224830049792323,2022
2023_16_BAL_SF,00-0038647,WR,SF,2023,1,0.03314124706394639,0.05462097998834429,0.05552288533137857,0.047540405039654635,2022
2023_16_BUF_LAC,00-0030513,RB,BUF,2023,0,0.2635050892822369,0.1724472608303345,0.16349866965202747,0.16912873249188126,2022
2023_16_BUF_LAC,00-0031588,WR,BUF,2023,0,0.33999184208564104,0.26376238303242144,0.28744090886245927,0.28051984827892995,2022
2023_16_BUF_LAC,00-0034487,WR,BUF,2023,0,0.07579134111479247,0.07633880348211435,0.066218222298622,0.05187081033071476,2022
2023_16_BUF_LAC,00-0034577,QB,BUF,2023,0,0.05941255148722879,0.00021593404568765476,0.002573794987014618,0.05970028001009496,2022
2023_16_BUF_LAC,00-0034857,QB,BUF,2023,1,0.2587534954400932,0.1980983612394645,0.14219789447943762,0.21554271922436652,2022
2023_16_BUF_LAC,00-0035215,WR,BUF,2023,0,0.0498334698624856,0.05785541240407498,0.050521123221990205,0.04734868249633068,2022
2023_16_BUF_LAC,00-0035537,RB,BUF,2023,0,0.163082384451824,0.11040381546646152,0.11711985251803624,0.09508698555194235,2022
2023_16_BUF_LAC,00-0035689,TE,BUF,2023,0,0.186625047780704,0.15072234404534945,0.17954556209014758,0.13526582159789582,2022
2023_16_BUF_LAC,00-0036196,WR,BUF,2023,1,0.2580292950805866,0.24670413335114125,0.2250972758283606,0.1752034440813309,2022
2023_16_BUF_LAC,00-0037248,RB,BUF,2023,0,0.46074391392000613,0.47739245088918925,0.47784299630436117,0.39704394844699364,2022
2023_16_BUF_LAC,00-0037261,WR,BUF,2023,0,0.16073985659330814,0.16306406159672396,0.1415108196980422,0.0874634285202711,2022
2023_16_BUF_LAC,00-0038933,TE,BUF,2023,0,0.2668196106724571,0.19624969015989888,0.2333114064157151,0.22448320411532158,2022
2023_16_BUF_LAC,00-0030279,WR,LAC,2023,0,0.23905415261737406,0.31809481918715654,0.3389440508500704,0.21398963221027936,2022
2023_16_BUF_LAC,00-0032543,WR,LAC,2023,0,0.073582381724422,0.06593732306261348,0.06921065673666014,0.06756745095141167,2022
2023_16_BUF_LAC,00-0033699,RB,LAC,2023,0,0.2698717823503911,0.2353625823301655,0.22456727985868122,0.2574204397258875,2022
2023_16_BUF_LAC,00-0033895,TE,LAC,2023,0,0.1188355063840183,0.09530233658908119,0.07471824618054179,0.14032115368919718,2022
2023_16_BUF_LAC,00-0035282,QB,LAC,2023,1,0.05314815066366385,0.05175878959891741,0.0349373374715482,0.05486494245973736,2022
2023_16_BUF_LAC,00-0035329,TE,LAC,2023,0,0.0711001403039202,0.0668246970492901,0.04987887683294166,0.08036828625947089,2022
2023_16_BUF_LAC,00-0035414,WR,LAC,2023,0,0.09084910214136233,0.0839256190662074,0.07984458352161411,0.09879972561065738,2022
2023_16_BUF_LAC,00-0036355,QB,LAC,2023,0,0.11599461462450111,0.08679160062272843,0.09137095798038539,0.10658185338528225,2022
2023_16_BUF_LAC,00-0036370,RB,LAC,2023,0,0.1085993747563917,0.06964359386583972,0.08712247277727833,0.07974468220339645,2022
2023_16_BUF_LAC,00-0036988,WR,LAC,2023,0,0.15478057158302128,0.16121655371887011,0.17481925300167414,0.1539896241546697,2022
2023_16_BUF_LAC,00-0037475,TE,LAC,2023,0,0.054500664984741376,0.041246595426264826,0.030839538444089053,0.0648550933590369,2022
2023_16_BUF_LAC,00-0038045,RB,LAC,2023,0,0.11054184944143608,0.0684145638569822,0.09653434657375888,0.09334781236643173,2022
2023_16_BUF_LAC,00-0038544,WR,LAC,2023,0,0.11682664157290767,0.11367810078288776,0.122610433945018,0.14906858097220943,2022
2023_16_BUF_LAC,00-0038573,WR,LAC,2023,0,0.028353778472939517,0.032938319200149474,0.029294773599620207,0.05301276983848165,2022
2023_16_CIN_PIT,00-0033009,WR,CIN,2023,0,0.17684280145224074,0.14335720911503225,0.13795597821147762,0.161427157473044,2022
2023_16_CIN_PIT,00-0033897,RB,CIN,2023,0,0.4294980970710983,0.4597704221591508,0.41030184542647874,0.35252721767504935,2022
2023_16_CIN_PIT,00-0034613,TE,CIN,2023,0,0.12588215651622248,0.0766372813061078,0.06515218691721633,0.10479690613541104,2022
2023_16_CIN_PIT,00-0034970,TE,CIN,2023,0,0.06096073984185224,0.05716827773919745,0.05338919989052762,0.05110506053835973,2022
2023_16_CIN_PIT,00-0035100,QB,CIN,2023,0,0.14723303883410677,0.09891264559208257,0.10120343095993192,0.1197618132275543,2022
2023_16_CIN_PIT,00-0035291,RB,CIN,2023,0,0.03230287992946035,0.045767712359574435,0.048423071481919586,0.04698969214910995,2022
2023_16_CIN_PIT,00-0035341,WR,CIN,2023,0,0.09613942570996137,0.09106189986100639,0.07930877429027217,0.07904117725682394,2022
2023_16_CIN_PIT,00-0035631,TE,CIN,2023,0,0.07207432760656474,0.07677419727601875,0.08506466019498655,0.06355169073978294,2022
2023_16_CIN_PIT,00-0035771,TE,CIN,2023,0,0.0449189783520505,0.04867735198699483,0.04601355879382281,0.044765132584537834,2022
2023_16_CIN_PIT,00-0036410,WR,CIN,2023,1,0.1841578909073478,0.18057831865457932,0.16685887055135695,0.17932657832825302,2022
2023_16_CIN_PIT,00-0036900,WR,CIN,2023,0,0.22304295959013765,0.25594692635095556,0.2020377167301018,0.20016098300587798,2022
2023_16_CIN_PIT,00-0038576,WR,CIN,2023,0,0.02417077659031719,0.0376691445740649,0.03415535262484661,0.04952960255201014,2022
2023_16_CIN_PIT,00-0038597,RB,CIN,2023,0,0.1591125726060285,0.08967691074389555,0.10400491439363092,0.09864223191076792,2022
2023_16_CIN_PIT,00-0038619,WR,CIN,2023,0,0.04623199236969966,0.04711173506273607,0.04795874110489081,0.04741679121305523,2022
2023_16_CIN_PIT,00-0031428,WR,PIT,2023,0,0.10959764949438655,0.09654769978333919,0.0847620264834341,0.09027056667965018,2022
2023_16_CIN_PIT,00-0033869,QB,PIT,2023,0,0.12140360777931569,0.06737338304866267,0.06047080226374708,0.11500372361343628,2022
2023_16_CIN_PIT,00-0035216,WR,PIT,2023,0,0.2290565880207296,0.1830110690581555,0.15415606657076145,0.17649694820554052,2022
2023_16_CIN_PIT,00-0036893,RB,PIT,2023,1,0.29030313734728064,0.23173641023817484,0.22689157116208739,0.2888795022293412,2022
2023_16_CIN_PIT,00-0036894,TE,PIT,2023,0,0.1793816473422979,0.11715968333842212,0.1404513376939846,0.14425830250535546,2022
2023_16_CIN_PIT,00-0037228,RB,PIT,2023,0,0.2824957955302573,0.2130285972164355,0.17671457085569975,0.215618269888968,2022
2023_16_CIN_PIT,00-0037247,WR,PIT,2023,1,0.19849964016195687,0.17338383112700254,0.16791893700906968,0.16137446606506406,2022
2023_16_CIN_PIT,00-0037837,WR,PIT,2023,1,0.03685283340121104,0.04263053204178999,0.03497306235108262,0.04597839065872626,2022
2023_16_CIN_PIT,00-0038102,QB,PIT,2023,0,0.11363426153881528,0.07621303468192743,0.06217870721618779,0.10107227547921492,2022
2023_16_CIN_PIT,00-0038558,TE,PIT,2023,0,0.07315017816870661,0.05961195372769253,0.05300806683878691,0.06710113446304898,2022
2023_16_CLE_HOU,00-0026158,QB,CLE,2023,0,0.10676871617815775,0.09754266566735764,0.088422694774229,0.07330206135366914,2022
2023_16_CLE_HOU,00-0030068,WR,CLE,2023,0,0.05834491282501375,0.049776760599197285,0.04630354354022832,0.04964457598955077,2022
2023_16_CLE_HOU,00-0031544,WR,CLE,2023,1,0.20882107106665682,0.17608601233995813,0.1876916170749385,0.18186791040578779,2022
2023_16_CLE_HOU,00-0033885,TE,CLE,2023,1,0.2687100403695811,0.2602805368124343,0.2461364766254006,0.24151656212578568,2022
2023_16_CLE_HOU,00-0033923,RB,CLE,2023,1,0.26527188386326517,0.15387704383806272,0.17141466109358136,0.18622212135292743,2022
2023_16_CLE_HOU,00-0034364,TE,CLE,2023,0,0.044690252332050595,0.047960503533365395,0.04086417096930346,0.04730809405763949,2022
2023_16_CLE_HOU,00-0036232,TE,CLE,2023,0,0.07718396463359167,0.0650621837721076,0.05129914204520563,0.07147137762235005,2022
2023_16_CLE_HOU,00-0036980,WR,CLE,2023,0,0.21081445483027028,0.18362563267586607,0.19007475199132853,0.19999081821931755,2022
2023_16_CLE_HOU,00-0037257,WR,CLE,2023,0,0.07174903071527661,0.052380559523638175,0.051683664448274616,0.05124639461973635,2022
2023_16_CLE_HOU,00-0037267,RB,CLE,2023,1,0.3339848788489854,0.2723310600305677,0.24031817080394022,0.28152765108664723,2022
2023_16_CLE_HOU,00-0038098,RB,CLE,2023,0,0.04421602597152052,0.04803359802659464,0.05286612054079774,0.055655526689272365,2022
2023_16_CLE_HOU,00-0038583,QB,CLE,2023,0,0.062307693309680445,0.03769320256409521,0.020857023721503862,0.056445420671466365,2022
2023_16_CLE_HOU,00-0038979,WR,CLE,2023,0,0.157763982594604,0.16047703308189962,0.1503595025143621,0.14260050489732648,2022
2023_16_CLE_HOU,00-0028986,QB,HOU,2023,0,0.09373302124013816,0.06622674969753978,0.07847145017152238,0.07100050016203678,2022
2023_16_CLE_HOU,00-0030431,WR,HOU,2023,0,0.12432357299583485,0.11498775508176796,0.11284947556108202,0.12112932064477845,2022
2023_16_CLE_HOU,00-0033576,TE,HOU,2023,0,0.042418189931759276,0.048268108206357706,0.0428341602638888,0.046192062208787014,2022
2023_16_CLE_HOU,00-0033591,WR,HOU,2023,0,0.18184665514499543,0.17488012696532787,0.16925378106866806,0.17171573832346407,2022
2023_16_CLE_HOU,00-0033854,RB,HOU,2023,0,0.03950725300346991,0.04207021340102238,0.04754541223672274,0.04650149095453282,2022
2023_16_CLE_HOU,00-0034383,TE,HOU,2023,0,0.15026408596796526,0.14829875605658435,0.15497749048611056,0.16922629810050566,2022
2023_16_CLE_HOU,00-0034928,WR,HOU,2023,0,0.029323129667731096,0.03567323521011251,0.030344506268823113,0.04954031937330768,2022
2023_16_CLE_HOU,00-0035250,RB,HOU,2023,0,0.35614094778384264,0.41182558587407003,0.3680554583747754,0.3054083915787772,2022
2023_16_CLE_HOU,00-0036554,WR,HOU,2023,1,0.21114230564284753,0.1822623734415157,0.16371057183576124,0.17276723896576116,2022
2023_16_CLE_HOU,00-0036556,TE,HOU,2023,0,0.08307561748387582,0.07292016711009508,0.0738957269201069,0.07294666281130632,2022
2023_16_CLE_HOU,00-0037258,RB,HOU,2023,0,0.159975233234955,0.0980793808880975,0.11615119420516819,0.10844043468932814,2022
2023_16_CLE_HOU,00-0037614,WR,HOU,2023,0,0.0691796753277395,0.053382232109944534,0.05209961406290258,0.05467995110268231,2022
2023_16_CLE_HOU,00-0038618,WR,HOU,2023,0,0.06679980918459438,0.0622634029128791,0.0525428787550516,0.05068959752699339,2022
2023_16_CLE_HOU,00-0039163,QB,HOU,2023,0,0.11458967666353093,0.11294519598249733,0.07386412718669413,0.09548102291394442,2022
2023_16_DAL_MIA,00-0031236,WR,DAL,2023,1,0.19841965181739474,0.1977639056010279,0.22049231592146837,0.18197444273886668,2022
2023_16_DAL_MIA,00-0033077,QB,DAL,2023,0,0.1576036631694081,0.12391021120644835,0.07835698933693407,0.13784053417009703,2022
2023_16_DAL_MIA,00-0034764,WR,DAL,2023,0,0.11428286327707815,0.09373414758252271,0.10070739236794775,0.07728875659392297,2022
2023_16_DAL_MIA,00-0035261,RB,DAL,2023,0,0.45371061837425775,0.5117592163985767,0.46234410566813183,0.3901693399066108,2022
2023_16_DAL_MIA,00-0036139,RB,DAL,2023,0,0.2102465173171919,0.12229907614669237,0.13540299248293125,0.14026226154029878,2022
2023_16_DAL_MIA,00-0036358,WR,DAL,2023,1,0.3680798481835845,0.39191442785891417,0.42138707149639937,0.362894418063558,2022
2023_16_DAL_MIA,00-0037569,TE,DAL,2023,0,0.05512726928715517,0.05828407247413667,0.046379979202741756,0.048165260076741864,2022
2023_16_DAL_MIA,00-0037666,WR,DAL,2023,0,0.11468708091897462,0.09210539378519372,0.10654902991825346,0.07403083411596097,2022
2023_16_DAL_MIA,00-0037801,WR,DAL,2023,0,0.06957946594914632,0.0535730941505643,0.061324475444034576,0.05476508956747097,2022
2023_16_DAL_MIA,00-0038041,TE,DAL,2023,0,0.2329941507941009,0.20049520229822265,0.17327172345136127,0.22300372787733175,2022
2023_16_DAL_MIA,00-0038547,TE,DAL,2023,0,0.06042166687017714,0.0631881931511847,0.048686215136826035,0.0461851261420089,2022
2023_16_DAL_MIA,00-0038738,RB,DAL,2023,0,0.027072873091579353,0.04847395803198869,0.05838567417489804,0.045136640606228434,2022
2023_16_DAL_MIA,00-0031687,RB,MIA,2023,1,0.40220485832775577,0.45745127950801245,0.44280749109445006,0.418140034859018,2022
2023_16_DAL_MIA,00-0032688,WR,MIA,2023,0,0.05712545144746528,0.07240115130455227,0.06985978077523963,0.04702273965538105,2022
2023_16_DAL_MIA,00-0033040,WR,MIA,2023,0,0.32042043448798385,0.28074424302459056,0.24255907824350717,0.37080513631062384,2022
2023_16_DAL_MIA,00-0034054,WR,MIA,2023,0,0.11467568431548913,0.09151576894680011,0.09046731370899821,0.09207304223525986,2022
2023_16_DAL_MIA,00-0034115,RB,MIA,2023,0,0.179240107736377,0.11867354861656425,0.13852404174625735,0.10496500405902852,2022
2023_16_DAL_MIA,00-0034401,QB,MIA,2023,0,0.03819969843606552,0.00018041757581913637,0.001932202471938837,0.04686372349913689,2022
2023_16_DAL_MIA,00-0034418,WR,MIA,2023,0,0.14999044823673202,0.14089698391847205,0.1342141117631442,0.11959793278101445,2022
2023_16_DAL_MIA,00-0034419,WR,MIA,2023,0,0.058124785736417994,0.08278645745080943,0.07589089274205629,0.047801274810027945,2022
2023_16_DAL_MIA,00-0034798,TE,MIA,2023,0,0.14600154458136771,0.15597475959035292,0.14981654792501523,0.14826204458277556,2022
2023_16_DAL_MIA,00-0036212,QB,MIA,2023,0,0.10207558097483327,0.09610482542591864,0.06760978772837782,0.06572974266958753,2022
2023_16_DAL_MIA,00-0036326,WR,MIA,2023,0,0.03203359206090328,0.05172877234893929,0.049825218093695355,0.04695189248233905,2022
2023_16_DAL_MIA,00-0036613,WR,MIA,2023,0,0.2869828035225871,0.2572033117668838,0.29512768351137086,0.23579478196033796,2022
2023_16_DAL_MIA,00-0038720,TE,MIA,2023,0,0.06692293424477924,0.08117921077867953,0.061805527827691206,0.04906647534565658,2022
2023_16_DAL_MIA,00-0039040,RB,MIA,2023,0,0.3075712400001147,0.2335124636466686,0.21298279395483202,0.2379190678835336,2022
2023_16_DET_MIN,00-0032464,WR,DET,2023,0,0.11495915279499136,0.081992388427913,0.08247675727797607,0.08799267712042579,2022
2023_16_DET_MIN,00-0033106,QB,DET,2023,0,0.13038617941716157,0.11995919519012686,0.10025979843570752,0.07911241630749338,2022
2023_16_DET_MIN,00-0033943,WR,DET,2023,0,0.16607989148224356,0.13532422414246503,0.14632302491108098,0.111182310742523,2022
2023_16_DET_MIN,00-0035685,RB,DET,2023,1,0.42111945714736687,0.3283711963295342,0.3740020713414815,0.3700523809508917,2022
2023_16_DET_MIN,00-0036233,WR,DET,2023,0,0.0440386900160914,0.05017414844440303,0.05649915733257508,0.04782402719999561,2022
2023_16_DET_MIN,00-0036754,TE,DET,2023,0,0.08257413481559273,0.08358203855051555,0.06634875328185992,0.052233972470914734,2022
2023_16_DET_MIN,00-0036963,WR,DET,2023,1,0.34935479987240037,0.307842763164499,0.3476821122751104,0.29729344603739766,2022
2023_16_DET_MIN,00-0037240,WR,DET,2023,0,0.16907363595070235,0.14218232032809391,0.1485297331452769,0.13008217534104896,2022
2023_16_DET_MIN,00-0039065,TE,DET,2023,0,0.29817167472807526,0.276887677511394,0.24713028003595908,0.2608795527394117,2022
2023_16_DET_MIN,00-0039139,RB,DET,2023,1,0.40075823603065,0.3333316264298441,0.29256790049405174,0.35600100441452825,2022
2023_16_DET_MIN,00-0033246,TE,MIN,2023,0,0.03859621110063949,0.04531176750517599,0.031190808619759234,0.04525135803362061,2022
2023_16_DET_MIN,00-0033319,QB,MIN,2023,0,0.10256486322844349,0.11001373264562457,0.08322678127660066,0.10181182223524538,2022
2023_16_DET_MIN,00-0033949,QB,MIN,2023,0,0.16478338921828006,0.1383466667774929,0.1375792113628324,0.14049780242658544,2022
2023_16_DET_MIN,00-0034646,WR,MIN,2023,0,0.10778959097043239,0.10083871473721003,0.0984542547732393,0.09202453538300474,2022
2023_16_DET_MIN,00-0034972,RB,MIN,2023,0,0.2935256888357821,0.2614760383035189,0.28838827512763127,0.3123501187024136,2022
2023_16_DET_MIN,00-0035229,TE,MIN,2023,0,0.26897323819867125,0.24348370357763474,0.22613046534661893,0.24375811279677126,2022
2023_16_DET_MIN,00-0035249,TE,MIN,2023,0,0.08700528047831013,0.08300071077549606,0.06911550290076068,0.07474268878517035,2022
2023_16_DET_MIN,00-0036322,WR,MIN,2023,1,0.24272128234336465,0.23192620419284218,0.25552126258559044,0.22885086685463624,2022
2023_16_DET_MIN,00-0036345,WR,MIN,2023,1,0.13476285514249753,0.1330446069414187,0.12889740621177642,0.11130542251916298,2022
2023_16_DET_MIN,00-0036842,RB,MIN,2023,0,0.024098342658037453,0.04428010984121095,0.059924087074263985,0.048109604857801455,2022
2023_16_DET_MIN,00-0037276,RB,MIN,2023,1,0.31491837617785645,0.2566270630080351,0.27843016283996475,0.3532254933642158,2022
2023_16_DET_MIN,00-0037291,WR,MIN,2023,0,0.07319251591038523,0.07801196712371725,0.07509230215586783,0.05356133945733314,2022
2023_16_DET_MIN,00-0038994,WR,MIN,2023,0,0.23669755918543822,0.24533943320974955,0.24008382277802084,0.23599155049765771,2022
2023_16_GB_CAR,00-0030035,WR,CAR,2023,0,0.22851939104447483,0.1675834889373982,0.16552814967179813,0.18132006587915644,2022
2023_16_GB_CAR,00-0034365,TE,CAR,2023,0,0.048872274723897324,0.047189357849323925,0.04779635906882169,0.047751012365962776,2022
2023_16_GB_CAR,00-0034777,WR,CAR,2023,1,0.12982277235805484,0.1073009809675254,0.09360583370217308,0.10766870188479416,2022
2023_16_GB_CAR,00-0035243,RB,CAR,2023,0,0.19343828436758181,0.11307464828418402,0.13049092721946173,0.1202295897545294,2022
2023_16_GB_CAR,00-0036438,TE,CAR,2023,0,0.07033165255702412,0.050799103865885584,0.06316963700515045,0.05896583908694186,2022
2023_16_GB_CAR,00-0036482,WR,CAR,2023,0,0.05665351824085696,0.05036522939023341,0.04580043616275652,0.04864123495434767,2022
2023_16_GB_CAR,00-0036555,RB,CAR,2023,1,0.34941020489436136,0.33322825686737795,0.30928069550243087,0.2895933203982721,2022
2023_16_GB_CAR,00-0036635,WR,CAR,2023,1,0.04997695524180712,0.041606828291847406,0.03387556461649356,0.052421920081739785,2022
2023_16_GB_CAR,00-0037005,TE,CAR,2023,0,0.11237547218205302,0.09251622166854227,0.09094926602641965,0.09107729210522025,2022
2023_16_GB_CAR,00-0037429,RB,CAR,2023,0,0.040639483695065426,0.037552979240669825,0.04360128955429778,0.0542456039122994,2022
2023_16_GB_CAR,00-0039062,WR,CAR,2023,0,0.24264118876197105,0.21895193665983195,0.22406370738788334,0.1828801593656982,2022
2023_16_GB_CAR,00-0039150,QB,CAR,2023,0,0.09204459630217632,0.08446683833934007,0.07445840167191695,0.0904470957083439,2022
2023_16_GB_CAR,00-0033118,RB,GB,2023,0,0.031277364252443096,0.043891486742934235,0.05271436490803815,0.04500543290606185,2022
2023_16_GB_CAR,00-0033293,RB,GB,2023,0,0.29687949989029727,0.2542323137999077,0.2337002633358569,0.336086040185851,2022
2023_16_GB_CAR,00-0035831,RB,GB,2023,0,0.04119761873443717,0.04691084292856247,0.04927845104301664,0.05825143871185393,2022
2023_16_GB_CAR,00-0035973,RB,GB,2023,0,0.11159501213692002,0.09915724758491677,0.08420307380336803,0.09437912545285507,2022
2023_16_GB_CAR,00-0036264,QB,GB,2023,1,0.09890426705012278,0.10334474568510704,0.08097236248832407,0.09838881965649561,2022
2023_16_GB_CAR,00-0036265,RB,GB,2023,1,0.29728231280137296,0.33056021022346876,0.31562390076695745,0.30501308879948813,2022
2023_16_GB_CAR,00-0037091,WR,GB,2023,0,0.05778234468074206,0.057776405519719604,0.05372310169815296,0.05555205751939027,2022
2023_16_GB_CAR,00-0037098,WR,GB,2023,0,0.06839756601963454,0.061306926619357674,0.06287233472735096,0.058514670736341964,2022
2023_16_GB_CAR,00-0037816,WR,GB,2023,1,0.14040474701376227,0.17161671276488133,0.15787660895783212,0.18951142972844753,2022
2023_16_GB_CAR,00-0038124,WR,GB,2023,0,0.18480229944561466,0.17046262816971386,0.18545163778945853,0.2039914848525947,2022
2023_16_GB_CAR,00-0038393,WR,GB,2023,1,0.1220942252329501,0.1085596571328601,0.10476900691683502,0.13666796360492853,2022
2023_16_GB_CAR,00-0038465,WR,GB,2023,0,0.06527782616653555,0.05992246837332264,0.056719446735461795,0.06625398645473808,2022
2023_16_GB_CAR,00-0038809,TE,GB,2023,0,0.03955136172741247,0.043725607951528744,0.040301241379220115,0.05349999629092284,2022
2023_16_GB_CAR,00-0038996,TE,GB,2023,0,0.12728533270957676,0.16105868063088633,0.19609495942068816,0.17412769985669396,2022
2023_16_GB_CAR,00-0039146,WR,GB,2023,0,0.20735215905364368,0.1926765010950616,0.15821657848255963,0.20295331875088737,2022
2023_16_IND_ATL,00-0030578,RB,ATL,2023,0,0.16389091920406051,0.10366748505988682,0.1272855143971992,0.09761631952625249,2022
2023_16_IND_ATL,00-0031585,TE,ATL,2023,0,0.08291818512415661,0.0635416761691823,0.057672728381424614,0.1019785827941979,2022
2023_16_IND_ATL,00-0033555,WR,ATL,2023,0,0.07979664680990428,0.06706979984547477,0.06305208427635603,0.06366356968326241,2022
2023_16_IND_ATL,00-0033858,TE,ATL,2023,0,0.15852458617982013,0.10629676041964929,0.1030734556046355,0.11467329217714481,2022
2023_16_IND_ATL,00-0034854,WR,ATL,2023,0,0.10116585611401663,0.08795911696191556,0.08411493191366703,0.06522228272489114,2022
2023_16_IND_ATL,00-0035298,WR,ATL,2023,0,0.09711747190822262,0.06625099614316378,0.0605678923138083,0.09542300603064446,2022
2023_16_IND_ATL,00-0036415,WR,ATL,2023,0,0.13022182090214462,0.09673464234621151,0.10499508433857094,0.07673480231103902,2022
2023_16_IND_ATL,00-0036970,TE,ATL,2023,1,0.22433002221424603,0.15533484376406578,0.17963465507823534,0.17805388114335452,2022
2023_16_IND_ATL,00-0037238,WR,ATL,2023,0,0.2627151772851789,0.2175724181657737,0.2608784997569572,0.23023513045348823,2022
2023_16_IND_ATL,00-0037263,RB,ATL,2023,1,0.19957832229053574,0.1502037737315264,0.15865681596524256,0.14216727795821876,2022
2023_16_IND_ATL,00-0037654,TE,ATL,2023,0,0.07657262527500386,0.06853175928160642,0.12560086209477975,0.054559391713668796,2022
2023_16_IND_ATL,00-0038122,QB,ATL,2023,0,0.14006382883281687,0.1046642508705757,0.081269858743651,0.12898544755878255,2022
2023_16_IND_ATL,00-0038542,RB,ATL,2023,0,0.42517714736381085,0.42016894511024816,0.42232458566063047,0.3769022660339374,2022
2023_16_IND_ATL,00-0033217,TE,IND,2023,0,0.07492814676947845,0.07107152987259183,0.060866867155934416,0.08578523345593557,2022
2023_16_IND_ATL,00-0033466,WR,IND,2023,0,0.054877627273466234,0.05435981467681115,0.05428433333308509,0.05227336402883245,2022
2023_16_IND_ATL,00-0035045,WR,IND,2023,0,0.1888231104232726,0.14973056361719997,0.18516268055033616,0.13864633647267224,2022
2023_16_IND_ATL,00-0035289,QB,IND,2023,0,0.12324490056564641,0.0945258828885594,0.09009064631360297,0.09743182284199055,2022
2023_16_IND_ATL,00-0036251,RB,IND,2023,0,0.29060347539241116,0.21235690537462315,0.20340852346289262,0.2697057399482293,2022
2023_16_IND_ATL,00-0036252,WR,IND,2023,0,0.30125697612943214,0.30592696875166414,0.3456733345986346,0.2580232043638137,2022
2023_16_IND_ATL,00-0036876,TE,IND,2023,0,0.08497016150353864,0.06984001904100019,0.05661714416973891,0.05881486960256876,2022
2023_16_IND_ATL,00-0036984,RB,IND,2023,0,0.11846513992388874,0.07067538915244313,0.09243748692824735,0.07562105159075493,2022
2023_16_IND_ATL,00-0037120,RB,IND,2023,0,0.1281999456346209,0.07275254878140758,0.08688963957314699,0.08006090335993413,2022
2023_16_IND_ATL,00-0037292,TE,IND,2023,0,0.08775063503092773,0.0694737997684983,0.060792367397222886,0.06896485892769849,2022
2023_16_IND_ATL,00-0037664,WR,IND,2023,0,0.17486851572943007,0.2089370409221777,0.20879970630313738,0.1569960412904068,2022
2023_16_IND_ATL,00-0038394,TE,IND,2023,0,0.0899889816222631,0.06005161663321423,0.04392257648506031,0.07670307263999285,2022
2023_16_IND_ATL,00-0038997,WR,IND,2023,0,0.1698460360748334,0.13076010440871794,0.14542471740704582,0.15698221147363456,2022
2023_16_JAX_TB,00-0033572,WR,JAX,2023,0,0.06540720593726979,0.06202848688496402,0.05544313473503879,0.061037968463893644,2022
2023_16_JAX_TB,00-0033881,TE,JAX,2023,0,0.2189790053037849,0.25031817283166585,0.23857081674659494,0.24509090877841297,2022
2023_16_JAX_TB,00-0033891,WR,JAX,2023,0,0.20053322616127134,0.20425743199420393,0.21137830063035484,0.22055580056575022,2022
2023_16_JAX_TB,00-0033936,QB,JAX,2023,0,0.02950162859931449,0.025647110248929687,0.012303159470620386,0.04698969214910995,2022
2023_16_JAX_TB,00-0034775,WR,JAX,2023,0,0.1832931837612224,0.14876719940673397,0.15431349460426336,0.2002437312457374,2022
2023_16_JAX_TB,00-0034837,WR,JAX,2023,1,0.2738616038238141,0.3525528360655248,0.3225373115736084,0.2391717409602721,2022
2023_16_JAX_TB,00-0035628,RB,JAX,2023,0,0.14734570551921733,0.10806487005593655,0.11745180644607431,0.08399025081952026,2022
2023_16_JAX_TB,00-0036497,WR,JAX,2023,0,0.05999038156558756,0.07124465908085753,0.06363274262930593,0.04901303533811632,2022
2023_16_JAX_TB,00-0036887,TE,JAX,2023,0,0.07979532942610856,0.0794740000800044,0.07554849597760918,0.06472840700945406,2022
2023_16_JAX_TB,00-0036971,QB,JAX,2023,0,0.15137028781453643,0.13143429413503643,0.07434178508448204,0.13533681832950373,2022
2023_16_JAX_TB,00-0036973,RB,JAX,2023,0,0.38193048871651625,0.49583577595827844,0.35696156330039946,0.3608842584941924,2022
2023_16_JAX_TB,00-0038555,RB,JAX,2023,0,0.08182391387552479,0.06058678935642129,0.07561112152820862,0.07567515880340814,2022
2023_16_JAX_TB,00-0038606,WR,JAX,2023,0,0.09506633528209918,0.08453340333998002,0.07623937246241358,0.1050765619605238,2022
2023_16_JAX_TB,00-0038667,WR,JAX,2023,0,0.02322836379843618,0.041073874259980304,0.04056860409131063,0.047621198326202846,2022
2023_16_JAX_TB,00-0031408,WR,TB,2023,1,0.323332856762912,0.2816619330064106,0.320670105073863,0.2205778203433221,2022
2023_16_JAX_TB,00-0033589,WR,TB,2023,0,0.060043148110399236,0.050155557349508016,0.045151317068678205,0.05249825912697302,2022
2023_16_JAX_TB,00-0033921,WR,TB,2023,0,0.2779463230145909,0.23415441860652958,0.2477637136486049,0.2059348127563608,2022
2023_16_JAX_TB,00-0034681,RB,TB,2023,0,0.1221190670590494,0.07308403538741245,0.08150713244706766,0.07183446483533089,2022
2023_16_JAX_TB,00-0034855,QB,TB,2023,0,0.1430398358245577,0.1212687874596883,0.0898844622928478,0.10717666518440146,2022
2023_16_JAX_TB,00-0037256,RB,TB,2023,1,0.4701571885637872,0.5883440816999677,0.49433515679606,0.33999587473697634,2022
2023_16_JAX_TB,00-0037311,TE,TB,2023,0,0.034043423489778846,0.03852952945792049,0.027169904314417247,0.05349999629092284,2022
2023_16_JAX_TB,00-0037487,WR,TB,2023,0,0.04890893820573661,0.04420178299788002,0.038566594834739995,0.04773586530570625,2022
2023_16_JAX_TB,00-0038129,TE,TB,2023,0,0.16603038780519885,0.17454150685545247,0.22722249352114182,0.17983295221373918,2022
2023_16_JAX_TB,00-0039052,WR,TB,2023,0,0.1676026864312783,0.13949398579599798,0.12271925480282099,0.13763084077849522,2022
2023_16_LV_KC,00-0030506,TE,KC,2023,0,0.26293654255449606,0.28569922914903856,0.2833642403581819,0.27825667811582616,2022
2023_16_LV_KC,00-0031376,RB,KC,2023,0,0.16678287461410457,0.11358173834433727,0.11288367621089504,0.1073769800422964,2022
2023_16_LV_KC,00-0032062,TE,KC,2023,0,0.056496750640567917,0.06080963267551581,0.05067943139877601,0.0546711485169543,2022
2023_16_LV_KC,00-0033873,QB,KC,2023,0,0.17182264331259878,0.1599972142796086,0.16265833185033088,0.15652719811118368,2022
2023_16_LV_KC,00-0034272,WR,KC,2023,0,0.11510382142570563,0.10131869181054312,0.0995784756424031,0.06609002836748491,2022
2023_16_LV_KC,00-0034286,WR,KC,2023,0,0.042147512864855186,0.05217199998083396,0.04839243128550307,0.04803016046015005,2022
2023_16_LV_KC,00-0034386,WR,KC,2023,1,0.19175074827253968,0.1668339660971414,0.1554177860162421,0.1515956888536166,2022
2023_16_LV_KC,00-0036360,RB,KC,2023,0,0.24564379983776963,0.1721819072037566,0.22430008090318923,0.18565597859340402,2022
2023_16_LV_KC,00-0036637,TE,KC,2023,0,0.10152448869129782,0.10401245241423915,0.09344893050115485,0.08765060933887346,2022
2023_16_LV_KC,00-0036913,WR,KC,2023,0,0.11265130553264269,0.08592292840945819,0.07139382047286409,0.08225515515894619,2022
2023_16_LV_KC,00-0037197,RB,KC,2023,1,0.45569670363402837,0.488969507077601,0.5017779607933891,0.42672461770754366,2022
2023_16_LV_KC,00-0038090,WR,KC,2023,0,0.09922537330096937,0.10280968313874757,0.09047259557156621,0.06718159720125037,2022
2023_16_LV_KC,00-0039067,WR,KC,2023,0,0.28167990809288157,0.2957081314755577,0.24879857320170803,0.37200668761061395,2022
2023_16_LV_KC,00-0029239,RB,LV,2023,0,0.014577364132496107,0.025071254661185042,0.032519253754402185,0.04676187012882446,2022
2023_16_LV_KC,00-0031381,WR,LV,2023,0,0.25649803388617876,0.2445907209127438,0.28013903822482994,0.23179992602798252,2022
2023_16_LV_KC,00-0032104,RB,LV,2023,0,0.06579976125681486,0.046298047951075116,0.0462786822688144,0.0790742959224612,2022
2023_16_LV_KC,00-0032392,TE,LV,2023,0,0.04390974806491088,0.04459166515424121,0.04841012713632943,0.0482291363808386,2022
2023_16_LV_KC,00-0034960,WR,LV,2023,0,0.141007990043292,0.1306451549537421,0.12202847995379866,0.1577840875862223,2022
2023_16_LV_KC,00-0034983,WR,LV,2023,0,0.08712298592532519,0.05953963007427248,0.05557063300430847,0.11596779678644012,2022
2023_16_LV_KC,00-0035700,RB,LV,2023,0,0.3707373478493432,0.4303896229910582,0.5474953289377401,0.29660256050447503,2022
2023_16_LV_KC,00-0038040,RB,LV,2023,0,0.1123760754822758,0.05316684877780626,0.071797106148459,0.07428228277220401,2022
2023_16_LV_KC,00-0038563,WR,LV,2023,0,0.08495175919979159,0.0403263904175051,0.04346502930585287,0.0919080181080362,2022
2023_16_LV_KC,00-0038579,QB,LV,2023,0,0.06956516141116686,0.05166217354047749,0.04831168722764929,0.06870580426658743,2022
2023_16_LV_KC,00-0039066,TE,LV,2023,0,0.12406376012189924,0.09628831182842547,0.1337023441883717,0.14908941129800377,2022
2023_16_NE_DEN,00-0029263,QB,DEN,2023,0,0.22304620914622697,0.18327241795204852,0.1763367979940845,0.24641554062404003,2022
2023_16_NE_DEN,00-0031484,TE,DEN,2023,0,0.060113043481658024,0.060091327045667206,0.06271185519096768,0.0481474416822303,2022
2023_16_NE_DEN,00-0033526,RB,DEN,2023,0,0.19615238824559844,0.1151827144316814,0.08699933538922668,0.10924603970659955,2022
2023_16_NE_DEN,00-0034348,WR,DEN,2023,0,0.23744783801490754,0.21396617584673291,0.23804213424191972,0.23225960623120645,2022
2023_16_NE_DEN,00-0035406,WR,DEN,2023,0,0.09150538808742437,0.08297772604727194,0.0750871562974979,0.07553226352578606,2022
2023_16_NE_DEN,00-0036407,WR,DEN,2023,0,0.2222798452078546,0.15821141315079656,0.17326762423372186,0.18566753309573594,2022
2023_16_NE_DEN,00-0036422,TE,DEN,2023,0,0.13605935436527317,0.12112400734398718,0.13543335580794477,0.1380931308857019,2022
2023_16_NE_DEN,00-0036997,RB,DEN,2023,1,0.3843669505114341,0.41832999148442646,0.3305695628701587,0.34510923283950234,2022
2023_16_NE_DEN,00-0037382,WR,DEN,2023,1,0.09304818273666449,0.07175965693343685,0.06781304124172145,0.06928984298932798,2022
2023_16_NE_DEN,00-0037539,TE,DEN,2023,1,0.07627543711727502,0.06077403843054147,0.0610307107326431,0.05354073068087208,2022
2023_16_NE_DEN,00-0038794,RB,DEN,2023,0,0.14393864551971647,0.07638845407030269,0.07909942061036503,0.10002635226032155,2022
2023_16_NE_DEN,00-0038976,WR,DEN,2023,0,0.1280213496949011,0.09255332033912458,0.08837327203591985,0.07514317868005206,2022
2023_16_NE_DEN,00-0031547,WR,NE,2023,0,0.1030201242868305,0.09868888332358051,0.0987118118716557,0.12058195875315737,2022
2023_16_NE_DEN,00-0032200,WR,NE,2023,0,0.015013095937108645,0.024035466287090572,0.021849304503298254,0.04633851523692166,2022
2023_16_NE_DEN,00-0033045,RB,NE,2023,1,0.266466440597399,0.23013262740113763,0.24334525387201783,0.28716527287629556,2022
2023_16_NE_DEN,00-0033090,TE,NE,2023,0,0.14147222880109256,0.10981408395471987,0.16284075394985092,0.16435703718299913,2022
2023_16_NE_DEN,00-0033439,TE,NE,2023,0,0.029605634993998375,0.043521026103772155,0.050781845065066306,0.046602618320527214,2022
2023_16_NE_DEN,00-0033857,WR,NE,2023,0,0.10015647474498213,0.09687560423981258,0.09154619218083002,0.1429230862056332,2022
2023_16_NE_DEN,00-0034829,TE,NE,2023,1,0.05959533492740732,0.05166636452746448,0.06576588949155555,0.07043564174124058,2022
2023_16_NE_DEN,00-0036387,WR,NE,2023,0,0.06957258533958732,0.05019258109086665,0.05077241048663735,0.10135430071514842,2022
2023_16_NE_DEN,00-0036875,RB,NE,2023,0,0.24084146333966494,0.21152181671207526,0.19942146827287088,0.25607304244099943,2022
2023_16_NE_DEN,00-0037286,RB,NE,2023,0,0.08629658116496941,0.04730849041136794,0.07469933627406149,0.08177843639993672,2022
2023_16_NE_DEN,00-0038104,WR,NE,2023,0,0.07840015907540787,0.05985761422968852,0.0600377006709305,0.08627053132589457,2022
2023_16_NE_DEN,00-0038108,QB,NE,2023,0,0.04659150970321457,0.041990767253132964,0.029345218471030006,0.06400909772819878,2022
2023_16_NE_DEN,00-0038621,WR,NE,2023,0,0.14931542423403266,0.13072862008266944,0.12195927697082577,0.1450949521870494,2022
2023_16_NO_LA,00-0026498,QB,LA,2023,0,0.10976829434010182,0.1121854959297581,0.07529846588157003,0.06277119716780905,2022
2023_16_NO_LA,00-0032775,WR,LA,2023,1,0.20450942718906417,0.17344593496097813,0.17351093922856134,0.1981992192109501,2022
2023_16_NO_LA,00-0033110,TE,LA,2023,0,0.18855998202157398,0.17819388562701144,0.17941291038781176,0.1956976167028514,2022
2023_16_NO_LA,00-0033908,WR,LA,2023,0,0.2661030360686111,0.27459817610864434,0.2706177494336146,0.259732080721732,2022
2023_16_NO_LA,00-0034838,RB,LA,2023,0,0.2078742154758686,0.13205832818291793,0.14636472766311406,0.14953129581672395,2022
2023_16_NO_LA,00-0036849,WR,LA,2023,0,0.1494044195773131,0.11291153474886018,0.11701989911124444,0.09964822982716752,2022
2023_16_NO_LA,00-0036862,WR,LA,2023,0,0.045838179080505026,0.05386784313582698,0.0540104664812601,0.047711704265287015,2022
2023_16_NO_LA,00-0037840,RB,LA,2023,1,0.5561520872737413,0.7456753514418534,0.7072071473860573,0.42600881609277313,2022
2023_16_NO_LA,00-0039074,TE,LA,2023,0,0.08924623197542736,0.07690230506781716,0.05916941251149898,0.05418137934530949,2022
2023_16_NO_LA,00-0039075,WR,LA,2023,1,0.3196871190598868,0.3155285424313915,0.3178981104937487,0.2765812166164139,2022
2023_16_NO_LA,00-0027696,TE,NO,2023,0,0.07530273718705693,0.04553000527879582,0.034460590168612866,0.10875782272396321,2022
2023_16_NO_LA,00-0031280,QB,NO,2023,0,0.07986838092663429,0.07009295735322824,0.04912769539657427,0.0652192567729312,2022
2023_16_NO_LA,00-0031503,QB,NO,2023,0,0.03018686721895192,0.025222401326659063,0.012774990658897064,0.04566067929187874,2022
2023_16_NO_LA,00-0033357,TE,NO,2023,0,0.2294652305573971,0.13947042115829167,0.05284657010208186,0.15934222923852917,2022
2023_16_NO_LA,00-0033906,RB,NO,2023,0,0.39120889502184464,0.42462536579226556,0.3399795507903117,0.33960523511409624,2022
2023_16_NO_LA,00-0033948,RB,NO,2023,0,0.16376791724018258,0.11270317676861805,0.12176358844510363,0.10199300404560477,2022
2023_16_NO_LA,00-0034317,WR,NO,2023,0,0.06023163626996886,0.05263403140651959,0.05643717267251386,0.0586250527577747,2022
2023_16_NO_LA,00-0034981,TE,NO,2023,0,0.08241829119871724,0.0838714870471006,0.07777002217221606,0.06641114354592005,2022
2023_16_NO_LA,00-0036040,TE,NO,2023,1,0.1290112278445097,0.0990969368125564,0.1060519401463766,0.08779860647738331,2022
2023_16_NO_LA,00-0036364,WR,NO,2023,0,0.1178299741998482,0.10874145673700736,0.09827745091932308,0.09927839546086521,2022
2023_16_NO_LA,00-0037239,WR,NO,2023,0,0.22779243895645784,0.18377004311665182,0.1996643603705569,0.18054464491310243,2022
2023_16_NO_LA,00-0037545,WR,NO,2023,1,0.14865635267725918,0.09842467180750158,0.11101384986841527,0.14223308443357693,2022
2023_16_NO_LA,00-0038612,WR,NO,2023,1,0.10715914013593186,0.1027048258679169,0.09990654335642644,0.08769019046891578,2022
2023_16_NYG_PHI,00-0028118,QB,NYG,2023,0,0.06942178188748693,0.04040943077048123,0.03964342389272354,0.09366211666691537,2022
2023_16_NYG_PHI,00-0031610,TE,NYG,2023,0,0.1737492326329969,0.12257858046203919,0.11923806388183855,0.17020031484091522,2022
2023_16_NYG_PHI,00-0032385,WR,NYG,2023,0,0.09058278372693196,0.04225293983780443,0.03712821382790152,0.10688025088762948,2022
2023_16_NYG_PHI,00-0033308,RB,NYG,2023,0,0.06546511070119965,0.04533507417648261,0.050644140775589146,0.07564822972502999,2022
2023_16_NYG_PHI,00-0034844,RB,NYG,2023,1,0.29820719358152525,0.3161311007234112,0.34663752486842736,0.28267025674700896,2022
2023_16_NYG_PHI,00-0035535,WR,NYG,2023,1,0.12002900388165805,0.10825529452764868,0.10691652993522527,0.14243136874588644,2022
2023_16_NYG_PHI,00-0035639,WR,NYG,2023,0,0.025895286882065105,0.02838850826190112,0.026775501886681506,0.04716146251395179,2022
2023_16_NYG_PHI,00-0036145,TE,NYG,2023,0,0.034359843733773876,0.030886466617463217,0.0272477634457903,0.0494541638399003,2022
2023_16_NYG_PHI,00-0036165,WR,NYG,2023,0,0.05810532844848959,0.044744186601404015,0.0419542657050273,0.058261708204455795,2022
2023_16_NYG_PHI,00-0038115,TE,NYG,2023,0,0.0789524206374681,0.09698911226418162,0.13032677095380216,0.0968427872926419,2022
2023_16_NYG_PHI,00-0038117,WR,NYG,2023,0,0.13345931573484782,0.12114131484496343,0.10456801752908328,0.13622402220418073,2022
2023_16_NYG_PHI,00-0038396,RB,NYG,2023,0,0.0566282239892949,0.03700276092589602,0.0451793174975915,0.07179621228344676,2022
2023_16_NYG_PHI,00-0038476,QB,NYG,2023,0,0.12368720317916027,0.09866302308690957,0.11190193093881472,0.1309241382221075,2022
2023_16_NYG_PHI,00-0038938,WR,NYG,2023,0,0.08590050132134974,0.06859917057080132,0.06954682579224156,0.08585918915619355,2022
2023_16_NYG_PHI,00-0027944,WR,PHI,2023,0,0.11389048881656405,0.10519998696970692,0.08188834690945276,0.059844971393656465,2022
2023_16_NYG_PHI,00-0032268,QB,PHI,2023,0,0.09018466217015475,0.03973157373098593,0.02321430359581696,0.07230485694856775,2022
2023_16_NYG_PHI,00-0034351,TE,PHI,2023,0,0.28410473609045384,0.2509051028536258,0.32547672061517113,0.24072497541928795,2022
2023_16_NYG_PHI,00-0034414,RB,PHI,2023,0,0.0666238531137997,0.07055025121647264,0.09040913819303716,0.06582751449790604,2022
2023_16_NYG_PHI,00-0035208,WR,PHI,2023,0,0.10014354959606087,0.101164079946438,0.08323977941808866,0.061395497135227496,2022
2023_16_NYG_PHI,00-0035676,WR,PHI,2023,0,0.41100272871952614,0.4226083848686194,0.3972036323280783,0.29842683626852523,2022
2023_16_NYG_PHI,00-0036271,WR,PHI,2023,0,0.1457846154300526,0.15989758328295425,0.12720617743826296,0.10600388038037903,2022
2023_16_NYG_PHI,00-0036275,RB,PHI,2023,1,0.41483274206697607,0.38980033655493757,0.37483253052547016,0.38931363474812314,2022
2023_16_NYG_PHI,00-0036389,QB,PHI,2023,1,0.3576130002123855,0.3108308158865984,0.4145052112394812,0.37191684803853237,2022
2023_16_NYG_PHI,00-0036423,TE,PHI,2023,0,0.06871937678186579,0.09652710378514563,0.11244656576422214,0.06085523614705835,2022
2023_16_NYG_PHI,00-0036912,WR,PHI,2023,1,0.37148681517770876,0.4376577591152054,0.3837742101507084,0.3352052208097612,2022
2023_16_NYG_PHI,00-0036919,RB,PHI,2023,0,0.20082369115932985,0.15515954540321125,0.14060744512151616,0.12434156750162582,2022
2023_16_SEA_TEN,00-0030565,QB,SEA,2023,0,0.12462685678403684,0.1049595915481829,0.0714348419140061,0.09169842616429898,2022
2023_16_SEA_TEN,00-0032211,WR,SEA,2023,0,0.2213686681358049,0.21515790615479713,0.22768462855586583,0.2101423410032526,2022
2023_16_SEA_TEN,00-0034159,TE,SEA,2023,0,0.0729118648429834,0.06618103319183825,0.06285327683222669,0.05429069335606643,2022
2023_16_SEA_TEN,00-0035640,WR,SEA,2023,1,0.2660085903742967,0.24366635671855408,0.23463143991789995,0.23480778092603247,2022
2023_16_SEA_TEN,00-0035644,TE,SEA,2023,0,0.12664323619352247,0.12123261500768195,0.1391735798931434,0.12557243106870242,2022
2023_16_SEA_TEN,00-0035704,QB,SEA,2023,0,0.0727435877421394,0.059822090226577106,0.035341661352609584,0.05774097089106094,2022
2023_16_SEA_TEN,00-0036244,TE,SEA,2023,1,0.05445749387494547,0.06546944483172508,0.062947998943457,0.04880380153902038,2022
2023_16_SEA_TEN,00-0036425,RB,SEA,2023,0,0.05150132816149533,0.05521244926468675,0.06046460304745357,0.04844544405334952,2022
2023_16_SEA_TEN,00-0038134,RB,SEA,2023,0,0.3594273895343211,0.25349036328855834,0.32522958107201744,0.2928200775710954,2022
2023_16_SEA_TEN,00-0038543,WR,SEA,2023,0,0.2082762704006309,0.1672913823733951,0.16969903690126,0.2009710948042189,2022
2023_16_SEA_TEN,00-0038752,WR,SEA,2023,0,0.051728359829521176,0.06156238677853148,0.056330187390044514,0.05052814744115298,2022
2023_16_SEA_TEN,00-0039165,RB,SEA,2023,0,0.3831115214869144,0.3234197233209262,0.36722966705682897,0.35988739877094045,2022
2023_16_SEA_TEN,00-0030564,WR,TEN,2023,0,0.2910728228214171,0.20007208240644533,0.2150807733430192,0.191444137226239,2022
2023_16_SEA_TEN,00-0032398,WR,TEN,2023,0,0.11154711508318493,0.10636228775937452,0.08946247139619602,0.09996165095990746,2022
2023_16_SEA_TEN,00-0032764,RB,TEN,2023,1,0.3719025105182008,0.33538696387490396,0.29217446651371004,0.3532969956281731,2022
2023_16_SEA_TEN,00-0035259,TE,TEN,2023,0,0.05107054002795908,0.06900333421709973,0.08151671261285198,0.054280522316278085,2022
2023_16_SEA_TEN,00-0036182,WR,TEN,2023,0,0.1393084654069836,0.12663995050964844,0.11371835390207966,0.10841734828803562,2022
2023_16_SEA_TEN,00-0037742,WR,TEN,2023,0,0.14634706986159784,0.11342576321511295,0.11028385394246899,0.1197001656053083,2022
2023_16_SEA_TEN,00-0037809,TE,TEN,2023,1,0.16691801888913493,0.1167495887239483,0.13160467737849502,0.14755765420012235,2022
2023_16_SEA_TEN,00-0038589,TE,TEN,2023,0,0.08515754309739298,0.0492216334310835,0.04673962717335721,0.06541661030349392,2022
2023_16_SEA_TEN,00-0038632,WR,TEN,2023,0,0.023715661215545802,0.032626607286262425,0.037109122809486896,0.04965413801445316,2022
2023_16_SEA_TEN,00-0039032,RB,TEN,2023,0,0.27191822107096986,0.2077587676158214,0.15667411908224382,0.1976886086786372,2022
2023_16_SEA_TEN,00-0039152,QB,TEN,2023,0,0.13150820575131106,0.10984039511365834,0.10411843348876107,0.11526741502963163,2022
2023_16_WAS_NYJ,00-0028002,WR,NYJ,2023,0,0.08080621053795423,0.05563671618402634,0.052440184927786467,0.06252040323401363,2022
2023_16_WAS_NYJ,00-0032156,QB,NYJ,2023,0,0.04374268395775671,0.0409713441491762,0.03286474739080489,0.05492582295385884,2022
2023_16_WAS_NYJ,00-0033893,RB,NYJ,2023,0,0.15599029641562978,0.08845929083137413,0.09490736070528934,0.09305508117295386,2022
2023_16_WAS_NYJ,00-0034177,QB,NYJ,2023,0,0.07937648677831655,0.053197804760914603,0.037146503917209577,0.06632069341363897,2022
2023_16_WAS_NYJ,00-0034270,TE,NYJ,2023,0,0.17276674028089445,0.12704601126675638,0.1623602096789123,0.15765671599589823,2022
2023_16_WAS_NYJ,00-0034433,RB,NYJ,2023,0,0.04350979079023065,0.04072125514676507,0.046528221358912374,0.05238845432116892,2022
2023_16_WAS_NYJ,00-0034521,WR,NYJ,2023,0,0.1084825302020116,0.09630638381694115,0.08293349346733737,0.07619170127713856,2022
2023_16_WAS_NYJ,00-0037013,QB,NYJ,2023,0,0.11641901264050658,0.08005944912440419,0.06481852150348144,0.09484001077121304,2022
2023_16_WAS_NYJ,00-0037740,WR,NYJ,2023,0,0.27292357563729586,0.2607336798979627,0.21628444406104114,0.25162558161311205,2022
2023_16_WAS_NYJ,00-0037805,TE,NYJ,2023,0,0.09980716660410482,0.08034624803998268,0.08950177415918803,0.08336504225632599,2022
2023_16_WAS_NYJ,00-0038120,RB,NYJ,2023,1,0.39201282988521957,0.36323563451936863,0.36822494791764815,0.31415843889831996,2022
2023_16_WAS_NYJ,00-0038389,RB,NYJ,2023,0,0.11488484106823738,0.06870882518227037,0.07032284974618487,0.07754567489073015,2022
2023_16_WAS_NYJ,00-0038496,WR,NYJ,2023,0,0.13483254264026667,0.09341615005588756,0.08719813285605788,0.16084750955402494,2022
2023_16_WAS_NYJ,00-0031260,TE,WAS,2023,1,0.11504256451371919,0.10629959998443705,0.12756279194879633,0.141544403039801,2022
2023_16_WAS_NYJ,00-0032975,RB,WAS,2023,0,0.05346670045889257,0.04818058517637109,0.04899053006451302,0.046767674978534256,2022
2023_16_WAS_NYJ,00-0033119,QB,WAS,2023,0,0.06666469027442234,0.025094858478716755,0.022962879211095348,0.06259197642672336,2022
2023_16_WAS_NYJ,00-0033282,WR,WAS,2023,0,0.15665167864593899,0.10223658379782527,0.08807521396404794,0.1483992162852257,2022
2023_16_WAS_NYJ,00-0034297,WR,WAS,2023,0,0.05016099257784412,0.044267408970735014,0.03967551510475669,0.06102631591105725,2022
2023_16_WAS_NYJ,00-0035659,WR,WAS,2023,0,0.18579411233169452,0.1705459197698013,0.18483628955328582,0.17176975189578048,2022
2023_16_WAS_NYJ,00-0036328,RB,WAS,2023,1,0.2046572434389764,0.1642435883048655,0.12329566332337985,0.17086739540669277,2022
2023_16_WAS_NYJ,00-0036626,WR,WAS,2023,0,0.048284300026845806,0.03962487097812181,0.038586157045352905,0.06884221398713203,2022
2023_16_WAS_NYJ,00-0036628,TE,WAS,2023,0,0.05751801911087395,0.06006054743193324,0.06870357435513386,0.058741950244831836,2022
2023_16_WAS_NYJ,00-0037077,QB,WAS,2023,0,0.10791391494601266,0.0728467083742201,0.06006724128867764,0.09479581006245497,2022
2023_16_WAS_NYJ,00-0037078,TE,WAS,2023,0,0.0293223264068313,0.03237251370644014,0.022846469673117566,0.05841943409315205,2022
2023_16_WAS_NYJ,00-0037741,WR,WAS,2023,0,0.10680535667803814,0.1222465938675049,0.10581511460518872,0.1068539941934618,2022
2023_16_WAS_NYJ,00-0037746,RB,WAS,2023,0,0.2841941193073928,0.24091748997103354,0.25113371549674607,0.2643557324303871,2022
2023_16_WAS_NYJ,00-0038611,RB,WAS,2023,1,0.10452342445004792,0.057514772434246804,0.06745527145719074,0.07488070860495716,2022
2023_17_ARI_PHI,00-0032141,TE,ARI,2023,0,0.044814090840152754,0.052363632906713406,0.045974510910245125,0.051820749909040134,2022
2023_17_ARI_PHI,00-0033251,WR,ARI,2023,0,0.044274392659782835,0.039265619239524804,0.0417407213633304,0.0523258594187469,2022
2023_17_ARI_PHI,00-0033553,RB,ARI,2023,1,0.29794919992118274,0.30949587791623046,0.31695353563588463,0.296714397593939,2022
2023_17_ARI_PHI,00-0035228,QB,ARI,2023,0,0.1430006682375896,0.10883119218089628,0.11255784915197363,0.11752245897303035,2022
2023_17_ARI_PHI,00-0035500,WR,ARI,2023,0,0.13631582058983538,0.12418535729210121,0.1269773540094372,0.1393254877157315,2022
2023_17_ARI_PHI,00-0035662,WR,ARI,2023,0,0.17172916774241764,0.17287097508569765,0.19299832523424879,0.13786237354023598,2022
2023_17_ARI_PHI,00-0036924,RB,ARI,2023,1,0.08826122181622964,0.061671514800237394,0.06709541824344206,0.0857907191704524,2022
2023_17_ARI_PHI,00-0036936,WR,ARI,2023,0,0.09524065768316836,0.1094989457133543,0.08947013913468689,0.10798876325947118,2022
2023_17_ARI_PHI,00-0037744,TE,ARI,2023,0,0.20210040029717147,0.25371707061566656,0.21420547755653702,0.2150339572134007,2022
2023_17_ARI_PHI,00-0038559,WR,ARI,2023,1,0.12922168757120123,0.13675471433416114,0.13922006656770863,0.1149625192388668,2022
2023_17_ARI_PHI,00-0038582,QB,ARI,2023,0,0.04215202055019829,0.01985671346297257,0.011523833765950557,0.054814070706095605,2022
2023_17_ARI_PHI,00-0038705,RB,ARI,2023,0,0.19821172367041073,0.16824344268661323,0.16387305129950494,0.18563136717740067,2022
2023_17_ARI_PHI,00-0039041,TE,ARI,2023,0,0.0624317081597181,0.048416743212427206,0.04075163745607399,0.0746245940919944,2022
2023_17_ARI_PHI,00-0027944,WR,PHI,2023,1,0.1496206158989195,0.11345612792858355,0.09170029461700199,0.07422109527140167,2022
2023_17_ARI_PHI,00-0034351,TE,PHI,2023,1,0.33809619168109095,0.30276448367229974,0.34583020391111174,0.2656485105250523,2022
2023_17_ARI_PHI,00-0034414,RB,PHI,2023,0,0.06307980087730314,0.0697460615887589,0.09779201789173564,0.0679696636200063,2022
2023_17_ARI_PHI,00-0035208,WR,PHI,2023,0,0.09377902860746667,0.09452109707733118,0.07751062826945493,0.06339214397664174,2022
2023_17_ARI_PHI,00-0035676,WR,PHI,2023,0,0.4563677477310114,0.458276547225566,0.43674924526413345,0.3126925741181875,2022
2023_17_ARI_PHI,00-0036271,WR,PHI,2023,0,0.16262156514204906,0.16719318470151,0.13333404262313317,0.1102915262748754,2022
2023_17_ARI_PHI,00-0036275,RB,PHI,2023,0,0.4507118104447526,0.39682455635680364,0.42587157773080075,0.39186520953855314,2022
2023_17_ARI_PHI,00-0036389,QB,PHI,2023,0,0.36240327735510813,0.30613921962137636,0.47290783709896533,0.37227457644755035,2022
2023_17_ARI_PHI,00-0036912,WR,PHI,2023,0,0.3666975654937301,0.4206807844391164,0.35527094594235564,0.28343896495378285,2022
2023_17_ARI_PHI,00-0036919,RB,PHI,2023,0,0.24899077554076654,0.18416497760361167,0.17508771531075581,0.13767571430578956,2022
2023_17_ARI_PHI,00-0037086,TE,PHI,2023,0,0.05456711093196165,0.06346684724795684,0.044331375911324744,0.05840894351899033,2022
2023_17_ARI_PHI,00-0037132,WR,PHI,2023,0,0.009426120053361964,0.054372197645383195,0.0432559859773086,0.059283511874770205,2022
2023_17_ATL_CHI,00-0030578,RB,ATL,2023,0,0.13592191901589812,0.07794328448677812,0.0913087239242543,0.1030533426714777,2022
2023_17_ATL_CHI,00-0031585,TE,ATL,2023,0,0.060613482343304104,0.04609161200478633,0.049522319167029726,0.09755278991827034,2022
2023_17_ATL_CHI,00-0031800,QB,ATL,2023,1,0.0810826320389395,0.06998541465302673,0.05834356138103831,0.08835083529848597,2022
2023_17_ATL_CHI,00-0033555,WR,ATL,2023,0,0.058304789716099314,0.04870121727137938,0.044840446637906324,0.06109266729060172,2022
2023_17_ATL_CHI,00-0033858,TE,ATL,2023,0,0.12081792412150838,0.08676226483828897,0.09908217483025877,0.1143247745345446,2022
2023_17_ATL_CHI,00-0034854,WR,ATL,2023,0,0.046449033090205205,0.05176232397253449,0.048482268878005656,0.04762520341215411,2022
2023_17_ATL_CHI,00-0035298,WR,ATL,2023,0,0.06250146783828292,0.0430753418357502,0.04248375304307412,0.08137013897227975,2022
2023_17_ATL_CHI,00-0036415,WR,ATL,2023,0,0.08498784433895534,0.06342290554397856,0.0653673090281575,0.059873098027447114,2022
2023_17_ATL_CHI,00-0036970,TE,ATL,2023,0,0.15304289700705287,0.11609981159176562,0.16190448182954745,0.13507051328361522,2022
2023_17_ATL_CHI,00-0037238,WR,ATL,2023,0,0.1853990433153112,0.158659698672094,0.17772739793060333,0.1648567440914502,2022
2023_17_ATL_CHI,00-0037263,RB,ATL,2023,1,0.15383163978924985,0.11395375306142741,0.11715303097896432,0.11117404120597142,2022
2023_17_ATL_CHI,00-0037654,TE,ATL,2023,0,0.05592258167585673,0.04978415216234505,0.10896074213943303,0.05209167923651305,2022
2023_17_ATL_CHI,00-0038122,QB,ATL,2023,0,0.10327421455760544,0.07684769071348978,0.06309410493870177,0.09913979753935867,2022
2023_17_ATL_CHI,00-0038542,RB,ATL,2023,0,0.3415694878829816,0.37219185322950743,0.3626956192865963,0.2781401152177674,2022
2023_17_ATL_CHI,00-0024243,TE,CHI,2023,0,0.0544511730505467,0.05433747495136183,0.04491670355206267,0.05871322602555544,2022
2023_17_ATL_CHI,00-0033757,TE,CHI,2023,0,0.04629893956899711,0.05209922761028007,0.04131224125083871,0.044765132584537834,2022
2023_17_ATL_CHI,00-0033925,RB,CHI,2023,0,0.2616421746015061,0.19246636467683986,0.17810113714269224,0.26063976401779604,2022
2023_17_ATL_CHI,00-0034827,WR,CHI,2023,1,0.3058106008432838,0.29108850264311625,0.3382901831405351,0.24650285254542975,2022
2023_17_ATL_CHI,00-0036290,TE,CHI,2023,0,0.21258617466941465,0.18262681984574433,0.1704662449856771,0.18102268763321266,2022
2023_17_ATL_CHI,00-0036309,WR,CHI,2023,0,0.1848164502850862,0.14980212633088863,0.16498305417027292,0.12447451594948546,2022
2023_17_ATL_CHI,00-0036906,RB,CHI,2023,1,0.21957621099537972,0.15649745354975644,0.18376307500251,0.1451279973923484,2022
2023_17_ATL_CHI,00-0036945,QB,CHI,2023,1,0.23816039792832888,0.22618448328451762,0.35718979858985733,0.2763244677743245,2022
2023_17_ATL_CHI,00-0037745,WR,CHI,2023,0,0.03907001145240041,0.04335142314904747,0.04242051623057287,0.04600427424618186,2022
2023_17_ATL_CHI,00-0038941,WR,CHI,2023,0,0.0950720837825989,0.07790415831996951,0.07476473884612293,0.07187749522565193,2022
2023_17_ATL_CHI,00-0039021,RB,CHI,2023,1,0.20197917664645992,0.1495837768789149,0.12244476941483114,0.18777400591277982,2022
2023_17_CAR_JAX,00-0030035,WR,CAR,2023,0,0.2087847863227017,0.15610563937436034,0.1478322108762562,0.16756861324342065,2022
2023_17_CAR_JAX,00-0034777,WR,CAR,2023,0,0.15958944006258557,0.11667092605271624,0.09350971454362722,0.139478903313271,2022
2023_17_CAR_JAX,00-0035243,RB,CAR,2023,0,0.17429091490966853,0.09392761365104407,0.10028943513040332,0.12035566855518684,2022
2023_17_CAR_JAX,00-0036438,TE,CAR,2023,0,0.08897875431268476,0.050981447060328915,0.06219305184349921,0.05846199559371589,2022
2023_17_CAR_JAX,00-0036555,RB,CAR,2023,0,0.3597711920911607,0.32996411985684454,0.29872686575351554,0.2836023365224287,2022
2023_17_CAR_JAX,00-0036635,WR,CAR,2023,0,0.06295140269072896,0.04532143525227081,0.034658196516229804,0.06447427481523488,2022
2023_17_CAR_JAX,00-0037005,TE,CAR,2023,0,0.1275197602966538,0.10172059895240083,0.12724429917505975,0.09873183095539444,2022
2023_17_CAR_JAX,00-0037429,RB,CAR,2023,0,0.032638615311344044,0.033336534008448694,0.038088206912686544,0.04804071429164078,2022
2023_17_CAR_JAX,00-0039062,WR,CAR,2023,0,0.21356219074292482,0.19062377921606918,0.17935864731320106,0.16555103012510528,2022
2023_17_CAR_JAX,00-0039150,QB,CAR,2023,0,0.09799993155144049,0.08331651320461542,0.07928913912969858,0.09539932419356392,2022
2023_17_CAR_JAX,00-0033572,WR,JAX,2023,0,0.0907758065779215,0.06386179615090297,0.05621664470488108,0.07936022346946041,2022
2023_17_CAR_JAX,00-0033881,TE,JAX,2023,0,0.24215247287639308,0.2860218490536911,0.2565722491548341,0.2582511237087877,2022
2023_17_CAR_JAX,00-0033891,WR,JAX,2023,0,0.20027356583964873,0.19521889738182158,0.19002995325519167,0.19499922127753025,2022
2023_17_CAR_JAX,00-0033936,QB,JAX,2023,0,0.03498195565690154,0.025949020886252255,0.012778052855886022,0.04500543290606185,2022
2023_17_CAR_JAX,00-0034837,WR,JAX,2023,0,0.2688130775897094,0.3238716119750838,0.27040838478986456,0.21700235783492366,2022
2023_17_CAR_JAX,00-0035628,RB,JAX,2023,0,0.13341717858358015,0.09246623667353975,0.1017279548989744,0.07768610863936526,2022
2023_17_CAR_JAX,00-0036497,WR,JAX,2023,0,0.07729701884942142,0.07359345888274572,0.0632611557827878,0.055173522616540974,2022
2023_17_CAR_JAX,00-0036887,TE,JAX,2023,0,0.06787474516017877,0.06586157886279569,0.05478858349343685,0.061475617833610705,2022
2023_17_CAR_JAX,00-0036971,QB,JAX,2023,0,0.15559614351779338,0.11128136224365655,0.08382292010689686,0.12648485165760645,2022
2023_17_CAR_JAX,00-0036973,RB,JAX,2023,1,0.3936934647482462,0.4412803983901737,0.35093110945355255,0.3480106058999234,2022
2023_17_CAR_JAX,00-0038555,RB,JAX,2023,0,0.08171017921246893,0.05744681434157113,0.07235122922409724,0.0730612106111367,2022
2023_17_CAR_JAX,00-0038606,WR,JAX,2023,0,0.11091520219170936,0.0962577960915886,0.07994199816539842,0.1341245491203572,2022
2023_17_CAR_JAX,00-0038667,WR,JAX,2023,0,0.03889568076210115,0.04728464903604167,0.039889280882570904,0.04589296289398304,2022
2023_17_CIN_KC,00-0033009,WR,CIN,2023,0,0.16201532351809667,0.13292747435517238,0.13801377638741621,0.15593287827120952,2022
2023_17_CIN_KC,00-0033897,RB,CIN,2023,1,0.39428057811614614,0.34486486596523525,0.3483807273803378,0.3551944507163272,2022
2023_17_CIN_KC,00-0034613,TE,CIN,2023,0,0.10543222247999362,0.06909322052402095,0.04840003133514535,0.10264622355650237,2022
2023_17_CIN_KC,00-0034970,TE,CIN,2023,0,0.05643947730043464,0.05260373340825331,0.03944591828757153,0.05110506053835973,2022
2023_17_CIN_KC,00-0035100,QB,CIN,2023,1,0.1323447877220516,0.0909097551722899,0.0974622846456222,0.09648550864464796,2022
2023_17_CIN_KC,00-0035291,RB,CIN,2023,0,0.029873296252345805,0.04207281520074156,0.04908913119121835,0.04698969214910995,2022
2023_17_CIN_KC,00-0035341,WR,CIN,2023,0,0.11533482447464127,0.09979624298886003,0.09333534317754176,0.1260014559674317,2022
2023_17_CIN_KC,00-0035631,TE,CIN,2023,0,0.07250792388894678,0.07835892952828713,0.07050298054816971,0.06855998335473763,2022
2023_17_CIN_KC,00-0035771,TE,CIN,2023,0,0.04343005005239475,0.047926327748356416,0.036405402630021524,0.04559024113381588,2022
2023_17_CIN_KC,00-0036410,WR,CIN,2023,0,0.17938659751879116,0.18982132916586578,0.17946195326473272,0.18010140498523447,2022
2023_17_CIN_KC,00-0036900,WR,CIN,2023,0,0.2079239776635715,0.23954348558576194,0.21051595962745867,0.19162830935169786,2022
2023_17_CIN_KC,00-0038576,WR,CIN,2023,0,0.025593503552146735,0.035346527025955164,0.03733143075543634,0.04719628523410173,2022
2023_17_CIN_KC,00-0038597,RB,CIN,2023,0,0.16377230695358957,0.09289250863555247,0.11609820663473146,0.11990642487147798,2022
2023_17_CIN_KC,00-0038619,WR,CIN,2023,0,0.07615012339256533,0.05856753266277982,0.06456562774666949,0.05689873333714719,2022
2023_17_CIN_KC,00-0030506,TE,KC,2023,0,0.2545393785383847,0.26659251271378737,0.2635603231497378,0.2729020606703017,2022
2023_17_CIN_KC,00-0031376,RB,KC,2023,0,0.17175752635271913,0.11974180528235757,0.12698868978145064,0.1073769800422964,2022
2023_17_CIN_KC,00-0032062,TE,KC,2023,0,0.03921675534054625,0.05436866116988869,0.03992019998438922,0.04803209736763025,2022
2023_17_CIN_KC,00-0033873,QB,KC,2023,0,0.20083954491920886,0.184323808090404,0.20353612922709038,0.16831083344971398,2022
2023_17_CIN_KC,00-0034272,WR,KC,2023,0,0.11054971153479942,0.11559886846258256,0.1064643825155466,0.06742812020613075,2022
2023_17_CIN_KC,00-0034286,WR,KC,2023,0,0.05895831423340114,0.06495480580491966,0.058174859356726005,0.053300642648422034,2022
2023_17_CIN_KC,00-0034386,WR,KC,2023,0,0.1926684944749002,0.18093139764958216,0.1654398521452678,0.16677441298554785,2022
2023_17_CIN_KC,00-0036360,RB,KC,2023,0,0.2867741384794652,0.22177798756002798,0.29007467334874704,0.2533896664655417,2022
2023_17_CIN_KC,00-0036637,TE,KC,2023,0,0.10094881180256332,0.1024872624300906,0.09021535748493,0.07108711759640902,2022
2023_17_CIN_KC,00-0036913,WR,KC,2023,0,0.11612512743889758,0.09073648055263707,0.07540897946614446,0.08225515515894619,2022
2023_17_CIN_KC,00-0037197,RB,KC,2023,1,0.4574386178683043,0.5126481400474638,0.5172197341393243,0.4244933730164178,2022
2023_17_CIN_KC,00-0037216,WR,KC,2023,0,0.05409825963404369,0.06608736349457746,0.060950658547451374,0.04780002408165354,2022
2023_17_CIN_KC,00-0038090,WR,KC,2023,0,0.1023094331373594,0.10845701295544227,0.09545044627214345,0.06855323939004974,2022
2023_17_CIN_KC,00-0039067,WR,KC,2023,0,0.32350842620430287,0.35354699898663755,0.3153483503590063,0.38917955565123613,2022
2023_17_DET_DAL,00-0031236,WR,DAL,2023,1,0.25947972925003204,0.2571942074831882,0.24610873212254047,0.23437841232964213,2022
2023_17_DET_DAL,00-0033077,QB,DAL,2023,0,0.23005935732975513,0.17169949517661778,0.11530368804642975,0.16616639178808298,2022
2023_17_DET_DAL,00-0034764,WR,DAL,2023,0,0.13324010528478825,0.12171824023047419,0.11147450448468632,0.09577627215534171,2022
2023_17_DET_DAL,00-0035261,RB,DAL,2023,0,0.5528082613227661,0.6009024007651197,0.575979111646486,0.42663080684293525,2022
2023_17_DET_DAL,00-0036139,RB,DAL,2023,0,0.24397667299165915,0.1376663824679342,0.18554327308710608,0.10503827066517202,2022
2023_17_DET_DAL,00-0036358,WR,DAL,2023,1,0.47445740970827666,0.47749263825660915,0.47816176662677917,0.39808275601940185,2022
2023_17_DET_DAL,00-0037569,TE,DAL,2023,0,0.0809139483977126,0.0755893580883904,0.05773894150635226,0.06595014282251278,2022
2023_17_DET_DAL,00-0037666,WR,DAL,2023,0,0.12907470985594494,0.10818074493599286,0.10340569850777198,0.06273638134560683,2022
2023_17_DET_DAL,00-0037801,WR,DAL,2023,0,0.07698879337340869,0.06719084364542226,0.06282327814526978,0.05449283234752899,2022
2023_17_DET_DAL,00-0038041,TE,DAL,2023,0,0.3238096789281776,0.27087908903611774,0.25559405795487095,0.2606209294225797,2022
2023_17_DET_DAL,00-0038547,TE,DAL,2023,0,0.07669096154127997,0.08130752333625121,0.06516825589527166,0.05442121023490742,2022
2023_17_DET_DAL,00-0038738,RB,DAL,2023,0,0.05177806727416734,0.06815200150410701,0.0950329330911443,0.05382034706698283,2022
2023_17_DET_DAL,00-0032464,WR,DET,2023,0,0.11488290571909243,0.08292634478308444,0.08144356771415626,0.08574202917694038,2022
2023_17_DET_DAL,00-0033106,QB,DET,2023,0,0.12462744727036978,0.1153052979077111,0.08291599334581001,0.08046287341636983,2022
2023_17_DET_DAL,00-0033943,WR,DET,2023,0,0.16774085596095478,0.12744190365790187,0.1412029476799158,0.12435107392843982,2022
2023_17_DET_DAL,00-0035685,RB,DET,2023,1,0.4088999766141581,0.31272888836494894,0.343681788173138,0.370377179406696,2022
2023_17_DET_DAL,00-0036233,WR,DET,2023,0,0.040654050918701445,0.049325650478948255,0.05371202723908218,0.04659447780680129,2022
2023_17_DET_DAL,00-0036754,TE,DET,2023,0,0.08071078344622018,0.07978760234063072,0.061160001321172525,0.05186114756202262,2022
2023_17_DET_DAL,00-0036963,WR,DET,2023,1,0.3450916103196445,0.326531236138698,0.37028320629679573,0.29683324915409026,2022
2023_17_DET_DAL,00-0037240,WR,DET,2023,0,0.1755075062836312,0.13470368807645558,0.14099831347631558,0.1787675754865414,2022
2023_17_DET_DAL,00-0039065,TE,DET,2023,0,0.2736801982310879,0.2668006350067363,0.23847450412455,0.2566947428597591,2022
2023_17_DET_DAL,00-0039139,RB,DET,2023,0,0.40089230530469455,0.3245320379647877,0.30438847995496876,0.34931156666061225,2022
2023_17_GB_MIN,00-0033118,RB,GB,2023,0,0.033889513425830575,0.043678460645394886,0.056079889310998166,0.04500543290606185,2022
2023_17_GB_MIN,00-0033293,RB,GB,2023,0,0.33883728860771734,0.30614980678664855,0.2788888545564806,0.34007674509114744,2022
2023_17_GB_MIN,00-0035973,RB,GB,2023,0,0.10455723738727207,0.09452774678263477,0.08826779107122992,0.09255012839380701,2022
2023_17_GB_MIN,00-0036264,QB,GB,2023,1,0.10531014931844984,0.10157823154426354,0.07249795040425405,0.09165354956054184,2022
2023_17_GB_MIN,00-0036265,RB,GB,2023,0,0.29458685626904646,0.311886520548804,0.3276650211919367,0.32031386648006255,2022
2023_17_GB_MIN,00-0036332,TE,GB,2023,0,0.022436951193667842,0.04493038346353316,0.035687786774820235,0.044360772749409486,2022
2023_17_GB_MIN,00-0037091,WR,GB,2023,1,0.12406998959605453,0.0855244176204981,0.08751548151045416,0.10230229285726944,2022
2023_17_GB_MIN,00-0037098,WR,GB,2023,0,0.06964383378975536,0.05589563758055477,0.06471050562520715,0.05828293296995053,2022
2023_17_GB_MIN,00-0037816,WR,GB,2023,0,0.1584107996563333,0.19461040718087527,0.18792878540363167,0.18472681981121614,2022
2023_17_GB_MIN,00-0038393,WR,GB,2023,0,0.12981442658838638,0.10530743397016859,0.11377134878910537,0.1134249420542965,2022
2023_17_GB_MIN,00-0038465,WR,GB,2023,0,0.07988718559958952,0.07464600508877904,0.07570684385341271,0.07622496185765744,2022
2023_17_GB_MIN,00-0038809,TE,GB,2023,0,0.04283909993595836,0.04351335030176764,0.03485379370035435,0.05349999629092284,2022
2023_17_GB_MIN,00-0038996,TE,GB,2023,0,0.16297615722279324,0.19933665332287798,0.22563569787000454,0.19180682075142372,2022
2023_17_GB_MIN,00-0039146,WR,GB,2023,1,0.2228497425070035,0.19188627782486736,0.17476303091132736,0.19784690898416715,2022
2023_17_GB_MIN,00-0033246,TE,MIN,2023,1,0.05476518831192689,0.050049390489743925,0.04186159025921075,0.05106525384989949,2022
2023_17_GB_MIN,00-0033319,QB,MIN,2023,0,0.10740970598426192,0.10327875329727675,0.06478775580003879,0.0927105791066057,2022
2023_17_GB_MIN,00-0033949,QB,MIN,2023,0,0.16618822933860344,0.1354494369547052,0.13607798074269067,0.14063439625480237,2022
2023_17_GB_MIN,00-0034646,WR,MIN,2023,0,0.09690544497131492,0.09112300133278355,0.07741271940429756,0.08156061175443054,2022
2023_17_GB_MIN,00-0034972,RB,MIN,2023,0,0.25915358641943265,0.18740199326751952,0.20576982617526085,0.2493948779739892,2022
2023_17_GB_MIN,00-0035229,TE,MIN,2023,0,0.20943305059856654,0.19143061190411076,0.2155868331504237,0.21076462766220153,2022
2023_17_GB_MIN,00-0035249,TE,MIN,2023,0,0.09611192777328426,0.08230325233805603,0.07109014770367898,0.08007819021648989,2022
2023_17_GB_MIN,00-0036322,WR,MIN,2023,0,0.239568121676084,0.21146303226149332,0.22016757565513895,0.20864245100816953,2022
2023_17_GB_MIN,00-0036345,WR,MIN,2023,0,0.1676788519636293,0.15929447643951314,0.15139750883589825,0.19969393512699093,2022
2023_17_GB_MIN,00-0036842,RB,MIN,2023,0,0.026177133459766022,0.04378484189079178,0.05570169102449013,0.0471483371333116,2022
2023_17_GB_MIN,00-0037276,RB,MIN,2023,0,0.324552662472543,0.2710521323565279,0.27656501868609934,0.31535258702175456,2022
2023_17_GB_MIN,00-0037291,WR,MIN,2023,0,0.07385088368916737,0.0762664190662302,0.06765088117811081,0.05249714932132792,2022
2023_17_GB_MIN,00-0038994,WR,MIN,2023,0,0.21479571646284912,0.2082274643067726,0.20219239777642947,0.2229701797433631,2022
2023_17_LAC_DEN,00-0029263,QB,DEN,2023,0,0.2100874815663889,0.18081606054699154,0.2104852994019706,0.226416829425322,2022
2023_17_LAC_DEN,00-0031484,TE,DEN,2023,0,0.05317644076224559,0.057485853278225085,0.060921490415664484,0.04775665479842266,2022
2023_17_LAC_DEN,00-0033526,RB,DEN,2023,0,0.16972225832681054,0.10006671607034781,0.07451235896483116,0.08147428700924018,2022
2023_17_LAC_DEN,00-0034348,WR,DEN,2023,0,0.1939792207374874,0.15018006015597704,0.157602757910607,0.15665920966603294,2022
2023_17_LAC_DEN,00-0035406,WR,DEN,2023,1,0.08755275765927872,0.07603740320675961,0.06321548177134852,0.07199799111523113,2022
2023_17_LAC_DEN,00-0036407,WR,DEN,2023,0,0.1982832776939284,0.14192296384902772,0.14434398223574313,0.15715221601523716,2022
2023_17_LAC_DEN,00-0036422,TE,DEN,2023,0,0.12240999822175658,0.09910770447118429,0.11118938771497443,0.1274522051876594,2022
2023_17_LAC_DEN,00-0036997,RB,DEN,2023,0,0.3675219001414394,0.38240761465961776,0.25717141826376094,0.3214533277900806,2022
2023_17_LAC_DEN,00-0037382,WR,DEN,2023,0,0.1021029660882703,0.07389896944174087,0.06559241767325934,0.07936539919391788,2022
2023_17_LAC_DEN,00-0037539,TE,DEN,2023,0,0.09489892289063973,0.06332810347458287,0.06149504712068782,0.07358155829953214,2022
2023_17_LAC_DEN,00-0038794,RB,DEN,2023,0,0.15132823670850226,0.07919801516720576,0.079292423444262,0.0883841814103894,2022
2023_17_LAC_DEN,00-0038976,WR,DEN,2023,0,0.12466671472977608,0.0846504658213534,0.07479291941542615,0.07729965414494978,2022
2023_17_LAC_DEN,00-0030279,WR,LAC,2023,0,0.23413218046757,0.3302504011638764,0.33029029030344326,0.21469633316339162,2022
2023_17_LAC_DEN,00-0032543,WR,LAC,2023,0,0.07431215519634693,0.06553100875687654,0.06332265264637733,0.071698393315194,2022
2023_17_LAC_DEN,00-0033699,RB,LAC,2023,0,0.27479724340388445,0.2809719656516156,0.26993490178918816,0.2822183219526419,2022
2023_17_LAC_DEN,00-0033895,TE,LAC,2023,0,0.14561898980954635,0.12345527634996137,0.12437414194916667,0.14643811898993436,2022
2023_17_LAC_DEN,00-0035282,QB,LAC,2023,0,0.09742781651528909,0.07117713788268237,0.03821216890594808,0.09336734462611523,2022
2023_17_LAC_DEN,00-0035329,TE,LAC,2023,0,0.0694818761512781,0.07036919072298135,0.07083221784734244,0.08036828625947089,2022
2023_17_LAC_DEN,00-0035414,WR,LAC,2023,0,0.07439326192536455,0.06936922942884752,0.06266386539450675,0.0819012892869182,2022
2023_17_LAC_DEN,00-0036355,QB,LAC,2023,0,0.11341866628463393,0.09129156376162033,0.09359253221556087,0.11067999844326967,2022
2023_17_LAC_DEN,00-0036370,RB,LAC,2023,0,0.08765441736611657,0.06174884069806065,0.06821868248812278,0.07166706035567462,2022
2023_17_LAC_DEN,00-0036988,WR,LAC,2023,0,0.1529843566376271,0.18033114373267867,0.1691998015074018,0.1635315283442306,2022
2023_17_LAC_DEN,00-0037475,TE,LAC,2023,0,0.044698720089861754,0.04128355011267123,0.04356577990407521,0.05229147935289793,2022
2023_17_LAC_DEN,00-0038045,RB,LAC,2023,0,0.10205535623922057,0.06662326645678687,0.08540995853445768,0.07995835058380475,2022
2023_17_LAC_DEN,00-0038544,WR,LAC,2023,0,0.11670545079817551,0.12281520010694069,0.11503719609571474,0.1535408941328976,2022
2023_17_LAC_DEN,00-0038573,WR,LAC,2023,0,0.029070538162892845,0.03554234164056152,0.030096929200422166,0.04783621599787745,2022
2023_17_LA_NYG,00-0026498,QB,LA,2023,0,0.09449916537599745,0.11168946086119647,0.07336465231489764,0.06321722398280594,2022
2023_17_LA_NYG,00-0032775,WR,LA,2023,0,0.21432005849231794,0.23559905243145624,0.232014780670106,0.22641487804232596,2022
2023_17_LA_NYG,00-0033110,TE,LA,2023,0,0.17473745373167315,0.18193595905303955,0.21246658980217228,0.20581052185241255,2022
2023_17_LA_NYG,00-0033908,WR,LA,2023,1,0.3068420063805829,0.38927211846776705,0.39148086659112735,0.29894627818708874,2022
2023_17_LA_NYG,00-0034838,RB,LA,2023,0,0.18847821472578652,0.1341936049633204,0.1380056413555903,0.15049481372716375,2022
2023_17_LA_NYG,00-0036849,WR,LA,2023,0,0.13499530881285626,0.11477816380641812,0.11514405760846469,0.1003282398866117,2022
2023_17_LA_NYG,00-0036862,WR,LA,2023,0,0.04117921031193761,0.05481869377677753,0.05308394977343003,0.04805621114173298,2022
2023_17_LA_NYG,00-0037557,RB,LA,2023,0,0.12425911669009015,0.08933387301286025,0.10202050599706418,0.08027788940276394,2022
2023_17_LA_NYG,00-0037840,RB,LA,2023,1,0.5073833412644297,0.7263636944010311,0.6645757463314368,0.4258434347720851,2022
2023_17_LA_NYG,00-0039074,TE,LA,2023,0,0.06887791946579114,0.07373796842803101,0.06860637443951376,0.05169853844281054,2022
2023_17_LA_NYG,00-0039075,WR,LA,2023,0,0.311047066052624,0.35853929550217445,0.36469706792208634,0.30486358858395274,2022
2023_17_LA_NYG,00-0028118,QB,NYG,2023,0,0.09230865211200645,0.05671742871955825,0.049815328024581655,0.09619734020921844,2022
2023_17_LA_NYG,00-0031610,TE,NYG,2023,0,0.19773490772061741,0.12713378715567691,0.10907062494768002,0.15732880155857135,2022
2023_17_LA_NYG,00-0033308,RB,NYG,2023,0,0.08583270846424573,0.05512158691254359,0.06155664939332358,0.07834298205690246,2022
2023_17_LA_NYG,00-0034844,RB,NYG,2023,0,0.4211490366401729,0.4477011279596018,0.5414388610507986,0.3012506217918409,2022
2023_17_LA_NYG,00-0035535,WR,NYG,2023,1,0.15435617125099166,0.1472968580710372,0.14954809484798737,0.14375622152754253,2022
2023_17_LA_NYG,00-0036145,TE,NYG,2023,0,0.04590742945777471,0.040760197205142984,0.03128573079897791,0.05018112432024539,2022
2023_17_LA_NYG,00-0036165,WR,NYG,2023,0,0.07730755273643453,0.058779236796625514,0.057493875118893464,0.06026315221176159,2022
2023_17_LA_NYG,00-0038115,TE,NYG,2023,0,0.11327750017335969,0.12410036628757243,0.1381449114749711,0.10167706695422181,2022
2023_17_LA_NYG,00-0038117,WR,NYG,2023,1,0.19303375369346287,0.1592531348160713,0.15450736379606614,0.16299833211378495,2022
2023_17_LA_NYG,00-0038396,RB,NYG,2023,0,0.07536215096339804,0.048733414917691044,0.058998459394019695,0.07179621228344676,2022
2023_17_LA_NYG,00-0038476,QB,NYG,2023,0,0.1319220431167104,0.09636296012977898,0.09630839517653361,0.10736569046955532,2022
2023_17_LA_NYG,00-0038938,WR,NYG,2023,0,0.11371794728326279,0.08941647562934688,0.09430058674076189,0.08658195511157737,2022
2023_17_LV_IND,00-0033217,TE,IND,2023,0,0.06673824853304033,0.07470021770002547,0.0658294775173872,0.08861302511480991,2022
2023_17_LV_IND,00-0033466,WR,IND,2023,0,0.048777967580239,0.06201557673825031,0.05405690920543103,0.05535280659803208,2022
2023_17_LV_IND,00-0035045,WR,IND,2023,0,0.1506130779277809,0.16687144184353447,0.16073849164965873,0.1501775333925593,2022
2023_17_LV_IND,00-0035289,QB,IND,2023,0,0.11314666119836325,0.12076874445340761,0.11093753864201666,0.11207685758276917,2022
2023_17_LV_IND,00-0036223,RB,IND,2023,1,0.3699195776121821,0.4934088649487067,0.4782633310165784,0.368262412216487,2022
2023_17_LV_IND,00-0036251,RB,IND,2023,0,0.26229177296610895,0.2366946064417484,0.22523314460754307,0.2936842060902499,2022
2023_17_LV_IND,00-0036252,WR,IND,2023,0,0.2721161578751101,0.3364082739552177,0.3446700528463779,0.32084225766027286,2022
2023_17_LV_IND,00-0036876,TE,IND,2023,0,0.09161405257578459,0.08411212746428773,0.07171262358681897,0.08385455689666356,2022
2023_17_LV_IND,00-0036984,RB,IND,2023,0,0.10616212839765016,0.07959836066651622,0.10487648696075506,0.08119684062666117,2022
2023_17_LV_IND,00-0037120,RB,IND,2023,0,0.10471535628724216,0.07908091625883128,0.09068275949935654,0.08995147019167014,2022
2023_17_LV_IND,00-0037292,TE,IND,2023,0,0.07815097726393294,0.07908013476319371,0.07628395018840295,0.07082034650852422,2022
2023_17_LV_IND,00-0037664,WR,IND,2023,1,0.17436415870583666,0.2527058364010915,0.23093796436164357,0.20676489519991814,2022
2023_17_LV_IND,00-0038394,TE,IND,2023,0,0.09115693284555271,0.07694287289738647,0.0616253619095831,0.08490690879537519,2022
2023_17_LV_IND,00-0038997,WR,IND,2023,0,0.1745670384513397,0.1903401586160962,0.18465632314555572,0.20246014989078115,2022
2023_17_LV_IND,00-0029239,RB,LV,2023,0,0.012923232863030987,0.03309135631161604,0.04023659245594742,0.047605799760319256,2022
2023_17_LV_IND,00-0031381,WR,LV,2023,1,0.2668606372645256,0.27500221216331744,0.3021257293783418,0.2530161053017812,2022
2023_17_LV_IND,00-0032104,RB,LV,2023,0,0.08717127530215651,0.06387385424035785,0.06655641499434073,0.08277004781138293,2022
2023_17_LV_IND,00-0032392,TE,LV,2023,0,0.06465215535426727,0.06840697571558772,0.07830539524285071,0.05583392183977539,2022
2023_17_LV_IND,00-0034960,WR,LV,2023,0,0.17472965534141904,0.17491867207249895,0.1764542736526267,0.18220705014569022,2022
2023_17_LV_IND,00-0034983,WR,LV,2023,0,0.09848172337766858,0.07456753876496437,0.071469298246426,0.10418042201905744,2022
2023_17_LV_IND,00-0035700,RB,LV,2023,0,0.40746593876420256,0.505297772371046,0.6079805618352258,0.3524345135315548,2022
2023_17_LV_IND,00-0037506,TE,LV,2023,0,0.056214515345287985,0.060751045108275614,0.10398924229558328,0.05369658611591566,2022
2023_17_LV_IND,00-0038040,RB,LV,2023,0,0.20314230969924363,0.12022777669684498,0.14814851376209867,0.1788716900911693,2022
2023_17_LV_IND,00-0038563,WR,LV,2023,0,0.10428330017056653,0.057560129020890624,0.06049178149548937,0.10826636521841372,2022
2023_17_LV_IND,00-0038579,QB,LV,2023,0,0.08625323928397655,0.07214417761588804,0.06365882858495048,0.07758524003453919,2022
2023_17_LV_IND,00-0039066,TE,LV,2023,0,0.13899947580474137,0.1258996660123996,0.17046263914175094,0.17135254932337365,2022
2023_17_MIA_BAL,00-0031235,WR,BAL,2023,0,0.2397833621762261,0.1471633049572157,0.17839269032961144,0.17852269220135525,2022
2023_17_MIA_BAL,00-0031549,WR,BAL,2023,0,0.13563210439252538,0.10361675959211877,0.10246205791776508,0.09616722860452616,2022
2023_17_MIA_BAL,00-0033376,RB,BAL,2023,1,0.07320706446349157,0.08469757123406468,0.08753728293528579,0.0467963159367749,2022
2023_17_MIA_BAL,00-0034184,RB,BAL,2023,1,0.3059405840354459,0.19449805771756448,0.16861255272734935,0.1704434385473917,2022
2023_17_MIA_BAL,00-0034796,QB,BAL,2023,0,0.28318319814341586,0.27423447446140437,0.35474855958208124,0.32918300239513804,2022
2023_17_MIA_BAL,00-0034975,RB,BAL,2023,1,0.17986206133966087,0.12541598274117113,0.126105063359266,0.09651928545103068,2022
2023_17_MIA_BAL,00-0036331,WR,BAL,2023,0,0.02682228839996592,0.046859301295383085,0.04459538225593945,0.04470508811040426,2022
2023_17_MIA_BAL,00-0036550,WR,BAL,2023,0,0.20264780923706682,0.14946737489823303,0.17474853915496716,0.13409083303932476,2022
2023_17_MIA_BAL,00-0037838,TE,BAL,2023,1,0.23023293961008617,0.18284526595964537,0.1854156364610848,0.24143079231849335,2022
2023_17_MIA_BAL,00-0038046,TE,BAL,2023,1,0.04809396329713289,0.06289003882451932,0.04139455343469782,0.047912478210714114,2022
2023_17_MIA_BAL,00-0038454,RB,BAL,2023,0,0.25126661741670164,0.18789331979657908,0.19048282794867602,0.16332255044632712,2022
2023_17_MIA_BAL,00-0039064,WR,BAL,2023,1,0.3234743113784724,0.3187200909160754,0.33390184561094977,0.28203312805516073,2022
2023_17_MIA_BAL,00-0031687,RB,MIA,2023,0,0.34308166074805535,0.3522195367686692,0.3227199344586144,0.3496889768006802,2022
2023_17_MIA_BAL,00-0032688,WR,MIA,2023,0,0.04724382499071644,0.05733478897857071,0.058694943968367407,0.04672217039645567,2022
2023_17_MIA_BAL,00-0033040,WR,MIA,2023,0,0.30024671640853984,0.24782566070592948,0.24774652797234986,0.287956433589198,2022
2023_17_MIA_BAL,00-0034115,RB,MIA,2023,0,0.16199908621851722,0.10295458415630322,0.11178214088835828,0.10270884045462518,2022
2023_17_MIA_BAL,00-0034401,QB,MIA,2023,0,0.03445968607135075,0.00015153636028050134,0.0016114265116260397,0.046564121006589285,2022
2023_17_MIA_BAL,00-0034418,WR,MIA,2023,1,0.16333839820920615,0.14584685639531927,0.13438163466146205,0.14661826879206843,2022
2023_17_MIA_BAL,00-0034419,WR,MIA,2023,0,0.05444354395974593,0.07435886831913865,0.07202672357569215,0.052969064310642446,2022
2023_17_MIA_BAL,00-0034798,TE,MIA,2023,0,0.14734468576711734,0.15113149503384893,0.17595814246117858,0.15659733243511625,2022
2023_17_MIA_BAL,00-0036212,QB,MIA,2023,0,0.0923318646334802,0.08173914358456524,0.058030640728432024,0.061410726023582246,2022
2023_17_MIA_BAL,00-0036326,WR,MIA,2023,0,0.02787313002652403,0.04311524616097817,0.044414800437207885,0.046651753909480655,2022
2023_17_MIA_BAL,00-0036613,WR,MIA,2023,0,0.24187114567478574,0.19215507053595401,0.22651414998092556,0.19769092430793245,2022
2023_17_MIA_BAL,00-0038720,TE,MIA,2023,0,0.060460418209016153,0.0690799270631132,0.06188702017269249,0.04875351085264086,2022
2023_17_MIA_BAL,00-0039040,RB,MIA,2023,1,0.27103459141541575,0.1958239055662563,0.16765176424074804,0.19831303950656945,2022
2023_17_NE_BUF,00-0030513,RB,BUF,2023,0,0.24019571660519423,0.1692379246214728,0.16559786267794657,0.16912873249188126,2022
2023_17_NE_BUF,00-0031588,WR,BUF,2023,0,0.32934233282552605,0.25947608986642595,0.30100263646669406,0.25367775348317473,2022
2023_17_NE_BUF,00-0033856,RB,BUF,2023,0,0.1609476649216821,0.06555434418868625,0.13026647836415267,0.0874740657389258,2022
2023_17_NE_BUF,00-0034487,WR,BUF,2023,0,0.06834056455004967,0.07475652240630905,0.06684784889907683,0.05123340397191782,2022
2023_17_NE_BUF,00-0034577,QB,BUF,2023,0,0.05352506156246217,0.00021109776290690468,0.0024090633622252996,0.05897264667216964,2022
2023_17_NE_BUF,00-0034857,QB,BUF,2023,1,0.24439071444891602,0.20589457996818394,0.1615569241728088,0.24295119792112171,2022
2023_17_NE_BUF,00-0035215,WR,BUF,2023,0,0.038988758631441356,0.05654432989112575,0.05007002092194261,0.04676410477482375,2022
2023_17_NE_BUF,00-0035537,RB,BUF,2023,0,0.14776502527182434,0.1081981751465276,0.11870808124972627,0.09508698555194235,2022
2023_17_NE_BUF,00-0035689,TE,BUF,2023,0,0.17768742351867406,0.15041321182245307,0.16619238867132535,0.1586894817105973,2022
2023_17_NE_BUF,00-0036196,WR,BUF,2023,0,0.26638451079704706,0.275898449328685,0.25544329458530596,0.20243208100399945,2022
2023_17_NE_BUF,00-0037248,RB,BUF,2023,0,0.4334334875170086,0.5158917828708757,0.5223754162580228,0.401798729019179,2022
2023_17_NE_BUF,00-0037261,WR,BUF,2023,0,0.1521498777486321,0.16001638019530734,0.14317565577015617,0.09616997366744645,2022
2023_17_NE_BUF,00-0038933,TE,BUF,2023,0,0.21897236324833125,0.164305738294461,0.18261656264516563,0.17701683312187405,2022
2023_17_NE_BUF,00-0031547,WR,NE,2023,0,0.125721415334338,0.10293772632275847,0.11553680393980864,0.14216838532462772,2022
2023_17_NE_BUF,00-0032200,WR,NE,2023,0,0.015794512037385244,0.0212395810003782,0.020762004542891156,0.04593017371174882,2022
2023_17_NE_BUF,00-0033045,RB,NE,2023,1,0.3214401034554679,0.3268151628399053,0.35696536320754263,0.2899039775439023,2022
2023_17_NE_BUF,00-0033090,TE,NE,2023,0,0.1483155055551162,0.09804251066797628,0.1259993062247139,0.16435703718299913,2022
2023_17_NE_BUF,00-0033439,TE,NE,2023,0,0.03147571312581954,0.039194000321251345,0.03920787770228531,0.047077939448229605,2022
2023_17_NE_BUF,00-0033857,WR,NE,2023,0,0.10512505799225402,0.08635643058307452,0.08730007673830344,0.1429230862056332,2022
2023_17_NE_BUF,00-0034829,TE,NE,2023,0,0.06532528946619065,0.047194144954848555,0.056803553721243454,0.07202836253877448,2022
2023_17_NE_BUF,00-0036387,WR,NE,2023,0,0.066457281783589,0.0487292260437096,0.05364216134826097,0.06626974452466751,2022
2023_17_NE_BUF,00-0037286,RB,NE,2023,0,0.10662035125600089,0.04949530468777263,0.08523651240385083,0.08823020155149973,2022
2023_17_NE_BUF,00-0038104,WR,NE,2023,0,0.07751129137677493,0.052209571130793504,0.05295187583119511,0.09002573918902973,2022
2023_17_NE_BUF,00-0038108,QB,NE,2023,1,0.06207800273689723,0.04987896091397998,0.041563747482360615,0.06569917512160249,2022
2023_17_NE_BUF,00-0038621,WR,NE,2023,0,0.14984626710680127,0.10703869889179164,0.12044290512241505,0.1483371450964609,2022
2023_17_NO_TB,00-0027696,TE,NO,2023,0,0.07359349119677816,0.04428201082601402,0.03708733647946808,0.10875782272396321,2022
2023_17_NO_TB,00-0031280,QB,NO,2023,0,0.0874305773877877,0.07900403766054857,0.0607863428257574,0.06811656965053037,2022
2023_17_NO_TB,00-0031503,QB,NO,2023,0,0.02948540232630814,0.024516747919561162,0.012207406844284981,0.04566067929187874,2022
2023_17_NO_TB,00-0033357,TE,NO,2023,1,0.16856567934518918,0.08775130034080889,0.05217398472710732,0.09908421051779352,2022
2023_17_NO_TB,00-0033906,RB,NO,2023,0,0.3785441900886938,0.3962553028964347,0.3267716438046347,0.34547077988646907,2022
2023_17_NO_TB,00-0033948,RB,NO,2023,0,0.15274631653198634,0.10557133215513549,0.11054773727792327,0.09975758212587352,2022
2023_17_NO_TB,00-0034317,WR,NO,2023,0,0.05792297236264288,0.049448290012964295,0.05111461329506338,0.05705207993172175,2022
2023_17_NO_TB,00-0034981,TE,NO,2023,0,0.08987323224460442,0.08384974221183061,0.09415545674436998,0.07298487419020802,2022
2023_17_NO_TB,00-0036040,TE,NO,2023,1,0.1495279889681439,0.10798861120413437,0.11824985378325233,0.1299291216803524,2022
2023_17_NO_TB,00-0036364,WR,NO,2023,0,0.11521724901845598,0.10595314955190219,0.09222327007533275,0.09927839546086521,2022
2023_17_NO_TB,00-0037239,WR,NO,2023,0,0.23415376461596948,0.18399076597512423,0.19921756974262755,0.21277786005066404,2022
2023_17_NO_TB,00-0037545,WR,NO,2023,0,0.1738273482125523,0.11823421860254373,0.13227093794793132,0.1609198747809944,2022
2023_17_NO_TB,00-0038612,WR,NO,2023,0,0.08685968136260347,0.08994078986749586,0.0839165154618038,0.06611287904673471,2022
2023_17_NO_TB,00-0031408,WR,TB,2023,0,0.3338042537078698,0.3058892784798848,0.3357947469476046,0.24720392557535728,2022
2023_17_NO_TB,00-0033589,WR,TB,2023,0,0.060719664927143646,0.05788288874640225,0.05491731215971247,0.050139581701774454,2022
2023_17_NO_TB,00-0033921,WR,TB,2023,1,0.3228007984685428,0.26223763078384615,0.3092217448303264,0.2531040807097494,2022
2023_17_NO_TB,00-0034681,RB,TB,2023,0,0.14139870947589472,0.08998163256908963,0.10084160147366122,0.07567515880340814,2022
2023_17_NO_TB,00-0034855,QB,TB,2023,0,0.15086686060541865,0.11726066829997585,0.08355966497531082,0.11213477896581978,2022
2023_17_NO_TB,00-0037256,RB,TB,2023,0,0.49160900559385967,0.6251485351642584,0.5288139935853001,0.35991527774000576,2022
2023_17_NO_TB,00-0037311,TE,TB,2023,0,0.03692879343662303,0.044249197500189436,0.029397408325248533,0.05349999629092284,2022
2023_17_NO_TB,00-0037487,WR,TB,2023,0,0.03889014931703483,0.04755688661987343,0.04582279206240247,0.04773586530570625,2022
2023_17_NO_TB,00-0038129,TE,TB,2023,0,0.1556464467821309,0.17920557117043415,0.22264982458378896,0.11904991203267233,2022
2023_17_NO_TB,00-0039050,TE,TB,2023,0,0.04758160403529932,0.048018711475637105,0.03474110886721204,0.045345985994915274,2022
2023_17_NO_TB,00-0039052,WR,TB,2023,1,0.17526001078175224,0.14059079882164296,0.13916048892181668,0.14101878301000448,2022
2023_17_NYJ_CLE,00-0026158,QB,CLE,2023,0,0.1010107901670384,0.08974205092921189,0.0677096066026294,0.07174769775644038,2022
2023_17_NYJ_CLE,00-0030068,WR,CLE,2023,0,0.04618634958359402,0.04444992703003523,0.03769597909555622,0.047077937657128616,2022
2023_17_NYJ_CLE,00-0031544,WR,CLE,2023,0,0.22908058816977117,0.19672277700752946,0.19460868380803986,0.18361619033431,2022
2023_17_NYJ_CLE,00-0033885,TE,CLE,2023,0,0.24053220320878133,0.2553993407841244,0.2428821568726989,0.20974662440465916,2022
2023_17_NYJ_CLE,00-0033923,RB,CLE,2023,1,0.2449018233866027,0.1419284735714809,0.14089494140043518,0.1812301692214017,2022
2023_17_NYJ_CLE,00-0034364,TE,CLE,2023,0,0.03609438139881738,0.04463674104009702,0.03989313697109243,0.04539790484285161,2022
2023_17_NYJ_CLE,00-0036232,TE,CLE,2023,0,0.07278225338524069,0.06236668833588145,0.05442190263806567,0.06823662740706715,2022
2023_17_NYJ_CLE,00-0036980,WR,CLE,2023,1,0.1944585396914107,0.17691421074057437,0.1727917612274832,0.17895920977854723,2022
2023_17_NYJ_CLE,00-0037257,WR,CLE,2023,0,0.06671580638621144,0.049351608517148725,0.0442152554198565,0.05208451260210233,2022
2023_17_NYJ_CLE,00-0037267,RB,CLE,2023,1,0.318491118105945,0.2797006231845697,0.2526190512005894,0.25962020648780826,2022
2023_17_NYJ_CLE,00-0038098,RB,CLE,2023,0,0.0701084462272169,0.05351894527824869,0.058942822949245764,0.06615409076280128,2022
2023_17_NYJ_CLE,00-0038583,QB,CLE,2023,0,0.06753747571410051,0.038492037699462675,0.021527090693229865,0.05814812502925162,2022
2023_17_NYJ_CLE,00-0038979,WR,CLE,2023,0,0.1462922923224651,0.14685619408279954,0.12557552394582602,0.13985145885234548,2022
2023_17_NYJ_CLE,00-0028002,WR,NYJ,2023,0,0.05342095854025841,0.03545338629840982,0.035061923889968864,0.060448814283992944,2022
2023_17_NYJ_CLE,00-0032156,QB,NYJ,2023,0,0.05024169354798058,0.0394192544517135,0.028615301178359823,0.06400909772819878,2022
2023_17_NYJ_CLE,00-0033893,RB,NYJ,2023,0,0.10461531326459872,0.0570887220797341,0.06512777710563336,0.09105146392810758,2022
2023_17_NYJ_CLE,00-0034270,TE,NYJ,2023,0,0.12610288119099633,0.09215702893324693,0.14057216935725705,0.14121408506423322,2022
2023_17_NYJ_CLE,00-0034433,RB,NYJ,2023,0,0.028569195786833035,0.025800975779302487,0.03140214025858932,0.052786212379153596,2022
2023_17_NYJ_CLE,00-0034521,WR,NYJ,2023,0,0.05160158837497375,0.051605428631049145,0.04468349933754061,0.060107307111782166,2022
2023_17_NYJ_CLE,00-0036510,TE,NYJ,2023,0,0.015671259944379567,0.027284494443089977,0.03102840992479756,0.04516010876240227,2022
2023_17_NYJ_CLE,00-0037013,QB,NYJ,2023,0,0.07748093721903015,0.05149944296860802,0.045392313919169765,0.0857562006273219,2022
2023_17_NYJ_CLE,00-0037740,WR,NYJ,2023,0,0.19069976457312077,0.20805185370163493,0.17767439811529778,0.20696029023147455,2022
2023_17_NYJ_CLE,00-0037805,TE,NYJ,2023,0,0.06621674642069553,0.051689679346833106,0.06427210091991792,0.07884653742826733,2022
2023_17_NYJ_CLE,00-0038120,RB,NYJ,2023,1,0.29686901184649983,0.3198679588532019,0.28431269024056294,0.2843428227503416,2022
2023_17_NYJ_CLE,00-0038389,RB,NYJ,2023,0,0.08254563691383543,0.049236678399254614,0.05728172428719673,0.07477195896439769,2022
2023_17_NYJ_CLE,00-0038492,WR,NYJ,2023,0,0.07184767990708651,0.0880447450957019,0.07685348289239145,0.07605229585880806,2022
2023_17_NYJ_CLE,00-0038496,WR,NYJ,2023,0,0.08531804995399794,0.06493934834824044,0.0562844982764873,0.121241258207419,2022
2023_17_PIT_SEA,00-0031428,WR,PIT,2023,0,0.11372807984833566,0.09542000934750418,0.08198091728825875,0.11801774269537005,2022
2023_17_PIT_SEA,00-0033869,QB,PIT,2023,0,0.12423438080736005,0.06825088926771918,0.06195627464704125,0.11500372361343628,2022
2023_17_PIT_SEA,00-0034771,QB,PIT,2023,0,0.054993144320485965,0.03680219897854202,0.01646053751705161,0.05157979819945654,2022
2023_17_PIT_SEA,00-0035216,WR,PIT,2023,0,0.21807451888836082,0.17180616949879177,0.13979983959482334,0.15591744936360877,2022
2023_17_PIT_SEA,00-0035703,WR,PIT,2023,0,0.021189008394400632,0.036026629252395095,0.03083242189653682,0.044911315009468496,2022
2023_17_PIT_SEA,00-0036893,RB,PIT,2023,1,0.30197776326732995,0.252077542703725,0.23519242182833658,0.28719540269568505,2022
2023_17_PIT_SEA,00-0036894,TE,PIT,2023,0,0.18341674526928275,0.11860316920047675,0.16143991112801706,0.14539448430201699,2022
2023_17_PIT_SEA,00-0037228,RB,PIT,2023,1,0.2938988652343788,0.23438497635107056,0.16963699771850319,0.20277047161574072,2022
2023_17_PIT_SEA,00-0037247,WR,PIT,2023,0,0.19844852351027875,0.16761615869981614,0.16792116932010118,0.16016228021506887,2022
2023_17_PIT_SEA,00-0037837,WR,PIT,2023,0,0.04580546378328054,0.04094044834282016,0.03655114154071477,0.046474286196296725,2022
2023_17_PIT_SEA,00-0038558,TE,PIT,2023,0,0.07736656914929063,0.060515836020260304,0.05940983439220852,0.07364309906434197,2022
2023_17_PIT_SEA,00-0030565,QB,SEA,2023,0,0.11939512705379896,0.09924755715258815,0.0799615739458259,0.0784369141970429,2022
2023_17_PIT_SEA,00-0032211,WR,SEA,2023,0,0.2482232601397485,0.24571059019829375,0.2565605968778645,0.22502083526713726,2022
2023_17_PIT_SEA,00-0034159,TE,SEA,2023,0,0.06278653107343557,0.0625211548445966,0.057287575939644834,0.05034067167029198,2022
2023_17_PIT_SEA,00-0035640,WR,SEA,2023,0,0.25617046437110735,0.24630335099574352,0.2386456846275618,0.23879704516335348,2022
2023_17_PIT_SEA,00-0035644,TE,SEA,2023,0,0.12292224989315015,0.12125596553687476,0.14081290565142393,0.10082697157864906,2022
2023_17_PIT_SEA,00-0035704,QB,SEA,2023,0,0.0746799148652667,0.05905453628940601,0.03642507925526654,0.058821124539491766,2022
2023_17_PIT_SEA,00-0036244,TE,SEA,2023,0,0.0909356369361276,0.06939811614941586,0.058701031680458905,0.10188863627997025,2022
2023_17_PIT_SEA,00-0036425,RB,SEA,2023,0,0.04679437810836096,0.05168278280790057,0.05968755068994406,0.04698969214910995,2022
2023_17_PIT_SEA,00-0038134,RB,SEA,2023,1,0.37453186326629784,0.28405988474219757,0.3595197637051801,0.3294539046321464,2022
2023_17_PIT_SEA,00-0038543,WR,SEA,2023,1,0.2188100050266809,0.1784182670149736,0.17375633099283652,0.21135724907811643,2022
2023_17_PIT_SEA,00-0038752,WR,SEA,2023,0,0.05941045690169533,0.06015917433193213,0.05493697489240082,0.05057819462392109,2022
2023_17_PIT_SEA,00-0039165,RB,SEA,2023,0,0.3279347965346624,0.2233330788434734,0.2510525968860536,0.30776786955965996,2022
2023_17_SF_WAS,00-0030663,WR,SF,2023,0,0.1038899253054939,0.09131041783064966,0.07135037928706596,0.06299009281266692,2022
2023_17_SF_WAS,00-0033280,RB,SF,2023,0,0.6929707701532266,0.7418831205696831,0.7204652043087416,0.42755996348294945,2022
2023_17_SF_WAS,00-0033288,TE,SF,2023,0,0.36809875806440195,0.3279730597007847,0.41630662343010094,0.26872466556626046,2022
2023_17_SF_WAS,00-0034869,QB,SF,2023,0,0.07902878199027363,0.04865524240125094,0.029931374000964923,0.06591648911517423,2022
2023_17_SF_WAS,00-0035719,WR,SF,2023,1,0.49960062523244164,0.40287393656923903,0.313911446811371,0.4048410065035199,2022
2023_17_SF_WAS,00-0036259,WR,SF,2023,0,0.16950884033122615,0.1201592482867065,0.0975605916838569,0.08425641187859778,2022
2023_17_SF_WAS,00-0036261,WR,SF,2023,1,0.3841363263500567,0.35975758798637697,0.3091411351880854,0.2766495882352358,2022
2023_17_SF_WAS,00-0036429,TE,SF,2023,0,0.05991193274263218,0.0850384263886531,0.08649349371411902,0.05445725594306444,2022
2023_17_SF_WAS,00-0037525,RB,SF,2023,0,0.11723746390941225,0.08244423390070807,0.1141364191216167,0.07776072947829733,2022
2023_17_SF_WAS,00-0037834,QB,SF,2023,0,0.16713971250584547,0.13802208852874004,0.1099703965308796,0.08781705870598192,2022
2023_17_SF_WAS,00-0038647,WR,SF,2023,0,0.03482935358498862,0.063473967770961,0.05024326940451793,0.05673022157547865,2022
2023_17_SF_WAS,00-0031260,TE,WAS,2023,0,0.12448607443187731,0.11227011248937191,0.10332930823380304,0.14326890681584567,2022
2023_17_SF_WAS,00-0031941,WR,WAS,2023,0,0.022910356096317752,0.035227394765533535,0.0391304961302641,0.04758020487069803,2022
2023_17_SF_WAS,00-0032975,RB,WAS,2023,0,0.05464944684316486,0.05002421598047099,0.059978361920194075,0.047183094067923016,2022
2023_17_SF_WAS,00-0033119,QB,WAS,2023,0,0.0563803048277961,0.028064790806962468,0.020878623883334564,0.05662967975547309,2022
2023_17_SF_WAS,00-0033282,WR,WAS,2023,0,0.1701371780410844,0.11896777750483067,0.12241052793209951,0.1496526092855116,2022
2023_17_SF_WAS,00-0034297,WR,WAS,2023,0,0.046137674766050574,0.04327093243758635,0.0466146382107894,0.05548138556843331,2022
2023_17_SF_WAS,00-0035659,WR,WAS,2023,1,0.18498136251099906,0.17743269551367438,0.21986563189852784,0.16635899413788158,2022
2023_17_SF_WAS,00-0036328,RB,WAS,2023,0,0.22302439293507947,0.17905515845707135,0.1626290953840961,0.17242362040067585,2022
2023_17_SF_WAS,00-0036626,WR,WAS,2023,0,0.04318371213862082,0.03945817082115778,0.04648361011950884,0.06413311402973353,2022
2023_17_SF_WAS,00-0036628,TE,WAS,2023,0,0.08072385848162089,0.06884647367661005,0.04671671345497436,0.08943684036302281,2022
2023_17_SF_WAS,00-0037077,QB,WAS,2023,0,0.09590659512030564,0.0629535264051756,0.05327711593712582,0.08705854168721694,2022
2023_17_SF_WAS,00-0037078,TE,WAS,2023,0,0.029979438239037814,0.033632622478353504,0.017575788952992888,0.058931952643170624,2022
2023_17_SF_WAS,00-0037741,WR,WAS,2023,0,0.11885744350773275,0.12809598872616093,0.13151558765529464,0.15080942847358864,2022
2023_17_SF_WAS,00-0037746,RB,WAS,2023,0,0.289619212097176,0.24821294731435753,0.2934686116188442,0.2681040851370609,2022
2023_17_SF_WAS,00-0038611,RB,WAS,2023,0,0.15177412026375536,0.08847912551453328,0.11360785491174145,0.10766940966815795,2022
2023_17_TEN_HOU,00-0028986,QB,HOU,2023,0,0.09810118930723921,0.07249441309456647,0.056336182979605666,0.07335349087899398,2022
2023_17_TEN_HOU,00-0030431,WR,HOU,2023,0,0.15968528826739836,0.14955388989761245,0.14816696362724835,0.10931113973413846,2022
2023_17_TEN_HOU,00-0033591,WR,HOU,2023,0,0.2478204430659937,0.22498988078802587,0.23489184645495562,0.25470718949505067,2022
2023_17_TEN_HOU,00-0033854,RB,HOU,2023,0,0.08290159067286784,0.07036713032959899,0.07782587900823552,0.056558623272181405,2022
2023_17_TEN_HOU,00-0034383,TE,HOU,2023,0,0.1978904015234848,0.1913193238456097,0.18731341472557364,0.24929029624223034,2022
2023_17_TEN_HOU,00-0034928,WR,HOU,2023,0,0.04189454908109447,0.05052220510969281,0.04608652610420993,0.05091980924584334,2022
2023_17_TEN_HOU,00-0035250,RB,HOU,2023,0,0.43672802747988837,0.39836004744536396,0.37488838157442517,0.42222437861064605,2022
2023_17_TEN_HOU,00-0036554,WR,HOU,2023,0,0.2793861018883753,0.22395370468668602,0.20742314043843527,0.23541596708001625,2022
2023_17_TEN_HOU,00-0036556,TE,HOU,2023,1,0.11846774633691914,0.1043001928539259,0.09166907168835735,0.10400544766879599,2022
2023_17_TEN_HOU,00-0036898,QB,HOU,2023,0,0.029235107782027203,0.026343362375865948,0.011086775575670576,0.04668922356045496,2022
2023_17_TEN_HOU,00-0037258,RB,HOU,2023,0,0.19362013119970767,0.1064501706848121,0.14306783311330173,0.10868163841543914,2022
2023_17_TEN_HOU,00-0037614,WR,HOU,2023,0,0.11582804573891803,0.07873187278716537,0.08024769007272585,0.07564516735394562,2022
2023_17_TEN_HOU,00-0038618,WR,HOU,2023,0,0.1022135619905884,0.0959828565617921,0.08878696309849295,0.06162145541753983,2022
2023_17_TEN_HOU,00-0039163,QB,HOU,2023,0,0.1605524260138268,0.1547954966759402,0.0989907053901501,0.13040849787620376,2022
2023_17_TEN_HOU,00-0029701,QB,TEN,2023,0,0.09982169997974344,0.08853568555844946,0.06775495926795794,0.0834524386626418,2022
2023_17_TEN_HOU,00-0030564,WR,TEN,2023,0,0.26879083665914627,0.19378779918077738,0.20695330669060927,0.19472818680803772,2022
2023_17_TEN_HOU,00-0032398,WR,TEN,2023,0,0.105889565417292,0.1014625465931771,0.09366179004385611,0.0835008452638055,2022
2023_17_TEN_HOU,00-0032764,RB,TEN,2023,0,0.3646539363409321,0.3236557879800402,0.27841166768702097,0.34501241623957657,2022
2023_17_TEN_HOU,00-0036176,WR,TEN,2023,0,0.010892696930121626,0.03224489564638863,0.030444230569435793,0.046334930775480634,2022
2023_17_TEN_HOU,00-0036182,WR,TEN,2023,0,0.1346360736014769,0.12295639135728205,0.11746848086887245,0.10841734828803562,2022
2023_17_TEN_HOU,00-0037742,WR,TEN,2023,0,0.1281836249642655,0.11038346834391688,0.10391959958353507,0.10954664266625562,2022
2023_17_TEN_HOU,00-0037809,TE,TEN,2023,0,0.18304474141563942,0.13246777997954223,0.1420154624314258,0.1562580517746928,2022
2023_17_TEN_HOU,00-0038632,WR,TEN,2023,0,0.02747526400767719,0.03597353612984702,0.03822326625343956,0.047403287220195114,2022
2023_17_TEN_HOU,00-0039032,RB,TEN,2023,0,0.27803757142112195,0.23441219471845973,0.1657513479607228,0.20098561341645,2022
2023_17_TEN_HOU,00-0039152,QB,TEN,2023,0,0.1270777293960057,0.10658584740327307,0.10408770295835533,0.11342438685814836,2022
2023_18_ATL_NO,00-0030578,RB,ATL,2023,0,0.1458854813178223,0.08382778708721683,0.10076361390972068,0.10740427569038681,2022
2023_18_ATL_NO,00-0031585,TE,ATL,2023,0,0.05876885409672461,0.04484047898935065,0.04107509782127835,0.08547056405932081,2022
2023_18_ATL_NO,00-0031800,QB,ATL,2023,0,0.09377292185536679,0.07926633208719995,0.06535681499054509,0.0948636453614219,2022
2023_18_ATL_NO,00-0033555,WR,ATL,2023,0,0.04763955106100104,0.04944089165473175,0.04755205166699524,0.05110195515784586,2022
2023_18_ATL_NO,00-0033858,TE,ATL,2023,1,0.14566299459876053,0.10345017310488543,0.10842755109912251,0.13538663390012903,2022
2023_18_ATL_NO,00-0034854,WR,ATL,2023,0,0.05313331281554279,0.05371046753714876,0.05338243439566753,0.04906751557958653,2022
2023_18_ATL_NO,00-0035298,WR,ATL,2023,0,0.06729260748576205,0.04646005262073317,0.04850708425007979,0.08339063430963924,2022
2023_18_ATL_NO,00-0036415,WR,ATL,2023,0,0.09759660148573457,0.06488516383485801,0.07226940195342557,0.06518542274723742,2022
2023_18_ATL_NO,00-0036970,TE,ATL,2023,0,0.1723117479914842,0.13515562899568545,0.17258034684651294,0.15389431131708475,2022
2023_18_ATL_NO,00-0037238,WR,ATL,2023,0,0.200291110525169,0.16535278133923048,0.19280086832993962,0.18077033951003837,2022
2023_18_ATL_NO,00-0037263,RB,ATL,2023,0,0.16815183919675958,0.11809699196577293,0.12694872093488888,0.11705012040827682,2022
2023_18_ATL_NO,00-0037654,TE,ATL,2023,0,0.030153775885884526,0.04632426282875831,0.039322406623663146,0.046192062208787014,2022
2023_18_ATL_NO,00-0038122,QB,ATL,2023,0,0.1080373089812835,0.08053159245916978,0.0676416031259805,0.10835766467015803,2022
2023_18_ATL_NO,00-0038542,RB,ATL,2023,1,0.35707772972204466,0.4144783220743133,0.3894768962044787,0.339399982935411,2022
2023_18_ATL_NO,00-0027696,TE,NO,2023,0,0.08371956382185886,0.05139606564307982,0.03607115218292553,0.1109635275008284,2022
2023_18_ATL_NO,00-0031280,QB,NO,2023,0,0.10196168082032264,0.09351879424824043,0.07139511952561498,0.0714282609046389,2022
2023_18_ATL_NO,00-0033357,TE,NO,2023,0,0.17247494263084495,0.09787576309266273,0.04724884105859434,0.09386525105017048,2022
2023_18_ATL_NO,00-0033906,RB,NO,2023,0,0.38708448747243696,0.3397144524104489,0.29293817583025494,0.33419537399071503,2022
2023_18_ATL_NO,00-0033948,RB,NO,2023,1,0.240327937412404,0.18338241205329314,0.19679061360463967,0.226761251753116,2022
2023_18_ATL_NO,00-0034317,WR,NO,2023,0,0.06597043618821674,0.05734252672203441,0.05970748776819398,0.05827771627395411,2022
2023_18_ATL_NO,00-0034981,TE,NO,2023,0,0.1107580637006308,0.10202354423176684,0.09830005047016682,0.08554389660223898,2022
2023_18_ATL_NO,00-0036040,TE,NO,2023,0,0.2002700887936184,0.1425198164522883,0.11904712177575719,0.16335466422491682,2022
2023_18_ATL_NO,00-0036364,WR,NO,2023,0,0.13067560677089585,0.11903694794957424,0.10723574956054482,0.10252813289839473,2022
2023_18_ATL_NO,00-0037239,WR,NO,2023,1,0.2527583894591964,0.1881657324504695,0.21908884032827713,0.21779414114449408,2022
2023_18_ATL_NO,00-0037545,WR,NO,2023,1,0.1966521735892529,0.12964536491992137,0.15278186922796205,0.18890734243657625,2022
2023_18_ATL_NO,00-0038612,WR,NO,2023,1,0.09248005837414208,0.09668890843690833,0.09135047318629275,0.058903259657814004,2022
2023_18_BUF_MIA,00-0030513,RB,BUF,2023,0,0.17161025725845147,0.1280533459758271,0.12058274228626528,0.09441698478521694,2022
2023_18_BUF_MIA,00-0031588,WR,BUF,2023,0,0.3112920221661143,0.2499205286002682,0.28343198193226377,0.2510565668305077,2022
2023_18_BUF_MIA,00-0033856,RB,BUF,2023,0,0.1514685819039513,0.05867743802760369,0.11545445775499467,0.0859032133502315,2022
2023_18_BUF_MIA,00-0034487,WR,BUF,2023,1,0.07747657407985775,0.06897305093223341,0.06734737351288542,0.05207271041590017,2022
2023_18_BUF_MIA,00-0034577,QB,BUF,2023,0,0.04947447712520259,0.0001880403727088862,0.0021091391718198603,0.05565896047937767,2022
2023_18_BUF_MIA,00-0034857,QB,BUF,2023,0,0.2570762814300487,0.2546584707396082,0.22072673381500343,0.32961399045407674,2022
2023_18_BUF_MIA,00-0035537,RB,BUF,2023,0,0.14725505282373685,0.10968090329560776,0.11350359091867089,0.091007327303556,2022
2023_18_BUF_MIA,00-0035689,TE,BUF,2023,1,0.16732389322423702,0.13592921368866062,0.14501916073227647,0.15607953544406072,2022
2023_18_BUF_MIA,00-0036196,WR,BUF,2023,0,0.22804161495152075,0.24759007127591767,0.23223187542003865,0.1890398492926637,2022
2023_18_BUF_MIA,00-0037248,RB,BUF,2023,0,0.4052735855214651,0.49208800227095273,0.46340241240664953,0.3889510997897059,2022
2023_18_BUF_MIA,00-0037261,WR,BUF,2023,0,0.1487740276892492,0.15040612128242528,0.13337057432855753,0.12156960616150286,2022
2023_18_BUF_MIA,00-0038933,TE,BUF,2023,0,0.20906127504187844,0.14876851930781346,0.14539588365714876,0.18111918208429922,2022
2023_18_BUF_MIA,00-0031687,RB,MIA,2023,0,0.32723069168072594,0.3655291835338933,0.35028163151856884,0.3534882007405446,2022
2023_18_BUF_MIA,00-0032688,WR,MIA,2023,0,0.038027883301556153,0.05245755778125418,0.05291144373041608,0.0462569717975486,2022
2023_18_BUF_MIA,00-0033040,WR,MIA,2023,1,0.29101713416723163,0.2575656119486878,0.2771676924394115,0.2504127896347339,2022
2023_18_BUF_MIA,00-0034054,WR,MIA,2023,0,0.09034012878909914,0.07847056128656446,0.08346480468005858,0.09773772841948034,2022
2023_18_BUF_MIA,00-0034115,RB,MIA,2023,0,0.15908003332264398,0.11910933063852705,0.12859160912920606,0.1008845234885387,2022
2023_18_BUF_MIA,00-0034401,QB,MIA,2023,0,0.03133906678127141,0.0275314050474715,0.01411302309675833,0.04823252461565389,2022
2023_18_BUF_MIA,00-0034418,WR,MIA,2023,0,0.14871632003190638,0.1562027315513465,0.14868898375555617,0.14894944465464902,2022
2023_18_BUF_MIA,00-0034419,WR,MIA,2023,0,0.054051008595066175,0.07868179773804589,0.07266999383155177,0.047450879785588436,2022
2023_18_BUF_MIA,00-0034798,TE,MIA,2023,0,0.13650720556012508,0.15415483048489884,0.15499532674781072,0.15449403087696642,2022
2023_18_BUF_MIA,00-0036212,QB,MIA,2023,0,0.08709519273191724,0.0900580608336951,0.062255168407094844,0.061353267611236426,2022
2023_18_BUF_MIA,00-0036326,WR,MIA,2023,0,0.0233556937856636,0.04495741181186164,0.04505784692771061,0.04625249920428891,2022
2023_18_BUF_MIA,00-0036613,WR,MIA,2023,0,0.2298653606936727,0.20129576668354449,0.22950043074448953,0.1990078144427015,2022
2023_18_BUF_MIA,00-0038685,RB,MIA,2023,0,0.10695969079675627,0.0816164049659208,0.11459032817099853,0.08119109888886487,2022
2023_18_BUF_MIA,00-0038720,TE,MIA,2023,0,0.050744234656759146,0.0695993032625423,0.05289310432673264,0.04612189322196873,2022
2023_18_BUF_MIA,00-0039040,RB,MIA,2023,1,0.3190577879076051,0.34741945957035614,0.30978778743151386,0.2877426960740134,2022
2023_18_CHI_GB,00-0024243,TE,CHI,2023,0,0.05389010153464935,0.0571884010052673,0.053436154736742056,0.05907393324285429,2022
2023_18_CHI_GB,00-0033757,TE,CHI,2023,0,0.07114343348048346,0.0650295208798403,0.06018692980390863,0.05092178339172294,2022
2023_18_CHI_GB,00-0033925,RB,CHI,2023,0,0.25926548489342394,0.20102392952353076,0.18033422741467012,0.26418268157929864,2022
2023_18_CHI_GB,00-0034827,WR,CHI,2023,0,0.30944787204849566,0.33162262261847686,0.35615277824182007,0.27205531898059226,2022
2023_18_CHI_GB,00-0036254,WR,CHI,2023,0,0.03743620973187933,0.047934436909185064,0.044845171502097,0.046317987880113265,2022
2023_18_CHI_GB,00-0036290,TE,CHI,2023,0,0.2105897622700087,0.19085028816275945,0.19786554067803416,0.21361012365910054,2022
2023_18_CHI_GB,00-0036309,WR,CHI,2023,0,0.18304967990636434,0.15683113569627544,0.16613987860455615,0.13528899056945504,2022
2023_18_CHI_GB,00-0036906,RB,CHI,2023,0,0.22971986227371355,0.188321136767767,0.19815164920975914,0.1996963655102652,2022
2023_18_CHI_GB,00-0036945,QB,CHI,2023,0,0.23291273976134563,0.2316993388634051,0.3052162626777947,0.2584711394298764,2022
2023_18_CHI_GB,00-0037745,WR,CHI,2023,0,0.034264864835480524,0.04696574918421323,0.040829164126477704,0.044666467021355544,2022
2023_18_CHI_GB,00-0038941,WR,CHI,2023,0,0.11266082006700939,0.09045836553958551,0.08568291388429378,0.09685797230532842,2022
2023_18_CHI_GB,00-0039021,RB,CHI,2023,0,0.2230005885000066,0.17812065927670395,0.12505266162827613,0.22306250769567507,2022
2023_18_CHI_GB,00-0033118,RB,GB,2023,0,0.041728665497189565,0.05311870116113827,0.07309365384949013,0.04569845204274514,2022
2023_18_CHI_GB,00-0033293,RB,GB,2023,0,0.3713405395628441,0.34582928562682075,0.3399286945650983,0.4070534511983537,2022
2023_18_CHI_GB,00-0035973,RB,GB,2023,0,0.1315584634349244,0.11273688003692481,0.11905298726156688,0.08455477355317675,2022
2023_18_CHI_GB,00-0036264,QB,GB,2023,0,0.12198336501347362,0.11236063225339167,0.08428817713101183,0.08307923206627432,2022
2023_18_CHI_GB,00-0036265,RB,GB,2023,0,0.2955057648180687,0.26679660664281374,0.2966472571092379,0.31603488315483147,2022
2023_18_CHI_GB,00-0036332,TE,GB,2023,0,0.027665038265550446,0.05462574685163545,0.03807236136078747,0.04504433326445923,2022
2023_18_CHI_GB,00-0037091,WR,GB,2023,0,0.19782682444707045,0.14532261409044464,0.15092445786106995,0.21549429874914203,2022
2023_18_CHI_GB,00-0037098,WR,GB,2023,0,0.07181091936640627,0.05873610113256487,0.06250489766123786,0.05345458274453799,2022
2023_18_CHI_GB,00-0037816,WR,GB,2023,0,0.19639032896383568,0.22254312777439036,0.21939009781990562,0.24883744260165647,2022
2023_18_CHI_GB,00-0038391,QB,GB,2023,0,0.0325570458085882,0.029604795884197215,0.015360617707554869,0.04858839717686689,2022
2023_18_CHI_GB,00-0038393,WR,GB,2023,1,0.15794271566365292,0.12630831094706693,0.1332921101754588,0.1457149884664997,2022
2023_18_CHI_GB,00-0038465,WR,GB,2023,0,0.09335790900023666,0.09480101889050209,0.09502217167149132,0.07767571945386675,2022
2023_18_CHI_GB,00-0038809,TE,GB,2023,0,0.05889447782171486,0.06035289038182344,0.045291389063377756,0.05552402703698501,2022
2023_18_CHI_GB,00-0038996,TE,GB,2023,0,0.20855167654426554,0.2408000630145983,0.24758785222817337,0.25727833749732687,2022
2023_18_CHI_GB,00-0039146,WR,GB,2023,0,0.2610225555188681,0.20802027066075512,0.20509783422441258,0.2436267217439581,2022
2023_18_CLE_CIN,00-0033009,WR,CIN,2023,0,0.16604411008404762,0.14736554494952542,0.12492061695477943,0.17105679900926035,2022
2023_18_CLE_CIN,00-0033897,RB,CIN,2023,1,0.44226109898255384,0.5028581007188587,0.4262556742171339,0.3617487698621445,2022
2023_18_CLE_CIN,00-0034613,TE,CIN,2023,0,0.12885783303027998,0.083238086391187,0.0746024692229748,0.1175177848257677,2022
2023_18_CLE_CIN,00-0034970,TE,CIN,2023,0,0.06477554478399428,0.06162879702983954,0.05659029533820615,0.05209662615391634,2022
2023_18_CLE_CIN,00-0035100,QB,CIN,2023,0,0.15954149936706075,0.132225008420006,0.1351467692237602,0.14735597129135572,2022
2023_18_CLE_CIN,00-0035291,RB,CIN,2023,0,0.02721439643094392,0.04500531112061534,0.051315674327341,0.0457104042338171,2022
2023_18_CLE_CIN,00-0035341,WR,CIN,2023,0,0.11183394423235493,0.09966403726659508,0.07900333379317705,0.12063548904614836,2022
2023_18_CLE_CIN,00-0035631,TE,CIN,2023,0,0.09787230616658793,0.10451170230442701,0.12201327972006369,0.08423161468296281,2022
2023_18_CLE_CIN,00-0035771,TE,CIN,2023,0,0.05424768946923564,0.056229142156776254,0.04526130420236548,0.050289239982878965,2022
2023_18_CLE_CIN,00-0036410,WR,CIN,2023,0,0.1759706471093797,0.1818839165685699,0.13509165585970248,0.18408880107389625,2022
2023_18_CLE_CIN,00-0036900,WR,CIN,2023,0,0.2265450603430954,0.24008938395256216,0.18598588258370452,0.22624859336511152,2022
2023_18_CLE_CIN,00-0038576,WR,CIN,2023,0,0.02752779171214259,0.04023441483175943,0.03517296252500093,0.04999770997012202,2022
2023_18_CLE_CIN,00-0038597,RB,CIN,2023,0,0.18576468203011975,0.115253602713858,0.12052115889043646,0.1325412728570176,2022
2023_18_CLE_CIN,00-0038619,WR,CIN,2023,1,0.0872601018676864,0.06854176198161484,0.06258600184552232,0.05921304574494231,2022
2023_18_CLE_CIN,00-0026158,QB,CLE,2023,0,0.07555377268912966,0.06493011064578566,0.05387844174574802,0.06686641007498102,2022
2023_18_CLE_CIN,00-0030068,WR,CLE,2023,0,0.034145735413552036,0.030590018475377716,0.02752014237065126,0.04600427424618186,2022
2023_18_CLE_CIN,00-0031544,WR,CLE,2023,0,0.17399231451387964,0.14246148817848733,0.14861673503537712,0.15562750745703907,2022
2023_18_CLE_CIN,00-0033885,TE,CLE,2023,0,0.18285671670332926,0.18023092587853753,0.19241620931467437,0.16521467370515855,2022
2023_18_CLE_CIN,00-0033923,RB,CLE,2023,0,0.19474714129444115,0.11480931831216723,0.12403646418172197,0.17816284160822415,2022
2023_18_CLE_CIN,00-0034364,TE,CLE,2023,0,0.028409467160283586,0.03213351987222111,0.03014672282069644,0.044360772749409486,2022
2023_18_CLE_CIN,00-0036232,TE,CLE,2023,0,0.05927286117608699,0.04532820224321715,0.042031147063669616,0.07171985110850781,2022
2023_18_CLE_CIN,00-0036980,WR,CLE,2023,0,0.13666714880413544,0.11311530077078925,0.11577394478977462,0.13938581912887846,2022
2023_18_CLE_CIN,00-0037257,WR,CLE,2023,1,0.05335115667995305,0.03965751104419719,0.03652522077592209,0.05159421000800955,2022
2023_18_CLE_CIN,00-0037267,RB,CLE,2023,0,0.24127016971336313,0.19404065054665692,0.20793192732777094,0.22005639924148654,2022
2023_18_CLE_CIN,00-0038098,RB,CLE,2023,0,0.060936648155383355,0.04103041428182231,0.048761460877870935,0.06345693875306954,2022
2023_18_CLE_CIN,00-0038583,QB,CLE,2023,0,0.050078317976959275,0.026438455359953362,0.01586018548908816,0.055662353534192834,2022
2023_18_CLE_CIN,00-0038979,WR,CLE,2023,0,0.11838951567238598,0.10840168411616118,0.10041714126181504,0.13239862577850342,2022
2023_18_DAL_WAS,00-0031236,WR,DAL,2023,1,0.2664932023162784,0.28510526744405534,0.25651593511155274,0.2289443946175347,2022
2023_18_DAL_WAS,00-0033077,QB,DAL,2023,0,0.22127990355236682,0.180025134847744,0.1248596250150617,0.1678140172540183,2022
2023_18_DAL_WAS,00-0034764,WR,DAL,2023,0,0.1263072335814911,0.12747725496725176,0.10284825393088136,0.0976221123889108,2022
2023_18_DAL_WAS,00-0035261,RB,DAL,2023,1,0.5239227346659777,0.5965228868948246,0.5544808321607374,0.4244381034415383,2022
2023_18_DAL_WAS,00-0036139,RB,DAL,2023,0,0.23210376724612636,0.14405620675101358,0.1716508636115782,0.10615776201174926,2022
2023_18_DAL_WAS,00-0036358,WR,DAL,2023,1,0.4795864893542465,0.5332060452311645,0.48693465363745286,0.4148601196213721,2022
2023_18_DAL_WAS,00-0037569,TE,DAL,2023,0,0.07452808837633063,0.08191295804251904,0.08495350794410357,0.06551929272154781,2022
2023_18_DAL_WAS,00-0037666,WR,DAL,2023,1,0.09684896840392165,0.10698649966326804,0.08650144115754942,0.06284238423901736,2022
2023_18_DAL_WAS,00-0037801,WR,DAL,2023,0,0.06314701083430196,0.06695452460058332,0.05532963162769138,0.05757254672898895,2022
2023_18_DAL_WAS,00-0038041,TE,DAL,2023,0,0.3206420748996591,0.30047290063377363,0.36551774264465914,0.2653296733648407,2022
2023_18_DAL_WAS,00-0038547,TE,DAL,2023,0,0.07257723108413194,0.08534031732145261,0.0954558810930157,0.056831419725857826,2022
2023_18_DAL_WAS,00-0038622,RB,DAL,2023,0,0.15812585955320613,0.10719435203506834,0.11735906455463155,0.09767886508632903,2022
2023_18_DAL_WAS,00-0038738,RB,DAL,2023,0,0.04896512588788693,0.07158313333291715,0.0871919132889293,0.05686434105314347,2022
2023_18_DAL_WAS,00-0031260,TE,WAS,2023,0,0.10691892783543155,0.09590877842593296,0.09816911820355094,0.12882824246505406,2022
2023_18_DAL_WAS,00-0031941,WR,WAS,2023,0,0.013766866393791766,0.03093199292201266,0.03237905741349801,0.047576529151554574,2022
2023_18_DAL_WAS,00-0032975,RB,WAS,2023,0,0.05265632380124097,0.04782061689626645,0.05634405320618565,0.046767674978534256,2022
2023_18_DAL_WAS,00-0033119,QB,WAS,2023,0,0.05432588618749856,0.026801227864853942,0.019842806830749883,0.05662967975547309,2022
2023_18_DAL_WAS,00-0033282,WR,WAS,2023,0,0.18532930643022372,0.142751239129318,0.1401228699774397,0.15387825166418653,2022
2023_18_DAL_WAS,00-0034297,WR,WAS,2023,0,0.04361210971366525,0.041414229874843965,0.04167959164258865,0.04908885920064764,2022
2023_18_DAL_WAS,00-0035659,WR,WAS,2023,0,0.19564275636940442,0.18831484035612672,0.22241204159323694,0.16893833738191127,2022
2023_18_DAL_WAS,00-0036328,RB,WAS,2023,0,0.21439501380123605,0.1719373683098624,0.14924581339035875,0.17235670160445965,2022
2023_18_DAL_WAS,00-0036626,WR,WAS,2023,0,0.04159951252494232,0.0377015409739332,0.04172143080411526,0.06357841805567906,2022
2023_18_DAL_WAS,00-0036628,TE,WAS,2023,0,0.07454819760584175,0.06479760759245065,0.04905299358145406,0.07722917894358064,2022
2023_18_DAL_WAS,00-0037077,QB,WAS,2023,0,0.08904432909520721,0.061053773057070757,0.052534851277725184,0.0826404524743039,2022
2023_18_DAL_WAS,00-0037741,WR,WAS,2023,0,0.11344386613715829,0.1236662790911881,0.11757775718039658,0.1452928410550778,2022
2023_18_DAL_WAS,00-0037746,RB,WAS,2023,1,0.28742180178060805,0.2419357327927909,0.2695151104172631,0.2642552454879116,2022
2023_18_DAL_WAS,00-0038611,RB,WAS,2023,0,0.1465253792646688,0.08473265509354162,0.10709415782742113,0.10766940966815795,2022
2023_18_DEN_LV,00-0029263,QB,DEN,2023,0,0.1537341954570629,0.14735663391478585,0.17586948332483504,0.179672544964001,2022
2023_18_DEN_LV,00-0031484,TE,DEN,2023,0,0.03793741438938669,0.045578499129637726,0.050363646436739636,0.04749079214914307,2022
2023_18_DEN_LV,00-0032208,WR,DEN,2023,0,0.047561934634055,0.03892880738105914,0.04270219371051458,0.0516733648687237,2022
2023_18_DEN_LV,00-0033526,RB,DEN,2023,0,0.11254807857007165,0.0773758574529385,0.060979736104694926,0.08412332572761817,2022
2023_18_DEN_LV,00-0034348,WR,DEN,2023,0,0.1415555174516976,0.12154855975866721,0.13681599387332294,0.13914567186592391,2022
2023_18_DEN_LV,00-0035264,QB,DEN,2023,0,0.1191137399668114,0.10250959324535751,0.12995600950753927,0.11116532164512892,2022
2023_18_DEN_LV,00-0035406,WR,DEN,2023,0,0.07961017598388587,0.07136704703256787,0.06516547064433827,0.08434402720748488,2022
2023_18_DEN_LV,00-0036407,WR,DEN,2023,1,0.1484941548534069,0.10916690973897798,0.12067996883397819,0.14467637697681401,2022
2023_18_DEN_LV,00-0036422,TE,DEN,2023,0,0.08613292249027793,0.06939727636282209,0.0777545949301104,0.1156328184050998,2022
2023_18_DEN_LV,00-0036997,RB,DEN,2023,1,0.26588887838648023,0.27611226634108693,0.1818446831559155,0.2877588876570513,2022
2023_18_DEN_LV,00-0037382,WR,DEN,2023,0,0.09445788294890445,0.07455207807253598,0.07155826941642443,0.09508622450716506,2022
2023_18_DEN_LV,00-0037539,TE,DEN,2023,0,0.07265190347979678,0.054140945294871436,0.05333271098588978,0.0759211919560714,2022
2023_18_DEN_LV,00-0038794,RB,DEN,2023,0,0.13751969164252953,0.08163317754443174,0.07766626805191838,0.1108834753102742,2022
2023_18_DEN_LV,00-0038976,WR,DEN,2023,0,0.08993884590592505,0.06751944629658822,0.06409717710274794,0.07560699475226289,2022
2023_18_DEN_LV,00-0029239,RB,LV,2023,0,0.02486883758612113,0.036652917104853674,0.046941646158314095,0.047663519359662065,2022
2023_18_DEN_LV,00-0031381,WR,LV,2023,1,0.35516995351308567,0.3498926377922943,0.35231034644721076,0.291852653705232,2022
2023_18_DEN_LV,00-0032104,RB,LV,2023,0,0.11212285453789805,0.07545096334601405,0.07437848763435644,0.08152905500094235,2022
2023_18_DEN_LV,00-0032392,TE,LV,2023,0,0.0971589510780767,0.09001190290838164,0.10822289838244818,0.06471853371420118,2022
2023_18_DEN_LV,00-0034960,WR,LV,2023,1,0.23353550322353078,0.2084305932185254,0.2005098052873322,0.18817481657080848,2022
2023_18_DEN_LV,00-0034983,WR,LV,2023,0,0.12598923951208085,0.07952762656654504,0.07286057492883652,0.10528130931161178,2022
2023_18_DEN_LV,00-0037506,TE,LV,2023,0,0.07239491799565945,0.06485649553507533,0.11343733907744999,0.05304433137427973,2022
2023_18_DEN_LV,00-0038040,RB,LV,2023,0,0.3569341147393045,0.2459172055521558,0.26559165782674005,0.3363993678591788,2022
2023_18_DEN_LV,00-0038563,WR,LV,2023,0,0.11383352885391851,0.07084774955455711,0.06504691089297303,0.09375811672416431,2022
2023_18_DEN_LV,00-0038579,QB,LV,2023,0,0.1172973651876944,0.08651644925642686,0.0634551118602288,0.08411403432056319,2022
2023_18_DEN_LV,00-0039066,TE,LV,2023,0,0.17666524290686814,0.13378066458642365,0.18470527348060917,0.17302615284838938,2022
2023_18_HOU_IND,00-0028986,QB,HOU,2023,0,0.09257316307923047,0.07039847386932586,0.05487124677110822,0.07234952559721937,2022
2023_18_HOU_IND,00-0030431,WR,HOU,2023,0,0.15553658001833082,0.15010471285698068,0.14359756232675494,0.12803036712199398,2022
2023_18_HOU_IND,00-0033576,TE,HOU,2023,0,0.055101764197700076,0.06627690268673539,0.05754382939903906,0.04748297499923202,2022
2023_18_HOU_IND,00-0033591,WR,HOU,2023,0,0.21112863704096796,0.16567106691510797,0.17733829138037038,0.19120507475916163,2022
2023_18_HOU_IND,00-0033854,RB,HOU,2023,0,0.0885464353061648,0.07455896568748306,0.07726334463101116,0.06249541148093999,2022
2023_18_HOU_IND,00-0034383,TE,HOU,2023,0,0.18230064904237508,0.17339445572590717,0.18550719841811986,0.24121971723350746,2022
2023_18_HOU_IND,00-0034928,WR,HOU,2023,0,0.039464789083072827,0.04902794097092903,0.04423131914843044,0.05091980924584334,2022
2023_18_HOU_IND,00-0035250,RB,HOU,2023,1,0.4116590440319673,0.39741832260818627,0.37497167167558976,0.40253916859380995,2022
2023_18_HOU_IND,00-0036554,WR,HOU,2023,1,0.25975170789448665,0.2186257389974847,0.19610713426841322,0.23082566865032586,2022
2023_18_HOU_IND,00-0036556,TE,HOU,2023,0,0.11593799552320938,0.10250318806646022,0.09816055638313952,0.1057252666799797,2022
2023_18_HOU_IND,00-0036898,QB,HOU,2023,0,0.027528988477899974,0.025544981138665938,0.010785033235321203,0.04668922356045496,2022
2023_18_HOU_IND,00-0037258,RB,HOU,2023,0,0.18712206267165088,0.10403875732070016,0.12933784503401696,0.14247569534043747,2022
2023_18_HOU_IND,00-0037614,WR,HOU,2023,0,0.13092299573951505,0.08435366952289562,0.08796911996040432,0.08033942096286191,2022
2023_18_HOU_IND,00-0038618,WR,HOU,2023,0,0.11107838249770008,0.10409260235568911,0.09821506208819873,0.07614492073187037,2022
2023_18_HOU_IND,00-0039163,QB,HOU,2023,0,0.1529398084217316,0.14515194917320046,0.10612238096330136,0.12382273029550085,2022
2023_18_HOU_IND,00-0033217,TE,IND,2023,0,0.08233431010929115,0.08143145490015359,0.06353861342566054,0.09118576382173603,2022
2023_18_HOU_IND,00-0035045,WR,IND,2023,0,0.15946382744018262,0.1700243615488161,0.1735196967481158,0.1486899592918944,2022
2023_18_HOU_IND,00-0035289,QB,IND,2023,0,0.1110287857517932,0.1250674550044625,0.10416180760144228,0.11103270819188006,2022
2023_18_HOU_IND,00-0036223,RB,IND,2023,1,0.4062263661449341,0.5050604158634475,0.5323083310268207,0.40302207748107094,2022
2023_18_HOU_IND,00-0036251,RB,IND,2023,0,0.27655247942644123,0.24078550209237323,0.24089424641473017,0.3182230514466232,2022
2023_18_HOU_IND,00-0036252,WR,IND,2023,0,0.2764439915264679,0.3182618452434902,0.3450129209578626,0.3502125434119727,2022
2023_18_HOU_IND,00-0036876,TE,IND,2023,0,0.11655931354545346,0.09365863680537848,0.07511242273366327,0.10500157567848174,2022
2023_18_HOU_IND,00-0036984,RB,IND,2023,0,0.13147589113537672,0.0998099483498091,0.12576751970741745,0.08638789405138275,2022
2023_18_HOU_IND,00-0037120,RB,IND,2023,0,0.09633230264899306,0.07252786112536029,0.08935238754252207,0.08850979060725449,2022
2023_18_HOU_IND,00-0037292,TE,IND,2023,0,0.08295196286436424,0.08073504199310494,0.07036518940922477,0.0705435257119596,2022
2023_18_HOU_IND,00-0037664,WR,IND,2023,0,0.178052897257856,0.23421251804860677,0.2299047453236862,0.16480286941235162,2022
2023_18_HOU_IND,00-0038394,TE,IND,2023,0,0.09510467411650869,0.07823298443191148,0.0564997001424033,0.08301851218880019,2022
2023_18_HOU_IND,00-0038997,WR,IND,2023,0,0.14746796266718887,0.16983035034389238,0.16633154294752023,0.16698041663762053,2022
2023_18_JAX_TEN,00-0030533,QB,JAX,2023,0,0.05592937151361144,0.00017348956994434243,0.001985750482571389,0.06567407917211583,2022
2023_18_JAX_TEN,00-0033572,WR,JAX,2023,0,0.06476040318475185,0.05851610389501824,0.06015059666266982,0.054033974150220064,2022
2023_18_JAX_TEN,00-0033881,TE,JAX,2023,1,0.24414593158700326,0.29296841696559167,0.28004762506875364,0.2938782306413314,2022
2023_18_JAX_TEN,00-0033891,WR,JAX,2023,0,0.1996028538907232,0.20704864062891928,0.22304348950549827,0.2274819682973215,2022
2023_18_JAX_TEN,00-0033936,QB,JAX,2023,0,0.05754704534931687,0.03882351848141598,0.0214382966640739,0.056804931064328074,2022
2023_18_JAX_TEN,00-0034837,WR,JAX,2023,1,0.2843511960695031,0.3169177438213289,0.3211060458912296,0.2588347720589418,2022
2023_18_JAX_TEN,00-0035628,RB,JAX,2023,0,0.10247749006572648,0.08386396066069154,0.08920710719002381,0.07774156914520587,2022
2023_18_JAX_TEN,00-0036497,WR,JAX,2023,0,0.08616654861562811,0.0902844349132241,0.08696733426592206,0.06405907048124379,2022
2023_18_JAX_TEN,00-0036887,TE,JAX,2023,0,0.06600307119980697,0.07173486632872425,0.06145197955896613,0.06164019254758593,2022
2023_18_JAX_TEN,00-0036971,QB,JAX,2023,0,0.15506027617351703,0.11877540144062501,0.08856023732020846,0.14233211405946328,2022
2023_18_JAX_TEN,00-0036973,RB,JAX,2023,0,0.36398597627093543,0.4146513314367072,0.33232006425858024,0.3472555836359014,2022
2023_18_JAX_TEN,00-0038555,RB,JAX,2023,0,0.10831429504652568,0.07654195829214129,0.09380792141451673,0.0807771692766707,2022
2023_18_JAX_TEN,00-0038606,WR,JAX,2023,0,0.12442197859164794,0.12053718170930866,0.1101274741466828,0.15994242752970508,2022
2023_18_JAX_TEN,00-0038667,WR,JAX,2023,0,0.038752642068521914,0.05071488311417618,0.048377066104842534,0.04589296289398304,2022
2023_18_JAX_TEN,00-0038935,TE,JAX,2023,0,0.07176244112643104,0.059810194362766744,0.0581624242569648,0.058794049797294134,2022
2023_18_JAX_TEN,00-0029701,QB,TEN,2023,0,0.09276548617356006,0.0820983390063628,0.0611920627554714,0.08485506639883005,2022
2023_18_JAX_TEN,00-0030564,WR,TEN,2023,1,0.2724182979603369,0.2096717288281662,0.2327376637351099,0.2122191167399495,2022
2023_18_JAX_TEN,00-0032398,WR,TEN,2023,0,0.096618056854749,0.09701633527996191,0.08951007159476869,0.07539426360708718,2022
2023_18_JAX_TEN,00-0032764,RB,TEN,2023,1,0.3350682873253047,0.2690303637503214,0.2419312438928291,0.35287028749645016,2022
2023_18_JAX_TEN,00-0034193,TE,TEN,2023,0,0.022190420021572788,0.03321932031311414,0.025777403447107265,0.047403287220195114,2022
2023_18_JAX_TEN,00-0035924,RB,TEN,2023,0,0.03388480075916367,0.03677950232971154,0.05171987979881216,0.05731415788375378,2022
2023_18_JAX_TEN,00-0036176,WR,TEN,2023,0,0.009633017912925479,0.032163792159006874,0.029006550279012736,0.046334930775480634,2022
2023_18_JAX_TEN,00-0036182,WR,TEN,2023,0,0.13032076080255395,0.12152814554035801,0.11177158497364412,0.10841734828803562,2022
2023_18_JAX_TEN,00-0037742,WR,TEN,2023,0,0.13315574720839995,0.12496791821673972,0.10917385293726961,0.13288845426548812,2022
2023_18_JAX_TEN,00-0037809,TE,TEN,2023,0,0.17942742901962494,0.1423005575906715,0.14959624145003877,0.16369829953512888,2022
2023_18_JAX_TEN,00-0038632,WR,TEN,2023,0,0.026542792764303602,0.03551475798858744,0.03621185143345666,0.047403287220195114,2022
2023_18_JAX_TEN,00-0039032,RB,TEN,2023,1,0.29973781454067217,0.2833753020752819,0.21091349846716653,0.23085047810897372,2022
2023_18_JAX_TEN,00-0039152,QB,TEN,2023,0,0.10259108760654168,0.07971278516054739,0.06936605481580599,0.09660596893815654,2022
2023_18_KC_LAC,00-0030506,TE,KC,2023,0,0.15240787813382917,0.14886242789937393,0.20169464150263913,0.16559107656162805,2022
2023_18_KC_LAC,00-0031376,RB,KC,2023,0,0.10466046312227695,0.06722000293021566,0.06264211601279396,0.08848505343520792,2022
2023_18_KC_LAC,00-0032062,TE,KC,2023,0,0.02319619080905988,0.02955832360534627,0.028562283089626366,0.04531246355167661,2022
2023_18_KC_LAC,00-0033873,QB,KC,2023,0,0.12068431938176438,0.10495153238829329,0.11188601070036448,0.11540452052936041,2022
2023_18_KC_LAC,00-0034272,WR,KC,2023,0,0.07531051518702991,0.06911086073266773,0.06366124066802188,0.06761510075679708,2022
2023_18_KC_LAC,00-0034286,WR,KC,2023,0,0.03959007204047027,0.03719220606909931,0.03168001821763224,0.052780803605957764,2022
2023_18_KC_LAC,00-0034386,WR,KC,2023,0,0.0895675501303187,0.08242893492134104,0.07121012150780034,0.0813425081232271,2022
2023_18_KC_LAC,00-0036360,RB,KC,2023,0,0.17984325094870057,0.1311696838664085,0.15805145661162245,0.16294919338343372,2022
2023_18_KC_LAC,00-0036637,TE,KC,2023,0,0.07547771777396961,0.06564673156765208,0.07377863418051481,0.0932179827726962,2022
2023_18_KC_LAC,00-0036913,WR,KC,2023,0,0.06985513649382069,0.05021143985872942,0.03959393955270504,0.07169416944620774,2022
2023_18_KC_LAC,00-0037197,RB,KC,2023,0,0.3294294771457098,0.45435961208703685,0.43576486110077606,0.29590279677357045,2022
2023_18_KC_LAC,00-0037216,WR,KC,2023,0,0.032100496713987736,0.03613370916722728,0.03176658208645909,0.045345985994915274,2022
2023_18_KC_LAC,00-0039067,WR,KC,2023,0,0.20006723721841202,0.21816958615923635,0.18241648096890653,0.20834542868685918,2022
2023_18_KC_LAC,00-0032543,WR,LAC,2023,0,0.11994082693307428,0.09433494840653665,0.08862701605781226,0.13476899773961074,2022
2023_18_KC_LAC,00-0033699,RB,LAC,2023,0,0.33027133066036896,0.3194229344427891,0.34036128581034075,0.3489477625077159,2022
2023_18_KC_LAC,00-0033895,TE,LAC,2023,0,0.20040102187898634,0.1399818536532067,0.15196671414686141,0.16470928022455508,2022
2023_18_KC_LAC,00-0035120,WR,LAC,2023,0,0.2176396192187735,0.1494510506061971,0.1426067779210274,0.19741703505422395,2022
2023_18_KC_LAC,00-0035282,QB,LAC,2023,0,0.13292328494451366,0.08767886880871381,0.04691579109107597,0.11996430289060811,2022
2023_18_KC_LAC,00-0035414,WR,LAC,2023,0,0.09395641811518285,0.07859664571089614,0.07034455025014875,0.08392565548406304,2022
2023_18_KC_LAC,00-0036370,RB,LAC,2023,0,0.09501080291314246,0.06463237772937931,0.0728983925993179,0.07183446483533089,2022
2023_18_KC_LAC,00-0036988,WR,LAC,2023,0,0.19096827840353536,0.2011286394546159,0.18732886743266652,0.18554684861374948,2022
2023_18_KC_LAC,00-0037475,TE,LAC,2023,0,0.04881966933756243,0.047453355436029056,0.04281547075534782,0.0499677772196461,2022
2023_18_KC_LAC,00-0038045,RB,LAC,2023,0,0.1375450644935251,0.078496104165734,0.09795142928196937,0.08724816371128546,2022
2023_18_KC_LAC,00-0038544,WR,LAC,2023,0,0.1656083103758802,0.15984482017410884,0.15351502108393414,0.17964104078225793,2022
2023_18_KC_LAC,00-0038573,WR,LAC,2023,0,0.03125015538744724,0.03874787745738764,0.034367367447692684,0.046798159068507546,2022
2023_18_LA_SF,00-0026498,QB,LA,2023,0,0.07054335404843559,0.07684705288165834,0.051026158078648846,0.059278464761035946,2022
2023_18_LA_SF,00-0032775,WR,LA,2023,0,0.19326254969684653,0.21043623906364306,0.21291054455328826,0.16474215626655406,2022
2023_18_LA_SF,00-0033110,TE,LA,2023,0,0.14246274869184317,0.13475887208759163,0.16475931798026355,0.13531145905494793,2022
2023_18_LA_SF,00-0033908,WR,LA,2023,0,0.23709777482081518,0.3063860712719048,0.29901757875048407,0.21490086750635876,2022
2023_18_LA_SF,00-0034838,RB,LA,2023,0,0.13995473913737844,0.09153714197954964,0.09428520759509204,0.10766940966815795,2022
2023_18_LA_SF,00-0037557,RB,LA,2023,0,0.09073740516063922,0.060288828547957966,0.06668601343501425,0.07004508138108888,2022
2023_18_LA_SF,00-0037840,RB,LA,2023,0,0.4110711091213801,0.6083798249060877,0.5219547192902082,0.29590279677357045,2022
2023_18_LA_SF,00-0039074,TE,LA,2023,0,0.04846940305755487,0.04838037227735651,0.0485942993016258,0.049226857418179025,2022
2023_18_LA_SF,00-0039075,WR,LA,2023,1,0.23991375614454025,0.2773208275498448,0.262926082033912,0.20274277094782045,2022
2023_18_LA_SF,00-0030663,WR,SF,2023,0,0.06377317460364484,0.05827520840607028,0.05045519161254111,0.053845932231627106,2022
2023_18_LA_SF,00-0033280,RB,SF,2023,0,0.47845203689730875,0.6364246630965614,0.5321637381036278,0.3756864459918612,2022
2023_18_LA_SF,00-0033288,TE,SF,2023,0,0.23729089122078295,0.2308207510687241,0.266921824490921,0.2408049080287667,2022
2023_18_LA_SF,00-0034869,QB,SF,2023,1,0.05167232296216573,0.030256628129229773,0.016691330077946088,0.05607474360423797,2022
2023_18_LA_SF,00-0035719,WR,SF,2023,0,0.3213918599486818,0.3135132381880979,0.24546904077667264,0.2844197596541514,2022
2023_18_LA_SF,00-0036259,WR,SF,2023,0,0.10558206568585826,0.07757787696552297,0.06956464508119685,0.07207224339354142,2022
2023_18_LA_SF,00-0036261,WR,SF,2023,0,0.27635567523361204,0.2946648839169,0.2644930251427741,0.25377168382879584,2022
2023_18_LA_SF,00-0036567,RB,SF,2023,1,0.18098672311071307,0.11090612675213476,0.1132947820651247,0.12093311843576246,2022
2023_18_LA_SF,00-0037525,RB,SF,2023,0,0.0773664604378912,0.05573297685163725,0.06615452780575742,0.06732131581709914,2022
2023_18_LA_SF,00-0037834,QB,SF,2023,0,0.09232316332092971,0.08548052917070059,0.055344086486569015,0.05980560933660528,2022
2023_18_LA_SF,00-0038647,WR,SF,2023,1,0.028406854074093713,0.04126623744636725,0.03750614019687716,0.046292931638853625,2022
2023_18_MIN_DET,00-0032464,WR,DET,2023,0,0.09743915127270131,0.08244599420460516,0.0737105306304936,0.06632931894900161,2022
2023_18_MIN_DET,00-0033106,QB,DET,2023,0,0.1222975620726412,0.12037957648842085,0.08143678260185917,0.06596193537154185,2022
2023_18_MIN_DET,00-0033943,WR,DET,2023,0,0.17492239510673957,0.14187012225602882,0.14292163075583425,0.10621295203627089,2022
2023_18_MIN_DET,00-0035685,RB,DET,2023,1,0.439284002292863,0.3385750512020064,0.330724253144353,0.40733872688396866,2022
2023_18_MIN_DET,00-0036233,WR,DET,2023,0,0.04467633846972241,0.0544366452347641,0.05358199139687389,0.04693131520914653,2022
2023_18_MIN_DET,00-0036963,WR,DET,2023,1,0.3742177299849354,0.35586717563205955,0.3731099511446053,0.30482063967914935,2022
2023_18_MIN_DET,00-0037240,WR,DET,2023,0,0.20259417203615682,0.15389769610912135,0.145371381640546,0.1837217927094565,2022
2023_18_MIN_DET,00-0037282,TE,DET,2023,0,0.06357851426452654,0.07083637621657468,0.054176955641751616,0.047431456794553545,2022
2023_18_MIN_DET,00-0039065,TE,DET,2023,1,0.3325199923044331,0.33859479030263784,0.31455544008598446,0.27139994171737986,2022
2023_18_MIN_DET,00-0039139,RB,DET,2023,1,0.43003081359173356,0.3439059129751429,0.3329130040302273,0.35327197863324106,2022
2023_18_MIN_DET,00-0033246,TE,MIN,2023,0,0.09803305853158917,0.06249325248353882,0.05406982569836058,0.07730516956998577,2022
2023_18_MIN_DET,00-0033319,QB,MIN,2023,0,0.10284956011702662,0.08134835738786639,0.051585017010264994,0.08425481392731698,2022
2023_18_MIN_DET,00-0034646,WR,MIN,2023,0,0.08635128839188244,0.07216524731653916,0.06913561244007807,0.05922232405802494,2022
2023_18_MIN_DET,00-0034972,RB,MIN,2023,0,0.27123966457017257,0.18780393246212626,0.20090809886271457,0.25616217435624383,2022
2023_18_MIN_DET,00-0035229,TE,MIN,2023,0,0.21394322657245024,0.18604787780279128,0.2067479072916013,0.21076462766220153,2022
2023_18_MIN_DET,00-0035249,TE,MIN,2023,0,0.10667340208664677,0.0864560545104287,0.0718850188491838,0.0862168804198637,2022
2023_18_MIN_DET,00-0036322,WR,MIN,2023,1,0.23531344782105856,0.18978149762933094,0.22210305748011677,0.21308220187307758,2022
2023_18_MIN_DET,00-0036345,WR,MIN,2023,0,0.17138962228459864,0.15464253985346424,0.1610439589200921,0.19969393512699093,2022
2023_18_MIN_DET,00-0036842,RB,MIN,2023,0,0.019255906596272188,0.040386878152004244,0.05159980567476759,0.0471483371333116,2022
2023_18_MIN_DET,00-0037276,RB,MIN,2023,0,0.3683493083669188,0.30771236781183126,0.3308269462609428,0.35792235723949783,2022
2023_18_MIN_DET,00-0038598,QB,MIN,2023,0,0.06750567316392686,0.03114065415280731,0.018565582969748803,0.056859309111803154,2022
2023_18_MIN_DET,00-0038994,WR,MIN,2023,1,0.21302987543682173,0.2112167379209247,0.21411208698694356,0.228576897355605,2022
2023_18_NYJ_NE,00-0031547,WR,NE,2023,0,0.14925295221061463,0.11694249806573907,0.11128386562486182,0.1455418291335769,2022
2023_18_NYJ_NE,00-0033045,RB,NE,2023,0,0.39646733772845844,0.45517107048732613,0.4515362122405581,0.29326126784101897,2022
2023_18_NYJ_NE,00-0033090,TE,NE,2023,0,0.17128625781651086,0.11767667564045796,0.18340556949154788,0.17025334048045881,2022
2023_18_NYJ_NE,00-0033439,TE,NE,2023,0,0.0488127309230858,0.058768283038181685,0.08025731040517492,0.05269161028646158,2022
2023_18_NYJ_NE,00-0034829,TE,NE,2023,0,0.09462353500808474,0.0610072540621531,0.08605477792617215,0.09110360275469719,2022
2023_18_NYJ_NE,00-0036387,WR,NE,2023,0,0.06592687767632566,0.058226285111080064,0.047621384542493234,0.055362887831814485,2022
2023_18_NYJ_NE,00-0037286,RB,NE,2023,0,0.1062609377778817,0.05870148655055445,0.07027438973040838,0.07955962720382916,2022
2023_18_NYJ_NE,00-0038104,WR,NE,2023,0,0.08418829483871892,0.07023744215543125,0.05421657514067728,0.08637046211583924,2022
2023_18_NYJ_NE,00-0038108,QB,NE,2023,0,0.09620115098374138,0.07808392505632186,0.07282072946513789,0.10657787297655397,2022
2023_18_NYJ_NE,00-0038621,WR,NE,2023,0,0.1908021500636854,0.13706851077716262,0.12708707826573235,0.14991141455858178,2022
2023_18_NYJ_NE,00-0028002,WR,NYJ,2023,0,0.051802745892433055,0.03558265007937739,0.034914296490300444,0.060448814283992944,2022
2023_18_NYJ_NE,00-0032156,QB,NYJ,2023,0,0.0602081541958186,0.047119336266632415,0.03703500297119345,0.0810702617004135,2022
2023_18_NYJ_NE,00-0033893,RB,NYJ,2023,0,0.1015317350837851,0.05729218325418973,0.06369899466408772,0.09105146392810758,2022
2023_18_NYJ_NE,00-0034270,TE,NYJ,2023,0,0.12019594388479349,0.09585064468766591,0.15386647621807703,0.14121408506423322,2022
2023_18_NYJ_NE,00-0034433,RB,NYJ,2023,0,0.020882512143672316,0.02266435670226176,0.024800581696950375,0.04451855135784944,2022
2023_18_NYJ_NE,00-0034521,WR,NYJ,2023,0,0.05003701936474758,0.051790421013408514,0.04449722866898168,0.060107307111782166,2022
2023_18_NYJ_NE,00-0036510,TE,NYJ,2023,0,0.026772426143433448,0.031732608193945785,0.03857376704938539,0.044765132584537834,2022
2023_18_NYJ_NE,00-0037013,QB,NYJ,2023,0,0.07516333516175111,0.05168407612413584,0.04450909880719936,0.08913347443712089,2022
2023_18_NYJ_NE,00-0037740,WR,NYJ,2023,0,0.17502388469999597,0.17569328340079515,0.16236431350897973,0.21112057802868955,2022
2023_18_NYJ_NE,00-0037805,TE,NYJ,2023,0,0.06422424822503536,0.051874957227009,0.06811096039670846,0.07884653742826733,2022
2023_18_NYJ_NE,00-0038120,RB,NYJ,2023,1,0.292037214296199,0.3697366906869045,0.33148451431403203,0.28597557170132937,2022
2023_18_NYJ_NE,00-0038389,RB,NYJ,2023,0,0.09024210165971247,0.05180795574914507,0.05446608761647063,0.07984881725315802,2022
2023_18_NYJ_NE,00-0038492,WR,NYJ,2023,0,0.0675913929221309,0.0914499026953893,0.07549258676628282,0.08257629283341157,2022
2023_18_NYJ_NE,00-0038496,WR,NYJ,2023,0,0.0951742415846456,0.06812235397960731,0.05934376816133687,0.14042796760995774,2022
2023_18_PHI_NYG,00-0028118,QB,NYG,2023,0,0.09702269259657637,0.06151393186300121,0.051262325777051566,0.09924463311272905,2022
2023_18_PHI_NYG,00-0031610,TE,NYG,2023,0,0.16365588075347115,0.10049494908751423,0.11115864821064765,0.14974602505362553,2022
2023_18_PHI_NYG,00-0032385,WR,NYG,2023,0,0.10466160349983245,0.05165467999386547,0.04532659568456408,0.10790425924340195,2022
2023_18_PHI_NYG,00-0033308,RB,NYG,2023,0,0.08349568800955487,0.05686218015293856,0.06217060650061207,0.07941828998317091,2022
2023_18_PHI_NYG,00-0034844,RB,NYG,2023,1,0.4054907992192692,0.42887732382064897,0.5239177336588017,0.333098518376725,2022
2023_18_PHI_NYG,00-0035535,WR,NYG,2023,1,0.15023088379293625,0.16275969426150305,0.15209276286865098,0.16083610639889956,2022
2023_18_PHI_NYG,00-0036145,TE,NYG,2023,0,0.04463094163171044,0.04206748621682803,0.034197290502457046,0.05018112432024539,2022
2023_18_PHI_NYG,00-0036165,WR,NYG,2023,0,0.07222854400670264,0.047498457048326025,0.03905479627528679,0.0848318837812542,2022
2023_18_PHI_NYG,00-0038115,TE,NYG,2023,0,0.10340659232486993,0.10100211074940686,0.11089465301482161,0.11707319832937704,2022
2023_18_PHI_NYG,00-0038117,WR,NYG,2023,0,0.2006482788434586,0.17649638888635608,0.16436823288259556,0.18180680832803256,2022
2023_18_PHI_NYG,00-0038396,RB,NYG,2023,0,0.0830012450450609,0.05446698461625159,0.06309601413601171,0.07666673069696851,2022
2023_18_PHI_NYG,00-0038476,QB,NYG,2023,0,0.1284210039716508,0.0992690273063431,0.09736355129844135,0.114092954998099,2022
2023_18_PHI_NYG,00-0038938,WR,NYG,2023,0,0.12255424639004031,0.11275359352685252,0.10744610895396929,0.12777844679645844,2022
2023_18_PHI_NYG,00-0027944,WR,PHI,2023,0,0.11885616371570551,0.09170913240870256,0.08198083123573907,0.07395836122028607,2022
2023_18_PHI_NYG,00-0034351,TE,PHI,2023,0,0.2703487760113179,0.2532244404230382,0.27657302177200366,0.24018368300659226,2022
2023_18_PHI_NYG,00-0034414,RB,PHI,2023,0,0.045938139522308186,0.052102350164201665,0.061011931989114955,0.055926981640584655,2022
2023_18_PHI_NYG,00-0035208,WR,PHI,2023,0,0.06860480644327804,0.07108897165794772,0.06441543628719561,0.05276600602074818,2022
2023_18_PHI_NYG,00-0035676,WR,PHI,2023,0,0.34278309413703656,0.35532610637421413,0.3666153215498835,0.29908598236614764,2022
2023_18_PHI_NYG,00-0036271,WR,PHI,2023,1,0.12022972467312065,0.1282980388961269,0.11195220878436177,0.09404297223639642,2022
2023_18_PHI_NYG,00-0036275,RB,PHI,2023,0,0.358936609843977,0.32518048534830063,0.33127552192637166,0.36147372833159874,2022
2023_18_PHI_NYG,00-0036389,QB,PHI,2023,0,0.26673257300090014,0.22538175337206284,0.27603806996502717,0.31312446484567874,2022
2023_18_PHI_NYG,00-0036912,WR,PHI,2023,0,0.27233253669443747,0.3274556063045476,0.30102599918706047,0.25957274458910656,2022
2023_18_PHI_NYG,00-0036919,RB,PHI,2023,0,0.20133139162061786,0.15772845505528169,0.12019562665947028,0.1502171517841555,2022
2023_18_PHI_NYG,00-0037086,TE,PHI,2023,0,0.03968962973068968,0.047330773419693904,0.033562527416839176,0.04816445909827858,2022
2023_18_PHI_NYG,00-0037132,WR,PHI,2023,0,0.00681219963904367,0.0404485194501096,0.03572390149150833,0.04875752587202107,2022
2023_18_PIT_BAL,00-0031235,WR,BAL,2023,0,0.11553095827786364,0.07492922101239725,0.07722820245962624,0.10969895044879412,2022
2023_18_PIT_BAL,00-0031549,WR,BAL,2023,0,0.08142896246193965,0.06335733995143866,0.05444077427659617,0.08914147704188594,2022
2023_18_PIT_BAL,00-0032144,RB,BAL,2023,0,0.11312410926482608,0.07198068033542293,0.08175512777133383,0.09294267134158372,2022
2023_18_PIT_BAL,00-0033376,RB,BAL,2023,0,0.052560702158999106,0.05330115553843866,0.056746454387285886,0.06797112863747239,2022
2023_18_PIT_BAL,00-0034184,RB,BAL,2023,0,0.18203399417534671,0.12169569453528963,0.09932922546955414,0.18179753322547632,2022
2023_18_PIT_BAL,00-0034796,QB,BAL,2023,0,0.15795483598139037,0.1517802271193661,0.1861078925975839,0.1748322619305189,2022
2023_18_PIT_BAL,00-0034975,RB,BAL,2023,0,0.12340307948059004,0.08655520274107666,0.07568923926673897,0.09460405688298264,2022
2023_18_PIT_BAL,00-0035993,QB,BAL,2023,0,0.032305711755879374,0.018282751203496796,0.009289578293022049,0.052996971408360745,2022
2023_18_PIT_BAL,00-0036550,WR,BAL,2023,0,0.12939229487789683,0.09296628459298788,0.09999327409422361,0.11120650957823354,2022
2023_18_PIT_BAL,00-0037838,TE,BAL,2023,1,0.13853246218578397,0.11305605904815207,0.1439387651590077,0.14422053992713585,2022
2023_18_PIT_BAL,00-0038046,TE,BAL,2023,0,0.033367488280351076,0.037891805168734374,0.040929647048178766,0.04749453981537727,2022
2023_18_PIT_BAL,00-0038454,RB,BAL,2023,0,0.14663023265000175,0.11403715489859455,0.10753867414757584,0.11111559148533551,2022
2023_18_PIT_BAL,00-0039064,WR,BAL,2023,0,0.18416676052434622,0.17814375846498834,0.17113998700729294,0.17144292759254062,2022
2023_18_PIT_BAL,00-0031428,WR,PIT,2023,0,0.10604535223976086,0.09601314182581491,0.08358324840734072,0.11599728358665129,2022
2023_18_PIT_BAL,00-0033869,QB,PIT,2023,0,0.1158892965979813,0.06868796195151704,0.06216440117216362,0.11396782219265873,2022
2023_18_PIT_BAL,00-0034771,QB,PIT,2023,0,0.08038096250462712,0.058725553488535864,0.03867456559731457,0.08041078162564733,2022
2023_18_PIT_BAL,00-0035216,WR,PIT,2023,1,0.1911157154489891,0.16913818421100274,0.12978851456295734,0.14557863537265608,2022
2023_18_PIT_BAL,00-0035703,WR,PIT,2023,0,0.019689197036246053,0.03626537257172806,0.0314693163967986,0.044755816067402955,2022
2023_18_PIT_BAL,00-0036893,RB,PIT,2023,1,0.29917572380224955,0.29259863125556995,0.25062191079701557,0.2914323292120832,2022
2023_18_PIT_BAL,00-0036894,TE,PIT,2023,0,0.18835926307319717,0.13088443725030943,0.20006784679655082,0.1481166975758629,2022
2023_18_PIT_BAL,00-0037228,RB,PIT,2023,0,0.28263670321377365,0.24068716407872742,0.1602795719601038,0.1868601590380299,2022
2023_18_PIT_BAL,00-0037247,WR,PIT,2023,0,0.2151182702000246,0.19100896819663565,0.20084316244725295,0.16971276263634139,2022
2023_18_PIT_BAL,00-0037837,WR,PIT,2023,0,0.04259340518434562,0.04117923168042636,0.037589952924533196,0.046313638106728186,2022
2023_18_PIT_BAL,00-0038558,TE,PIT,2023,0,0.0720399257101304,0.06090661208395358,0.06463653375310849,0.07427864003993827,2022
2023_18_SEA_ARI,00-0032141,TE,ARI,2023,0,0.06627228234187876,0.06946764509592773,0.05869744706711067,0.05390869948717014,2022
2023_18_SEA_ARI,00-0033251,WR,ARI,2023,0,0.06548315296112073,0.05232755232657498,0.05507525214626394,0.05424935059961115,2022
2023_18_SEA_ARI,00-0033553,RB,ARI,2023,1,0.41598925673548237,0.4275130456157897,0.4270943110924852,0.3568111600256833,2022
2023_18_SEA_ARI,00-0035228,QB,ARI,2023,0,0.18241141724260235,0.13530436371686844,0.1484891958243924,0.14166908068540715,2022
2023_18_SEA_ARI,00-0035500,WR,ARI,2023,0,0.1909643623900209,0.16489388743096084,0.16595362480645898,0.17740320452808261,2022
2023_18_SEA_ARI,00-0036924,RB,ARI,2023,0,0.13945785617485484,0.0814387214044241,0.09703286649994655,0.09592695304478271,2022
2023_18_SEA_ARI,00-0036936,WR,ARI,2023,0,0.14490527165173195,0.14273291880861017,0.11974938496765912,0.12717351834093626,2022
2023_18_SEA_ARI,00-0037744,TE,ARI,2023,1,0.27868778566028285,0.3003966969052506,0.26118717092733507,0.27488676602303086,2022
2023_18_SEA_ARI,00-0038559,WR,ARI,2023,0,0.19958204922957268,0.20272537582960742,0.19684609218728047,0.16321016034618308,2022
2023_18_SEA_ARI,00-0038582,QB,ARI,2023,0,0.06237774701877252,0.026641201442726335,0.014154097109133436,0.05537080662881623,2022
2023_18_SEA_ARI,00-0038705,RB,ARI,2023,0,0.20549789651986805,0.12748950232204387,0.13718837786907498,0.13160171328159204,2022
2023_18_SEA_ARI,00-0039041,TE,ARI,2023,0,0.0933873029425526,0.06977935766711801,0.057881559613401815,0.07351055849150273,2022
2023_18_SEA_ARI,00-0030565,QB,SEA,2023,0,0.15656258468327022,0.12341639082137265,0.10447652990286925,0.1234988376520388,2022
2023_18_SEA_ARI,00-0032211,WR,SEA,2023,1,0.28330934333181457,0.2646117634696795,0.2670609843289428,0.25048790678384775,2022
2023_18_SEA_ARI,00-0034159,TE,SEA,2023,1,0.07395032539024926,0.0721512018677796,0.06826932649765514,0.05190546135901545,2022
2023_18_SEA_ARI,00-0035640,WR,SEA,2023,0,0.2919571101884123,0.29949655649624735,0.26653116577006053,0.2578449958570833,2022
2023_18_SEA_ARI,00-0035644,TE,SEA,2023,0,0.1648327032157506,0.14202859787105263,0.16305057010455687,0.16864134172809525,2022
2023_18_SEA_ARI,00-0035704,QB,SEA,2023,0,0.08785737132801752,0.06818946342385282,0.04263016550677308,0.06013778590539134,2022
2023_18_SEA_ARI,00-0036244,TE,SEA,2023,0,0.12472748585678428,0.0904152753013385,0.08334525639941402,0.09595803729298194,2022
2023_18_SEA_ARI,00-0036425,RB,SEA,2023,0,0.03489209635324242,0.05390785325696445,0.06411443452918118,0.04865031698862786,2022
2023_18_SEA_ARI,00-0038134,RB,SEA,2023,0,0.414927687826964,0.3249262690841465,0.38336147153477074,0.3347271288558659,2022
2023_18_SEA_ARI,00-0038543,WR,SEA,2023,0,0.23992164679067796,0.1951773467775098,0.18771579609241856,0.22927442525607036,2022
2023_18_SEA_ARI,00-0038752,WR,SEA,2023,0,0.06060944660126799,0.06337486499333274,0.05627359692617818,0.05028585752406485,2022
2023_18_SEA_ARI,00-0039165,RB,SEA,2023,0,0.326767550487025,0.1893460462029593,0.19633935096068292,0.34891627241385753,2022
2023_18_TB_CAR,00-0030035,WR,CAR,2023,0,0.20071958427304015,0.15677954024170543,0.15092286937822935,0.1665000071981309,2022
2023_18_TB_CAR,00-0034365,TE,CAR,2023,0,0.05030604174577158,0.04138554831864299,0.04399385700404499,0.050433019244049734,2022
2023_18_TB_CAR,00-0034777,WR,CAR,2023,0,0.15625203519941722,0.10827759336137208,0.09825867690332446,0.13906478981316012,2022
2023_18_TB_CAR,00-0035243,RB,CAR,2023,0,0.1423374859048877,0.07067411607347117,0.0805226204441613,0.11377841546552409,2022
2023_18_TB_CAR,00-0036438,TE,CAR,2023,0,0.08372037576463598,0.045806597551624,0.05234361170137467,0.0581876335333195,2022
2023_18_TB_CAR,00-0036555,RB,CAR,2023,0,0.34847828252355617,0.3542406518053829,0.35002847612516885,0.28352880904735484,2022
2023_18_TB_CAR,00-0036635,WR,CAR,2023,0,0.07259193609409054,0.04715351598710636,0.03680313161856458,0.06979452908718907,2022
2023_18_TB_CAR,00-0037005,TE,CAR,2023,0,0.10875853892531495,0.09146830590230218,0.12206816228418411,0.0830649433534409,2022
2023_18_TB_CAR,00-0037429,RB,CAR,2023,0,0.03026748982376659,0.03079183378453958,0.03787539847506833,0.04745371650395995,2022
2023_18_TB_CAR,00-0039062,WR,CAR,2023,0,0.18255492584962252,0.16732700391503078,0.15730273267298678,0.1586055046765825,2022
2023_18_TB_CAR,00-0039150,QB,CAR,2023,0,0.08970165945141839,0.07509555213243507,0.06838306492576973,0.08924788012945806,2022
2023_18_TB_CAR,00-0031408,WR,TB,2023,0,0.2680131819393705,0.22513205426726912,0.20878953581306325,0.20888742939072985,2022
2023_18_TB_CAR,00-0033589,WR,TB,2023,0,0.05132743609343038,0.05090165818722558,0.04312757818792969,0.04850483133940578,2022
2023_18_TB_CAR,00-0033921,WR,TB,2023,0,0.272108650487633,0.2147924201926671,0.23185665479642656,0.20836532962214888,2022
2023_18_TB_CAR,00-0034681,RB,TB,2023,0,0.1595871457575534,0.09609227261675485,0.08643783282642961,0.09581152837921895,2022
2023_18_TB_CAR,00-0034855,QB,TB,2023,0,0.12574713187970876,0.10934021610623512,0.06938904301917101,0.10296733331283096,2022
2023_18_TB_CAR,00-0037256,RB,TB,2023,0,0.44797441589452114,0.5603276405038877,0.4624087267217199,0.3554743533566838,2022
2023_18_TB_CAR,00-0037311,TE,TB,2023,0,0.03208603753298689,0.039018375051070586,0.03445756239600397,0.05349999629092284,2022
2023_18_TB_CAR,00-0037487,WR,TB,2023,0,0.046534922691457536,0.04344548118118285,0.038658411782068636,0.04832617617791757,2022
2023_18_TB_CAR,00-0038129,TE,TB,2023,0,0.143329691189387,0.15267966459664384,0.263178204822506,0.09234115393319757,2022
2023_18_TB_CAR,00-0039050,TE,TB,2023,0,0.04137211141429298,0.04236203482812936,0.04068251670177241,0.0459081679299797,2022
2023_18_TB_CAR,00-0039052,WR,TB,2023,0,0.15607719767399741,0.12849711507682304,0.1144616246632811,0.13644089942748047,2022
