event_id,game,player,sportsbook,american_odds,quote_time,snapshot_time,prediction_time
95c01d1bb797d6df14824b106c5a9130,ATL@PIT,Bijan Robinson,draftkings,-125,2026-09-13T15:54:41+00:00,2026-09-13T15:55:36+00:00,2026-09-13T16:00:00+00:00
95c01d1bb797d6df14824b106c5a9130,ATL@PIT,Jaylen Warren,draftkings,135,2026-09-13T15:54:41+00:00,2026-09-13T15:55:36+00:00,2026-09-13T16:00:00+00:00
95c01d1bb797d6df14824b106c5a9130,ATL@PIT,Rico Dowdle,draftkings,135,2026-09-13T15:54:41+00:00,2026-09-13T15:55:36+00:00,2026-09-13T16:00:00+00:00
95c01d1bb797d6df14824b106c5a9130,ATL@PIT,DK Metcalf,draftkings,185,2026-09-13T15:54:41+00:00,2026-09-13T15:55:36+00:00,2026-09-13T16:00:00+00:00
95c01d1bb797d6df14824b106c5a9130,ATL@PIT,Michael Pittman Jr.,draftkings,200,2026-09-13T15:54:41+00:00,2026-09-13T15:55:36+00:00,2026-09-13T16:00:00+00:00
95c01d1bb797d6df14824b106c5a9130,ATL@PIT,Drake London,draftkings,275,2026-09-13T15:54:41+00:00,2026-09-13T15:55:36+00:00,2026-09-13T16:00:00+00:00
95c01d1bb797d6df14824b106c5a9130,ATL@PIT,Pat Freiermuth,draftkings,370,2026-09-13T15:54:41+00:00,2026-09-13T15:55:36+00:00,2026-09-13T16:00:00+00:00
95c01d1bb797d6df14824b106c5a9130,ATL@PIT,Kyle Pitts,draftkings,400,2026-09-13T15:54:41+00:00,2026-09-13T15:55:36+00:00,2026-09-13T16:00:00+00:00
95c01d1bb797d6df14824b106c5a9130,ATL@PIT,Pittsburgh Steelers D/ST,draftkings,475,2026-09-13T15:54:41+00:00,2026-09-13T15:55:36+00:00,2026-09-13T16:00:00+00:00
95c01d1bb797d6df14824b106c5a9130,ATL@PIT,Brian Robinson Jr.,draftkings,500,2026-09-13T15:54:41+00:00,2026-09-13T15:55:36+00:00,2026-09-13T16:00:00+00:00
95c01d1bb797d6df14824b106c5a9130,ATL@PIT,Darnell Washington,draftkings,550,2026-09-13T15:54:41+00:00,2026-09-13T15:55:36+00:00,2026-09-13T16:00:00+00:00
95c01d1bb797d6df14824b106c5a9130,ATL@PIT,Atlanta Falcons D/ST,draftkings,600,2026-09-13T15:54:41+00:00,2026-09-13T15:55:36+00:00,2026-09-13T16:00:00+00:00
95c01d1bb797d6df14824b106c5a9130,ATL@PIT,Germie Bernard,draftkings,650,2026-09-13T15:54:41+00:00,2026-09-13T15:55:36+00:00,2026-09-13T16:00:00+00:00
95c01d1bb797d6df14824b106c5a9130,ATL@PIT,Roman Wilson,draftkings,800,2026-09-13T15:54:41+00:00,2026-09-13T15:55:36+00:00,2026-09-13T16:00:00+00:00
95c01d1bb797d6df14824b106c5a9130,ATL@PIT,Jahan Dotson,draftkings,800,2026-09-13T15:54:41+00:00,2026-09-13T15:55:36+00:00,2026-09-13T16:00:00+00:00
95c01d1bb797d6df14824b106c5a9130,ATL@PIT,Olamide Zaccheaus,draftkings,850,2026-09-13T15:54:41+00:00,2026-09-13T15:55:36+00:00,2026-09-13T16:00:00+00:00
95c01d1bb797d6df14824b106c5a9130,ATL@PIT,Zachariah Branch,draftkings,1000,2026-09-13T15:54:41+00:00,2026-09-13T15:55:36+00:00,2026-09-13T16:00:00+00:00
95c01d1bb797d6df14824b106c5a9130,ATL@PIT,Austin Hooper,draftkings,1200,2026-09-13T15:54:41+00:00,2026-09-13T15:55:36+00:00,2026-09-13T16:00:00+00:00
95c01d1bb797d6df14824b106c5a9130,ATL@PIT,Eli Heidenreich,draftkings,1200,2026-09-13T15:54:41+00:00,2026-09-13T15:55:36+00:00,2026-09-13T16:00:00+00:00
95c01d1bb797d6df14824b106c5a9130,ATL@PIT,Aaron Rodgers,draftkings,1300,2026-09-13T15:54:41+00:00,2026-09-13T15:55:36+00:00,2026-09-13T16:00:00+00:00
95c01d1bb797d6df14824b106c5a9130,ATL@PIT,Ben Skowronek,draftkings,1300,2026-09-13T15:54:41+00:00,2026-09-13T15:55:36+00:00,2026-09-13T16:00:00+00:00
95c01d1bb797d6df14824b106c5a9130,ATL@PIT,Robert Tonyan,draftkings,1300,2026-09-13T15:54:41+00:00,2026-09-13T15:55:36+00:00,2026-09-13T16:00:00+00:00
95c01d1bb797d6df14824b106c5a9130,ATL@PIT,Riley Nowakowski,draftkings,1500,2026-09-13T15:54:41+00:00,2026-09-13T15:55:36+00:00,2026-09-13T16:00:00+00:00
95c01d1bb797d6df14824b106c5a9130,ATL@PIT,Kaden Wetjen,draftkings,1600,2026-09-13T15:54:41+00:00,2026-09-13T15:55:36+00:00,2026-09-13T16:00:00+00:00
95c01d1bb797d6df14824b106c5a9130,ATL@PIT,Cooper Rush,draftkings,2200,2026-09-13T15:54:41+00:00,2026-09-13T15:55:36+00:00,2026-09-13T16:00:00+00:00
95c01d1bb797d6df14824b106c5a9130,ATL@PIT,Chris Blair,draftkings,2500,2026-09-13T15:54:41+00:00,2026-09-13T15:55:36+00:00,2026-09-13T16:00:00+00:00
95c01d1bb797d6df14824b106c5a9130,ATL@PIT,Charlie Woerner,draftkings,3500,2026-09-13T15:54:41+00:00,2026-09-13T15:55:36+00:00,2026-09-13T16:00:00+00:00
95c01d1bb797d6df14824b106c5a9130,ATL@PIT,No Scorer,fanatics,3500,2026-09-13T15:55:11+00:00,2026-09-13T15:55:36+00:00,2026-09-13T16:00:00+00:00
95c01d1bb797d6df14824b106c5a9130,ATL@PIT,DK Metcalf,fanatics,200,2026-09-13T15:55:11+00:00,2026-09-13T15:55:36+00:00,2026-09-13T16:00:00+00:00
95c01d1bb797d6df14824b106c5a9130,ATL@PIT,Pat Freiermuth,fanatics,420,2026-09-13T15:55:11+00:00,2026-09-13T15:55:36+00:00,2026-09-13T16:00:00+00:00
95c01d1bb797d6df14824b106c5a9130,ATL@PIT,Jaylen Warren,fanatics,135,2026-09-13T15:55:11+00:00,2026-09-13T15:55:36+00:00,2026-09-13T16:00:00+00:00
95c01d1bb797d6df14824b106c5a9130,ATL@PIT,Darnell Washington,fanatics,600,2026-09-13T15:55:11+00:00,2026-09-13T15:55:36+00:00,2026-09-13T16:00:00+00:00
95c01d1bb797d6df14824b106c5a9130,ATL@PIT,Pittsburgh Steelers D/ST,fanatics,400,2026-09-13T15:55:11+00:00,2026-09-13T15:55:36+00:00,2026-09-13T16:00:00+00:00
95c01d1bb797d6df14824b106c5a9130,ATL@PIT,Kyle Pitts,fanatics,420,2026-09-13T15:55:11+00:00,2026-09-13T15:55:36+00:00,2026-09-13T16:00:00+00:00
95c01d1bb797d6df14824b106c5a9130,ATL@PIT,Drake London,fanatics,300,2026-09-13T15:55:11+00:00,2026-09-13T15:55:36+00:00,2026-09-13T16:00:00+00:00
95c01d1bb797d6df14824b106c5a9130,ATL@PIT,Bijan Robinson,fanatics,-125,2026-09-13T15:55:11+00:00,2026-09-13T15:55:36+00:00,2026-09-13T16:00:00+00:00
95c01d1bb797d6df14824b106c5a9130,ATL@PIT,Atlanta Falcons D/ST,fanatics,600,2026-09-13T15:55:11+00:00,2026-09-13T15:55:36+00:00,2026-09-13T16:00:00+00:00
95c01d1bb797d6df14824b106c5a9130,ATL@PIT,Germie Bernard,fanatics,750,2026-09-13T15:55:11+00:00,2026-09-13T15:55:36+00:00,2026-09-13T16:00:00+00:00
95c01d1bb797d6df14824b106c5a9130,ATL@PIT,Michael Pittman Jr.,fanatics,240,2026-09-13T15:55:11+00:00,2026-09-13T15:55:36+00:00,2026-09-13T16:00:00+00:00
95c01d1bb797d6df14824b106c5a9130,ATL@PIT,Rico Dowdle,fanatics,140,2026-09-13T15:55:11+00:00,2026-09-13T15:55:36+00:00,2026-09-13T16:00:00+00:00
95c01d1bb797d6df14824b106c5a9130,ATL@PIT,Olamide Zaccheaus,fanatics,1050,2026-09-13T15:55:11+00:00,2026-09-13T15:55:36+00:00,2026-09-13T16:00:00+00:00
95c01d1bb797d6df14824b106c5a9130,ATL@PIT,Brian Robinson Jr.,fanatics,475,2026-09-13T15:55:11+00:00,2026-09-13T15:55:36+00:00,2026-09-13T16:00:00+00:00
95c01d1bb797d6df14824b106c5a9130,ATL@PIT,Austin Hooper,fanatics,1200,2026-09-13T15:55:11+00:00,2026-09-13T15:55:36+00:00,2026-09-13T16:00:00+00:00
95c01d1bb797d6df14824b106c5a9130,ATL@PIT,Zachariah Branch,fanatics,1300,2026-09-13T15:55:11+00:00,2026-09-13T15:55:36+00:00,2026-09-13T16:00:00+00:00
95c01d1bb797d6df14824b106c5a9130,ATL@PIT,Jahan Dotson,fanatics,800,2026-09-13T15:55:11+00:00,2026-09-13T15:55:36+00:00,2026-09-13T16:00:00+00:00
95c01d1bb797d6df14824b106c5a9130,ATL@PIT,Roman Wilson,fanatics,800,2026-09-13T15:55:11+00:00,2026-09-13T15:55:36+00:00,2026-09-13T16:00:00+00:00
95c01d1bb797d6df14824b106c5a9130,ATL@PIT,Kaden Wetjen,fanatics,1300,2026-09-13T15:55:11+00:00,2026-09-13T15:55:36+00:00,2026-09-13T16:00:00+00:00
95c01d1bb797d6df14824b106c5a9130,ATL@PIT,Aaron Rodgers,fanatics,1700,2026-09-13T15:55:11+00:00,2026-09-13T15:55:36+00:00,2026-09-13T16:00:00+00:00
95c01d1bb797d6df14824b106c5a9130,ATL@PIT,Charlie Woerner,fanatics,6000,2026-09-13T15:55:11+00:00,2026-09-13T15:55:36+00:00,2026-09-13T16:00:00+00:00
95c01d1bb797d6df14824b106c5a9130,ATL@PIT,Chris Blair,fanatics,2800,2026-09-13T15:55:11+00:00,2026-09-13T15:55:36+00:00,2026-09-13T16:00:00+00:00
95c01d1bb797d6df14824b106c5a9130,ATL@PIT,Ben Skowronek,fanatics,1500,2026-09-13T15:55:11+00:00,2026-09-13T15:55:36+00:00,2026-09-13T16:00:00+00:00
95c01d1bb797d6df14824b106c5a9130,ATL@PIT,Robert Tonyan,fanatics,1600,2026-09-13T15:55:11+00:00,2026-09-13T15:55:36+00:00,2026-09-13T16:00:00+00:00
95c01d1bb797d6df14824b106c5a9130,ATL@PIT,Riley Nowakowski,fanatics,1700,2026-09-13T15:55:11+00:00,2026-09-13T15:55:36+00:00,2026-09-13T16:00:00+00:00
95c01d1bb797d6df14824b106c5a9130,ATL@PIT,Eli Heidenreich,fanatics,1300,2026-09-13T15:55:11+00:00,2026-09-13T15:55:36+00:00,2026-09-13T16:00:00+00:00
95c01d1bb797d6df14824b106c5a9130,ATL@PIT,Cooper Rush,fanatics,2200,2026-09-13T15:55:11+00:00,2026-09-13T15:55:36+00:00,2026-09-13T16:00:00+00:00
95c01d1bb797d6df14824b106c5a9130,ATL@PIT,Roman Wilson,betrivers,575,2026-09-13T15:55:38+00:00,2026-09-13T15:55:36+00:00,2026-09-13T16:00:00+00:00
95c01d1bb797d6df14824b106c5a9130,ATL@PIT,Ben Skowronek,betrivers,1800,2026-09-13T15:55:38+00:00,2026-09-13T15:55:36+00:00,2026-09-13T16:00:00+00:00
95c01d1bb797d6df14824b106c5a9130,ATL@PIT,Drake London,betrivers,210,2026-09-13T15:55:38+00:00,2026-09-13T15:55:36+00:00,2026-09-13T16:00:00+00:00
95c01d1bb797d6df14824b106c5a9130,ATL@PIT,DK Metcalf,betrivers,180,2026-09-13T15:55:38+00:00,2026-09-13T15:55:36+00:00,2026-09-13T16:00:00+00:00
95c01d1bb797d6df14824b106c5a9130,ATL@PIT,Brian Robinson Jr.,betrivers,380,2026-09-13T15:55:38+00:00,2026-09-13T15:55:36+00:00,2026-09-13T16:00:00+00:00
95c01d1bb797d6df14824b106c5a9130,ATL@PIT,Michael Pittman Jr.,betrivers,240,2026-09-13T15:55:38+00:00,2026-09-13T15:55:36+00:00,2026-09-13T16:00:00+00:00
95c01d1bb797d6df14824b106c5a9130,ATL@PIT,Charlie Woerner,betrivers,2000,2026-09-13T15:55:38+00:00,2026-09-13T15:55:36+00:00,2026-09-13T16:00:00+00:00
95c01d1bb797d6df14824b106c5a9130,ATL@PIT,Kaden Wetjen,betrivers,1600,2026-09-13T15:55:38+00:00,2026-09-13T15:55:36+00:00,2026-09-13T16:00:00+00:00
95c01d1bb797d6df14824b106c5a9130,ATL@PIT,Olamide Zaccheaus,betrivers,1050,2026-09-13T15:55:38+00:00,2026-09-13T15:55:36+00:00,2026-09-13T16:00:00+00:00
95c01d1bb797d6df14824b106c5a9130,ATL@PIT,Pat Freiermuth,betrivers,375,2026-09-13T15:55:38+00:00,2026-09-13T15:55:36+00:00,2026-09-13T16:00:00+00:00
95c01d1bb797d6df14824b106c5a9130,ATL@PIT,Cooper Rush,betrivers,1100,2026-09-13T15:55:38+00:00,2026-09-13T15:55:36+00:00,2026-09-13T16:00:00+00:00
95c01d1bb797d6df14824b106c5a9130,ATL@PIT,Eli Heidenreich,betrivers,1200,2026-09-13T15:55:38+00:00,2026-09-13T15:55:36+00:00,2026-09-13T16:00:00+00:00
95c01d1bb797d6df14824b106c5a9130,ATL@PIT,Aaron Rodgers,betrivers,1700,2026-09-13T15:55:38+00:00,2026-09-13T15:55:36+00:00,2026-09-13T16:00:00+00:00
95c01d1bb797d6df14824b106c5a9130,ATL@PIT,Austin Hooper,betrivers,950,2026-09-13T15:55:38+00:00,2026-09-13T15:55:36+00:00,2026-09-13T16:00:00+00:00
95c01d1bb797d6df14824b106c5a9130,ATL@PIT,Robert Tonyan,betrivers,1400,2026-09-13T15:55:38+00:00,2026-09-13T15:55:36+00:00,2026-09-13T16:00:00+00:00
95c01d1bb797d6df14824b106c5a9130,ATL@PIT,Jaylen Warren,betrivers,102,2026-09-13T15:55:38+00:00,2026-09-13T15:55:36+00:00,2026-09-13T16:00:00+00:00
95c01d1bb797d6df14824b106c5a9130,ATL@PIT,Zachariah Branch,betrivers,750,2026-09-13T15:55:38+00:00,2026-09-13T15:55:36+00:00,2026-09-13T16:00:00+00:00
95c01d1bb797d6df14824b106c5a9130,ATL@PIT,Riley Nowakowski,betrivers,2000,2026-09-13T15:55:38+00:00,2026-09-13T15:55:36+00:00,2026-09-13T16:00:00+00:00
95c01d1bb797d6df14824b106c5a9130,ATL@PIT,Jahan Dotson,betrivers,650,2026-09-13T15:55:38+00:00,2026-09-13T15:55:36+00:00,2026-09-13T16:00:00+00:00
95c01d1bb797d6df14824b106c5a9130,ATL@PIT,Rico Dowdle,betrivers,130,2026-09-13T15:55:38+00:00,2026-09-13T15:55:36+00:00,2026-09-13T16:00:00+00:00
95c01d1bb797d6df14824b106c5a9130,ATL@PIT,Chris Blair,betrivers,1800,2026-09-13T15:55:38+00:00,2026-09-13T15:55:36+00:00,2026-09-13T16:00:00+00:00
95c01d1bb797d6df14824b106c5a9130,ATL@PIT,Darnell Washington,betrivers,550,2026-09-13T15:55:38+00:00,2026-09-13T15:55:36+00:00,2026-09-13T16:00:00+00:00
95c01d1bb797d6df14824b106c5a9130,ATL@PIT,Bijan Robinson,betrivers,-121,2026-09-13T15:55:38+00:00,2026-09-13T15:55:36+00:00,2026-09-13T16:00:00+00:00
95c01d1bb797d6df14824b106c5a9130,ATL@PIT,Kyle Pitts,betrivers,320,2026-09-13T15:55:38+00:00,2026-09-13T15:55:36+00:00,2026-09-13T16:00:00+00:00
95c01d1bb797d6df14824b106c5a9130,ATL@PIT,Germie Bernard,betrivers,600,2026-09-13T15:55:38+00:00,2026-09-13T15:55:36+00:00,2026-09-13T16:00:00+00:00
95c01d1bb797d6df14824b106c5a9130,ATL@PIT,Pat Freiermuth,betonlineag,350,2026-09-13T15:55:00+00:00,2026-09-13T15:55:36+00:00,2026-09-13T16:00:00+00:00
95c01d1bb797d6df14824b106c5a9130,ATL@PIT,Jaylen Warren,betonlineag,110,2026-09-13T15:55:00+00:00,2026-09-13T15:55:36+00:00,2026-09-13T16:00:00+00:00
95c01d1bb797d6df14824b106c5a9130,ATL@PIT,Kyle Pitts,betonlineag,350,2026-09-13T15:55:00+00:00,2026-09-13T15:55:36+00:00,2026-09-13T16:00:00+00:00
95c01d1bb797d6df14824b106c5a9130,ATL@PIT,Bijan Robinson,betonlineag,-125,2026-09-13T15:55:00+00:00,2026-09-13T15:55:36+00:00,2026-09-13T16:00:00+00:00
95c01d1bb797d6df14824b106c5a9130,ATL@PIT,Drake London,betonlineag,270,2026-09-13T15:55:00+00:00,2026-09-13T15:55:36+00:00,2026-09-13T16:00:00+00:00
95c01d1bb797d6df14824b106c5a9130,ATL@PIT,Michael Pittman Jr.,betonlineag,200,2026-09-13T15:55:00+00:00,2026-09-13T15:55:36+00:00,2026-09-13T16:00:00+00:00
95c01d1bb797d6df14824b106c5a9130,ATL@PIT,DK Metcalf,betonlineag,180,2026-09-13T15:55:00+00:00,2026-09-13T15:55:36+00:00,2026-09-13T16:00:00+00:00
95c01d1bb797d6df14824b106c5a9130,ATL@PIT,Darnell Washington,betonlineag,500,2026-09-13T15:55:00+00:00,2026-09-13T15:55:36+00:00,2026-09-13T16:00:00+00:00
95c01d1bb797d6df14824b106c5a9130,ATL@PIT,Rico Dowdle,betonlineag,120,2026-09-13T15:55:00+00:00,2026-09-13T15:55:36+00:00,2026-09-13T16:00:00+00:00
95c01d1bb797d6df14824b106c5a9130,ATL@PIT,Aaron Rodgers,betonlineag,1300,2026-09-13T15:55:00+00:00,2026-09-13T15:55:36+00:00,2026-09-13T16:00:00+00:00
95c01d1bb797d6df14824b106c5a9130,ATL@PIT,Brian Robinson Jr.,betonlineag,500,2026-09-13T15:55:00+00:00,2026-09-13T15:55:36+00:00,2026-09-13T16:00:00+00:00
95c01d1bb797d6df14824b106c5a9130,ATL@PIT,Jahan Dotson,betonlineag,700,2026-09-13T15:55:00+00:00,2026-09-13T15:55:36+00:00,2026-09-13T16:00:00+00:00
95c01d1bb797d6df14824b106c5a9130,ATL@PIT,Germie Bernard,betonlineag,650,2026-09-13T15:55:00+00:00,2026-09-13T15:55:36+00:00,2026-09-13T16:00:00+00:00
95c01d1bb797d6df14824b106c5a9130,ATL@PIT,Roman Wilson,betonlineag,600,2026-09-13T15:55:00+00:00,2026-09-13T15:55:36+00:00,2026-09-13T16:00:00+00:00
95c01d1bb797d6df14824b106c5a9130,ATL@PIT,Olamide Zaccheaus,betonlineag,800,2026-09-13T15:55:00+00:00,2026-09-13T15:55:36+00:00,2026-09-13T16:00:00+00:00
95c01d1bb797d6df14824b106c5a9130,ATL@PIT,Zachariah Branch,betonlineag,1000,2026-09-13T15:55:00+00:00,2026-09-13T15:55:36+00:00,2026-09-13T16:00:00+00:00
95c01d1bb797d6df14824b106c5a9130,ATL@PIT,Ben Skowronek,betonlineag,1300,2026-09-13T15:55:00+00:00,2026-09-13T15:55:36+00:00,2026-09-13T16:00:00+00:00
95c01d1bb797d6df14824b106c5a9130,ATL@PIT,Robert Tonyan,betonlineag,1100,2026-09-13T15:55:00+00:00,2026-09-13T15:55:36+00:00,2026-09-13T16:00:00+00:00
95c01d1bb797d6df14824b106c5a9130,ATL@PIT,Riley Nowakowski,betonlineag,1300,2026-09-13T15:55:00+00:00,2026-09-13T15:55:36+00:00,2026-09-13T16:00:00+00:00
95c01d1bb797d6df14824b106c5a9130,ATL@PIT,Charlie Woerner,betonlineag,3400,2026-09-13T15:55:00+00:00,2026-09-13T15:55:36+00:00,2026-09-13T16:00:00+00:00
95c01d1bb797d6df14824b106c5a9130,ATL@PIT,Austin Hooper,betonlineag,1000,2026-09-13T15:55:00+00:00,2026-09-13T15:55:36+00:00,2026-09-13T16:00:00+00:00
95c01d1bb797d6df14824b106c5a9130,ATL@PIT,Kaden Wetjen,betonlineag,1300,2026-09-13T15:55:00+00:00,2026-09-13T15:55:36+00:00,2026-09-13T16:00:00+00:00
95c01d1bb797d6df14824b106c5a9130,ATL@PIT,Eli Heidenreich,betonlineag,1100,2026-09-13T15:55:00+00:00,2026-09-13T15:55:36+00:00,2026-09-13T16:00:00+00:00
95c01d1bb797d6df14824b106c5a9130,ATL@PIT,Chris Blair,betonlineag,2400,2026-09-13T15:55:00+00:00,2026-09-13T15:55:36+00:00,2026-09-13T16:00:00+00:00
95c01d1bb797d6df14824b106c5a9130,ATL@PIT,Cooper Rush,betonlineag,1900,2026-09-13T15:55:00+00:00,2026-09-13T15:55:36+00:00,2026-09-13T16:00:00+00:00
95c01d1bb797d6df14824b106c5a9130,ATL@PIT,Bijan Robinson,fanduel,-120,2026-09-13T15:55:09+00:00,2026-09-13T15:55:36+00:00,2026-09-13T16:00:00+00:00
95c01d1bb797d6df14824b106c5a9130,ATL@PIT,Jaylen Warren,fanduel,120,2026-09-13T15:55:09+00:00,2026-09-13T15:55:36+00:00,2026-09-13T16:00:00+00:00
95c01d1bb797d6df14824b106c5a9130,ATL@PIT,Rico Dowdle,fanduel,135,2026-09-13T15:55:09+00:00,2026-09-13T15:55:36+00:00,2026-09-13T16:00:00+00:00
95c01d1bb797d6df14824b106c5a9130,ATL@PIT,DK Metcalf,fanduel,190,2026-09-13T15:55:09+00:00,2026-09-13T15:55:36+00:00,2026-09-13T16:00:00+00:00
95c01d1bb797d6df14824b106c5a9130,ATL@PIT,Michael Pittman Jr.,fanduel,240,2026-09-13T15:55:09+00:00,2026-09-13T15:55:36+00:00,2026-09-13T16:00:00+00:00
95c01d1bb797d6df14824b106c5a9130,ATL@PIT,Drake London,fanduel,270,2026-09-13T15:55:09+00:00,2026-09-13T15:55:36+00:00,2026-09-13T16:00:00+00:00
95c01d1bb797d6df14824b106c5a9130,ATL@PIT,Kyle Pitts,fanduel,400,2026-09-13T15:55:09+00:00,2026-09-13T15:55:36+00:00,2026-09-13T16:00:00+00:00
95c01d1bb797d6df14824b106c5a9130,ATL@PIT,Pat Freiermuth,fanduel,410,2026-09-13T15:55:09+00:00,2026-09-13T15:55:36+00:00,2026-09-13T16:00:00+00:00
95c01d1bb797d6df14824b106c5a9130,ATL@PIT,Brian Robinson Jr.,fanduel,500,2026-09-13T15:55:09+00:00,2026-09-13T15:55:36+00:00,2026-09-13T16:00:00+00:00
95c01d1bb797d6df14824b106c5a9130,ATL@PIT,Darnell Washington,fanduel,500,2026-09-13T15:55:09+00:00,2026-09-13T15:55:36+00:00,2026-09-13T16:00:00+00:00
95c01d1bb797d6df14824b106c5a9130,ATL@PIT,Pittsburgh Steelers Defense,fanduel,700,2026-09-13T15:55:09+00:00,2026-09-13T15:55:36+00:00,2026-09-13T16:00:00+00:00
95c01d1bb797d6df14824b106c5a9130,ATL@PIT,Atlanta Falcons Defense,fanduel,700,2026-09-13T15:55:09+00:00,2026-09-13T15:55:36+00:00,2026-09-13T16:00:00+00:00
95c01d1bb797d6df14824b106c5a9130,ATL@PIT,Jahan Dotson,fanduel,700,2026-09-13T15:55:09+00:00,2026-09-13T15:55:36+00:00,2026-09-13T16:00:00+00:00
95c01d1bb797d6df14824b106c5a9130,ATL@PIT,Roman Wilson,fanduel,700,2026-09-13T15:55:09+00:00,2026-09-13T15:55:36+00:00,2026-09-13T16:00:00+00:00
95c01d1bb797d6df14824b106c5a9130,ATL@PIT,Germie Bernard,fanduel,850,2026-09-13T15:55:09+00:00,2026-09-13T15:55:36+00:00,2026-09-13T16:00:00+00:00
95c01d1bb797d6df14824b106c5a9130,ATL@PIT,Olamide Zaccheaus,fanduel,900,2026-09-13T15:55:09+00:00,2026-09-13T15:55:36+00:00,2026-09-13T16:00:00+00:00
95c01d1bb797d6df14824b106c5a9130,ATL@PIT,Austin Hooper,fanduel,1000,2026-09-13T15:55:09+00:00,2026-09-13T15:55:36+00:00,2026-09-13T16:00:00+00:00
95c01d1bb797d6df14824b106c5a9130,ATL@PIT,Zachariah Branch,fanduel,1300,2026-09-13T15:55:09+00:00,2026-09-13T15:55:36+00:00,2026-09-13T16:00:00+00:00
95c01d1bb797d6df14824b106c5a9130,ATL@PIT,Riley Nowakowski,fanduel,1300,2026-09-13T15:55:09+00:00,2026-09-13T15:55:36+00:00,2026-09-13T16:00:00+00:00
95c01d1bb797d6df14824b106c5a9130,ATL@PIT,Robert Tonyan,fanduel,1400,2026-09-13T15:55:09+00:00,2026-09-13T15:55:36+00:00,2026-09-13T16:00:00+00:00
95c01d1bb797d6df14824b106c5a9130,ATL@PIT,Aaron Rodgers,fanduel,1600,2026-09-13T15:55:09+00:00,2026-09-13T15:55:36+00:00,2026-09-13T16:00:00+00:00
95c01d1bb797d6df14824b106c5a9130,ATL@PIT,Kaden Wetjen,fanduel,1700,2026-09-13T15:55:09+00:00,2026-09-13T15:55:36+00:00,2026-09-13T16:00:00+00:00
95c01d1bb797d6df14824b106c5a9130,ATL@PIT,Eli Heidenreich,fanduel,1800,2026-09-13T15:55:09+00:00,2026-09-13T15:55:36+00:00,2026-09-13T16:00:00+00:00
95c01d1bb797d6df14824b106c5a9130,ATL@PIT,Ben Skowronek,fanduel,2200,2026-09-13T15:55:09+00:00,2026-09-13T15:55:36+00:00,2026-09-13T16:00:00+00:00
95c01d1bb797d6df14824b106c5a9130,ATL@PIT,Cooper Rush,fanduel,2700,2026-09-13T15:55:09+00:00,2026-09-13T15:55:36+00:00,2026-09-13T16:00:00+00:00
95c01d1bb797d6df14824b106c5a9130,ATL@PIT,Chris Blair,fanduel,3300,2026-09-13T15:55:09+00:00,2026-09-13T15:55:36+00:00,2026-09-13T16:00:00+00:00
95c01d1bb797d6df14824b106c5a9130,ATL@PIT,Charlie Woerner,fanduel,4000,2026-09-13T15:55:09+00:00,2026-09-13T15:55:36+00:00,2026-09-13T16:00:00+00:00
95c01d1bb797d6df14824b106c5a9130,ATL@PIT,Bijan Robinson,williamhill_us,-122,2026-09-13T15:55:30+00:00,2026-09-13T15:55:36+00:00,2026-09-13T16:00:00+00:00
95c01d1bb797d6df14824b106c5a9130,ATL@PIT,Jaylen Warren,williamhill_us,120,2026-09-13T15:55:30+00:00,2026-09-13T15:55:36+00:00,2026-09-13T16:00:00+00:00
95c01d1bb797d6df14824b106c5a9130,ATL@PIT,Rico Dowdle,williamhill_us,125,2026-09-13T15:55:30+00:00,2026-09-13T15:55:36+00:00,2026-09-13T16:00:00+00:00
95c01d1bb797d6df14824b106c5a9130,ATL@PIT,DK Metcalf,williamhill_us,184,2026-09-13T15:55:30+00:00,2026-09-13T15:55:36+00:00,2026-09-13T16:00:00+00:00
95c01d1bb797d6df14824b106c5a9130,ATL@PIT,Michael Pittman Jr.,williamhill_us,215,2026-09-13T15:55:30+00:00,2026-09-13T15:55:36+00:00,2026-09-13T16:00:00+00:00
95c01d1bb797d6df14824b106c5a9130,ATL@PIT,Drake London,williamhill_us,265,2026-09-13T15:55:30+00:00,2026-09-13T15:55:36+00:00,2026-09-13T16:00:00+00:00
95c01d1bb797d6df14824b106c5a9130,ATL@PIT,Pat Freiermuth,williamhill_us,350,2026-09-13T15:55:30+00:00,2026-09-13T15:55:36+00:00,2026-09-13T16:00:00+00:00
95c01d1bb797d6df14824b106c5a9130,ATL@PIT,Kyle Pitts,williamhill_us,375,2026-09-13T15:55:30+00:00,2026-09-13T15:55:36+00:00,2026-09-13T16:00:00+00:00
95c01d1bb797d6df14824b106c5a9130,ATL@PIT,Brian Robinson Jr.,williamhill_us,500,2026-09-13T15:55:30+00:00,2026-09-13T15:55:36+00:00,2026-09-13T16:00:00+00:00
95c01d1bb797d6df14824b106c5a9130,ATL@PIT,Darnell Washington,williamhill_us,550,2026-09-13T15:55:30+00:00,2026-09-13T15:55:36+00:00,2026-09-13T16:00:00+00:00
95c01d1bb797d6df14824b106c5a9130,ATL@PIT,Germie Bernard,williamhill_us,625,2026-09-13T15:55:30+00:00,2026-09-13T15:55:36+00:00,2026-09-13T16:00:00+00:00
95c01d1bb797d6df14824b106c5a9130,ATL@PIT,Jahan Dotson,williamhill_us,675,2026-09-13T15:55:30+00:00,2026-09-13T15:55:36+00:00,2026-09-13T16:00:00+00:00
95c01d1bb797d6df14824b106c5a9130,ATL@PIT,Roman Wilson,williamhill_us,700,2026-09-13T15:55:30+00:00,2026-09-13T15:55:36+00:00,2026-09-13T16:00:00+00:00
95c01d1bb797d6df14824b106c5a9130,ATL@PIT,Olamide Zaccheaus,williamhill_us,850,2026-09-13T15:55:30+00:00,2026-09-13T15:55:36+00:00,2026-09-13T16:00:00+00:00
95c01d1bb797d6df14824b106c5a9130,ATL@PIT,Zachariah Branch,williamhill_us,1000,2026-09-13T15:55:30+00:00,2026-09-13T15:55:36+00:00,2026-09-13T16:00:00+00:00
95c01d1bb797d6df14824b106c5a9130,ATL@PIT,Austin Hooper,williamhill_us,1000,2026-09-13T15:55:30+00:00,2026-09-13T15:55:36+00:00,2026-09-13T16:00:00+00:00
95c01d1bb797d6df14824b106c5a9130,ATL@PIT,Eli Heidenreich,williamhill_us,1200,2026-09-13T15:55:30+00:00,2026-09-13T15:55:36+00:00,2026-09-13T16:00:00+00:00
95c01d1bb797d6df14824b106c5a9130,ATL@PIT,Aaron Rodgers,williamhill_us,1300,2026-09-13T15:55:30+00:00,2026-09-13T15:55:36+00:00,2026-09-13T16:00:00+00:00
95c01d1bb797d6df14824b106c5a9130,ATL@PIT,Ben Skowronek,williamhill_us,1300,2026-09-13T15:55:30+00:00,2026-09-13T15:55:36+00:00,2026-09-13T16:00:00+00:00
95c01d1bb797d6df14824b106c5a9130,ATL@PIT,Robert Tonyan,williamhill_us,1300,2026-09-13T15:55:30+00:00,2026-09-13T15:55:36+00:00,2026-09-13T16:00:00+00:00
95c01d1bb797d6df14824b106c5a9130,ATL@PIT,Kaden Wetjen,williamhill_us,1400,2026-09-13T15:55:30+00:00,2026-09-13T15:55:36+00:00,2026-09-13T16:00:00+00:00
95c01d1bb797d6df14824b106c5a9130,ATL@PIT,Riley Nowakowski,williamhill_us,1400,2026-09-13T15:55:30+00:00,2026-09-13T15:55:36+00:00,2026-09-13T16:00:00+00:00
95c01d1bb797d6df14824b106c5a9130,ATL@PIT,Cooper Rush,williamhill_us,2100,2026-09-13T15:55:30+00:00,2026-09-13T15:55:36+00:00,2026-09-13T16:00:00+00:00
95c01d1bb797d6df14824b106c5a9130,ATL@PIT,Chris Blair,williamhill_us,2600,2026-09-13T15:55:30+00:00,2026-09-13T15:55:36+00:00,2026-09-13T16:00:00+00:00
95c01d1bb797d6df14824b106c5a9130,ATL@PIT,Charlie Woerner,williamhill_us,3500,2026-09-13T15:55:30+00:00,2026-09-13T15:55:36+00:00,2026-09-13T16:00:00+00:00
95c01d1bb797d6df14824b106c5a9130,ATL@PIT,Kaden Wetjen,betmgm,1500,2026-09-13T15:53:33+00:00,2026-09-13T15:55:36+00:00,2026-09-13T16:00:00+00:00
95c01d1bb797d6df14824b106c5a9130,ATL@PIT,Michael Pittman Jr.,betmgm,250,2026-09-13T15:53:33+00:00,2026-09-13T15:55:36+00:00,2026-09-13T16:00:00+00:00
95c01d1bb797d6df14824b106c5a9130,ATL@PIT,Jaylen Warren,betmgm,110,2026-09-13T15:53:33+00:00,2026-09-13T15:55:36+00:00,2026-09-13T16:00:00+00:00
95c01d1bb797d6df14824b106c5a9130,ATL@PIT,Bijan Robinson,betmgm,-125,2026-09-13T15:53:33+00:00,2026-09-13T15:55:36+00:00,2026-09-13T16:00:00+00:00
95c01d1bb797d6df14824b106c5a9130,ATL@PIT,Jahan Dotson,betmgm,675,2026-09-13T15:53:33+00:00,2026-09-13T15:55:36+00:00,2026-09-13T16:00:00+00:00
95c01d1bb797d6df14824b106c5a9130,ATL@PIT,Olamide Zaccheaus,betmgm,1000,2026-09-13T15:53:33+00:00,2026-09-13T15:55:36+00:00,2026-09-13T16:00:00+00:00
95c01d1bb797d6df14824b106c5a9130,ATL@PIT,Brian Robinson Jr.,betmgm,380,2026-09-13T15:53:33+00:00,2026-09-13T15:55:36+00:00,2026-09-13T16:00:00+00:00
95c01d1bb797d6df14824b106c5a9130,ATL@PIT,Germie Bernard,betmgm,625,2026-09-13T15:53:33+00:00,2026-09-13T15:55:36+00:00,2026-09-13T16:00:00+00:00
95c01d1bb797d6df14824b106c5a9130,ATL@PIT,Atlanta Falcons D/ST,betmgm,625,2026-09-13T15:53:33+00:00,2026-09-13T15:55:36+00:00,2026-09-13T16:00:00+00:00
95c01d1bb797d6df14824b106c5a9130,ATL@PIT,Roman Wilson,betmgm,525,2026-09-13T15:53:33+00:00,2026-09-13T15:55:36+00:00,2026-09-13T16:00:00+00:00
95c01d1bb797d6df14824b106c5a9130,ATL@PIT,DK Metcalf,betmgm,185,2026-09-13T15:53:33+00:00,2026-09-13T15:55:36+00:00,2026-09-13T16:00:00+00:00
95c01d1bb797d6df14824b106c5a9130,ATL@PIT,Drake London,betmgm,220,2026-09-13T15:53:33+00:00,2026-09-13T15:55:36+00:00,2026-09-13T16:00:00+00:00
95c01d1bb797d6df14824b106c5a9130,ATL@PIT,Charlie Woerner,betmgm,2500,2026-09-13T15:53:33+00:00,2026-09-13T15:55:36+00:00,2026-09-13T16:00:00+00:00
95c01d1bb797d6df14824b106c5a9130,ATL@PIT,Zachariah Branch,betmgm,1050,2026-09-13T15:53:33+00:00,2026-09-13T15:55:36+00:00,2026-09-13T16:00:00+00:00
95c01d1bb797d6df14824b106c5a9130,ATL@PIT,Kyle Pitts,betmgm,310,2026-09-13T15:53:33+00:00,2026-09-13T15:55:36+00:00,2026-09-13T16:00:00+00:00
95c01d1bb797d6df14824b106c5a9130,ATL@PIT,Aaron Rodgers,betmgm,1600,2026-09-13T15:53:33+00:00,2026-09-13T15:55:36+00:00,2026-09-13T16:00:00+00:00
95c01d1bb797d6df14824b106c5a9130,ATL@PIT,Rico Dowdle,betmgm,105,2026-09-13T15:53:33+00:00,2026-09-13T15:55:36+00:00,2026-09-13T16:00:00+00:00
95c01d1bb797d6df14824b106c5a9130,ATL@PIT,Pittsburgh Steelers D/ST,betmgm,400,2026-09-13T15:53:33+00:00,2026-09-13T15:55:36+00:00,2026-09-13T16:00:00+00:00
95c01d1bb797d6df14824b106c5a9130,ATL@PIT,Darnell Washington,betmgm,500,2026-09-13T15:53:33+00:00,2026-09-13T15:55:36+00:00,2026-09-13T16:00:00+00:00
95c01d1bb797d6df14824b106c5a9130,ATL@PIT,Austin Hooper,betmgm,1200,2026-09-13T15:53:33+00:00,2026-09-13T15:55:36+00:00,2026-09-13T16:00:00+00:00
95c01d1bb797d6df14824b106c5a9130,ATL@PIT,Pat Freiermuth,betmgm,340,2026-09-13T15:53:33+00:00,2026-09-13T15:55:36+00:00,2026-09-13T16:00:00+00:00
95c01d1bb797d6df14824b106c5a9130,ATL@PIT,Cooper Rush,betmgm,1750,2026-09-13T15:53:33+00:00,2026-09-13T15:55:36+00:00,2026-09-13T16:00:00+00:00
95c01d1bb797d6df14824b106c5a9130,ATL@PIT,Eli Heidenreich,betmgm,1650,2026-09-13T15:53:33+00:00,2026-09-13T15:55:36+00:00,2026-09-13T16:00:00+00:00
95c01d1bb797d6df14824b106c5a9130,ATL@PIT,Cooper Rush,bovada,2200,2026-09-13T15:54:46+00:00,2026-09-13T15:55:36+00:00,2026-09-13T16:00:00+00:00
95c01d1bb797d6df14824b106c5a9130,ATL@PIT,Zachariah Branch,bovada,1000,2026-09-13T15:54:46+00:00,2026-09-13T15:55:36+00:00,2026-09-13T16:00:00+00:00
95c01d1bb797d6df14824b106c5a9130,ATL@PIT,Kaden Wetjen,bovada,1600,2026-09-13T15:54:46+00:00,2026-09-13T15:55:36+00:00,2026-09-13T16:00:00+00:00
95c01d1bb797d6df14824b106c5a9130,ATL@PIT,Ben Skowronek,bovada,1300,2026-09-13T15:54:46+00:00,2026-09-13T15:55:36+00:00,2026-09-13T16:00:00+00:00
95c01d1bb797d6df14824b106c5a9130,ATL@PIT,Eli Heidenreich,bovada,1200,2026-09-13T15:54:46+00:00,2026-09-13T15:55:36+00:00,2026-09-13T16:00:00+00:00
95c01d1bb797d6df14824b106c5a9130,ATL@PIT,Robert Tonyan,bovada,1300,2026-09-13T15:54:46+00:00,2026-09-13T15:55:36+00:00,2026-09-13T16:00:00+00:00
95c01d1bb797d6df14824b106c5a9130,ATL@PIT,Riley Nowakowski,bovada,1500,2026-09-13T15:54:46+00:00,2026-09-13T15:55:36+00:00,2026-09-13T16:00:00+00:00
95c01d1bb797d6df14824b106c5a9130,ATL@PIT,Austin Hooper,bovada,1200,2026-09-13T15:54:46+00:00,2026-09-13T15:55:36+00:00,2026-09-13T16:00:00+00:00
95c01d1bb797d6df14824b106c5a9130,ATL@PIT,Charlie Woerner,bovada,3300,2026-09-13T15:54:46+00:00,2026-09-13T15:55:36+00:00,2026-09-13T16:00:00+00:00
95c01d1bb797d6df14824b106c5a9130,ATL@PIT,Chris Blair,bovada,2500,2026-09-13T15:54:46+00:00,2026-09-13T15:55:36+00:00,2026-09-13T16:00:00+00:00
95c01d1bb797d6df14824b106c5a9130,ATL@PIT,Atlanta Falcons D/ST,bovada,600,2026-09-13T15:54:46+00:00,2026-09-13T15:55:36+00:00,2026-09-13T16:00:00+00:00
95c01d1bb797d6df14824b106c5a9130,ATL@PIT,Roman Wilson,bovada,800,2026-09-13T15:54:46+00:00,2026-09-13T15:55:36+00:00,2026-09-13T16:00:00+00:00
95c01d1bb797d6df14824b106c5a9130,ATL@PIT,Olamide Zaccheaus,bovada,825,2026-09-13T15:54:46+00:00,2026-09-13T15:55:36+00:00,2026-09-13T16:00:00+00:00
95c01d1bb797d6df14824b106c5a9130,ATL@PIT,Drake London,bovada,275,2026-09-13T15:54:46+00:00,2026-09-13T15:55:36+00:00,2026-09-13T16:00:00+00:00
95c01d1bb797d6df14824b106c5a9130,ATL@PIT,Jaylen Warren,bovada,135,2026-09-13T15:54:46+00:00,2026-09-13T15:55:36+00:00,2026-09-13T16:00:00+00:00
95c01d1bb797d6df14824b106c5a9130,ATL@PIT,Aaron Rodgers,bovada,1300,2026-09-13T15:54:46+00:00,2026-09-13T15:55:36+00:00,2026-09-13T16:00:00+00:00
95c01d1bb797d6df14824b106c5a9130,ATL@PIT,Pat Freiermuth,bovada,370,2026-09-13T15:54:46+00:00,2026-09-13T15:55:36+00:00,2026-09-13T16:00:00+00:00
95c01d1bb797d6df14824b106c5a9130,ATL@PIT,Pittsburgh Steelers D/ST,bovada,460,2026-09-13T15:54:46+00:00,2026-09-13T15:55:36+00:00,2026-09-13T16:00:00+00:00
95c01d1bb797d6df14824b106c5a9130,ATL@PIT,Kyle Pitts,bovada,400,2026-09-13T15:54:46+00:00,2026-09-13T15:55:36+00:00,2026-09-13T16:00:00+00:00
95c01d1bb797d6df14824b106c5a9130,ATL@PIT,Jahan Dotson,bovada,800,2026-09-13T15:54:46+00:00,2026-09-13T15:55:36+00:00,2026-09-13T16:00:00+00:00
95c01d1bb797d6df14824b106c5a9130,ATL@PIT,Rico Dowdle,bovada,135,2026-09-13T15:54:46+00:00,2026-09-13T15:55:36+00:00,2026-09-13T16:00:00+00:00
95c01d1bb797d6df14824b106c5a9130,ATL@PIT,Michael Pittman Jr.,bovada,200,2026-09-13T15:54:46+00:00,2026-09-13T15:55:36+00:00,2026-09-13T16:00:00+00:00
95c01d1bb797d6df14824b106c5a9130,ATL@PIT,Bijan Robinson,bovada,-125,2026-09-13T15:54:46+00:00,2026-09-13T15:55:36+00:00,2026-09-13T16:00:00+00:00
95c01d1bb797d6df14824b106c5a9130,ATL@PIT,Germie Bernard,bovada,625,2026-09-13T15:54:46+00:00,2026-09-13T15:55:36+00:00,2026-09-13T16:00:00+00:00
95c01d1bb797d6df14824b106c5a9130,ATL@PIT,DK Metcalf,bovada,185,2026-09-13T15:54:46+00:00,2026-09-13T15:55:36+00:00,2026-09-13T16:00:00+00:00
95c01d1bb797d6df14824b106c5a9130,ATL@PIT,Darnell Washington,bovada,525,2026-09-13T15:54:46+00:00,2026-09-13T15:55:36+00:00,2026-09-13T16:00:00+00:00
95c01d1bb797d6df14824b106c5a9130,ATL@PIT,Brian Robinson Jr.,bovada,500,2026-09-13T15:54:46+00:00,2026-09-13T15:55:36+00:00,2026-09-13T16:00:00+00:00
b6cfdcbafa61ce220ba87dc2d9b80c77,BAL@IND,Jonathan Taylor,draftkings,-185,2026-09-13T15:55:37+00:00,2026-09-13T15:55:36+00:00,2026-09-13T16:00:00+00:00
b6cfdcbafa61ce220ba87dc2d9b80c77,BAL@IND,Derrick Henry,draftkings,-185,2026-09-13T15:55:37+00:00,2026-09-13T15:55:36+00:00,2026-09-13T16:00:00+00:00
b6cfdcbafa61ce220ba87dc2d9b80c77,BAL@IND,Zay Flowers,draftkings,155,2026-09-13T15:55:37+00:00,2026-09-13T15:55:36+00:00,2026-09-13T16:00:00+00:00
b6cfdcbafa61ce220ba87dc2d9b80c77,BAL@IND,Mark Andrews,draftkings,170,2026-09-13T15:55:37+00:00,2026-09-13T15:55:36+00:00,2026-09-13T16:00:00+00:00
b6cfdcbafa61ce220ba87dc2d9b80c77,BAL@IND,Tyler Warren,draftkings,195,2026-09-13T15:55:37+00:00,2026-09-13T15:55:36+00:00,2026-09-13T16:00:00+00:00
b6cfdcbafa61ce220ba87dc2d9b80c77,BAL@IND,Lamar Jackson,draftkings,265,2026-09-13T15:55:37+00:00,2026-09-13T15:55:36+00:00,2026-09-13T16:00:00+00:00
b6cfdcbafa61ce220ba87dc2d9b80c77,BAL@IND,Rashod Bateman,draftkings,275,2026-09-13T15:55:37+00:00,2026-09-13T15:55:36+00:00,2026-09-13T16:00:00+00:00
b6cfdcbafa61ce220ba87dc2d9b80c77,BAL@IND,Josh Downs,draftkings,280,2026-09-13T15:55:37+00:00,2026-09-13T15:55:36+00:00,2026-09-13T16:00:00+00:00
b6cfdcbafa61ce220ba87dc2d9b80c77,BAL@IND,Keenan Allen,draftkings,320,2026-09-13T15:55:37+00:00,2026-09-13T15:55:36+00:00,2026-09-13T16:00:00+00:00
b6cfdcbafa61ce220ba87dc2d9b80c77,BAL@IND,Alec Pierce,draftkings,360,2026-09-13T15:55:37+00:00,2026-09-13T15:55:36+00:00,2026-09-13T16:00:00+00:00
b6cfdcbafa61ce220ba87dc2d9b80c77,BAL@IND,Daniel Jones,draftkings,425,2026-09-13T15:55:37+00:00,2026-09-13T15:55:36+00:00,2026-09-13T16:00:00+00:00
b6cfdcbafa61ce220ba87dc2d9b80c77,BAL@IND,Ja'Kobi Lane,draftkings,450,2026-09-13T15:55:37+00:00,2026-09-13T15:55:36+00:00,2026-09-13T16:00:00+00:00
b6cfdcbafa61ce220ba87dc2d9b80c77,BAL@IND,Justice Hill,draftkings,550,2026-09-13T15:55:37+00:00,2026-09-13T15:55:36+00:00,2026-09-13T16:00:00+00:00
b6cfdcbafa61ce220ba87dc2d9b80c77,BAL@IND,Indianapolis Colts D/ST,draftkings,600,2026-09-13T15:55:37+00:00,2026-09-13T15:55:36+00:00,2026-09-13T16:00:00+00:00
b6cfdcbafa61ce220ba87dc2d9b80c77,BAL@IND,Baltimore Ravens D/ST,draftkings,600,2026-09-13T15:55:37+00:00,2026-09-13T15:55:36+00:00,2026-09-13T16:00:00+00:00
b6cfdcbafa61ce220ba87dc2d9b80c77,BAL@IND,Mo Alie-Cox,draftkings,800,2026-09-13T15:55:37+00:00,2026-09-13T15:55:36+00:00,2026-09-13T16:00:00+00:00
b6cfdcbafa61ce220ba87dc2d9b80c77,BAL@IND,Seth McGowan,draftkings,800,2026-09-13T15:55:37+00:00,2026-09-13T15:55:36+00:00,2026-09-13T16:00:00+00:00
b6cfdcbafa61ce220ba87dc2d9b80c77,BAL@IND,Ashton Dulin,draftkings,1100,2026-09-13T15:55:37+00:00,2026-09-13T15:55:36+00:00,2026-09-13T16:00:00+00:00
b6cfdcbafa61ce220ba87dc2d9b80c77,BAL@IND,Durham Smythe,draftkings,1100,2026-09-13T15:55:37+00:00,2026-09-13T15:55:36+00:00,2026-09-13T16:00:00+00:00
b6cfdcbafa61ce220ba87dc2d9b80c77,BAL@IND,Matthew Hibner,draftkings,1400,2026-09-13T15:55:37+00:00,2026-09-13T15:55:36+00:00,2026-09-13T16:00:00+00:00
b6cfdcbafa61ce220ba87dc2d9b80c77,BAL@IND,Rasheen Ali,draftkings,1600,2026-09-13T15:55:37+00:00,2026-09-13T15:55:36+00:00,2026-09-13T16:00:00+00:00
b6cfdcbafa61ce220ba87dc2d9b80c77,BAL@IND,Chris Moore,draftkings,1900,2026-09-13T15:55:37+00:00,2026-09-13T15:55:36+00:00,2026-09-13T16:00:00+00:00
b6cfdcbafa61ce220ba87dc2d9b80c77,BAL@IND,Josh Cuevas,draftkings,1900,2026-09-13T15:55:37+00:00,2026-09-13T15:55:36+00:00,2026-09-13T16:00:00+00:00
b6cfdcbafa61ce220ba87dc2d9b80c77,BAL@IND,Drew Ogletree,draftkings,2000,2026-09-13T15:55:37+00:00,2026-09-13T15:55:36+00:00,2026-09-13T16:00:00+00:00
b6cfdcbafa61ce220ba87dc2d9b80c77,BAL@IND,Laquon Treadwell,draftkings,2000,2026-09-13T15:55:37+00:00,2026-09-13T15:55:36+00:00,2026-09-13T16:00:00+00:00
b6cfdcbafa61ce220ba87dc2d9b80c77,BAL@IND,LaJohntay Wester,draftkings,2000,2026-09-13T15:55:37+00:00,2026-09-13T15:55:36+00:00,2026-09-13T16:00:00+00:00
b6cfdcbafa61ce220ba87dc2d9b80c77,BAL@IND,Deion Burks,draftkings,2200,2026-09-13T15:55:37+00:00,2026-09-13T15:55:36+00:00,2026-09-13T16:00:00+00:00
b6cfdcbafa61ce220ba87dc2d9b80c77,BAL@IND,No Scorer,fanatics,8000,2026-09-13T15:53:44+00:00,2026-09-13T15:55:36+00:00,2026-09-13T16:00:00+00:00
b6cfdcbafa61ce220ba87dc2d9b80c77,BAL@IND,Mo Alie-Cox,fanatics,900,2026-09-13T15:53:44+00:00,2026-09-13T15:55:36+00:00,2026-09-13T16:00:00+00:00
b6cfdcbafa61ce220ba87dc2d9b80c77,BAL@IND,Ashton Dulin,fanatics,1000,2026-09-13T15:53:44+00:00,2026-09-13T15:55:36+00:00,2026-09-13T16:00:00+00:00
b6cfdcbafa61ce220ba87dc2d9b80c77,BAL@IND,Jonathan Taylor,fanatics,-165,2026-09-13T15:53:44+00:00,2026-09-13T15:55:36+00:00,2026-09-13T16:00:00+00:00
b6cfdcbafa61ce220ba87dc2d9b80c77,BAL@IND,Alec Pierce,fanatics,340,2026-09-13T15:53:44+00:00,2026-09-13T15:55:36+00:00,2026-09-13T16:00:00+00:00
b6cfdcbafa61ce220ba87dc2d9b80c77,BAL@IND,Josh Downs,fanatics,325,2026-09-13T15:53:44+00:00,2026-09-13T15:55:36+00:00,2026-09-13T16:00:00+00:00
b6cfdcbafa61ce220ba87dc2d9b80c77,BAL@IND,Tyler Warren,fanatics,230,2026-09-13T15:53:44+00:00,2026-09-13T15:55:36+00:00,2026-09-13T16:00:00+00:00
b6cfdcbafa61ce220ba87dc2d9b80c77,BAL@IND,Indianapolis Colts D/ST,fanatics,550,2026-09-13T15:53:44+00:00,2026-09-13T15:55:36+00:00,2026-09-13T16:00:00+00:00
b6cfdcbafa61ce220ba87dc2d9b80c77,BAL@IND,Mark Andrews,fanatics,200,2026-09-13T15:53:44+00:00,2026-09-13T15:55:36+00:00,2026-09-13T16:00:00+00:00
b6cfdcbafa61ce220ba87dc2d9b80c77,BAL@IND,Derrick Henry,fanatics,-175,2026-09-13T15:53:44+00:00,2026-09-13T15:55:36+00:00,2026-09-13T16:00:00+00:00
b6cfdcbafa61ce220ba87dc2d9b80c77,BAL@IND,Justice Hill,fanatics,550,2026-09-13T15:53:44+00:00,2026-09-13T15:55:36+00:00,2026-09-13T16:00:00+00:00
b6cfdcbafa61ce220ba87dc2d9b80c77,BAL@IND,Rashod Bateman,fanatics,325,2026-09-13T15:53:44+00:00,2026-09-13T15:55:36+00:00,2026-09-13T16:00:00+00:00
b6cfdcbafa61ce220ba87dc2d9b80c77,BAL@IND,Zay Flowers,fanatics,175,2026-09-13T15:53:44+00:00,2026-09-13T15:55:36+00:00,2026-09-13T16:00:00+00:00
b6cfdcbafa61ce220ba87dc2d9b80c77,BAL@IND,LaJohntay Wester,fanatics,2200,2026-09-13T15:53:44+00:00,2026-09-13T15:55:36+00:00,2026-09-13T16:00:00+00:00
b6cfdcbafa61ce220ba87dc2d9b80c77,BAL@IND,Baltimore Ravens D/ST,fanatics,550,2026-09-13T15:53:44+00:00,2026-09-13T15:55:36+00:00,2026-09-13T16:00:00+00:00
b6cfdcbafa61ce220ba87dc2d9b80c77,BAL@IND,Seth McGowan,fanatics,800,2026-09-13T15:53:44+00:00,2026-09-13T15:55:36+00:00,2026-09-13T16:00:00+00:00
b6cfdcbafa61ce220ba87dc2d9b80c77,BAL@IND,Josh Cuevas,fanatics,2200,2026-09-13T15:53:44+00:00,2026-09-13T15:55:36+00:00,2026-09-13T16:00:00+00:00
b6cfdcbafa61ce220ba87dc2d9b80c77,BAL@IND,Ja'Kobi Lane,fanatics,420,2026-09-13T15:53:44+00:00,2026-09-13T15:55:36+00:00,2026-09-13T16:00:00+00:00
b6cfdcbafa61ce220ba87dc2d9b80c77,BAL@IND,Durham Smythe,fanatics,1000,2026-09-13T15:53:44+00:00,2026-09-13T15:55:36+00:00,2026-09-13T16:00:00+00:00
b6cfdcbafa61ce220ba87dc2d9b80c77,BAL@IND,Daniel Jones,fanatics,450,2026-09-13T15:53:44+00:00,2026-09-13T15:55:36+00:00,2026-09-13T16:00:00+00:00
b6cfdcbafa61ce220ba87dc2d9b80c77,BAL@IND,Deion Burks,fanatics,3000,2026-09-13T15:53:44+00:00,2026-09-13T15:55:36+00:00,2026-09-13T16:00:00+00:00
b6cfdcbafa61ce220ba87dc2d9b80c77,BAL@IND,Laquon Treadwell,fanatics,2500,2026-09-13T15:53:44+00:00,2026-09-13T15:55:36+00:00,2026-09-13T16:00:00+00:00
b6cfdcbafa61ce220ba87dc2d9b80c77,BAL@IND,Lamar Jackson,fanatics,280,2026-09-13T15:53:44+00:00,2026-09-13T15:55:36+00:00,2026-09-13T16:00:00+00:00
b6cfdcbafa61ce220ba87dc2d9b80c77,BAL@IND,Drew Ogletree,fanatics,2800,2026-09-13T15:53:44+00:00,2026-09-13T15:55:36+00:00,2026-09-13T16:00:00+00:00
b6cfdcbafa61ce220ba87dc2d9b80c77,BAL@IND,Keenan Allen,fanatics,380,2026-09-13T15:53:44+00:00,2026-09-13T15:55:36+00:00,2026-09-13T16:00:00+00:00
b6cfdcbafa61ce220ba87dc2d9b80c77,BAL@IND,Rasheen Ali,fanatics,1900,2026-09-13T15:53:44+00:00,2026-09-13T15:55:36+00:00,2026-09-13T16:00:00+00:00
b6cfdcbafa61ce220ba87dc2d9b80c77,BAL@IND,Matthew Hibner,fanatics,1700,2026-09-13T15:53:44+00:00,2026-09-13T15:55:36+00:00,2026-09-13T16:00:00+00:00
b6cfdcbafa61ce220ba87dc2d9b80c77,BAL@IND,Rasheen Ali,betrivers,1300,2026-09-13T15:55:06+00:00,2026-09-13T15:55:36+00:00,2026-09-13T16:00:00+00:00
b6cfdcbafa61ce220ba87dc2d9b80c77,BAL@IND,Durham Smythe,betrivers,900,2026-09-13T15:55:06+00:00,2026-09-13T15:55:36+00:00,2026-09-13T16:00:00+00:00
b6cfdcbafa61ce220ba87dc2d9b80c77,BAL@IND,Seth McGowan,betrivers,500,2026-09-13T15:55:06+00:00,2026-09-13T15:55:36+00:00,2026-09-13T16:00:00+00:00
b6cfdcbafa61ce220ba87dc2d9b80c77,BAL@IND,Jonathan Taylor,betrivers,-230,2026-09-13T15:55:06+00:00,2026-09-13T15:55:36+00:00,2026-09-13T16:00:00+00:00
b6cfdcbafa61ce220ba87dc2d9b80c77,BAL@IND,Derrick Henry,betrivers,-195,2026-09-13T15:55:06+00:00,2026-09-13T15:55:36+00:00,2026-09-13T16:00:00+00:00
b6cfdcbafa61ce220ba87dc2d9b80c77,BAL@IND,Alec Pierce,betrivers,310,2026-09-13T15:55:06+00:00,2026-09-13T15:55:36+00:00,2026-09-13T16:00:00+00:00
b6cfdcbafa61ce220ba87dc2d9b80c77,BAL@IND,Lamar Jackson,betrivers,200,2026-09-13T15:55:06+00:00,2026-09-13T15:55:36+00:00,2026-09-13T16:00:00+00:00
b6cfdcbafa61ce220ba87dc2d9b80c77,BAL@IND,Ja'Kobi Lane,betrivers,350,2026-09-13T15:55:06+00:00,2026-09-13T15:55:36+00:00,2026-09-13T16:00:00+00:00
b6cfdcbafa61ce220ba87dc2d9b80c77,BAL@IND,Mo Alie-Cox,betrivers,1050,2026-09-13T15:55:06+00:00,2026-09-13T15:55:36+00:00,2026-09-13T16:00:00+00:00
b6cfdcbafa61ce220ba87dc2d9b80c77,BAL@IND,Keenan Allen,betrivers,325,2026-09-13T15:55:06+00:00,2026-09-13T15:55:36+00:00,2026-09-13T16:00:00+00:00
b6cfdcbafa61ce220ba87dc2d9b80c77,BAL@IND,Justice Hill,betrivers,500,2026-09-13T15:55:06+00:00,2026-09-13T15:55:36+00:00,2026-09-13T16:00:00+00:00
b6cfdcbafa61ce220ba87dc2d9b80c77,BAL@IND,Josh Cuevas,betrivers,1600,2026-09-13T15:55:06+00:00,2026-09-13T15:55:36+00:00,2026-09-13T16:00:00+00:00
b6cfdcbafa61ce220ba87dc2d9b80c77,BAL@IND,Mark Andrews,betrivers,175,2026-09-13T15:55:06+00:00,2026-09-13T15:55:36+00:00,2026-09-13T16:00:00+00:00
b6cfdcbafa61ce220ba87dc2d9b80c77,BAL@IND,Rashod Bateman,betrivers,295,2026-09-13T15:55:06+00:00,2026-09-13T15:55:36+00:00,2026-09-13T16:00:00+00:00
b6cfdcbafa61ce220ba87dc2d9b80c77,BAL@IND,Drew Ogletree,betrivers,1300,2026-09-13T15:55:06+00:00,2026-09-13T15:55:36+00:00,2026-09-13T16:00:00+00:00
b6cfdcbafa61ce220ba87dc2d9b80c77,BAL@IND,LaJohntay Wester,betrivers,750,2026-09-13T15:55:06+00:00,2026-09-13T15:55:36+00:00,2026-09-13T16:00:00+00:00
b6cfdcbafa61ce220ba87dc2d9b80c77,BAL@IND,Josh Downs,betrivers,250,2026-09-13T15:55:06+00:00,2026-09-13T15:55:36+00:00,2026-09-13T16:00:00+00:00
b6cfdcbafa61ce220ba87dc2d9b80c77,BAL@IND,Daniel Jones,betrivers,390,2026-09-13T15:55:06+00:00,2026-09-13T15:55:36+00:00,2026-09-13T16:00:00+00:00
b6cfdcbafa61ce220ba87dc2d9b80c77,BAL@IND,Zay Flowers,betrivers,170,2026-09-13T15:55:06+00:00,2026-09-13T15:55:36+00:00,2026-09-13T16:00:00+00:00
b6cfdcbafa61ce220ba87dc2d9b80c77,BAL@IND,Laquon Treadwell,betrivers,1400,2026-09-13T15:55:06+00:00,2026-09-13T15:55:36+00:00,2026-09-13T16:00:00+00:00
b6cfdcbafa61ce220ba87dc2d9b80c77,BAL@IND,Ashton Dulin,betrivers,900,2026-09-13T15:55:06+00:00,2026-09-13T15:55:36+00:00,2026-09-13T16:00:00+00:00
b6cfdcbafa61ce220ba87dc2d9b80c77,BAL@IND,Deion Burks,betrivers,1200,2026-09-13T15:55:06+00:00,2026-09-13T15:55:36+00:00,2026-09-13T16:00:00+00:00
b6cfdcbafa61ce220ba87dc2d9b80c77,BAL@IND,Matthew Hibner,betrivers,1400,2026-09-13T15:55:06+00:00,2026-09-13T15:55:36+00:00,2026-09-13T16:00:00+00:00
b6cfdcbafa61ce220ba87dc2d9b80c77,BAL@IND,Tyler Warren,betrivers,235,2026-09-13T15:55:06+00:00,2026-09-13T15:55:36+00:00,2026-09-13T16:00:00+00:00
b6cfdcbafa61ce220ba87dc2d9b80c77,BAL@IND,Mark Andrews,betonlineag,160,2026-09-13T15:54:57+00:00,2026-09-13T15:55:36+00:00,2026-09-13T16:00:00+00:00
b6cfdcbafa61ce220ba87dc2d9b80c77,BAL@IND,Jonathan Taylor,betonlineag,-200,2026-09-13T15:54:57+00:00,2026-09-13T15:55:36+00:00,2026-09-13T16:00:00+00:00
b6cfdcbafa61ce220ba87dc2d9b80c77,BAL@IND,Rashod Bateman,betonlineag,270,2026-09-13T15:54:57+00:00,2026-09-13T15:55:36+00:00,2026-09-13T16:00:00+00:00
b6cfdcbafa61ce220ba87dc2d9b80c77,BAL@IND,Lamar Jackson,betonlineag,220,2026-09-13T15:54:57+00:00,2026-09-13T15:55:36+00:00,2026-09-13T16:00:00+00:00
b6cfdcbafa61ce220ba87dc2d9b80c77,BAL@IND,Justice Hill,betonlineag,500,2026-09-13T15:54:57+00:00,2026-09-13T15:55:36+00:00,2026-09-13T16:00:00+00:00
b6cfdcbafa61ce220ba87dc2d9b80c77,BAL@IND,Derrick Henry,betonlineag,-200,2026-09-13T15:54:57+00:00,2026-09-13T15:55:36+00:00,2026-09-13T16:00:00+00:00
b6cfdcbafa61ce220ba87dc2d9b80c77,BAL@IND,Zay Flowers,betonlineag,150,2026-09-13T15:54:57+00:00,2026-09-13T15:55:36+00:00,2026-09-13T16:00:00+00:00
b6cfdcbafa61ce220ba87dc2d9b80c77,BAL@IND,Josh Downs,betonlineag,290,2026-09-13T15:54:57+00:00,2026-09-13T15:55:36+00:00,2026-09-13T16:00:00+00:00
b6cfdcbafa61ce220ba87dc2d9b80c77,BAL@IND,Daniel Jones,betonlineag,400,2026-09-13T15:54:57+00:00,2026-09-13T15:55:36+00:00,2026-09-13T16:00:00+00:00
b6cfdcbafa61ce220ba87dc2d9b80c77,BAL@IND,Tyler Warren,betonlineag,200,2026-09-13T15:54:57+00:00,2026-09-13T15:55:36+00:00,2026-09-13T16:00:00+00:00
b6cfdcbafa61ce220ba87dc2d9b80c77,BAL@IND,Ja'Kobi Lane,betonlineag,400,2026-09-13T15:54:57+00:00,2026-09-13T15:55:36+00:00,2026-09-13T16:00:00+00:00
b6cfdcbafa61ce220ba87dc2d9b80c77,BAL@IND,Devontez Walker,betonlineag,800,2026-09-13T15:54:57+00:00,2026-09-13T15:55:36+00:00,2026-09-13T16:00:00+00:00
b6cfdcbafa61ce220ba87dc2d9b80c77,BAL@IND,Deion Burks,betonlineag,1900,2026-09-13T15:54:57+00:00,2026-09-13T15:55:36+00:00,2026-09-13T16:00:00+00:00
b6cfdcbafa61ce220ba87dc2d9b80c77,BAL@IND,Alec Pierce,betonlineag,300,2026-09-13T15:54:57+00:00,2026-09-13T15:55:36+00:00,2026-09-13T16:00:00+00:00
b6cfdcbafa61ce220ba87dc2d9b80c77,BAL@IND,Ashton Dulin,betonlineag,1100,2026-09-13T15:54:57+00:00,2026-09-13T15:55:36+00:00,2026-09-13T16:00:00+00:00
b6cfdcbafa61ce220ba87dc2d9b80c77,BAL@IND,Elijah Sarratt,betonlineag,1100,2026-09-13T15:54:57+00:00,2026-09-13T15:55:36+00:00,2026-09-13T16:00:00+00:00
b6cfdcbafa61ce220ba87dc2d9b80c77,BAL@IND,Keenan Allen,betonlineag,325,2026-09-13T15:54:57+00:00,2026-09-13T15:55:36+00:00,2026-09-13T16:00:00+00:00
b6cfdcbafa61ce220ba87dc2d9b80c77,BAL@IND,Rasheen Ali,betonlineag,1400,2026-09-13T15:54:57+00:00,2026-09-13T15:55:36+00:00,2026-09-13T16:00:00+00:00
b6cfdcbafa61ce220ba87dc2d9b80c77,BAL@IND,Mo Alie-Cox,betonlineag,800,2026-09-13T15:54:57+00:00,2026-09-13T15:55:36+00:00,2026-09-13T16:00:00+00:00
b6cfdcbafa61ce220ba87dc2d9b80c77,BAL@IND,Durham Smythe,betonlineag,900,2026-09-13T15:54:57+00:00,2026-09-13T15:55:36+00:00,2026-09-13T16:00:00+00:00
b6cfdcbafa61ce220ba87dc2d9b80c77,BAL@IND,Seth McGowan,betonlineag,800,2026-09-13T15:54:57+00:00,2026-09-13T15:55:36+00:00,2026-09-13T16:00:00+00:00
b6cfdcbafa61ce220ba87dc2d9b80c77,BAL@IND,DJ Giddens,betonlineag,1900,2026-09-13T15:54:57+00:00,2026-09-13T15:55:36+00:00,2026-09-13T16:00:00+00:00
b6cfdcbafa61ce220ba87dc2d9b80c77,BAL@IND,LaJohntay Wester,betonlineag,1300,2026-09-13T15:54:57+00:00,2026-09-13T15:55:36+00:00,2026-09-13T16:00:00+00:00
b6cfdcbafa61ce220ba87dc2d9b80c77,BAL@IND,Laquon Treadwell,betonlineag,1900,2026-09-13T15:54:57+00:00,2026-09-13T15:55:36+00:00,2026-09-13T16:00:00+00:00
b6cfdcbafa61ce220ba87dc2d9b80c77,BAL@IND,Josh Cuevas,betonlineag,1400,2026-09-13T15:54:57+00:00,2026-09-13T15:55:36+00:00,2026-09-13T16:00:00+00:00
b6cfdcbafa61ce220ba87dc2d9b80c77,BAL@IND,Matthew Hibner,betonlineag,1400,2026-09-13T15:54:57+00:00,2026-09-13T15:55:36+00:00,2026-09-13T16:00:00+00:00
b6cfdcbafa61ce220ba87dc2d9b80c77,BAL@IND,Drew Ogletree,betonlineag,1900,2026-09-13T15:54:57+00:00,2026-09-13T15:55:36+00:00,2026-09-13T16:00:00+00:00
b6cfdcbafa61ce220ba87dc2d9b80c77,BAL@IND,Chris Moore,betonlineag,1900,2026-09-13T15:54:57+00:00,2026-09-13T15:55:36+00:00,2026-09-13T16:00:00+00:00
b6cfdcbafa61ce220ba87dc2d9b80c77,BAL@IND,Derrick Henry,williamhill_us,-197,2026-09-13T15:55:23+00:00,2026-09-13T15:55:36+00:00,2026-09-13T16:00:00+00:00
b6cfdcbafa61ce220ba87dc2d9b80c77,BAL@IND,Jonathan Taylor,williamhill_us,-190,2026-09-13T15:55:23+00:00,2026-09-13T15:55:36+00:00,2026-09-13T16:00:00+00:00
b6cfdcbafa61ce220ba87dc2d9b80c77,BAL@IND,Zay Flowers,williamhill_us,158,2026-09-13T15:55:23+00:00,2026-09-13T15:55:36+00:00,2026-09-13T16:00:00+00:00
b6cfdcbafa61ce220ba87dc2d9b80c77,BAL@IND,Mark Andrews,williamhill_us,179,2026-09-13T15:55:23+00:00,2026-09-13T15:55:36+00:00,2026-09-13T16:00:00+00:00
b6cfdcbafa61ce220ba87dc2d9b80c77,BAL@IND,Tyler Warren,williamhill_us,205,2026-09-13T15:55:23+00:00,2026-09-13T15:55:36+00:00,2026-09-13T16:00:00+00:00
b6cfdcbafa61ce220ba87dc2d9b80c77,BAL@IND,Lamar Jackson,williamhill_us,245,2026-09-13T15:55:23+00:00,2026-09-13T15:55:36+00:00,2026-09-13T16:00:00+00:00
b6cfdcbafa61ce220ba87dc2d9b80c77,BAL@IND,Rashod Bateman,williamhill_us,285,2026-09-13T15:55:23+00:00,2026-09-13T15:55:36+00:00,2026-09-13T16:00:00+00:00
b6cfdcbafa61ce220ba87dc2d9b80c77,BAL@IND,Josh Downs,williamhill_us,285,2026-09-13T15:55:23+00:00,2026-09-13T15:55:36+00:00,2026-09-13T16:00:00+00:00
b6cfdcbafa61ce220ba87dc2d9b80c77,BAL@IND,Alec Pierce,williamhill_us,305,2026-09-13T15:55:23+00:00,2026-09-13T15:55:36+00:00,2026-09-13T16:00:00+00:00
b6cfdcbafa61ce220ba87dc2d9b80c77,BAL@IND,Keenan Allen,williamhill_us,325,2026-09-13T15:55:23+00:00,2026-09-13T15:55:36+00:00,2026-09-13T16:00:00+00:00
b6cfdcbafa61ce220ba87dc2d9b80c77,BAL@IND,Ja'Kobi Lane,williamhill_us,400,2026-09-13T15:55:23+00:00,2026-09-13T15:55:36+00:00,2026-09-13T16:00:00+00:00
b6cfdcbafa61ce220ba87dc2d9b80c77,BAL@IND,Daniel Jones,williamhill_us,400,2026-09-13T15:55:23+00:00,2026-09-13T15:55:36+00:00,2026-09-13T16:00:00+00:00
b6cfdcbafa61ce220ba87dc2d9b80c77,BAL@IND,Justice Hill,williamhill_us,500,2026-09-13T15:55:23+00:00,2026-09-13T15:55:36+00:00,2026-09-13T16:00:00+00:00
b6cfdcbafa61ce220ba87dc2d9b80c77,BAL@IND,Mo Alie-Cox,williamhill_us,800,2026-09-13T15:55:23+00:00,2026-09-13T15:55:36+00:00,2026-09-13T16:00:00+00:00
b6cfdcbafa61ce220ba87dc2d9b80c77,BAL@IND,Seth McGowan,williamhill_us,900,2026-09-13T15:55:23+00:00,2026-09-13T15:55:36+00:00,2026-09-13T16:00:00+00:00
b6cfdcbafa61ce220ba87dc2d9b80c77,BAL@IND,Durham Smythe,williamhill_us,1000,2026-09-13T15:55:23+00:00,2026-09-13T15:55:36+00:00,2026-09-13T16:00:00+00:00
b6cfdcbafa61ce220ba87dc2d9b80c77,BAL@IND,Ashton Dulin,williamhill_us,1000,2026-09-13T15:55:23+00:00,2026-09-13T15:55:36+00:00,2026-09-13T16:00:00+00:00
b6cfdcbafa61ce220ba87dc2d9b80c77,BAL@IND,Rasheen Ali,williamhill_us,1400,2026-09-13T15:55:23+00:00,2026-09-13T15:55:36+00:00,2026-09-13T16:00:00+00:00
b6cfdcbafa61ce220ba87dc2d9b80c77,BAL@IND,LaJohntay Wester,williamhill_us,1500,2026-09-13T15:55:23+00:00,2026-09-13T15:55:36+00:00,2026-09-13T16:00:00+00:00
b6cfdcbafa61ce220ba87dc2d9b80c77,BAL@IND,Matthew Hibner,williamhill_us,1600,2026-09-13T15:55:23+00:00,2026-09-13T15:55:36+00:00,2026-09-13T16:00:00+00:00
b6cfdcbafa61ce220ba87dc2d9b80c77,BAL@IND,Josh Cuevas,williamhill_us,1600,2026-09-13T15:55:23+00:00,2026-09-13T15:55:36+00:00,2026-09-13T16:00:00+00:00
b6cfdcbafa61ce220ba87dc2d9b80c77,BAL@IND,Chris Moore,williamhill_us,1900,2026-09-13T15:55:23+00:00,2026-09-13T15:55:36+00:00,2026-09-13T16:00:00+00:00
b6cfdcbafa61ce220ba87dc2d9b80c77,BAL@IND,Drew Ogletree,williamhill_us,2000,2026-09-13T15:55:23+00:00,2026-09-13T15:55:36+00:00,2026-09-13T16:00:00+00:00
b6cfdcbafa61ce220ba87dc2d9b80c77,BAL@IND,Laquon Treadwell,williamhill_us,2000,2026-09-13T15:55:23+00:00,2026-09-13T15:55:36+00:00,2026-09-13T16:00:00+00:00
b6cfdcbafa61ce220ba87dc2d9b80c77,BAL@IND,Deion Burks,williamhill_us,2000,2026-09-13T15:55:23+00:00,2026-09-13T15:55:36+00:00,2026-09-13T16:00:00+00:00
b6cfdcbafa61ce220ba87dc2d9b80c77,BAL@IND,Derrick Henry,fanduel,-195,2026-09-13T15:55:21+00:00,2026-09-13T15:55:36+00:00,2026-09-13T16:00:00+00:00
b6cfdcbafa61ce220ba87dc2d9b80c77,BAL@IND,Jonathan Taylor,fanduel,-190,2026-09-13T15:55:21+00:00,2026-09-13T15:55:36+00:00,2026-09-13T16:00:00+00:00
b6cfdcbafa61ce220ba87dc2d9b80c77,BAL@IND,Zay Flowers,fanduel,165,2026-09-13T15:55:21+00:00,2026-09-13T15:55:36+00:00,2026-09-13T16:00:00+00:00
b6cfdcbafa61ce220ba87dc2d9b80c77,BAL@IND,Mark Andrews,fanduel,180,2026-09-13T15:55:21+00:00,2026-09-13T15:55:36+00:00,2026-09-13T16:00:00+00:00
b6cfdcbafa61ce220ba87dc2d9b80c77,BAL@IND,Tyler Warren,fanduel,210,2026-09-13T15:55:21+00:00,2026-09-13T15:55:36+00:00,2026-09-13T16:00:00+00:00
b6cfdcbafa61ce220ba87dc2d9b80c77,BAL@IND,Lamar Jackson,fanduel,270,2026-09-13T15:55:21+00:00,2026-09-13T15:55:36+00:00,2026-09-13T16:00:00+00:00
b6cfdcbafa61ce220ba87dc2d9b80c77,BAL@IND,Alec Pierce,fanduel,300,2026-09-13T15:55:21+00:00,2026-09-13T15:55:36+00:00,2026-09-13T16:00:00+00:00
b6cfdcbafa61ce220ba87dc2d9b80c77,BAL@IND,Josh Downs,fanduel,300,2026-09-13T15:55:21+00:00,2026-09-13T15:55:36+00:00,2026-09-13T16:00:00+00:00
b6cfdcbafa61ce220ba87dc2d9b80c77,BAL@IND,Rashod Bateman,fanduel,320,2026-09-13T15:55:21+00:00,2026-09-13T15:55:36+00:00,2026-09-13T16:00:00+00:00
b6cfdcbafa61ce220ba87dc2d9b80c77,BAL@IND,Keenan Allen,fanduel,340,2026-09-13T15:55:21+00:00,2026-09-13T15:55:36+00:00,2026-09-13T16:00:00+00:00
b6cfdcbafa61ce220ba87dc2d9b80c77,BAL@IND,Ja'Kobi Lane,fanduel,420,2026-09-13T15:55:21+00:00,2026-09-13T15:55:36+00:00,2026-09-13T16:00:00+00:00
b6cfdcbafa61ce220ba87dc2d9b80c77,BAL@IND,Daniel Jones,fanduel,430,2026-09-13T15:55:21+00:00,2026-09-13T15:55:36+00:00,2026-09-13T16:00:00+00:00
b6cfdcbafa61ce220ba87dc2d9b80c77,BAL@IND,Justice Hill,fanduel,500,2026-09-13T15:55:21+00:00,2026-09-13T15:55:36+00:00,2026-09-13T16:00:00+00:00
b6cfdcbafa61ce220ba87dc2d9b80c77,BAL@IND,Indianapolis Colts Defense,fanduel,700,2026-09-13T15:55:21+00:00,2026-09-13T15:55:36+00:00,2026-09-13T16:00:00+00:00
b6cfdcbafa61ce220ba87dc2d9b80c77,BAL@IND,Baltimore Ravens Defense,fanduel,850,2026-09-13T15:55:21+00:00,2026-09-13T15:55:36+00:00,2026-09-13T16:00:00+00:00
b6cfdcbafa61ce220ba87dc2d9b80c77,BAL@IND,Mo Alie-Cox,fanduel,850,2026-09-13T15:55:21+00:00,2026-09-13T15:55:36+00:00,2026-09-13T16:00:00+00:00
b6cfdcbafa61ce220ba87dc2d9b80c77,BAL@IND,Durham Smythe,fanduel,950,2026-09-13T15:55:21+00:00,2026-09-13T15:55:36+00:00,2026-09-13T16:00:00+00:00
b6cfdcbafa61ce220ba87dc2d9b80c77,BAL@IND,Seth McGowan,fanduel,1100,2026-09-13T15:55:21+00:00,2026-09-13T15:55:36+00:00,2026-09-13T16:00:00+00:00
b6cfdcbafa61ce220ba87dc2d9b80c77,BAL@IND,Ashton Dulin,fanduel,1100,2026-09-13T15:55:21+00:00,2026-09-13T15:55:36+00:00,2026-09-13T16:00:00+00:00
b6cfdcbafa61ce220ba87dc2d9b80c77,BAL@IND,LaJohntay Wester,fanduel,1300,2026-09-13T15:55:21+00:00,2026-09-13T15:55:36+00:00,2026-09-13T16:00:00+00:00
b6cfdcbafa61ce220ba87dc2d9b80c77,BAL@IND,Rasheen Ali,fanduel,1600,2026-09-13T15:55:21+00:00,2026-09-13T15:55:36+00:00,2026-09-13T16:00:00+00:00
b6cfdcbafa61ce220ba87dc2d9b80c77,BAL@IND,Josh Cuevas,fanduel,1700,2026-09-13T15:55:21+00:00,2026-09-13T15:55:36+00:00,2026-09-13T16:00:00+00:00
b6cfdcbafa61ce220ba87dc2d9b80c77,BAL@IND,Matthew Hibner,fanduel,2000,2026-09-13T15:55:21+00:00,2026-09-13T15:55:36+00:00,2026-09-13T16:00:00+00:00
b6cfdcbafa61ce220ba87dc2d9b80c77,BAL@IND,Chris Moore,fanduel,2000,2026-09-13T15:55:21+00:00,2026-09-13T15:55:36+00:00,2026-09-13T16:00:00+00:00
b6cfdcbafa61ce220ba87dc2d9b80c77,BAL@IND,Laquon Treadwell,fanduel,2000,2026-09-13T15:55:21+00:00,2026-09-13T15:55:36+00:00,2026-09-13T16:00:00+00:00
b6cfdcbafa61ce220ba87dc2d9b80c77,BAL@IND,Drew Ogletree,fanduel,2200,2026-09-13T15:55:21+00:00,2026-09-13T15:55:36+00:00,2026-09-13T16:00:00+00:00
b6cfdcbafa61ce220ba87dc2d9b80c77,BAL@IND,Deion Burks,fanduel,2200,2026-09-13T15:55:21+00:00,2026-09-13T15:55:36+00:00,2026-09-13T16:00:00+00:00
b6cfdcbafa61ce220ba87dc2d9b80c77,BAL@IND,LaJohntay Wester,betmgm,1650,2026-09-13T15:55:06+00:00,2026-09-13T15:55:36+00:00,2026-09-13T16:00:00+00:00
b6cfdcbafa61ce220ba87dc2d9b80c77,BAL@IND,Keenan Allen,betmgm,360,2026-09-13T15:55:06+00:00,2026-09-13T15:55:36+00:00,2026-09-13T16:00:00+00:00
b6cfdcbafa61ce220ba87dc2d9b80c77,BAL@IND,Durham Smythe,betmgm,1300,2026-09-13T15:55:06+00:00,2026-09-13T15:55:36+00:00,2026-09-13T16:00:00+00:00
b6cfdcbafa61ce220ba87dc2d9b80c77,BAL@IND,Jonathan Taylor,betmgm,-175,2026-09-13T15:55:06+00:00,2026-09-13T15:55:36+00:00,2026-09-13T16:00:00+00:00
b6cfdcbafa61ce220ba87dc2d9b80c77,BAL@IND,Mark Andrews,betmgm,180,2026-09-13T15:55:06+00:00,2026-09-13T15:55:36+00:00,2026-09-13T16:00:00+00:00
b6cfdcbafa61ce220ba87dc2d9b80c77,BAL@IND,Zay Flowers,betmgm,135,2026-09-13T15:55:06+00:00,2026-09-13T15:55:36+00:00,2026-09-13T16:00:00+00:00
b6cfdcbafa61ce220ba87dc2d9b80c77,BAL@IND,Rashod Bateman,betmgm,300,2026-09-13T15:55:06+00:00,2026-09-13T15:55:36+00:00,2026-09-13T16:00:00+00:00
b6cfdcbafa61ce220ba87dc2d9b80c77,BAL@IND,Mo Alie-Cox,betmgm,900,2026-09-13T15:55:06+00:00,2026-09-13T15:55:36+00:00,2026-09-13T16:00:00+00:00
b6cfdcbafa61ce220ba87dc2d9b80c77,BAL@IND,Lamar Jackson,betmgm,250,2026-09-13T15:55:06+00:00,2026-09-13T15:55:36+00:00,2026-09-13T16:00:00+00:00
b6cfdcbafa61ce220ba87dc2d9b80c77,BAL@IND,Ja'Kobi Lane,betmgm,360,2026-09-13T15:55:06+00:00,2026-09-13T15:55:36+00:00,2026-09-13T16:00:00+00:00
b6cfdcbafa61ce220ba87dc2d9b80c77,BAL@IND,Rasheen Ali,betmgm,800,2026-09-13T15:55:06+00:00,2026-09-13T15:55:36+00:00,2026-09-13T16:00:00+00:00
b6cfdcbafa61ce220ba87dc2d9b80c77,BAL@IND,Alec Pierce,betmgm,250,2026-09-13T15:55:06+00:00,2026-09-13T15:55:36+00:00,2026-09-13T16:00:00+00:00
b6cfdcbafa61ce220ba87dc2d9b80c77,BAL@IND,Daniel Jones,betmgm,450,2026-09-13T15:55:06+00:00,2026-09-13T15:55:36+00:00,2026-09-13T16:00:00+00:00
b6cfdcbafa61ce220ba87dc2d9b80c77,BAL@IND,Josh Cuevas,betmgm,1750,2026-09-13T15:55:06+00:00,2026-09-13T15:55:36+00:00,2026-09-13T16:00:00+00:00
b6cfdcbafa61ce220ba87dc2d9b80c77,BAL@IND,Ashton Dulin,betmgm,950,2026-09-13T15:55:06+00:00,2026-09-13T15:55:36+00:00,2026-09-13T16:00:00+00:00
b6cfdcbafa61ce220ba87dc2d9b80c77,BAL@IND,Derrick Henry,betmgm,-185,2026-09-13T15:55:06+00:00,2026-09-13T15:55:36+00:00,2026-09-13T16:00:00+00:00
b6cfdcbafa61ce220ba87dc2d9b80c77,BAL@IND,Matthew Hibner,betmgm,2500,2026-09-13T15:55:06+00:00,2026-09-13T15:55:36+00:00,2026-09-13T16:00:00+00:00
b6cfdcbafa61ce220ba87dc2d9b80c77,BAL@IND,Josh Downs,betmgm,240,2026-09-13T15:55:06+00:00,2026-09-13T15:55:36+00:00,2026-09-13T16:00:00+00:00
b6cfdcbafa61ce220ba87dc2d9b80c77,BAL@IND,Seth McGowan,betmgm,500,2026-09-13T15:55:06+00:00,2026-09-13T15:55:36+00:00,2026-09-13T16:00:00+00:00
b6cfdcbafa61ce220ba87dc2d9b80c77,BAL@IND,Baltimore Ravens D/ST,betmgm,500,2026-09-13T15:55:06+00:00,2026-09-13T15:55:36+00:00,2026-09-13T16:00:00+00:00
b6cfdcbafa61ce220ba87dc2d9b80c77,BAL@IND,Tyler Warren,betmgm,185,2026-09-13T15:55:06+00:00,2026-09-13T15:55:36+00:00,2026-09-13T16:00:00+00:00
b6cfdcbafa61ce220ba87dc2d9b80c77,BAL@IND,Indianapolis Colts D/ST,betmgm,575,2026-09-13T15:55:06+00:00,2026-09-13T15:55:36+00:00,2026-09-13T16:00:00+00:00
b6cfdcbafa61ce220ba87dc2d9b80c77,BAL@IND,Justice Hill,betmgm,340,2026-09-13T15:55:06+00:00,2026-09-13T15:55:36+00:00,2026-09-13T16:00:00+00:00
b6cfdcbafa61ce220ba87dc2d9b80c77,BAL@IND,Deion Burks,betmgm,2500,2026-09-13T15:55:06+00:00,2026-09-13T15:55:36+00:00,2026-09-13T16:00:00+00:00
b6cfdcbafa61ce220ba87dc2d9b80c77,BAL@IND,Drew Ogletree,betmgm,2200,2026-09-13T15:55:06+00:00,2026-09-13T15:55:36+00:00,2026-09-13T16:00:00+00:00
b6cfdcbafa61ce220ba87dc2d9b80c77,BAL@IND,Rasheen Ali,bovada,1600,2026-09-13T15:55:37+00:00,2026-09-13T15:55:36+00:00,2026-09-13T16:00:00+00:00
b6cfdcbafa61ce220ba87dc2d9b80c77,BAL@IND,Josh Cuevas,bovada,1900,2026-09-13T15:55:37+00:00,2026-09-13T15:55:36+00:00,2026-09-13T16:00:00+00:00
b6cfdcbafa61ce220ba87dc2d9b80c77,BAL@IND,Matthew Hibner,bovada,1400,2026-09-13T15:55:37+00:00,2026-09-13T15:55:36+00:00,2026-09-13T16:00:00+00:00
b6cfdcbafa61ce220ba87dc2d9b80c77,BAL@IND,LaJohntay Wester,bovada,2000,2026-09-13T15:55:37+00:00,2026-09-13T15:55:36+00:00,2026-09-13T16:00:00+00:00
b6cfdcbafa61ce220ba87dc2d9b80c77,BAL@IND,Chris Moore,bovada,1900,2026-09-13T15:55:37+00:00,2026-09-13T15:55:36+00:00,2026-09-13T16:00:00+00:00
b6cfdcbafa61ce220ba87dc2d9b80c77,BAL@IND,Indianapolis Colts D/ST,bovada,600,2026-09-13T15:55:37+00:00,2026-09-13T15:55:36+00:00,2026-09-13T16:00:00+00:00
b6cfdcbafa61ce220ba87dc2d9b80c77,BAL@IND,Tyler Warren,bovada,195,2026-09-13T15:55:37+00:00,2026-09-13T15:55:36+00:00,2026-09-13T16:00:00+00:00
b6cfdcbafa61ce220ba87dc2d9b80c77,BAL@IND,Zay Flowers,bovada,155,2026-09-13T15:55:37+00:00,2026-09-13T15:55:36+00:00,2026-09-13T16:00:00+00:00
b6cfdcbafa61ce220ba87dc2d9b80c77,BAL@IND,Baltimore Ravens D/ST,bovada,600,2026-09-13T15:55:37+00:00,2026-09-13T15:55:36+00:00,2026-09-13T16:00:00+00:00
b6cfdcbafa61ce220ba87dc2d9b80c77,BAL@IND,Rashod Bateman,bovada,275,2026-09-13T15:55:37+00:00,2026-09-13T15:55:36+00:00,2026-09-13T16:00:00+00:00
b6cfdcbafa61ce220ba87dc2d9b80c77,BAL@IND,Justice Hill,bovada,525,2026-09-13T15:55:37+00:00,2026-09-13T15:55:36+00:00,2026-09-13T16:00:00+00:00
b6cfdcbafa61ce220ba87dc2d9b80c77,BAL@IND,Mark Andrews,bovada,170,2026-09-13T15:55:37+00:00,2026-09-13T15:55:36+00:00,2026-09-13T16:00:00+00:00
b6cfdcbafa61ce220ba87dc2d9b80c77,BAL@IND,Keenan Allen,bovada,320,2026-09-13T15:55:37+00:00,2026-09-13T15:55:36+00:00,2026-09-13T16:00:00+00:00
b6cfdcbafa61ce220ba87dc2d9b80c77,BAL@IND,Josh Downs,bovada,280,2026-09-13T15:55:37+00:00,2026-09-13T15:55:36+00:00,2026-09-13T16:00:00+00:00
b6cfdcbafa61ce220ba87dc2d9b80c77,BAL@IND,Durham Smythe,bovada,1100,2026-09-13T15:55:37+00:00,2026-09-13T15:55:36+00:00,2026-09-13T16:00:00+00:00
b6cfdcbafa61ce220ba87dc2d9b80c77,BAL@IND,Jonathan Taylor,bovada,-186,2026-09-13T15:55:37+00:00,2026-09-13T15:55:36+00:00,2026-09-13T16:00:00+00:00
b6cfdcbafa61ce220ba87dc2d9b80c77,BAL@IND,Daniel Jones,bovada,420,2026-09-13T15:55:37+00:00,2026-09-13T15:55:36+00:00,2026-09-13T16:00:00+00:00
b6cfdcbafa61ce220ba87dc2d9b80c77,BAL@IND,Alec Pierce,bovada,360,2026-09-13T15:55:37+00:00,2026-09-13T15:55:36+00:00,2026-09-13T16:00:00+00:00
b6cfdcbafa61ce220ba87dc2d9b80c77,BAL@IND,Ja'Kobi Lane,bovada,440,2026-09-13T15:55:37+00:00,2026-09-13T15:55:36+00:00,2026-09-13T16:00:00+00:00
b6cfdcbafa61ce220ba87dc2d9b80c77,BAL@IND,Derrick Henry,bovada,-186,2026-09-13T15:55:37+00:00,2026-09-13T15:55:36+00:00,2026-09-13T16:00:00+00:00
b6cfdcbafa61ce220ba87dc2d9b80c77,BAL@IND,Lamar Jackson,bovada,265,2026-09-13T15:55:37+00:00,2026-09-13T15:55:36+00:00,2026-09-13T16:00:00+00:00
b6cfdcbafa61ce220ba87dc2d9b80c77,BAL@IND,Deion Burks,bovada,2200,2026-09-13T15:55:37+00:00,2026-09-13T15:55:36+00:00,2026-09-13T16:00:00+00:00
b6cfdcbafa61ce220ba87dc2d9b80c77,BAL@IND,Ashton Dulin,bovada,1100,2026-09-13T15:55:37+00:00,2026-09-13T15:55:36+00:00,2026-09-13T16:00:00+00:00
b6cfdcbafa61ce220ba87dc2d9b80c77,BAL@IND,Laquon Treadwell,bovada,2000,2026-09-13T15:55:37+00:00,2026-09-13T15:55:36+00:00,2026-09-13T16:00:00+00:00
b6cfdcbafa61ce220ba87dc2d9b80c77,BAL@IND,Mo Alie-Cox,bovada,800,2026-09-13T15:55:37+00:00,2026-09-13T15:55:36+00:00,2026-09-13T16:00:00+00:00
b6cfdcbafa61ce220ba87dc2d9b80c77,BAL@IND,Drew Ogletree,bovada,2000,2026-09-13T15:55:37+00:00,2026-09-13T15:55:36+00:00,2026-09-13T16:00:00+00:00
b6cfdcbafa61ce220ba87dc2d9b80c77,BAL@IND,Seth McGowan,bovada,800,2026-09-13T15:55:37+00:00,2026-09-13T15:55:36+00:00,2026-09-13T16:00:00+00:00
7e09efed7e12c659b82740b67ce2f9a1,BUF@HOU,David Montgomery,draftkings,-105,2026-09-13T15:54:42+00:00,2026-09-13T15:55:36+00:00,2026-09-13T16:00:00+00:00
7e09efed7e12c659b82740b67ce2f9a1,BUF@HOU,James Cook,draftkings,105,2026-09-13T15:54:42+00:00,2026-09-13T15:55:36+00:00,2026-09-13T16:00:00+00:00
7e09efed7e12c659b82740b67ce2f9a1,BUF@HOU,Josh Allen,draftkings,140,2026-09-13T15:54:42+00:00,2026-09-13T15:55:36+00:00,2026-09-13T16:00:00+00:00
7e09efed7e12c659b82740b67ce2f9a1,BUF@HOU,Nico Collins,draftkings,150,2026-09-13T15:54:42+00:00,2026-09-13T15:55:36+00:00,2026-09-13T16:00:00+00:00
7e09efed7e12c659b82740b67ce2f9a1,BUF@HOU,DJ Moore,draftkings,245,2026-09-13T15:54:42+00:00,2026-09-13T15:55:36+00:00,2026-09-13T16:00:00+00:00
7e09efed7e12c659b82740b67ce2f9a1,BUF@HOU,Woody Marks,draftkings,260,2026-09-13T15:54:42+00:00,2026-09-13T15:55:36+00:00,2026-09-13T16:00:00+00:00
7e09efed7e12c659b82740b67ce2f9a1,BUF@HOU,Dalton Schultz,draftkings,320,2026-09-13T15:54:42+00:00,2026-09-13T15:55:36+00:00,2026-09-13T16:00:00+00:00
7e09efed7e12c659b82740b67ce2f9a1,BUF@HOU,Dalton Kincaid,draftkings,330,2026-09-13T15:54:42+00:00,2026-09-13T15:55:36+00:00,2026-09-13T16:00:00+00:00
7e09efed7e12c659b82740b67ce2f9a1,BUF@HOU,Khalil Shakir,draftkings,340,2026-09-13T15:54:42+00:00,2026-09-13T15:55:36+00:00,2026-09-13T16:00:00+00:00
7e09efed7e12c659b82740b67ce2f9a1,BUF@HOU,Kayshon Boutte,draftkings,380,2026-09-13T15:54:42+00:00,2026-09-13T15:55:36+00:00,2026-09-13T16:00:00+00:00
7e09efed7e12c659b82740b67ce2f9a1,BUF@HOU,Xavier Hutchinson,draftkings,450,2026-09-13T15:54:42+00:00,2026-09-13T15:55:36+00:00,2026-09-13T16:00:00+00:00
7e09efed7e12c659b82740b67ce2f9a1,BUF@HOU,Ray Davis,draftkings,450,2026-09-13T15:54:42+00:00,2026-09-13T15:55:36+00:00,2026-09-13T16:00:00+00:00
7e09efed7e12c659b82740b67ce2f9a1,BUF@HOU,Jaylin Noel,draftkings,550,2026-09-13T15:54:42+00:00,2026-09-13T15:55:36+00:00,2026-09-13T16:00:00+00:00
7e09efed7e12c659b82740b67ce2f9a1,BUF@HOU,Keon Coleman,draftkings,550,2026-09-13T15:54:42+00:00,2026-09-13T15:55:36+00:00,2026-09-13T16:00:00+00:00
7e09efed7e12c659b82740b67ce2f9a1,BUF@HOU,Houston Texans D/ST,draftkings,550,2026-09-13T15:54:42+00:00,2026-09-13T15:55:36+00:00,2026-09-13T16:00:00+00:00
7e09efed7e12c659b82740b67ce2f9a1,BUF@HOU,Buffalo Bills D/ST,draftkings,550,2026-09-13T15:54:42+00:00,2026-09-13T15:55:36+00:00,2026-09-13T16:00:00+00:00
7e09efed7e12c659b82740b67ce2f9a1,BUF@HOU,Dawson Knox,draftkings,650,2026-09-13T15:54:42+00:00,2026-09-13T15:55:36+00:00,2026-09-13T16:00:00+00:00
7e09efed7e12c659b82740b67ce2f9a1,BUF@HOU,Joshua Palmer,draftkings,900,2026-09-13T15:54:42+00:00,2026-09-13T15:55:36+00:00,2026-09-13T16:00:00+00:00
7e09efed7e12c659b82740b67ce2f9a1,BUF@HOU,C.J. Stroud,draftkings,1000,2026-09-13T15:54:42+00:00,2026-09-13T15:55:36+00:00,2026-09-13T16:00:00+00:00
7e09efed7e12c659b82740b67ce2f9a1,BUF@HOU,Foster Moreau,draftkings,1200,2026-09-13T15:54:42+00:00,2026-09-13T15:55:36+00:00,2026-09-13T16:00:00+00:00
7e09efed7e12c659b82740b67ce2f9a1,BUF@HOU,Greg Dortch,draftkings,1200,2026-09-13T15:54:42+00:00,2026-09-13T15:55:36+00:00,2026-09-13T16:00:00+00:00
7e09efed7e12c659b82740b67ce2f9a1,BUF@HOU,Cade Stover,draftkings,1400,2026-09-13T15:54:42+00:00,2026-09-13T15:55:36+00:00,2026-09-13T16:00:00+00:00
7e09efed7e12c659b82740b67ce2f9a1,BUF@HOU,Jackson Hawes,draftkings,1400,2026-09-13T15:54:42+00:00,2026-09-13T15:55:36+00:00,2026-09-13T16:00:00+00:00
7e09efed7e12c659b82740b67ce2f9a1,BUF@HOU,Keleki Latu,draftkings,1400,2026-09-13T15:54:42+00:00,2026-09-13T15:55:36+00:00,2026-09-13T16:00:00+00:00
7e09efed7e12c659b82740b67ce2f9a1,BUF@HOU,Franklin Gore Jr.,draftkings,1700,2026-09-13T15:54:42+00:00,2026-09-13T15:55:36+00:00,2026-09-13T16:00:00+00:00
7e09efed7e12c659b82740b67ce2f9a1,BUF@HOU,Marlin Klein,draftkings,1900,2026-09-13T15:54:42+00:00,2026-09-13T15:55:36+00:00,2026-09-13T16:00:00+00:00
7e09efed7e12c659b82740b67ce2f9a1,BUF@HOU,British Brooks,draftkings,2800,2026-09-13T15:54:42+00:00,2026-09-13T15:55:36+00:00,2026-09-13T16:00:00+00:00
7e09efed7e12c659b82740b67ce2f9a1,BUF@HOU,Jared Wayne,draftkings,3000,2026-09-13T15:54:42+00:00,2026-09-13T15:55:36+00:00,2026-09-13T16:00:00+00:00
7e09efed7e12c659b82740b67ce2f9a1,BUF@HOU,No Scorer,fanatics,5000,2026-09-13T15:55:10+00:00,2026-09-13T15:55:36+00:00,2026-09-13T16:00:00+00:00
7e09efed7e12c659b82740b67ce2f9a1,BUF@HOU,Dalton Schultz,fanatics,325,2026-09-13T15:55:10+00:00,2026-09-13T15:55:36+00:00,2026-09-13T16:00:00+00:00
7e09efed7e12c659b82740b67ce2f9a1,BUF@HOU,Nico Collins,fanatics,165,2026-09-13T15:55:10+00:00,2026-09-13T15:55:36+00:00,2026-09-13T16:00:00+00:00
7e09efed7e12c659b82740b67ce2f9a1,BUF@HOU,Xavier Hutchinson,fanatics,475,2026-09-13T15:55:10+00:00,2026-09-13T15:55:36+00:00,2026-09-13T16:00:00+00:00
7e09efed7e12c659b82740b67ce2f9a1,BUF@HOU,British Brooks,fanatics,4000,2026-09-13T15:55:10+00:00,2026-09-13T15:55:36+00:00,2026-09-13T16:00:00+00:00
7e09efed7e12c659b82740b67ce2f9a1,BUF@HOU,Cade Stover,fanatics,1900,2026-09-13T15:55:10+00:00,2026-09-13T15:55:36+00:00,2026-09-13T16:00:00+00:00
7e09efed7e12c659b82740b67ce2f9a1,BUF@HOU,Jaylin Noel,fanatics,650,2026-09-13T15:55:10+00:00,2026-09-13T15:55:36+00:00,2026-09-13T16:00:00+00:00
7e09efed7e12c659b82740b67ce2f9a1,BUF@HOU,Woody Marks,fanatics,265,2026-09-13T15:55:10+00:00,2026-09-13T15:55:36+00:00,2026-09-13T16:00:00+00:00
7e09efed7e12c659b82740b67ce2f9a1,BUF@HOU,Houston Texans D/ST,fanatics,475,2026-09-13T15:55:10+00:00,2026-09-13T15:55:36+00:00,2026-09-13T16:00:00+00:00
7e09efed7e12c659b82740b67ce2f9a1,BUF@HOU,Dawson Knox,fanatics,650,2026-09-13T15:55:10+00:00,2026-09-13T15:55:36+00:00,2026-09-13T16:00:00+00:00
7e09efed7e12c659b82740b67ce2f9a1,BUF@HOU,Joshua Palmer,fanatics,1000,2026-09-13T15:55:10+00:00,2026-09-13T15:55:36+00:00,2026-09-13T16:00:00+00:00
7e09efed7e12c659b82740b67ce2f9a1,BUF@HOU,Khalil Shakir,fanatics,380,2026-09-13T15:55:10+00:00,2026-09-13T15:55:36+00:00,2026-09-13T16:00:00+00:00
7e09efed7e12c659b82740b67ce2f9a1,BUF@HOU,James Cook,fanatics,110,2026-09-13T15:55:10+00:00,2026-09-13T15:55:36+00:00,2026-09-13T16:00:00+00:00
7e09efed7e12c659b82740b67ce2f9a1,BUF@HOU,Dalton Kincaid,fanatics,265,2026-09-13T15:55:10+00:00,2026-09-13T15:55:36+00:00,2026-09-13T16:00:00+00:00
7e09efed7e12c659b82740b67ce2f9a1,BUF@HOU,Ray Davis,fanatics,650,2026-09-13T15:55:10+00:00,2026-09-13T15:55:36+00:00,2026-09-13T16:00:00+00:00
7e09efed7e12c659b82740b67ce2f9a1,BUF@HOU,Keon Coleman,fanatics,750,2026-09-13T15:55:10+00:00,2026-09-13T15:55:36+00:00,2026-09-13T16:00:00+00:00
7e09efed7e12c659b82740b67ce2f9a1,BUF@HOU,Josh Allen,fanatics,135,2026-09-13T15:55:10+00:00,2026-09-13T15:55:36+00:00,2026-09-13T16:00:00+00:00
7e09efed7e12c659b82740b67ce2f9a1,BUF@HOU,Jackson Hawes,fanatics,1500,2026-09-13T15:55:10+00:00,2026-09-13T15:55:36+00:00,2026-09-13T16:00:00+00:00
7e09efed7e12c659b82740b67ce2f9a1,BUF@HOU,Buffalo Bills D/ST,fanatics,500,2026-09-13T15:55:10+00:00,2026-09-13T15:55:36+00:00,2026-09-13T16:00:00+00:00
7e09efed7e12c659b82740b67ce2f9a1,BUF@HOU,Foster Moreau,fanatics,1700,2026-09-13T15:55:10+00:00,2026-09-13T15:55:36+00:00,2026-09-13T16:00:00+00:00
7e09efed7e12c659b82740b67ce2f9a1,BUF@HOU,DJ Moore,fanatics,280,2026-09-13T15:55:10+00:00,2026-09-13T15:55:36+00:00,2026-09-13T16:00:00+00:00
7e09efed7e12c659b82740b67ce2f9a1,BUF@HOU,David Montgomery,fanatics,105,2026-09-13T15:55:10+00:00,2026-09-13T15:55:36+00:00,2026-09-13T16:00:00+00:00
7e09efed7e12c659b82740b67ce2f9a1,BUF@HOU,Marlin Klein,fanatics,1700,2026-09-13T15:55:10+00:00,2026-09-13T15:55:36+00:00,2026-09-13T16:00:00+00:00
7e09efed7e12c659b82740b67ce2f9a1,BUF@HOU,C.J. Stroud,fanatics,1050,2026-09-13T15:55:10+00:00,2026-09-13T15:55:36+00:00,2026-09-13T16:00:00+00:00
7e09efed7e12c659b82740b67ce2f9a1,BUF@HOU,Kayshon Boutte,fanatics,420,2026-09-13T15:55:10+00:00,2026-09-13T15:55:36+00:00,2026-09-13T16:00:00+00:00
7e09efed7e12c659b82740b67ce2f9a1,BUF@HOU,Keleki Latu,fanatics,1500,2026-09-13T15:55:10+00:00,2026-09-13T15:55:36+00:00,2026-09-13T16:00:00+00:00
7e09efed7e12c659b82740b67ce2f9a1,BUF@HOU,Jared Wayne,fanatics,3500,2026-09-13T15:55:10+00:00,2026-09-13T15:55:36+00:00,2026-09-13T16:00:00+00:00
7e09efed7e12c659b82740b67ce2f9a1,BUF@HOU,Franklin Gore Jr.,betrivers,1200,2026-09-13T15:54:40+00:00,2026-09-13T15:55:36+00:00,2026-09-13T16:00:00+00:00
7e09efed7e12c659b82740b67ce2f9a1,BUF@HOU,Foster Moreau,betrivers,950,2026-09-13T15:54:40+00:00,2026-09-13T15:55:36+00:00,2026-09-13T16:00:00+00:00
7e09efed7e12c659b82740b67ce2f9a1,BUF@HOU,James Cook,betrivers,-114,2026-09-13T15:54:40+00:00,2026-09-13T15:55:36+00:00,2026-09-13T16:00:00+00:00
7e09efed7e12c659b82740b67ce2f9a1,BUF@HOU,British Brooks,betrivers,2900,2026-09-13T15:54:40+00:00,2026-09-13T15:55:36+00:00,2026-09-13T16:00:00+00:00
7e09efed7e12c659b82740b67ce2f9a1,BUF@HOU,Khalil Shakir,betrivers,320,2026-09-13T15:54:40+00:00,2026-09-13T15:55:36+00:00,2026-09-13T16:00:00+00:00
7e09efed7e12c659b82740b67ce2f9a1,BUF@HOU,Jaylin Noel,betrivers,510,2026-09-13T15:54:40+00:00,2026-09-13T15:55:36+00:00,2026-09-13T16:00:00+00:00
7e09efed7e12c659b82740b67ce2f9a1,BUF@HOU,Jackson Hawes,betrivers,1200,2026-09-13T15:54:40+00:00,2026-09-13T15:55:36+00:00,2026-09-13T16:00:00+00:00
7e09efed7e12c659b82740b67ce2f9a1,BUF@HOU,Josh Allen,betrivers,112,2026-09-13T15:54:40+00:00,2026-09-13T15:55:36+00:00,2026-09-13T16:00:00+00:00
7e09efed7e12c659b82740b67ce2f9a1,BUF@HOU,Greg Dortch,betrivers,2200,2026-09-13T15:54:40+00:00,2026-09-13T15:55:36+00:00,2026-09-13T16:00:00+00:00
7e09efed7e12c659b82740b67ce2f9a1,BUF@HOU,Nico Collins,betrivers,160,2026-09-13T15:54:40+00:00,2026-09-13T15:55:36+00:00,2026-09-13T16:00:00+00:00
7e09efed7e12c659b82740b67ce2f9a1,BUF@HOU,Marlin Klein,betrivers,1400,2026-09-13T15:54:40+00:00,2026-09-13T15:55:36+00:00,2026-09-13T16:00:00+00:00
7e09efed7e12c659b82740b67ce2f9a1,BUF@HOU,Cade Stover,betrivers,1200,2026-09-13T15:54:40+00:00,2026-09-13T15:55:36+00:00,2026-09-13T16:00:00+00:00
7e09efed7e12c659b82740b67ce2f9a1,BUF@HOU,Keleki Latu,betrivers,1700,2026-09-13T15:54:40+00:00,2026-09-13T15:55:36+00:00,2026-09-13T16:00:00+00:00
7e09efed7e12c659b82740b67ce2f9a1,BUF@HOU,Kayshon Boutte,betrivers,370,2026-09-13T15:54:40+00:00,2026-09-13T15:55:36+00:00,2026-09-13T16:00:00+00:00
7e09efed7e12c659b82740b67ce2f9a1,BUF@HOU,Dawson Knox,betrivers,575,2026-09-13T15:54:40+00:00,2026-09-13T15:55:36+00:00,2026-09-13T16:00:00+00:00
7e09efed7e12c659b82740b67ce2f9a1,BUF@HOU,Keon Coleman,betrivers,575,2026-09-13T15:54:40+00:00,2026-09-13T15:55:36+00:00,2026-09-13T16:00:00+00:00
7e09efed7e12c659b82740b67ce2f9a1,BUF@HOU,Ray Davis,betrivers,410,2026-09-13T15:54:40+00:00,2026-09-13T15:55:36+00:00,2026-09-13T16:00:00+00:00
7e09efed7e12c659b82740b67ce2f9a1,BUF@HOU,Jared Wayne,betrivers,2000,2026-09-13T15:54:40+00:00,2026-09-13T15:55:36+00:00,2026-09-13T16:00:00+00:00
7e09efed7e12c659b82740b67ce2f9a1,BUF@HOU,Woody Marks,betrivers,245,2026-09-13T15:54:40+00:00,2026-09-13T15:55:36+00:00,2026-09-13T16:00:00+00:00
7e09efed7e12c659b82740b67ce2f9a1,BUF@HOU,David Montgomery,betrivers,-124,2026-09-13T15:54:40+00:00,2026-09-13T15:55:36+00:00,2026-09-13T16:00:00+00:00
7e09efed7e12c659b82740b67ce2f9a1,BUF@HOU,Joshua Palmer,betrivers,800,2026-09-13T15:54:40+00:00,2026-09-13T15:55:36+00:00,2026-09-13T16:00:00+00:00
7e09efed7e12c659b82740b67ce2f9a1,BUF@HOU,Xavier Hutchinson,betrivers,460,2026-09-13T15:54:40+00:00,2026-09-13T15:55:36+00:00,2026-09-13T16:00:00+00:00
7e09efed7e12c659b82740b67ce2f9a1,BUF@HOU,DJ Moore,betrivers,280,2026-09-13T15:54:40+00:00,2026-09-13T15:55:36+00:00,2026-09-13T16:00:00+00:00
7e09efed7e12c659b82740b67ce2f9a1,BUF@HOU,C.J. Stroud,betrivers,850,2026-09-13T15:54:40+00:00,2026-09-13T15:55:36+00:00,2026-09-13T16:00:00+00:00
7e09efed7e12c659b82740b67ce2f9a1,BUF@HOU,Dalton Schultz,betrivers,280,2026-09-13T15:54:40+00:00,2026-09-13T15:55:36+00:00,2026-09-13T16:00:00+00:00
7e09efed7e12c659b82740b67ce2f9a1,BUF@HOU,Dalton Kincaid,betrivers,285,2026-09-13T15:54:40+00:00,2026-09-13T15:55:36+00:00,2026-09-13T16:00:00+00:00
7e09efed7e12c659b82740b67ce2f9a1,BUF@HOU,David Montgomery,betonlineag,-111,2026-09-13T15:55:18+00:00,2026-09-13T15:55:36+00:00,2026-09-13T16:00:00+00:00
7e09efed7e12c659b82740b67ce2f9a1,BUF@HOU,Nico Collins,betonlineag,150,2026-09-13T15:55:18+00:00,2026-09-13T15:55:36+00:00,2026-09-13T16:00:00+00:00
7e09efed7e12c659b82740b67ce2f9a1,BUF@HOU,Josh Allen,betonlineag,120,2026-09-13T15:55:18+00:00,2026-09-13T15:55:36+00:00,2026-09-13T16:00:00+00:00
7e09efed7e12c659b82740b67ce2f9a1,BUF@HOU,Dawson Knox,betonlineag,600,2026-09-13T15:55:18+00:00,2026-09-13T15:55:36+00:00,2026-09-13T16:00:00+00:00
7e09efed7e12c659b82740b67ce2f9a1,BUF@HOU,Xavier Hutchinson,betonlineag,400,2026-09-13T15:55:18+00:00,2026-09-13T15:55:36+00:00,2026-09-13T16:00:00+00:00
7e09efed7e12c659b82740b67ce2f9a1,BUF@HOU,Khalil Shakir,betonlineag,325,2026-09-13T15:55:18+00:00,2026-09-13T15:55:36+00:00,2026-09-13T16:00:00+00:00
7e09efed7e12c659b82740b67ce2f9a1,BUF@HOU,C.J. Stroud,betonlineag,900,2026-09-13T15:55:18+00:00,2026-09-13T15:55:36+00:00,2026-09-13T16:00:00+00:00
7e09efed7e12c659b82740b67ce2f9a1,BUF@HOU,James Cook,betonlineag,-111,2026-09-13T15:55:18+00:00,2026-09-13T15:55:36+00:00,2026-09-13T16:00:00+00:00
7e09efed7e12c659b82740b67ce2f9a1,BUF@HOU,Ray Davis,betonlineag,450,2026-09-13T15:55:18+00:00,2026-09-13T15:55:36+00:00,2026-09-13T16:00:00+00:00
7e09efed7e12c659b82740b67ce2f9a1,BUF@HOU,Dalton Kincaid,betonlineag,325,2026-09-13T15:55:18+00:00,2026-09-13T15:55:36+00:00,2026-09-13T16:00:00+00:00
7e09efed7e12c659b82740b67ce2f9a1,BUF@HOU,Dalton Schultz,betonlineag,300,2026-09-13T15:55:18+00:00,2026-09-13T15:55:36+00:00,2026-09-13T16:00:00+00:00
7e09efed7e12c659b82740b67ce2f9a1,BUF@HOU,DJ Moore,betonlineag,240,2026-09-13T15:55:18+00:00,2026-09-13T15:55:36+00:00,2026-09-13T16:00:00+00:00
7e09efed7e12c659b82740b67ce2f9a1,BUF@HOU,Woody Marks,betonlineag,250,2026-09-13T15:55:18+00:00,2026-09-13T15:55:36+00:00,2026-09-13T16:00:00+00:00
7e09efed7e12c659b82740b67ce2f9a1,BUF@HOU,Keon Coleman,betonlineag,550,2026-09-13T15:55:18+00:00,2026-09-13T15:55:36+00:00,2026-09-13T16:00:00+00:00
7e09efed7e12c659b82740b67ce2f9a1,BUF@HOU,Kayshon Boutte,betonlineag,350,2026-09-13T15:55:18+00:00,2026-09-13T15:55:36+00:00,2026-09-13T16:00:00+00:00
7e09efed7e12c659b82740b67ce2f9a1,BUF@HOU,Joshua Palmer,betonlineag,800,2026-09-13T15:55:18+00:00,2026-09-13T15:55:36+00:00,2026-09-13T16:00:00+00:00
7e09efed7e12c659b82740b67ce2f9a1,BUF@HOU,Jaylin Noel,betonlineag,550,2026-09-13T15:55:18+00:00,2026-09-13T15:55:36+00:00,2026-09-13T16:00:00+00:00
7e09efed7e12c659b82740b67ce2f9a1,BUF@HOU,Marlin Klein,betonlineag,1400,2026-09-13T15:55:18+00:00,2026-09-13T15:55:36+00:00,2026-09-13T16:00:00+00:00
7e09efed7e12c659b82740b67ce2f9a1,BUF@HOU,Foster Moreau,betonlineag,1000,2026-09-13T15:55:18+00:00,2026-09-13T15:55:36+00:00,2026-09-13T16:00:00+00:00
7e09efed7e12c659b82740b67ce2f9a1,BUF@HOU,Cade Stover,betonlineag,1400,2026-09-13T15:55:18+00:00,2026-09-13T15:55:36+00:00,2026-09-13T16:00:00+00:00
7e09efed7e12c659b82740b67ce2f9a1,BUF@HOU,Jackson Hawes,betonlineag,1400,2026-09-13T15:55:18+00:00,2026-09-13T15:55:36+00:00,2026-09-13T16:00:00+00:00
7e09efed7e12c659b82740b67ce2f9a1,BUF@HOU,British Brooks,betonlineag,2400,2026-09-13T15:55:18+00:00,2026-09-13T15:55:36+00:00,2026-09-13T16:00:00+00:00
7e09efed7e12c659b82740b67ce2f9a1,BUF@HOU,Keleki Latu,betonlineag,1400,2026-09-13T15:55:18+00:00,2026-09-13T15:55:36+00:00,2026-09-13T16:00:00+00:00
7e09efed7e12c659b82740b67ce2f9a1,BUF@HOU,Brevin Jordan,betonlineag,1300,2026-09-13T15:55:18+00:00,2026-09-13T15:55:36+00:00,2026-09-13T16:00:00+00:00
7e09efed7e12c659b82740b67ce2f9a1,BUF@HOU,Jared Wayne,betonlineag,2400,2026-09-13T15:55:18+00:00,2026-09-13T15:55:36+00:00,2026-09-13T16:00:00+00:00
7e09efed7e12c659b82740b67ce2f9a1,BUF@HOU,David Montgomery,williamhill_us,-110,2026-09-13T15:55:31+00:00,2026-09-13T15:55:36+00:00,2026-09-13T16:00:00+00:00
7e09efed7e12c659b82740b67ce2f9a1,BUF@HOU,James Cook,williamhill_us,101,2026-09-13T15:55:31+00:00,2026-09-13T15:55:36+00:00,2026-09-13T16:00:00+00:00
7e09efed7e12c659b82740b67ce2f9a1,BUF@HOU,Josh Allen,williamhill_us,136,2026-09-13T15:55:31+00:00,2026-09-13T15:55:36+00:00,2026-09-13T16:00:00+00:00
7e09efed7e12c659b82740b67ce2f9a1,BUF@HOU,Nico Collins,williamhill_us,155,2026-09-13T15:55:31+00:00,2026-09-13T15:55:36+00:00,2026-09-13T16:00:00+00:00
7e09efed7e12c659b82740b67ce2f9a1,BUF@HOU,Woody Marks,williamhill_us,245,2026-09-13T15:55:31+00:00,2026-09-13T15:55:36+00:00,2026-09-13T16:00:00+00:00
7e09efed7e12c659b82740b67ce2f9a1,BUF@HOU,DJ Moore,williamhill_us,255,2026-09-13T15:55:31+00:00,2026-09-13T15:55:36+00:00,2026-09-13T16:00:00+00:00
7e09efed7e12c659b82740b67ce2f9a1,BUF@HOU,Dalton Schultz,williamhill_us,305,2026-09-13T15:55:31+00:00,2026-09-13T15:55:36+00:00,2026-09-13T16:00:00+00:00
7e09efed7e12c659b82740b67ce2f9a1,BUF@HOU,Dalton Kincaid,williamhill_us,320,2026-09-13T15:55:31+00:00,2026-09-13T15:55:36+00:00,2026-09-13T16:00:00+00:00
7e09efed7e12c659b82740b67ce2f9a1,BUF@HOU,Khalil Shakir,williamhill_us,330,2026-09-13T15:55:31+00:00,2026-09-13T15:55:36+00:00,2026-09-13T16:00:00+00:00
7e09efed7e12c659b82740b67ce2f9a1,BUF@HOU,Kayshon Boutte,williamhill_us,340,2026-09-13T15:55:31+00:00,2026-09-13T15:55:36+00:00,2026-09-13T16:00:00+00:00
7e09efed7e12c659b82740b67ce2f9a1,BUF@HOU,Xavier Hutchinson,williamhill_us,425,2026-09-13T15:55:31+00:00,2026-09-13T15:55:36+00:00,2026-09-13T16:00:00+00:00
7e09efed7e12c659b82740b67ce2f9a1,BUF@HOU,Ray Davis,williamhill_us,475,2026-09-13T15:55:31+00:00,2026-09-13T15:55:36+00:00,2026-09-13T16:00:00+00:00
7e09efed7e12c659b82740b67ce2f9a1,BUF@HOU,Jaylin Noel,williamhill_us,550,2026-09-13T15:55:31+00:00,2026-09-13T15:55:36+00:00,2026-09-13T16:00:00+00:00
7e09efed7e12c659b82740b67ce2f9a1,BUF@HOU,Keon Coleman,williamhill_us,575,2026-09-13T15:55:31+00:00,2026-09-13T15:55:36+00:00,2026-09-13T16:00:00+00:00
7e09efed7e12c659b82740b67ce2f9a1,BUF@HOU,Dawson Knox,williamhill_us,575,2026-09-13T15:55:31+00:00,2026-09-13T15:55:36+00:00,2026-09-13T16:00:00+00:00
7e09efed7e12c659b82740b67ce2f9a1,BUF@HOU,Joshua Palmer,williamhill_us,850,2026-09-13T15:55:31+00:00,2026-09-13T15:55:36+00:00,2026-09-13T16:00:00+00:00
7e09efed7e12c659b82740b67ce2f9a1,BUF@HOU,C.J. Stroud,williamhill_us,900,2026-09-13T15:55:31+00:00,2026-09-13T15:55:36+00:00,2026-09-13T16:00:00+00:00
7e09efed7e12c659b82740b67ce2f9a1,BUF@HOU,Foster Moreau,williamhill_us,1000,2026-09-13T15:55:31+00:00,2026-09-13T15:55:36+00:00,2026-09-13T16:00:00+00:00
7e09efed7e12c659b82740b67ce2f9a1,BUF@HOU,Greg Dortch,williamhill_us,1200,2026-09-13T15:55:31+00:00,2026-09-13T15:55:36+00:00,2026-09-13T16:00:00+00:00
7e09efed7e12c659b82740b67ce2f9a1,BUF@HOU,Jackson Hawes,williamhill_us,1200,2026-09-13T15:55:31+00:00,2026-09-13T15:55:36+00:00,2026-09-13T16:00:00+00:00
7e09efed7e12c659b82740b67ce2f9a1,BUF@HOU,Keleki Latu,williamhill_us,1300,2026-09-13T15:55:31+00:00,2026-09-13T15:55:36+00:00,2026-09-13T16:00:00+00:00
7e09efed7e12c659b82740b67ce2f9a1,BUF@HOU,Cade Stover,williamhill_us,1400,2026-09-13T15:55:31+00:00,2026-09-13T15:55:36+00:00,2026-09-13T16:00:00+00:00
7e09efed7e12c659b82740b67ce2f9a1,BUF@HOU,Marlin Klein,williamhill_us,1600,2026-09-13T15:55:31+00:00,2026-09-13T15:55:36+00:00,2026-09-13T16:00:00+00:00
7e09efed7e12c659b82740b67ce2f9a1,BUF@HOU,Franklin Gore Jr.,williamhill_us,1800,2026-09-13T15:55:31+00:00,2026-09-13T15:55:36+00:00,2026-09-13T16:00:00+00:00
7e09efed7e12c659b82740b67ce2f9a1,BUF@HOU,British Brooks,williamhill_us,2500,2026-09-13T15:55:31+00:00,2026-09-13T15:55:36+00:00,2026-09-13T16:00:00+00:00
7e09efed7e12c659b82740b67ce2f9a1,BUF@HOU,Jared Wayne,williamhill_us,2600,2026-09-13T15:55:31+00:00,2026-09-13T15:55:36+00:00,2026-09-13T16:00:00+00:00
7e09efed7e12c659b82740b67ce2f9a1,BUF@HOU,David Montgomery,fanduel,100,2026-09-13T15:55:03+00:00,2026-09-13T15:55:36+00:00,2026-09-13T16:00:00+00:00
7e09efed7e12c659b82740b67ce2f9a1,BUF@HOU,James Cook,fanduel,105,2026-09-13T15:55:03+00:00,2026-09-13T15:55:36+00:00,2026-09-13T16:00:00+00:00
7e09efed7e12c659b82740b67ce2f9a1,BUF@HOU,Josh Allen,fanduel,135,2026-09-13T15:55:03+00:00,2026-09-13T15:55:36+00:00,2026-09-13T16:00:00+00:00
7e09efed7e12c659b82740b67ce2f9a1,BUF@HOU,Nico Collins,fanduel,160,2026-09-13T15:55:03+00:00,2026-09-13T15:55:36+00:00,2026-09-13T16:00:00+00:00
7e09efed7e12c659b82740b67ce2f9a1,BUF@HOU,Woody Marks,fanduel,260,2026-09-13T15:55:03+00:00,2026-09-13T15:55:36+00:00,2026-09-13T16:00:00+00:00
7e09efed7e12c659b82740b67ce2f9a1,BUF@HOU,DJ Moore,fanduel,270,2026-09-13T15:55:03+00:00,2026-09-13T15:55:36+00:00,2026-09-13T16:00:00+00:00
7e09efed7e12c659b82740b67ce2f9a1,BUF@HOU,Dalton Schultz,fanduel,320,2026-09-13T15:55:03+00:00,2026-09-13T15:55:36+00:00,2026-09-13T16:00:00+00:00
7e09efed7e12c659b82740b67ce2f9a1,BUF@HOU,Dalton Kincaid,fanduel,340,2026-09-13T15:55:03+00:00,2026-09-13T15:55:36+00:00,2026-09-13T16:00:00+00:00
7e09efed7e12c659b82740b67ce2f9a1,BUF@HOU,Khalil Shakir,fanduel,350,2026-09-13T15:55:03+00:00,2026-09-13T15:55:36+00:00,2026-09-13T16:00:00+00:00
7e09efed7e12c659b82740b67ce2f9a1,BUF@HOU,Kayshon Boutte,fanduel,350,2026-09-13T15:55:03+00:00,2026-09-13T15:55:36+00:00,2026-09-13T16:00:00+00:00
7e09efed7e12c659b82740b67ce2f9a1,BUF@HOU,Xavier Hutchinson,fanduel,430,2026-09-13T15:55:03+00:00,2026-09-13T15:55:36+00:00,2026-09-13T16:00:00+00:00
7e09efed7e12c659b82740b67ce2f9a1,BUF@HOU,Keon Coleman,fanduel,600,2026-09-13T15:55:03+00:00,2026-09-13T15:55:36+00:00,2026-09-13T16:00:00+00:00
7e09efed7e12c659b82740b67ce2f9a1,BUF@HOU,Jaylin Noel,fanduel,600,2026-09-13T15:55:03+00:00,2026-09-13T15:55:36+00:00,2026-09-13T16:00:00+00:00
7e09efed7e12c659b82740b67ce2f9a1,BUF@HOU,Dawson Knox,fanduel,650,2026-09-13T15:55:03+00:00,2026-09-13T15:55:36+00:00,2026-09-13T16:00:00+00:00
7e09efed7e12c659b82740b67ce2f9a1,BUF@HOU,Ray Davis,fanduel,650,2026-09-13T15:55:03+00:00,2026-09-13T15:55:36+00:00,2026-09-13T16:00:00+00:00
7e09efed7e12c659b82740b67ce2f9a1,BUF@HOU,Houston Texans Defense,fanduel,750,2026-09-13T15:55:03+00:00,2026-09-13T15:55:36+00:00,2026-09-13T16:00:00+00:00
7e09efed7e12c659b82740b67ce2f9a1,BUF@HOU,Buffalo Bills Defense,fanduel,800,2026-09-13T15:55:03+00:00,2026-09-13T15:55:36+00:00,2026-09-13T16:00:00+00:00
7e09efed7e12c659b82740b67ce2f9a1,BUF@HOU,Joshua Palmer,fanduel,850,2026-09-13T15:55:03+00:00,2026-09-13T15:55:36+00:00,2026-09-13T16:00:00+00:00
7e09efed7e12c659b82740b67ce2f9a1,BUF@HOU,C.J. Stroud,fanduel,950,2026-09-13T15:55:03+00:00,2026-09-13T15:55:36+00:00,2026-09-13T16:00:00+00:00
7e09efed7e12c659b82740b67ce2f9a1,BUF@HOU,Foster Moreau,fanduel,1000,2026-09-13T15:55:03+00:00,2026-09-13T15:55:36+00:00,2026-09-13T16:00:00+00:00
7e09efed7e12c659b82740b67ce2f9a1,BUF@HOU,Greg Dortch,fanduel,1300,2026-09-13T15:55:03+00:00,2026-09-13T15:55:36+00:00,2026-09-13T16:00:00+00:00
7e09efed7e12c659b82740b67ce2f9a1,BUF@HOU,Jackson Hawes,fanduel,1400,2026-09-13T15:55:03+00:00,2026-09-13T15:55:36+00:00,2026-09-13T16:00:00+00:00
7e09efed7e12c659b82740b67ce2f9a1,BUF@HOU,Cade Stover,fanduel,1800,2026-09-13T15:55:03+00:00,2026-09-13T15:55:36+00:00,2026-09-13T16:00:00+00:00
7e09efed7e12c659b82740b67ce2f9a1,BUF@HOU,Marlin Klein,fanduel,1900,2026-09-13T15:55:03+00:00,2026-09-13T15:55:36+00:00,2026-09-13T16:00:00+00:00
7e09efed7e12c659b82740b67ce2f9a1,BUF@HOU,Franklin Gore Jr.,fanduel,1900,2026-09-13T15:55:03+00:00,2026-09-13T15:55:36+00:00,2026-09-13T16:00:00+00:00
7e09efed7e12c659b82740b67ce2f9a1,BUF@HOU,Keleki Latu,fanduel,2000,2026-09-13T15:55:03+00:00,2026-09-13T15:55:36+00:00,2026-09-13T16:00:00+00:00
7e09efed7e12c659b82740b67ce2f9a1,BUF@HOU,Jared Wayne,fanduel,2500,2026-09-13T15:55:03+00:00,2026-09-13T15:55:36+00:00,2026-09-13T16:00:00+00:00
7e09efed7e12c659b82740b67ce2f9a1,BUF@HOU,British Brooks,fanduel,3500,2026-09-13T15:55:03+00:00,2026-09-13T15:55:36+00:00,2026-09-13T16:00:00+00:00
7e09efed7e12c659b82740b67ce2f9a1,BUF@HOU,Foster Moreau,betmgm,1050,2026-09-13T15:55:15+00:00,2026-09-13T15:55:36+00:00,2026-09-13T16:00:00+00:00
7e09efed7e12c659b82740b67ce2f9a1,BUF@HOU,Jaylin Noel,betmgm,475,2026-09-13T15:55:15+00:00,2026-09-13T15:55:36+00:00,2026-09-13T16:00:00+00:00
7e09efed7e12c659b82740b67ce2f9a1,BUF@HOU,Dalton Schultz,betmgm,250,2026-09-13T15:55:15+00:00,2026-09-13T15:55:36+00:00,2026-09-13T16:00:00+00:00
7e09efed7e12c659b82740b67ce2f9a1,BUF@HOU,Josh Allen,betmgm,110,2026-09-13T15:55:15+00:00,2026-09-13T15:55:36+00:00,2026-09-13T16:00:00+00:00
7e09efed7e12c659b82740b67ce2f9a1,BUF@HOU,Marlin Klein,betmgm,950,2026-09-13T15:55:15+00:00,2026-09-13T15:55:36+00:00,2026-09-13T16:00:00+00:00
7e09efed7e12c659b82740b67ce2f9a1,BUF@HOU,Nico Collins,betmgm,145,2026-09-13T15:55:15+00:00,2026-09-13T15:55:36+00:00,2026-09-13T16:00:00+00:00
7e09efed7e12c659b82740b67ce2f9a1,BUF@HOU,Jackson Hawes,betmgm,1300,2026-09-13T15:55:15+00:00,2026-09-13T15:55:36+00:00,2026-09-13T16:00:00+00:00
7e09efed7e12c659b82740b67ce2f9a1,BUF@HOU,Keon Coleman,betmgm,625,2026-09-13T15:55:15+00:00,2026-09-13T15:55:36+00:00,2026-09-13T16:00:00+00:00
7e09efed7e12c659b82740b67ce2f9a1,BUF@HOU,Xavier Hutchinson,betmgm,475,2026-09-13T15:55:15+00:00,2026-09-13T15:55:36+00:00,2026-09-13T16:00:00+00:00
7e09efed7e12c659b82740b67ce2f9a1,BUF@HOU,Dalton Kincaid,betmgm,240,2026-09-13T15:55:15+00:00,2026-09-13T15:55:36+00:00,2026-09-13T16:00:00+00:00
7e09efed7e12c659b82740b67ce2f9a1,BUF@HOU,Houston Texans D/ST,betmgm,500,2026-09-13T15:55:15+00:00,2026-09-13T15:55:36+00:00,2026-09-13T16:00:00+00:00
7e09efed7e12c659b82740b67ce2f9a1,BUF@HOU,DJ Moore,betmgm,195,2026-09-13T15:55:15+00:00,2026-09-13T15:55:36+00:00,2026-09-13T16:00:00+00:00
7e09efed7e12c659b82740b67ce2f9a1,BUF@HOU,Dawson Knox,betmgm,525,2026-09-13T15:55:15+00:00,2026-09-13T15:55:36+00:00,2026-09-13T16:00:00+00:00
7e09efed7e12c659b82740b67ce2f9a1,BUF@HOU,Cade Stover,betmgm,1700,2026-09-13T15:55:15+00:00,2026-09-13T15:55:36+00:00,2026-09-13T16:00:00+00:00
7e09efed7e12c659b82740b67ce2f9a1,BUF@HOU,Khalil Shakir,betmgm,320,2026-09-13T15:55:15+00:00,2026-09-13T15:55:36+00:00,2026-09-13T16:00:00+00:00
7e09efed7e12c659b82740b67ce2f9a1,BUF@HOU,Kayshon Boutte,betmgm,390,2026-09-13T15:55:15+00:00,2026-09-13T15:55:36+00:00,2026-09-13T16:00:00+00:00
7e09efed7e12c659b82740b67ce2f9a1,BUF@HOU,Buffalo Bills D/ST,betmgm,500,2026-09-13T15:55:15+00:00,2026-09-13T15:55:36+00:00,2026-09-13T16:00:00+00:00
7e09efed7e12c659b82740b67ce2f9a1,BUF@HOU,James Cook,betmgm,-111,2026-09-13T15:55:15+00:00,2026-09-13T15:55:36+00:00,2026-09-13T16:00:00+00:00
7e09efed7e12c659b82740b67ce2f9a1,BUF@HOU,Joshua Palmer,betmgm,675,2026-09-13T15:55:15+00:00,2026-09-13T15:55:36+00:00,2026-09-13T16:00:00+00:00
7e09efed7e12c659b82740b67ce2f9a1,BUF@HOU,C.J. Stroud,betmgm,625,2026-09-13T15:55:15+00:00,2026-09-13T15:55:36+00:00,2026-09-13T16:00:00+00:00
7e09efed7e12c659b82740b67ce2f9a1,BUF@HOU,Woody Marks,betmgm,240,2026-09-13T15:55:15+00:00,2026-09-13T15:55:36+00:00,2026-09-13T16:00:00+00:00
7e09efed7e12c659b82740b67ce2f9a1,BUF@HOU,David Montgomery,betmgm,105,2026-09-13T15:55:15+00:00,2026-09-13T15:55:36+00:00,2026-09-13T16:00:00+00:00
7e09efed7e12c659b82740b67ce2f9a1,BUF@HOU,Ray Davis,betmgm,575,2026-09-13T15:55:15+00:00,2026-09-13T15:55:36+00:00,2026-09-13T16:00:00+00:00
7e09efed7e12c659b82740b67ce2f9a1,BUF@HOU,Greg Dortch,bovada,1200,2026-09-13T15:55:02+00:00,2026-09-13T15:55:36+00:00,2026-09-13T16:00:00+00:00
7e09efed7e12c659b82740b67ce2f9a1,BUF@HOU,Franklin Gore Jr.,bovada,1700,2026-09-13T15:55:02+00:00,2026-09-13T15:55:36+00:00,2026-09-13T16:00:00+00:00
7e09efed7e12c659b82740b67ce2f9a1,BUF@HOU,Keleki Latu,bovada,1400,2026-09-13T15:55:02+00:00,2026-09-13T15:55:36+00:00,2026-09-13T16:00:00+00:00
7e09efed7e12c659b82740b67ce2f9a1,BUF@HOU,Jared Wayne,bovada,2800,2026-09-13T15:55:02+00:00,2026-09-13T15:55:36+00:00,2026-09-13T16:00:00+00:00
7e09efed7e12c659b82740b67ce2f9a1,BUF@HOU,Cade Stover,bovada,1400,2026-09-13T15:55:02+00:00,2026-09-13T15:55:36+00:00,2026-09-13T16:00:00+00:00
7e09efed7e12c659b82740b67ce2f9a1,BUF@HOU,Jackson Hawes,bovada,1400,2026-09-13T15:55:02+00:00,2026-09-13T15:55:36+00:00,2026-09-13T16:00:00+00:00
7e09efed7e12c659b82740b67ce2f9a1,BUF@HOU,Marlin Klein,bovada,1900,2026-09-13T15:55:02+00:00,2026-09-13T15:55:36+00:00,2026-09-13T16:00:00+00:00
7e09efed7e12c659b82740b67ce2f9a1,BUF@HOU,British Brooks,bovada,2800,2026-09-13T15:55:02+00:00,2026-09-13T15:55:36+00:00,2026-09-13T16:00:00+00:00
7e09efed7e12c659b82740b67ce2f9a1,BUF@HOU,Foster Moreau,bovada,1200,2026-09-13T15:55:02+00:00,2026-09-13T15:55:36+00:00,2026-09-13T16:00:00+00:00
7e09efed7e12c659b82740b67ce2f9a1,BUF@HOU,Kayshon Boutte,bovada,380,2026-09-13T15:55:02+00:00,2026-09-13T15:55:36+00:00,2026-09-13T16:00:00+00:00
7e09efed7e12c659b82740b67ce2f9a1,BUF@HOU,David Montgomery,bovada,-110,2026-09-13T15:55:02+00:00,2026-09-13T15:55:36+00:00,2026-09-13T16:00:00+00:00
7e09efed7e12c659b82740b67ce2f9a1,BUF@HOU,Joshua Palmer,bovada,900,2026-09-13T15:55:02+00:00,2026-09-13T15:55:36+00:00,2026-09-13T16:00:00+00:00
7e09efed7e12c659b82740b67ce2f9a1,BUF@HOU,Khalil Shakir,bovada,340,2026-09-13T15:55:02+00:00,2026-09-13T15:55:36+00:00,2026-09-13T16:00:00+00:00
7e09efed7e12c659b82740b67ce2f9a1,BUF@HOU,Buffalo Bills D/ST,bovada,525,2026-09-13T15:55:02+00:00,2026-09-13T15:55:36+00:00,2026-09-13T16:00:00+00:00
7e09efed7e12c659b82740b67ce2f9a1,BUF@HOU,Woody Marks,bovada,260,2026-09-13T15:55:02+00:00,2026-09-13T15:55:36+00:00,2026-09-13T16:00:00+00:00
7e09efed7e12c659b82740b67ce2f9a1,BUF@HOU,James Cook,bovada,105,2026-09-13T15:55:02+00:00,2026-09-13T15:55:36+00:00,2026-09-13T16:00:00+00:00
7e09efed7e12c659b82740b67ce2f9a1,BUF@HOU,Dalton Kincaid,bovada,330,2026-09-13T15:55:02+00:00,2026-09-13T15:55:36+00:00,2026-09-13T16:00:00+00:00
7e09efed7e12c659b82740b67ce2f9a1,BUF@HOU,Keon Coleman,bovada,525,2026-09-13T15:55:02+00:00,2026-09-13T15:55:36+00:00,2026-09-13T16:00:00+00:00
7e09efed7e12c659b82740b67ce2f9a1,BUF@HOU,Nico Collins,bovada,150,2026-09-13T15:55:02+00:00,2026-09-13T15:55:36+00:00,2026-09-13T16:00:00+00:00
7e09efed7e12c659b82740b67ce2f9a1,BUF@HOU,Dalton Schultz,bovada,320,2026-09-13T15:55:02+00:00,2026-09-13T15:55:36+00:00,2026-09-13T16:00:00+00:00
7e09efed7e12c659b82740b67ce2f9a1,BUF@HOU,C.J. Stroud,bovada,1000,2026-09-13T15:55:02+00:00,2026-09-13T15:55:36+00:00,2026-09-13T16:00:00+00:00
7e09efed7e12c659b82740b67ce2f9a1,BUF@HOU,Xavier Hutchinson,bovada,440,2026-09-13T15:55:02+00:00,2026-09-13T15:55:36+00:00,2026-09-13T16:00:00+00:00
7e09efed7e12c659b82740b67ce2f9a1,BUF@HOU,Ray Davis,bovada,440,2026-09-13T15:55:02+00:00,2026-09-13T15:55:36+00:00,2026-09-13T16:00:00+00:00
7e09efed7e12c659b82740b67ce2f9a1,BUF@HOU,Josh Allen,bovada,140,2026-09-13T15:55:02+00:00,2026-09-13T15:55:36+00:00,2026-09-13T16:00:00+00:00
7e09efed7e12c659b82740b67ce2f9a1,BUF@HOU,Houston Texans D/ST,bovada,525,2026-09-13T15:55:02+00:00,2026-09-13T15:55:36+00:00,2026-09-13T16:00:00+00:00
7e09efed7e12c659b82740b67ce2f9a1,BUF@HOU,Dawson Knox,bovada,625,2026-09-13T15:55:02+00:00,2026-09-13T15:55:36+00:00,2026-09-13T16:00:00+00:00
7e09efed7e12c659b82740b67ce2f9a1,BUF@HOU,DJ Moore,bovada,245,2026-09-13T15:55:02+00:00,2026-09-13T15:55:36+00:00,2026-09-13T16:00:00+00:00
7e09efed7e12c659b82740b67ce2f9a1,BUF@HOU,Jaylin Noel,bovada,525,2026-09-13T15:55:02+00:00,2026-09-13T15:55:36+00:00,2026-09-13T16:00:00+00:00
fc362aff0d889ec52d358307a70c32ed,CHI@CAR,D'Andre Swift,draftkings,-120,2026-09-13T15:54:49+00:00,2026-09-13T15:55:36+00:00,2026-09-13T16:00:00+00:00
fc362aff0d889ec52d358307a70c32ed,CHI@CAR,Chuba Hubbard,draftkings,130,2026-09-13T15:54:49+00:00,2026-09-13T15:55:36+00:00,2026-09-13T16:00:00+00:00
fc362aff0d889ec52d358307a70c32ed,CHI@CAR,Colston Loveland,draftkings,160,2026-09-13T15:54:49+00:00,2026-09-13T15:55:36+00:00,2026-09-13T16:00:00+00:00
fc362aff0d889ec52d358307a70c32ed,CHI@CAR,Tetairoa McMillan,draftkings,175,2026-09-13T15:54:49+00:00,2026-09-13T15:55:36+00:00,2026-09-13T16:00:00+00:00
fc362aff0d889ec52d358307a70c32ed,CHI@CAR,Luther Burden III,draftkings,185,2026-09-13T15:54:49+00:00,2026-09-13T15:55:36+00:00,2026-09-13T16:00:00+00:00
fc362aff0d889ec52d358307a70c32ed,CHI@CAR,Rome Odunze,draftkings,205,2026-09-13T15:54:49+00:00,2026-09-13T15:55:36+00:00,2026-09-13T16:00:00+00:00
fc362aff0d889ec52d358307a70c32ed,CHI@CAR,Kyle Monangai,draftkings,220,2026-09-13T15:54:49+00:00,2026-09-13T15:55:36+00:00,2026-09-13T16:00:00+00:00
fc362aff0d889ec52d358307a70c32ed,CHI@CAR,Jonathon Brooks,draftkings,220,2026-09-13T15:54:49+00:00,2026-09-13T15:55:36+00:00,2026-09-13T16:00:00+00:00
fc362aff0d889ec52d358307a70c32ed,CHI@CAR,Jalen Coker,draftkings,275,2026-09-13T15:54:49+00:00,2026-09-13T15:55:36+00:00,2026-09-13T16:00:00+00:00
fc362aff0d889ec52d358307a70c32ed,CHI@CAR,Darren Waller,draftkings,425,2026-09-13T15:54:49+00:00,2026-09-13T15:55:36+00:00,2026-09-13T16:00:00+00:00
fc362aff0d889ec52d358307a70c32ed,CHI@CAR,Cole Kmet,draftkings,425,2026-09-13T15:54:49+00:00,2026-09-13T15:55:36+00:00,2026-09-13T16:00:00+00:00
fc362aff0d889ec52d358307a70c32ed,CHI@CAR,Xavier Legette,draftkings,450,2026-09-13T15:54:49+00:00,2026-09-13T15:55:36+00:00,2026-09-13T16:00:00+00:00
fc362aff0d889ec52d358307a70c32ed,CHI@CAR,Bryce Young,draftkings,450,2026-09-13T15:54:49+00:00,2026-09-13T15:55:36+00:00,2026-09-13T16:00:00+00:00
fc362aff0d889ec52d358307a70c32ed,CHI@CAR,Caleb Williams,draftkings,500,2026-09-13T15:54:49+00:00,2026-09-13T15:55:36+00:00,2026-09-13T16:00:00+00:00
fc362aff0d889ec52d358307a70c32ed,CHI@CAR,Tommy Tremble,draftkings,600,2026-09-13T15:54:49+00:00,2026-09-13T15:55:36+00:00,2026-09-13T16:00:00+00:00
fc362aff0d889ec52d358307a70c32ed,CHI@CAR,Carolina Panthers D/ST,draftkings,600,2026-09-13T15:54:49+00:00,2026-09-13T15:55:36+00:00,2026-09-13T16:00:00+00:00
fc362aff0d889ec52d358307a70c32ed,CHI@CAR,Chicago Bears D/ST,draftkings,600,2026-09-13T15:54:49+00:00,2026-09-13T15:55:36+00:00,2026-09-13T16:00:00+00:00
fc362aff0d889ec52d358307a70c32ed,CHI@CAR,Kalif Raymond,draftkings,700,2026-09-13T15:54:49+00:00,2026-09-13T15:55:36+00:00,2026-09-13T16:00:00+00:00
fc362aff0d889ec52d358307a70c32ed,CHI@CAR,Mitchell Evans,draftkings,850,2026-09-13T15:54:49+00:00,2026-09-13T15:55:36+00:00,2026-09-13T16:00:00+00:00
fc362aff0d889ec52d358307a70c32ed,CHI@CAR,Jimmy Horn Jr.,draftkings,950,2026-09-13T15:54:49+00:00,2026-09-13T15:55:36+00:00,2026-09-13T16:00:00+00:00
fc362aff0d889ec52d358307a70c32ed,CHI@CAR,Jahdae Walker,draftkings,950,2026-09-13T15:54:49+00:00,2026-09-13T15:55:36+00:00,2026-09-13T16:00:00+00:00
fc362aff0d889ec52d358307a70c32ed,CHI@CAR,Roschon Johnson,draftkings,1100,2026-09-13T15:54:49+00:00,2026-09-13T15:55:36+00:00,2026-09-13T16:00:00+00:00
fc362aff0d889ec52d358307a70c32ed,CHI@CAR,Zavion Thomas,draftkings,1100,2026-09-13T15:54:49+00:00,2026-09-13T15:55:36+00:00,2026-09-13T16:00:00+00:00
fc362aff0d889ec52d358307a70c32ed,CHI@CAR,AJ Dillon,draftkings,1300,2026-09-13T15:54:49+00:00,2026-09-13T15:55:36+00:00,2026-09-13T16:00:00+00:00
fc362aff0d889ec52d358307a70c32ed,CHI@CAR,Brycen Tremayne,draftkings,2200,2026-09-13T15:54:49+00:00,2026-09-13T15:55:36+00:00,2026-09-13T16:00:00+00:00
fc362aff0d889ec52d358307a70c32ed,CHI@CAR,Sam Roush,draftkings,2800,2026-09-13T15:54:49+00:00,2026-09-13T15:55:36+00:00,2026-09-13T16:00:00+00:00
fc362aff0d889ec52d358307a70c32ed,CHI@CAR,D'Andre Swift,fanduel,-130,2026-09-13T15:54:55+00:00,2026-09-13T15:55:36+00:00,2026-09-13T16:00:00+00:00
fc362aff0d889ec52d358307a70c32ed,CHI@CAR,Chuba Hubbard,fanduel,125,2026-09-13T15:54:55+00:00,2026-09-13T15:55:36+00:00,2026-09-13T16:00:00+00:00
fc362aff0d889ec52d358307a70c32ed,CHI@CAR,Tetairoa McMillan,fanduel,165,2026-09-13T15:54:55+00:00,2026-09-13T15:55:36+00:00,2026-09-13T16:00:00+00:00
fc362aff0d889ec52d358307a70c32ed,CHI@CAR,Colston Loveland,fanduel,170,2026-09-13T15:54:55+00:00,2026-09-13T15:55:36+00:00,2026-09-13T16:00:00+00:00
fc362aff0d889ec52d358307a70c32ed,CHI@CAR,Luther Burden III,fanduel,180,2026-09-13T15:54:55+00:00,2026-09-13T15:55:36+00:00,2026-09-13T16:00:00+00:00
fc362aff0d889ec52d358307a70c32ed,CHI@CAR,Rome Odunze,fanduel,200,2026-09-13T15:54:55+00:00,2026-09-13T15:55:36+00:00,2026-09-13T16:00:00+00:00
fc362aff0d889ec52d358307a70c32ed,CHI@CAR,Kyle Monangai,fanduel,220,2026-09-13T15:54:55+00:00,2026-09-13T15:55:36+00:00,2026-09-13T16:00:00+00:00
fc362aff0d889ec52d358307a70c32ed,CHI@CAR,Jonathon Brooks,fanduel,220,2026-09-13T15:54:55+00:00,2026-09-13T15:55:36+00:00,2026-09-13T16:00:00+00:00
fc362aff0d889ec52d358307a70c32ed,CHI@CAR,Jalen Coker,fanduel,290,2026-09-13T15:54:55+00:00,2026-09-13T15:55:36+00:00,2026-09-13T16:00:00+00:00
fc362aff0d889ec52d358307a70c32ed,CHI@CAR,Darren Waller,fanduel,430,2026-09-13T15:54:55+00:00,2026-09-13T15:55:36+00:00,2026-09-13T16:00:00+00:00
fc362aff0d889ec52d358307a70c32ed,CHI@CAR,Bryce Young,fanduel,450,2026-09-13T15:54:55+00:00,2026-09-13T15:55:36+00:00,2026-09-13T16:00:00+00:00
fc362aff0d889ec52d358307a70c32ed,CHI@CAR,Xavier Legette,fanduel,500,2026-09-13T15:54:55+00:00,2026-09-13T15:55:36+00:00,2026-09-13T16:00:00+00:00
fc362aff0d889ec52d358307a70c32ed,CHI@CAR,Cole Kmet,fanduel,500,2026-09-13T15:54:55+00:00,2026-09-13T15:55:36+00:00,2026-09-13T16:00:00+00:00
fc362aff0d889ec52d358307a70c32ed,CHI@CAR,Caleb Williams,fanduel,500,2026-09-13T15:54:55+00:00,2026-09-13T15:55:36+00:00,2026-09-13T16:00:00+00:00
fc362aff0d889ec52d358307a70c32ed,CHI@CAR,Tommy Tremble,fanduel,550,2026-09-13T15:54:55+00:00,2026-09-13T15:55:36+00:00,2026-09-13T16:00:00+00:00
fc362aff0d889ec52d358307a70c32ed,CHI@CAR,Kalif Raymond,fanduel,650,2026-09-13T15:54:55+00:00,2026-09-13T15:55:36+00:00,2026-09-13T16:00:00+00:00
fc362aff0d889ec52d358307a70c32ed,CHI@CAR,Jimmy Horn Jr.,fanduel,650,2026-09-13T15:54:55+00:00,2026-09-13T15:55:36+00:00,2026-09-13T16:00:00+00:00
fc362aff0d889ec52d358307a70c32ed,CHI@CAR,Chicago Bears Defense,fanduel,800,2026-09-13T15:54:55+00:00,2026-09-13T15:55:36+00:00,2026-09-13T16:00:00+00:00
fc362aff0d889ec52d358307a70c32ed,CHI@CAR,Carolina Panthers Defense,fanduel,800,2026-09-13T15:54:55+00:00,2026-09-13T15:55:36+00:00,2026-09-13T16:00:00+00:00
fc362aff0d889ec52d358307a70c32ed,CHI@CAR,Mitchell Evans,fanduel,950,2026-09-13T15:54:55+00:00,2026-09-13T15:55:36+00:00,2026-09-13T16:00:00+00:00
fc362aff0d889ec52d358307a70c32ed,CHI@CAR,Zavion Thomas,fanduel,1200,2026-09-13T15:54:55+00:00,2026-09-13T15:55:36+00:00,2026-09-13T16:00:00+00:00
fc362aff0d889ec52d358307a70c32ed,CHI@CAR,Brycen Tremayne,fanduel,1300,2026-09-13T15:54:55+00:00,2026-09-13T15:55:36+00:00,2026-09-13T16:00:00+00:00
fc362aff0d889ec52d358307a70c32ed,CHI@CAR,Jahdae Walker,fanduel,1400,2026-09-13T15:54:55+00:00,2026-09-13T15:55:36+00:00,2026-09-13T16:00:00+00:00
fc362aff0d889ec52d358307a70c32ed,CHI@CAR,Roschon Johnson,fanduel,1600,2026-09-13T15:54:55+00:00,2026-09-13T15:55:36+00:00,2026-09-13T16:00:00+00:00
fc362aff0d889ec52d358307a70c32ed,CHI@CAR,AJ Dillon,fanduel,1800,2026-09-13T15:54:55+00:00,2026-09-13T15:55:36+00:00,2026-09-13T16:00:00+00:00
fc362aff0d889ec52d358307a70c32ed,CHI@CAR,Sam Roush,fanduel,2200,2026-09-13T15:54:55+00:00,2026-09-13T15:55:36+00:00,2026-09-13T16:00:00+00:00
fc362aff0d889ec52d358307a70c32ed,CHI@CAR,Cole Kmet,betonlineag,400,2026-09-13T15:53:30+00:00,2026-09-13T15:55:36+00:00,2026-09-13T16:00:00+00:00
fc362aff0d889ec52d358307a70c32ed,CHI@CAR,Chuba Hubbard,betonlineag,120,2026-09-13T15:53:30+00:00,2026-09-13T15:55:36+00:00,2026-09-13T16:00:00+00:00
fc362aff0d889ec52d358307a70c32ed,CHI@CAR,D'Andre Swift,betonlineag,-143,2026-09-13T15:53:30+00:00,2026-09-13T15:55:36+00:00,2026-09-13T16:00:00+00:00
fc362aff0d889ec52d358307a70c32ed,CHI@CAR,Jalen Coker,betonlineag,280,2026-09-13T15:53:30+00:00,2026-09-13T15:55:36+00:00,2026-09-13T16:00:00+00:00
fc362aff0d889ec52d358307a70c32ed,CHI@CAR,Bryce Young,betonlineag,450,2026-09-13T15:53:30+00:00,2026-09-13T15:55:36+00:00,2026-09-13T16:00:00+00:00
fc362aff0d889ec52d358307a70c32ed,CHI@CAR,Caleb Williams,betonlineag,450,2026-09-13T15:53:30+00:00,2026-09-13T15:55:36+00:00,2026-09-13T16:00:00+00:00
fc362aff0d889ec52d358307a70c32ed,CHI@CAR,Tetairoa McMillan,betonlineag,160,2026-09-13T15:53:30+00:00,2026-09-13T15:55:36+00:00,2026-09-13T16:00:00+00:00
fc362aff0d889ec52d358307a70c32ed,CHI@CAR,Xavier Legette,betonlineag,450,2026-09-13T15:53:30+00:00,2026-09-13T15:55:36+00:00,2026-09-13T16:00:00+00:00
fc362aff0d889ec52d358307a70c32ed,CHI@CAR,Rome Odunze,betonlineag,200,2026-09-13T15:53:30+00:00,2026-09-13T15:55:36+00:00,2026-09-13T16:00:00+00:00
fc362aff0d889ec52d358307a70c32ed,CHI@CAR,Jonathon Brooks,betonlineag,200,2026-09-13T15:53:30+00:00,2026-09-13T15:55:36+00:00,2026-09-13T16:00:00+00:00
fc362aff0d889ec52d358307a70c32ed,CHI@CAR,Kyle Monangai,betonlineag,210,2026-09-13T15:53:30+00:00,2026-09-13T15:55:36+00:00,2026-09-13T16:00:00+00:00
fc362aff0d889ec52d358307a70c32ed,CHI@CAR,Colston Loveland,betonlineag,150,2026-09-13T15:53:30+00:00,2026-09-13T15:55:36+00:00,2026-09-13T16:00:00+00:00
fc362aff0d889ec52d358307a70c32ed,CHI@CAR,Luther Burden III,betonlineag,180,2026-09-13T15:53:30+00:00,2026-09-13T15:55:36+00:00,2026-09-13T16:00:00+00:00
fc362aff0d889ec52d358307a70c32ed,CHI@CAR,Darren Waller,betonlineag,400,2026-09-13T15:53:30+00:00,2026-09-13T15:55:36+00:00,2026-09-13T16:00:00+00:00
fc362aff0d889ec52d358307a70c32ed,CHI@CAR,Jimmy Horn Jr.,betonlineag,650,2026-09-13T15:53:30+00:00,2026-09-13T15:55:36+00:00,2026-09-13T16:00:00+00:00
fc362aff0d889ec52d358307a70c32ed,CHI@CAR,Roschon Johnson,betonlineag,1000,2026-09-13T15:53:30+00:00,2026-09-13T15:55:36+00:00,2026-09-13T16:00:00+00:00
fc362aff0d889ec52d358307a70c32ed,CHI@CAR,John Metchie III,betonlineag,1100,2026-09-13T15:53:30+00:00,2026-09-13T15:55:36+00:00,2026-09-13T16:00:00+00:00
fc362aff0d889ec52d358307a70c32ed,CHI@CAR,Zavion Thomas,betonlineag,1100,2026-09-13T15:53:30+00:00,2026-09-13T15:55:36+00:00,2026-09-13T16:00:00+00:00
fc362aff0d889ec52d358307a70c32ed,CHI@CAR,Jahdae Walker,betonlineag,1000,2026-09-13T15:53:30+00:00,2026-09-13T15:55:36+00:00,2026-09-13T16:00:00+00:00
fc362aff0d889ec52d358307a70c32ed,CHI@CAR,Tommy Tremble,betonlineag,550,2026-09-13T15:53:30+00:00,2026-09-13T15:55:36+00:00,2026-09-13T16:00:00+00:00
fc362aff0d889ec52d358307a70c32ed,CHI@CAR,Kalif Raymond,betonlineag,650,2026-09-13T15:53:30+00:00,2026-09-13T15:55:36+00:00,2026-09-13T16:00:00+00:00
fc362aff0d889ec52d358307a70c32ed,CHI@CAR,Ja'Tavion Sanders,betonlineag,1000,2026-09-13T15:53:30+00:00,2026-09-13T15:55:36+00:00,2026-09-13T16:00:00+00:00
fc362aff0d889ec52d358307a70c32ed,CHI@CAR,Sam Roush,betonlineag,1900,2026-09-13T15:53:30+00:00,2026-09-13T15:55:36+00:00,2026-09-13T16:00:00+00:00
fc362aff0d889ec52d358307a70c32ed,CHI@CAR,Mitchell Evans,betonlineag,900,2026-09-13T15:53:30+00:00,2026-09-13T15:55:36+00:00,2026-09-13T16:00:00+00:00
fc362aff0d889ec52d358307a70c32ed,CHI@CAR,Brycen Tremayne,betonlineag,1300,2026-09-13T15:53:30+00:00,2026-09-13T15:55:36+00:00,2026-09-13T16:00:00+00:00
fc362aff0d889ec52d358307a70c32ed,CHI@CAR,Feleipe Franks,betonlineag,2900,2026-09-13T15:53:30+00:00,2026-09-13T15:55:36+00:00,2026-09-13T16:00:00+00:00
fc362aff0d889ec52d358307a70c32ed,CHI@CAR,Chuba Hubbard,betrivers,116,2026-09-13T15:55:33+00:00,2026-09-13T15:55:36+00:00,2026-09-13T16:00:00+00:00
fc362aff0d889ec52d358307a70c32ed,CHI@CAR,Tommy Tremble,betrivers,550,2026-09-13T15:55:33+00:00,2026-09-13T15:55:36+00:00,2026-09-13T16:00:00+00:00
fc362aff0d889ec52d358307a70c32ed,CHI@CAR,Luther Burden III,betrivers,190,2026-09-13T15:55:33+00:00,2026-09-13T15:55:36+00:00,2026-09-13T16:00:00+00:00
fc362aff0d889ec52d358307a70c32ed,CHI@CAR,Kyle Monangai,betrivers,205,2026-09-13T15:55:33+00:00,2026-09-13T15:55:36+00:00,2026-09-13T16:00:00+00:00
fc362aff0d889ec52d358307a70c32ed,CHI@CAR,D'Andre Swift,betrivers,-143,2026-09-13T15:55:33+00:00,2026-09-13T15:55:36+00:00,2026-09-13T16:00:00+00:00
fc362aff0d889ec52d358307a70c32ed,CHI@CAR,Darren Waller,betrivers,440,2026-09-13T15:55:33+00:00,2026-09-13T15:55:36+00:00,2026-09-13T16:00:00+00:00
fc362aff0d889ec52d358307a70c32ed,CHI@CAR,AJ Dillon,betrivers,750,2026-09-13T15:55:33+00:00,2026-09-13T15:55:36+00:00,2026-09-13T16:00:00+00:00
fc362aff0d889ec52d358307a70c32ed,CHI@CAR,Xavier Legette,betrivers,480,2026-09-13T15:55:33+00:00,2026-09-13T15:55:36+00:00,2026-09-13T16:00:00+00:00
fc362aff0d889ec52d358307a70c32ed,CHI@CAR,Bryce Young,betrivers,475,2026-09-13T15:55:33+00:00,2026-09-13T15:55:36+00:00,2026-09-13T16:00:00+00:00
fc362aff0d889ec52d358307a70c32ed,CHI@CAR,Jahdae Walker,betrivers,850,2026-09-13T15:55:33+00:00,2026-09-13T15:55:36+00:00,2026-09-13T16:00:00+00:00
fc362aff0d889ec52d358307a70c32ed,CHI@CAR,Brycen Tremayne,betrivers,1700,2026-09-13T15:55:33+00:00,2026-09-13T15:55:36+00:00,2026-09-13T16:00:00+00:00
fc362aff0d889ec52d358307a70c32ed,CHI@CAR,Tetairoa McMillan,betrivers,175,2026-09-13T15:55:33+00:00,2026-09-13T15:55:36+00:00,2026-09-13T16:00:00+00:00
fc362aff0d889ec52d358307a70c32ed,CHI@CAR,Jimmy Horn Jr.,betrivers,700,2026-09-13T15:55:33+00:00,2026-09-13T15:55:36+00:00,2026-09-13T16:00:00+00:00
fc362aff0d889ec52d358307a70c32ed,CHI@CAR,Colston Loveland,betrivers,190,2026-09-13T15:55:33+00:00,2026-09-13T15:55:36+00:00,2026-09-13T16:00:00+00:00
fc362aff0d889ec52d358307a70c32ed,CHI@CAR,Zavion Thomas,betrivers,800,2026-09-13T15:55:33+00:00,2026-09-13T15:55:36+00:00,2026-09-13T16:00:00+00:00
fc362aff0d889ec52d358307a70c32ed,CHI@CAR,Cole Kmet,betrivers,550,2026-09-13T15:55:33+00:00,2026-09-13T15:55:36+00:00,2026-09-13T16:00:00+00:00
fc362aff0d889ec52d358307a70c32ed,CHI@CAR,Kalif Raymond,betrivers,850,2026-09-13T15:55:33+00:00,2026-09-13T15:55:36+00:00,2026-09-13T16:00:00+00:00
fc362aff0d889ec52d358307a70c32ed,CHI@CAR,Roschon Johnson,betrivers,420,2026-09-13T15:55:33+00:00,2026-09-13T15:55:36+00:00,2026-09-13T16:00:00+00:00
fc362aff0d889ec52d358307a70c32ed,CHI@CAR,Jalen Coker,betrivers,270,2026-09-13T15:55:33+00:00,2026-09-13T15:55:36+00:00,2026-09-13T16:00:00+00:00
fc362aff0d889ec52d358307a70c32ed,CHI@CAR,Jonathon Brooks,betrivers,200,2026-09-13T15:55:33+00:00,2026-09-13T15:55:36+00:00,2026-09-13T16:00:00+00:00
fc362aff0d889ec52d358307a70c32ed,CHI@CAR,Rome Odunze,betrivers,250,2026-09-13T15:55:33+00:00,2026-09-13T15:55:36+00:00,2026-09-13T16:00:00+00:00
fc362aff0d889ec52d358307a70c32ed,CHI@CAR,Caleb Williams,betrivers,440,2026-09-13T15:55:33+00:00,2026-09-13T15:55:36+00:00,2026-09-13T16:00:00+00:00
fc362aff0d889ec52d358307a70c32ed,CHI@CAR,Sam Roush,betrivers,2500,2026-09-13T15:55:33+00:00,2026-09-13T15:55:36+00:00,2026-09-13T16:00:00+00:00
fc362aff0d889ec52d358307a70c32ed,CHI@CAR,John Metchie III,betrivers,950,2026-09-13T15:55:33+00:00,2026-09-13T15:55:36+00:00,2026-09-13T16:00:00+00:00
fc362aff0d889ec52d358307a70c32ed,CHI@CAR,Mitchell Evans,betrivers,1050,2026-09-13T15:55:33+00:00,2026-09-13T15:55:36+00:00,2026-09-13T16:00:00+00:00
fc362aff0d889ec52d358307a70c32ed,CHI@CAR,No Scorer,fanatics,7000,2026-09-13T15:54:38+00:00,2026-09-13T15:55:36+00:00,2026-09-13T16:00:00+00:00
fc362aff0d889ec52d358307a70c32ed,CHI@CAR,Tommy Tremble,fanatics,650,2026-09-13T15:54:38+00:00,2026-09-13T15:55:36+00:00,2026-09-13T16:00:00+00:00
fc362aff0d889ec52d358307a70c32ed,CHI@CAR,Chuba Hubbard,fanatics,140,2026-09-13T15:54:38+00:00,2026-09-13T15:55:36+00:00,2026-09-13T16:00:00+00:00
fc362aff0d889ec52d358307a70c32ed,CHI@CAR,Xavier Legette,fanatics,500,2026-09-13T15:54:38+00:00,2026-09-13T15:55:36+00:00,2026-09-13T16:00:00+00:00
fc362aff0d889ec52d358307a70c32ed,CHI@CAR,Jalen Coker,fanatics,300,2026-09-13T15:54:38+00:00,2026-09-13T15:55:36+00:00,2026-09-13T16:00:00+00:00
fc362aff0d889ec52d358307a70c32ed,CHI@CAR,Jimmy Horn Jr.,fanatics,900,2026-09-13T15:54:38+00:00,2026-09-13T15:55:36+00:00,2026-09-13T16:00:00+00:00
fc362aff0d889ec52d358307a70c32ed,CHI@CAR,Tetairoa McMillan,fanatics,180,2026-09-13T15:54:38+00:00,2026-09-13T15:55:36+00:00,2026-09-13T16:00:00+00:00
fc362aff0d889ec52d358307a70c32ed,CHI@CAR,Mitchell Evans,fanatics,900,2026-09-13T15:54:38+00:00,2026-09-13T15:55:36+00:00,2026-09-13T16:00:00+00:00
fc362aff0d889ec52d358307a70c32ed,CHI@CAR,Carolina Panthers D/ST,fanatics,575,2026-09-13T15:54:38+00:00,2026-09-13T15:55:36+00:00,2026-09-13T16:00:00+00:00
fc362aff0d889ec52d358307a70c32ed,CHI@CAR,D'Andre Swift,fanatics,-120,2026-09-13T15:54:38+00:00,2026-09-13T15:55:36+00:00,2026-09-13T16:00:00+00:00
fc362aff0d889ec52d358307a70c32ed,CHI@CAR,Cole Kmet,fanatics,575,2026-09-13T15:54:38+00:00,2026-09-13T15:55:36+00:00,2026-09-13T16:00:00+00:00
fc362aff0d889ec52d358307a70c32ed,CHI@CAR,Rome Odunze,fanatics,225,2026-09-13T15:54:38+00:00,2026-09-13T15:55:36+00:00,2026-09-13T16:00:00+00:00
fc362aff0d889ec52d358307a70c32ed,CHI@CAR,Kyle Monangai,fanatics,220,2026-09-13T15:54:38+00:00,2026-09-13T15:55:36+00:00,2026-09-13T16:00:00+00:00
fc362aff0d889ec52d358307a70c32ed,CHI@CAR,Luther Burden III,fanatics,210,2026-09-13T15:54:38+00:00,2026-09-13T15:55:36+00:00,2026-09-13T16:00:00+00:00
fc362aff0d889ec52d358307a70c32ed,CHI@CAR,Colston Loveland,fanatics,180,2026-09-13T15:54:38+00:00,2026-09-13T15:55:36+00:00,2026-09-13T16:00:00+00:00
fc362aff0d889ec52d358307a70c32ed,CHI@CAR,Chicago Bears D/ST,fanatics,475,2026-09-13T15:54:38+00:00,2026-09-13T15:55:36+00:00,2026-09-13T16:00:00+00:00
fc362aff0d889ec52d358307a70c32ed,CHI@CAR,Caleb Williams,fanatics,525,2026-09-13T15:54:38+00:00,2026-09-13T15:55:36+00:00,2026-09-13T16:00:00+00:00
fc362aff0d889ec52d358307a70c32ed,CHI@CAR,Bryce Young,fanatics,525,2026-09-13T15:54:38+00:00,2026-09-13T15:55:36+00:00,2026-09-13T16:00:00+00:00
fc362aff0d889ec52d358307a70c32ed,CHI@CAR,Kalif Raymond,fanatics,750,2026-09-13T15:54:38+00:00,2026-09-13T15:55:36+00:00,2026-09-13T16:00:00+00:00
fc362aff0d889ec52d358307a70c32ed,CHI@CAR,Jahdae Walker,fanatics,1200,2026-09-13T15:54:38+00:00,2026-09-13T15:55:36+00:00,2026-09-13T16:00:00+00:00
fc362aff0d889ec52d358307a70c32ed,CHI@CAR,Zavion Thomas,fanatics,1500,2026-09-13T15:54:38+00:00,2026-09-13T15:55:36+00:00,2026-09-13T16:00:00+00:00
fc362aff0d889ec52d358307a70c32ed,CHI@CAR,Sam Roush,fanatics,2500,2026-09-13T15:54:38+00:00,2026-09-13T15:55:36+00:00,2026-09-13T16:00:00+00:00
fc362aff0d889ec52d358307a70c32ed,CHI@CAR,Jonathon Brooks,fanatics,240,2026-09-13T15:54:38+00:00,2026-09-13T15:55:36+00:00,2026-09-13T16:00:00+00:00
fc362aff0d889ec52d358307a70c32ed,CHI@CAR,Brycen Tremayne,fanatics,1500,2026-09-13T15:54:38+00:00,2026-09-13T15:55:36+00:00,2026-09-13T16:00:00+00:00
fc362aff0d889ec52d358307a70c32ed,CHI@CAR,Feleipe Franks,fanatics,2500,2026-09-13T15:54:38+00:00,2026-09-13T15:55:36+00:00,2026-09-13T16:00:00+00:00
fc362aff0d889ec52d358307a70c32ed,CHI@CAR,AJ Dillon,fanatics,1500,2026-09-13T15:54:38+00:00,2026-09-13T15:55:36+00:00,2026-09-13T16:00:00+00:00
fc362aff0d889ec52d358307a70c32ed,CHI@CAR,Darren Waller,fanatics,500,2026-09-13T15:54:38+00:00,2026-09-13T15:55:36+00:00,2026-09-13T16:00:00+00:00
fc362aff0d889ec52d358307a70c32ed,CHI@CAR,Roschon Johnson,fanatics,1500,2026-09-13T15:54:38+00:00,2026-09-13T15:55:36+00:00,2026-09-13T16:00:00+00:00
fc362aff0d889ec52d358307a70c32ed,CHI@CAR,D'Andre Swift,williamhill_us,-129,2026-09-13T15:55:04+00:00,2026-09-13T15:55:36+00:00,2026-09-13T16:00:00+00:00
fc362aff0d889ec52d358307a70c32ed,CHI@CAR,Chuba Hubbard,williamhill_us,128,2026-09-13T15:55:04+00:00,2026-09-13T15:55:36+00:00,2026-09-13T16:00:00+00:00
fc362aff0d889ec52d358307a70c32ed,CHI@CAR,Colston Loveland,williamhill_us,154,2026-09-13T15:55:04+00:00,2026-09-13T15:55:36+00:00,2026-09-13T16:00:00+00:00
fc362aff0d889ec52d358307a70c32ed,CHI@CAR,Tetairoa McMillan,williamhill_us,168,2026-09-13T15:55:04+00:00,2026-09-13T15:55:36+00:00,2026-09-13T16:00:00+00:00
fc362aff0d889ec52d358307a70c32ed,CHI@CAR,Luther Burden III,williamhill_us,178,2026-09-13T15:55:04+00:00,2026-09-13T15:55:36+00:00,2026-09-13T16:00:00+00:00
fc362aff0d889ec52d358307a70c32ed,CHI@CAR,Rome Odunze,williamhill_us,200,2026-09-13T15:55:04+00:00,2026-09-13T15:55:36+00:00,2026-09-13T16:00:00+00:00
fc362aff0d889ec52d358307a70c32ed,CHI@CAR,Kyle Monangai,williamhill_us,205,2026-09-13T15:55:04+00:00,2026-09-13T15:55:36+00:00,2026-09-13T16:00:00+00:00
fc362aff0d889ec52d358307a70c32ed,CHI@CAR,Jonathon Brooks,williamhill_us,210,2026-09-13T15:55:04+00:00,2026-09-13T15:55:36+00:00,2026-09-13T16:00:00+00:00
fc362aff0d889ec52d358307a70c32ed,CHI@CAR,Jalen Coker,williamhill_us,285,2026-09-13T15:55:04+00:00,2026-09-13T15:55:36+00:00,2026-09-13T16:00:00+00:00
fc362aff0d889ec52d358307a70c32ed,CHI@CAR,Darren Waller,williamhill_us,400,2026-09-13T15:55:04+00:00,2026-09-13T15:55:36+00:00,2026-09-13T16:00:00+00:00
fc362aff0d889ec52d358307a70c32ed,CHI@CAR,Bryce Young,williamhill_us,425,2026-09-13T15:55:04+00:00,2026-09-13T15:55:36+00:00,2026-09-13T16:00:00+00:00
fc362aff0d889ec52d358307a70c32ed,CHI@CAR,Xavier Legette,williamhill_us,450,2026-09-13T15:55:04+00:00,2026-09-13T15:55:36+00:00,2026-09-13T16:00:00+00:00
fc362aff0d889ec52d358307a70c32ed,CHI@CAR,Cole Kmet,williamhill_us,450,2026-09-13T15:55:04+00:00,2026-09-13T15:55:36+00:00,2026-09-13T16:00:00+00:00
fc362aff0d889ec52d358307a70c32ed,CHI@CAR,Caleb Williams,williamhill_us,475,2026-09-13T15:55:04+00:00,2026-09-13T15:55:36+00:00,2026-09-13T16:00:00+00:00
fc362aff0d889ec52d358307a70c32ed,CHI@CAR,Tommy Tremble,williamhill_us,550,2026-09-13T15:55:04+00:00,2026-09-13T15:55:36+00:00,2026-09-13T16:00:00+00:00
fc362aff0d889ec52d358307a70c32ed,CHI@CAR,Kalif Raymond,williamhill_us,650,2026-09-13T15:55:04+00:00,2026-09-13T15:55:36+00:00,2026-09-13T16:00:00+00:00
fc362aff0d889ec52d358307a70c32ed,CHI@CAR,Jimmy Horn Jr.,williamhill_us,750,2026-09-13T15:55:04+00:00,2026-09-13T15:55:36+00:00,2026-09-13T16:00:00+00:00
fc362aff0d889ec52d358307a70c32ed,CHI@CAR,Mitchell Evans,williamhill_us,850,2026-09-13T15:55:04+00:00,2026-09-13T15:55:36+00:00,2026-09-13T16:00:00+00:00
fc362aff0d889ec52d358307a70c32ed,CHI@CAR,Jahdae Walker,williamhill_us,1000,2026-09-13T15:55:04+00:00,2026-09-13T15:55:36+00:00,2026-09-13T16:00:00+00:00
fc362aff0d889ec52d358307a70c32ed,CHI@CAR,Zavion Thomas,williamhill_us,1100,2026-09-13T15:55:04+00:00,2026-09-13T15:55:36+00:00,2026-09-13T16:00:00+00:00
fc362aff0d889ec52d358307a70c32ed,CHI@CAR,Roschon Johnson,williamhill_us,1200,2026-09-13T15:55:04+00:00,2026-09-13T15:55:36+00:00,2026-09-13T16:00:00+00:00
fc362aff0d889ec52d358307a70c32ed,CHI@CAR,AJ Dillon,williamhill_us,1400,2026-09-13T15:55:04+00:00,2026-09-13T15:55:36+00:00,2026-09-13T16:00:00+00:00
fc362aff0d889ec52d358307a70c32ed,CHI@CAR,Brycen Tremayne,williamhill_us,1500,2026-09-13T15:55:04+00:00,2026-09-13T15:55:36+00:00,2026-09-13T16:00:00+00:00
fc362aff0d889ec52d358307a70c32ed,CHI@CAR,Sam Roush,williamhill_us,2300,2026-09-13T15:55:04+00:00,2026-09-13T15:55:36+00:00,2026-09-13T16:00:00+00:00
fc362aff0d889ec52d358307a70c32ed,CHI@CAR,Mitchell Evans,betmgm,850,2026-09-13T15:54:39+00:00,2026-09-13T15:55:36+00:00,2026-09-13T16:00:00+00:00
fc362aff0d889ec52d358307a70c32ed,CHI@CAR,Jonathon Brooks,betmgm,190,2026-09-13T15:54:39+00:00,2026-09-13T15:55:36+00:00,2026-09-13T16:00:00+00:00
fc362aff0d889ec52d358307a70c32ed,CHI@CAR,Jalen Coker,betmgm,240,2026-09-13T15:54:39+00:00,2026-09-13T15:55:36+00:00,2026-09-13T16:00:00+00:00
fc362aff0d889ec52d358307a70c32ed,CHI@CAR,Darren Waller,betmgm,400,2026-09-13T15:54:39+00:00,2026-09-13T15:55:36+00:00,2026-09-13T16:00:00+00:00
fc362aff0d889ec52d358307a70c32ed,CHI@CAR,Xavier Legette,betmgm,425,2026-09-13T15:54:39+00:00,2026-09-13T15:55:36+00:00,2026-09-13T16:00:00+00:00
fc362aff0d889ec52d358307a70c32ed,CHI@CAR,Bryce Young,betmgm,390,2026-09-13T15:54:39+00:00,2026-09-13T15:55:36+00:00,2026-09-13T16:00:00+00:00
fc362aff0d889ec52d358307a70c32ed,CHI@CAR,Brycen Tremayne,betmgm,2200,2026-09-13T15:54:39+00:00,2026-09-13T15:55:36+00:00,2026-09-13T16:00:00+00:00
fc362aff0d889ec52d358307a70c32ed,CHI@CAR,Carolina Panthers D/ST,betmgm,525,2026-09-13T15:54:39+00:00,2026-09-13T15:55:36+00:00,2026-09-13T16:00:00+00:00
fc362aff0d889ec52d358307a70c32ed,CHI@CAR,Tommy Tremble,betmgm,625,2026-09-13T15:54:39+00:00,2026-09-13T15:55:36+00:00,2026-09-13T16:00:00+00:00
fc362aff0d889ec52d358307a70c32ed,CHI@CAR,Chicago Bears D/ST,betmgm,525,2026-09-13T15:54:39+00:00,2026-09-13T15:55:36+00:00,2026-09-13T16:00:00+00:00
fc362aff0d889ec52d358307a70c32ed,CHI@CAR,Tetairoa McMillan,betmgm,160,2026-09-13T15:54:39+00:00,2026-09-13T15:55:36+00:00,2026-09-13T16:00:00+00:00
fc362aff0d889ec52d358307a70c32ed,CHI@CAR,Chuba Hubbard,betmgm,125,2026-09-13T15:54:39+00:00,2026-09-13T15:55:36+00:00,2026-09-13T16:00:00+00:00
fc362aff0d889ec52d358307a70c32ed,CHI@CAR,Kyle Monangai,betmgm,155,2026-09-13T15:54:39+00:00,2026-09-13T15:55:36+00:00,2026-09-13T16:00:00+00:00
fc362aff0d889ec52d358307a70c32ed,CHI@CAR,Rome Odunze,betmgm,240,2026-09-13T15:54:39+00:00,2026-09-13T15:55:36+00:00,2026-09-13T16:00:00+00:00
fc362aff0d889ec52d358307a70c32ed,CHI@CAR,Luther Burden III,betmgm,165,2026-09-13T15:54:39+00:00,2026-09-13T15:55:36+00:00,2026-09-13T16:00:00+00:00
fc362aff0d889ec52d358307a70c32ed,CHI@CAR,D'Andre Swift,betmgm,-135,2026-09-13T15:54:39+00:00,2026-09-13T15:55:36+00:00,2026-09-13T16:00:00+00:00
fc362aff0d889ec52d358307a70c32ed,CHI@CAR,Caleb Williams,betmgm,360,2026-09-13T15:54:39+00:00,2026-09-13T15:55:36+00:00,2026-09-13T16:00:00+00:00
fc362aff0d889ec52d358307a70c32ed,CHI@CAR,Colston Loveland,betmgm,165,2026-09-13T15:54:39+00:00,2026-09-13T15:55:36+00:00,2026-09-13T16:00:00+00:00
fc362aff0d889ec52d358307a70c32ed,CHI@CAR,Kalif Raymond,betmgm,525,2026-09-13T15:54:39+00:00,2026-09-13T15:55:36+00:00,2026-09-13T16:00:00+00:00
fc362aff0d889ec52d358307a70c32ed,CHI@CAR,Jahdae Walker,betmgm,1500,2026-09-13T15:54:39+00:00,2026-09-13T15:55:36+00:00,2026-09-13T16:00:00+00:00
fc362aff0d889ec52d358307a70c32ed,CHI@CAR,Sam Roush,betmgm,1800,2026-09-13T15:54:39+00:00,2026-09-13T15:55:36+00:00,2026-09-13T16:00:00+00:00
fc362aff0d889ec52d358307a70c32ed,CHI@CAR,Cole Kmet,betmgm,500,2026-09-13T15:54:39+00:00,2026-09-13T15:55:36+00:00,2026-09-13T16:00:00+00:00
fc362aff0d889ec52d358307a70c32ed,CHI@CAR,Jimmy Horn Jr.,betmgm,1300,2026-09-13T15:54:39+00:00,2026-09-13T15:55:36+00:00,2026-09-13T16:00:00+00:00
fc362aff0d889ec52d358307a70c32ed,CHI@CAR,Mitchell Evans,bovada,825,2026-09-13T15:55:18+00:00,2026-09-13T15:55:36+00:00,2026-09-13T16:00:00+00:00
fc362aff0d889ec52d358307a70c32ed,CHI@CAR,Chuba Hubbard,bovada,130,2026-09-13T15:55:18+00:00,2026-09-13T15:55:36+00:00,2026-09-13T16:00:00+00:00
fc362aff0d889ec52d358307a70c32ed,CHI@CAR,Sam Roush,bovada,2800,2026-09-13T15:55:18+00:00,2026-09-13T15:55:36+00:00,2026-09-13T16:00:00+00:00
fc362aff0d889ec52d358307a70c32ed,CHI@CAR,Carolina Panthers D/ST,bovada,600,2026-09-13T15:55:18+00:00,2026-09-13T15:55:36+00:00,2026-09-13T16:00:00+00:00
fc362aff0d889ec52d358307a70c32ed,CHI@CAR,Zavion Thomas,bovada,1100,2026-09-13T15:55:18+00:00,2026-09-13T15:55:36+00:00,2026-09-13T16:00:00+00:00
fc362aff0d889ec52d358307a70c32ed,CHI@CAR,Jalen Coker,bovada,275,2026-09-13T15:55:18+00:00,2026-09-13T15:55:36+00:00,2026-09-13T16:00:00+00:00
fc362aff0d889ec52d358307a70c32ed,CHI@CAR,Tetairoa McMillan,bovada,175,2026-09-13T15:55:18+00:00,2026-09-13T15:55:36+00:00,2026-09-13T16:00:00+00:00
fc362aff0d889ec52d358307a70c32ed,CHI@CAR,Jonathon Brooks,bovada,220,2026-09-13T15:55:18+00:00,2026-09-13T15:55:36+00:00,2026-09-13T16:00:00+00:00
fc362aff0d889ec52d358307a70c32ed,CHI@CAR,Rome Odunze,bovada,205,2026-09-13T15:55:18+00:00,2026-09-13T15:55:36+00:00,2026-09-13T16:00:00+00:00
fc362aff0d889ec52d358307a70c32ed,CHI@CAR,Tommy Tremble,bovada,600,2026-09-13T15:55:18+00:00,2026-09-13T15:55:36+00:00,2026-09-13T16:00:00+00:00
fc362aff0d889ec52d358307a70c32ed,CHI@CAR,Bryce Young,bovada,440,2026-09-13T15:55:18+00:00,2026-09-13T15:55:36+00:00,2026-09-13T16:00:00+00:00
fc362aff0d889ec52d358307a70c32ed,CHI@CAR,Cole Kmet,bovada,420,2026-09-13T15:55:18+00:00,2026-09-13T15:55:36+00:00,2026-09-13T16:00:00+00:00
fc362aff0d889ec52d358307a70c32ed,CHI@CAR,Kalif Raymond,bovada,700,2026-09-13T15:55:18+00:00,2026-09-13T15:55:36+00:00,2026-09-13T16:00:00+00:00
fc362aff0d889ec52d358307a70c32ed,CHI@CAR,Caleb Williams,bovada,500,2026-09-13T15:55:18+00:00,2026-09-13T15:55:36+00:00,2026-09-13T16:00:00+00:00
fc362aff0d889ec52d358307a70c32ed,CHI@CAR,Jahdae Walker,bovada,900,2026-09-13T15:55:18+00:00,2026-09-13T15:55:36+00:00,2026-09-13T16:00:00+00:00
fc362aff0d889ec52d358307a70c32ed,CHI@CAR,Kyle Monangai,bovada,220,2026-09-13T15:55:18+00:00,2026-09-13T15:55:36+00:00,2026-09-13T16:00:00+00:00
fc362aff0d889ec52d358307a70c32ed,CHI@CAR,Roschon Johnson,bovada,1100,2026-09-13T15:55:18+00:00,2026-09-13T15:55:36+00:00,2026-09-13T16:00:00+00:00
fc362aff0d889ec52d358307a70c32ed,CHI@CAR,Luther Burden III,bovada,185,2026-09-13T15:55:18+00:00,2026-09-13T15:55:36+00:00,2026-09-13T16:00:00+00:00
fc362aff0d889ec52d358307a70c32ed,CHI@CAR,Colston Loveland,bovada,160,2026-09-13T15:55:18+00:00,2026-09-13T15:55:36+00:00,2026-09-13T16:00:00+00:00
fc362aff0d889ec52d358307a70c32ed,CHI@CAR,D'Andre Swift,bovada,-122,2026-09-13T15:55:18+00:00,2026-09-13T15:55:36+00:00,2026-09-13T16:00:00+00:00
fc362aff0d889ec52d358307a70c32ed,CHI@CAR,Chicago Bears D/ST,bovada,600,2026-09-13T15:55:18+00:00,2026-09-13T15:55:36+00:00,2026-09-13T16:00:00+00:00
fc362aff0d889ec52d358307a70c32ed,CHI@CAR,Brycen Tremayne,bovada,2200,2026-09-13T15:55:18+00:00,2026-09-13T15:55:36+00:00,2026-09-13T16:00:00+00:00
fc362aff0d889ec52d358307a70c32ed,CHI@CAR,Xavier Legette,bovada,440,2026-09-13T15:55:18+00:00,2026-09-13T15:55:36+00:00,2026-09-13T16:00:00+00:00
fc362aff0d889ec52d358307a70c32ed,CHI@CAR,Jimmy Horn Jr.,bovada,900,2026-09-13T15:55:18+00:00,2026-09-13T15:55:36+00:00,2026-09-13T16:00:00+00:00
fc362aff0d889ec52d358307a70c32ed,CHI@CAR,AJ Dillon,bovada,1300,2026-09-13T15:55:18+00:00,2026-09-13T15:55:36+00:00,2026-09-13T16:00:00+00:00
fc362aff0d889ec52d358307a70c32ed,CHI@CAR,Darren Waller,bovada,420,2026-09-13T15:55:18+00:00,2026-09-13T15:55:36+00:00,2026-09-13T16:00:00+00:00
ed6d24ff979f9c71979fead577b0b3f7,TB@CIN,Ja'Marr Chase,draftkings,-130,2026-09-13T15:54:29+00:00,2026-09-13T15:55:36+00:00,2026-09-13T16:00:00+00:00
ed6d24ff979f9c71979fead577b0b3f7,TB@CIN,Chase Brown,draftkings,-125,2026-09-13T15:54:29+00:00,2026-09-13T15:55:36+00:00,2026-09-13T16:00:00+00:00
ed6d24ff979f9c71979fead577b0b3f7,TB@CIN,Bucky Irving,draftkings,115,2026-09-13T15:54:29+00:00,2026-09-13T15:55:36+00:00,2026-09-13T16:00:00+00:00
ed6d24ff979f9c71979fead577b0b3f7,TB@CIN,Tee Higgins,draftkings,120,2026-09-13T15:54:29+00:00,2026-09-13T15:55:36+00:00,2026-09-13T16:00:00+00:00
ed6d24ff979f9c71979fead577b0b3f7,TB@CIN,Emeka Egbuka,draftkings,175,2026-09-13T15:54:29+00:00,2026-09-13T15:55:36+00:00,2026-09-13T16:00:00+00:00
ed6d24ff979f9c71979fead577b0b3f7,TB@CIN,Kenny Gainwell,draftkings,195,2026-09-13T15:54:29+00:00,2026-09-13T15:55:36+00:00,2026-09-13T16:00:00+00:00
ed6d24ff979f9c71979fead577b0b3f7,TB@CIN,Chris Godwin,draftkings,210,2026-09-13T15:54:29+00:00,2026-09-13T15:55:36+00:00,2026-09-13T16:00:00+00:00
ed6d24ff979f9c71979fead577b0b3f7,TB@CIN,Cade Otton,draftkings,265,2026-09-13T15:54:29+00:00,2026-09-13T15:55:36+00:00,2026-09-13T16:00:00+00:00
ed6d24ff979f9c71979fead577b0b3f7,TB@CIN,Samaje Perine,draftkings,340,2026-09-13T15:54:29+00:00,2026-09-13T15:55:36+00:00,2026-09-13T16:00:00+00:00
ed6d24ff979f9c71979fead577b0b3f7,TB@CIN,Mike Gesicki,draftkings,340,2026-09-13T15:54:29+00:00,2026-09-13T15:55:36+00:00,2026-09-13T16:00:00+00:00
ed6d24ff979f9c71979fead577b0b3f7,TB@CIN,Andrei Iosivas,draftkings,370,2026-09-13T15:54:29+00:00,2026-09-13T15:55:36+00:00,2026-09-13T16:00:00+00:00
ed6d24ff979f9c71979fead577b0b3f7,TB@CIN,Ted Hurst III,draftkings,475,2026-09-13T15:54:29+00:00,2026-09-13T15:55:36+00:00,2026-09-13T16:00:00+00:00
ed6d24ff979f9c71979fead577b0b3f7,TB@CIN,Tez Johnson,draftkings,550,2026-09-13T15:54:29+00:00,2026-09-13T15:55:36+00:00,2026-09-13T16:00:00+00:00
ed6d24ff979f9c71979fead577b0b3f7,TB@CIN,Cincinnati Bengals D/ST,draftkings,550,2026-09-13T15:54:29+00:00,2026-09-13T15:55:36+00:00,2026-09-13T16:00:00+00:00
ed6d24ff979f9c71979fead577b0b3f7,TB@CIN,Baker Mayfield,draftkings,600,2026-09-13T15:54:29+00:00,2026-09-13T15:55:36+00:00,2026-09-13T16:00:00+00:00
ed6d24ff979f9c71979fead577b0b3f7,TB@CIN,Tampa Bay Buccaneers D/ST,draftkings,650,2026-09-13T15:54:29+00:00,2026-09-13T15:55:36+00:00,2026-09-13T16:00:00+00:00
ed6d24ff979f9c71979fead577b0b3f7,TB@CIN,Erick All,draftkings,700,2026-09-13T15:54:29+00:00,2026-09-13T15:55:36+00:00,2026-09-13T16:00:00+00:00
ed6d24ff979f9c71979fead577b0b3f7,TB@CIN,Joe Burrow,draftkings,750,2026-09-13T15:54:29+00:00,2026-09-13T15:55:36+00:00,2026-09-13T16:00:00+00:00
ed6d24ff979f9c71979fead577b0b3f7,TB@CIN,Colbie Young,draftkings,800,2026-09-13T15:54:29+00:00,2026-09-13T15:55:36+00:00,2026-09-13T16:00:00+00:00
ed6d24ff979f9c71979fead577b0b3f7,TB@CIN,Tanner Hudson,draftkings,900,2026-09-13T15:54:29+00:00,2026-09-13T15:55:36+00:00,2026-09-13T16:00:00+00:00
ed6d24ff979f9c71979fead577b0b3f7,TB@CIN,Drew Sample,draftkings,1000,2026-09-13T15:54:29+00:00,2026-09-13T15:55:36+00:00,2026-09-13T16:00:00+00:00
ed6d24ff979f9c71979fead577b0b3f7,TB@CIN,Payne Durham,draftkings,1400,2026-09-13T15:54:29+00:00,2026-09-13T15:55:36+00:00,2026-09-13T16:00:00+00:00
ed6d24ff979f9c71979fead577b0b3f7,TB@CIN,Josh Williams,draftkings,1400,2026-09-13T15:54:29+00:00,2026-09-13T15:55:36+00:00,2026-09-13T16:00:00+00:00
ed6d24ff979f9c71979fead577b0b3f7,TB@CIN,Dohnte Meyers,draftkings,1600,2026-09-13T15:54:29+00:00,2026-09-13T15:55:36+00:00,2026-09-13T16:00:00+00:00
ed6d24ff979f9c71979fead577b0b3f7,TB@CIN,Tahj Brooks,draftkings,1900,2026-09-13T15:54:29+00:00,2026-09-13T15:55:36+00:00,2026-09-13T16:00:00+00:00
ed6d24ff979f9c71979fead577b0b3f7,TB@CIN,Kameron Johnson,draftkings,1900,2026-09-13T15:54:29+00:00,2026-09-13T15:55:36+00:00,2026-09-13T16:00:00+00:00
ed6d24ff979f9c71979fead577b0b3f7,TB@CIN,Ko Kieft,draftkings,3500,2026-09-13T15:54:29+00:00,2026-09-13T15:55:36+00:00,2026-09-13T16:00:00+00:00
ed6d24ff979f9c71979fead577b0b3f7,TB@CIN,Bauer Sharp,draftkings,3500,2026-09-13T15:54:29+00:00,2026-09-13T15:55:36+00:00,2026-09-13T16:00:00+00:00
ed6d24ff979f9c71979fead577b0b3f7,TB@CIN,Chase Brown,fanduel,-125,2026-09-13T15:55:08+00:00,2026-09-13T15:55:36+00:00,2026-09-13T16:00:00+00:00
ed6d24ff979f9c71979fead577b0b3f7,TB@CIN,Ja'Marr Chase,fanduel,-125,2026-09-13T15:55:08+00:00,2026-09-13T15:55:36+00:00,2026-09-13T16:00:00+00:00
ed6d24ff979f9c71979fead577b0b3f7,TB@CIN,Bucky Irving,fanduel,115,2026-09-13T15:55:08+00:00,2026-09-13T15:55:36+00:00,2026-09-13T16:00:00+00:00
ed6d24ff979f9c71979fead577b0b3f7,TB@CIN,Tee Higgins,fanduel,125,2026-09-13T15:55:08+00:00,2026-09-13T15:55:36+00:00,2026-09-13T16:00:00+00:00
ed6d24ff979f9c71979fead577b0b3f7,TB@CIN,Emeka Egbuka,fanduel,175,2026-09-13T15:55:08+00:00,2026-09-13T15:55:36+00:00,2026-09-13T16:00:00+00:00
ed6d24ff979f9c71979fead577b0b3f7,TB@CIN,Kenny Gainwell,fanduel,190,2026-09-13T15:55:08+00:00,2026-09-13T15:55:36+00:00,2026-09-13T16:00:00+00:00
ed6d24ff979f9c71979fead577b0b3f7,TB@CIN,Chris Godwin,fanduel,220,2026-09-13T15:55:08+00:00,2026-09-13T15:55:36+00:00,2026-09-13T16:00:00+00:00
ed6d24ff979f9c71979fead577b0b3f7,TB@CIN,Cade Otton,fanduel,290,2026-09-13T15:55:08+00:00,2026-09-13T15:55:36+00:00,2026-09-13T16:00:00+00:00
ed6d24ff979f9c71979fead577b0b3f7,TB@CIN,Mike Gesicki,fanduel,350,2026-09-13T15:55:08+00:00,2026-09-13T15:55:36+00:00,2026-09-13T16:00:00+00:00
ed6d24ff979f9c71979fead577b0b3f7,TB@CIN,Samaje Perine,fanduel,330,2026-09-13T15:55:08+00:00,2026-09-13T15:55:36+00:00,2026-09-13T16:00:00+00:00
ed6d24ff979f9c71979fead577b0b3f7,TB@CIN,Andrei Iosivas,fanduel,370,2026-09-13T15:55:08+00:00,2026-09-13T15:55:36+00:00,2026-09-13T16:00:00+00:00
ed6d24ff979f9c71979fead577b0b3f7,TB@CIN,Ted Hurst III,fanduel,490,2026-09-13T15:55:08+00:00,2026-09-13T15:55:36+00:00,2026-09-13T16:00:00+00:00
ed6d24ff979f9c71979fead577b0b3f7,TB@CIN,Baker Mayfield,fanduel,550,2026-09-13T15:55:08+00:00,2026-09-13T15:55:36+00:00,2026-09-13T16:00:00+00:00
ed6d24ff979f9c71979fead577b0b3f7,TB@CIN,Tez Johnson,fanduel,550,2026-09-13T15:55:08+00:00,2026-09-13T15:55:36+00:00,2026-09-13T16:00:00+00:00
ed6d24ff979f9c71979fead577b0b3f7,TB@CIN,Cincinnati Bengals Defense,fanduel,600,2026-09-13T15:55:08+00:00,2026-09-13T15:55:36+00:00,2026-09-13T16:00:00+00:00
ed6d24ff979f9c71979fead577b0b3f7,TB@CIN,Erick All,fanduel,650,2026-09-13T15:55:08+00:00,2026-09-13T15:55:36+00:00,2026-09-13T16:00:00+00:00
ed6d24ff979f9c71979fead577b0b3f7,TB@CIN,Joe Burrow,fanduel,700,2026-09-13T15:55:08+00:00,2026-09-13T15:55:36+00:00,2026-09-13T16:00:00+00:00
ed6d24ff979f9c71979fead577b0b3f7,TB@CIN,Colbie Young,fanduel,800,2026-09-13T15:55:08+00:00,2026-09-13T15:55:36+00:00,2026-09-13T16:00:00+00:00
ed6d24ff979f9c71979fead577b0b3f7,TB@CIN,Tampa Bay Buccaneers Defense,fanduel,850,2026-09-13T15:55:08+00:00,2026-09-13T15:55:36+00:00,2026-09-13T16:00:00+00:00
ed6d24ff979f9c71979fead577b0b3f7,TB@CIN,Tanner Hudson,fanduel,850,2026-09-13T15:55:08+00:00,2026-09-13T15:55:36+00:00,2026-09-13T16:00:00+00:00
ed6d24ff979f9c71979fead577b0b3f7,TB@CIN,Drew Sample,fanduel,1100,2026-09-13T15:55:08+00:00,2026-09-13T15:55:36+00:00,2026-09-13T16:00:00+00:00
ed6d24ff979f9c71979fead577b0b3f7,TB@CIN,Dohnte Meyers,fanduel,1500,2026-09-13T15:55:08+00:00,2026-09-13T15:55:36+00:00,2026-09-13T16:00:00+00:00
ed6d24ff979f9c71979fead577b0b3f7,TB@CIN,Payne Durham,fanduel,1600,2026-09-13T15:55:08+00:00,2026-09-13T15:55:36+00:00,2026-09-13T16:00:00+00:00
ed6d24ff979f9c71979fead577b0b3f7,TB@CIN,Kameron Johnson,fanduel,2000,2026-09-13T15:55:08+00:00,2026-09-13T15:55:36+00:00,2026-09-13T16:00:00+00:00
ed6d24ff979f9c71979fead577b0b3f7,TB@CIN,Josh Williams,fanduel,2000,2026-09-13T15:55:08+00:00,2026-09-13T15:55:36+00:00,2026-09-13T16:00:00+00:00
ed6d24ff979f9c71979fead577b0b3f7,TB@CIN,Tahj Brooks,fanduel,2500,2026-09-13T15:55:08+00:00,2026-09-13T15:55:36+00:00,2026-09-13T16:00:00+00:00
ed6d24ff979f9c71979fead577b0b3f7,TB@CIN,Ko Kieft,fanduel,2200,2026-09-13T15:55:08+00:00,2026-09-13T15:55:36+00:00,2026-09-13T16:00:00+00:00
ed6d24ff979f9c71979fead577b0b3f7,TB@CIN,Bauer Sharp,fanduel,3500,2026-09-13T15:55:08+00:00,2026-09-13T15:55:36+00:00,2026-09-13T16:00:00+00:00
ed6d24ff979f9c71979fead577b0b3f7,TB@CIN,Chris Godwin,betonlineag,210,2026-09-13T15:54:26+00:00,2026-09-13T15:55:36+00:00,2026-09-13T16:00:00+00:00
ed6d24ff979f9c71979fead577b0b3f7,TB@CIN,Ja'Marr Chase,betonlineag,-125,2026-09-13T15:54:26+00:00,2026-09-13T15:55:36+00:00,2026-09-13T16:00:00+00:00
ed6d24ff979f9c71979fead577b0b3f7,TB@CIN,Joe Burrow,betonlineag,700,2026-09-13T15:54:26+00:00,2026-09-13T15:55:36+00:00,2026-09-13T16:00:00+00:00
ed6d24ff979f9c71979fead577b0b3f7,TB@CIN,Baker Mayfield,betonlineag,500,2026-09-13T15:54:26+00:00,2026-09-13T15:55:36+00:00,2026-09-13T16:00:00+00:00
ed6d24ff979f9c71979fead577b0b3f7,TB@CIN,Chase Brown,betonlineag,-125,2026-09-13T15:54:26+00:00,2026-09-13T15:55:36+00:00,2026-09-13T16:00:00+00:00
ed6d24ff979f9c71979fead577b0b3f7,TB@CIN,Samaje Perine,betonlineag,325,2026-09-13T15:54:26+00:00,2026-09-13T15:55:36+00:00,2026-09-13T16:00:00+00:00
ed6d24ff979f9c71979fead577b0b3f7,TB@CIN,Cade Otton,betonlineag,260,2026-09-13T15:54:26+00:00,2026-09-13T15:55:36+00:00,2026-09-13T16:00:00+00:00
ed6d24ff979f9c71979fead577b0b3f7,TB@CIN,Tee Higgins,betonlineag,120,2026-09-13T15:54:26+00:00,2026-09-13T15:55:36+00:00,2026-09-13T16:00:00+00:00
ed6d24ff979f9c71979fead577b0b3f7,TB@CIN,Andrei Iosivas,betonlineag,350,2026-09-13T15:54:26+00:00,2026-09-13T15:55:36+00:00,2026-09-13T16:00:00+00:00
ed6d24ff979f9c71979fead577b0b3f7,TB@CIN,Kenny Gainwell,betonlineag,190,2026-09-13T15:54:26+00:00,2026-09-13T15:55:36+00:00,2026-09-13T16:00:00+00:00
ed6d24ff979f9c71979fead577b0b3f7,TB@CIN,Mike Gesicki,betonlineag,325,2026-09-13T15:54:26+00:00,2026-09-13T15:55:36+00:00,2026-09-13T16:00:00+00:00
ed6d24ff979f9c71979fead577b0b3f7,TB@CIN,Bucky Irving,betonlineag,110,2026-09-13T15:54:26+00:00,2026-09-13T15:55:36+00:00,2026-09-13T16:00:00+00:00
ed6d24ff979f9c71979fead577b0b3f7,TB@CIN,Emeka Egbuka,betonlineag,170,2026-09-13T15:54:26+00:00,2026-09-13T15:55:36+00:00,2026-09-13T16:00:00+00:00
ed6d24ff979f9c71979fead577b0b3f7,TB@CIN,Ted Hurst III,betonlineag,450,2026-09-13T15:54:26+00:00,2026-09-13T15:55:36+00:00,2026-09-13T16:00:00+00:00
ed6d24ff979f9c71979fead577b0b3f7,TB@CIN,Tahj Brooks,betonlineag,1900,2026-09-13T15:54:26+00:00,2026-09-13T15:55:36+00:00,2026-09-13T16:00:00+00:00
ed6d24ff979f9c71979fead577b0b3f7,TB@CIN,Colbie Young,betonlineag,650,2026-09-13T15:54:26+00:00,2026-09-13T15:55:36+00:00,2026-09-13T16:00:00+00:00
ed6d24ff979f9c71979fead577b0b3f7,TB@CIN,Drew Sample,betonlineag,1000,2026-09-13T15:54:26+00:00,2026-09-13T15:55:36+00:00,2026-09-13T16:00:00+00:00
ed6d24ff979f9c71979fead577b0b3f7,TB@CIN,Erick All,betonlineag,650,2026-09-13T15:54:26+00:00,2026-09-13T15:55:36+00:00,2026-09-13T16:00:00+00:00
ed6d24ff979f9c71979fead577b0b3f7,TB@CIN,Jack Endries,betonlineag,1100,2026-09-13T15:54:26+00:00,2026-09-13T15:55:36+00:00,2026-09-13T16:00:00+00:00
ed6d24ff979f9c71979fead577b0b3f7,TB@CIN,Tez Johnson,betonlineag,550,2026-09-13T15:54:26+00:00,2026-09-13T15:55:36+00:00,2026-09-13T16:00:00+00:00
ed6d24ff979f9c71979fead577b0b3f7,TB@CIN,Ke'Shawn Williams,betonlineag,3400,2026-09-13T15:54:26+00:00,2026-09-13T15:55:36+00:00,2026-09-13T16:00:00+00:00
ed6d24ff979f9c71979fead577b0b3f7,TB@CIN,Payne Durham,betonlineag,1400,2026-09-13T15:54:26+00:00,2026-09-13T15:55:36+00:00,2026-09-13T16:00:00+00:00
ed6d24ff979f9c71979fead577b0b3f7,TB@CIN,Dohnte Meyers,betonlineag,800,2026-09-13T15:54:26+00:00,2026-09-13T15:55:36+00:00,2026-09-13T16:00:00+00:00
ed6d24ff979f9c71979fead577b0b3f7,TB@CIN,Ko Kieft,betonlineag,1900,2026-09-13T15:54:26+00:00,2026-09-13T15:55:36+00:00,2026-09-13T16:00:00+00:00
ed6d24ff979f9c71979fead577b0b3f7,TB@CIN,Bauer Sharp,betonlineag,2400,2026-09-13T15:54:26+00:00,2026-09-13T15:55:36+00:00,2026-09-13T16:00:00+00:00
ed6d24ff979f9c71979fead577b0b3f7,TB@CIN,Kameron Johnson,betonlineag,1400,2026-09-13T15:54:26+00:00,2026-09-13T15:55:36+00:00,2026-09-13T16:00:00+00:00
ed6d24ff979f9c71979fead577b0b3f7,TB@CIN,Payne Durham,betrivers,1150,2026-09-13T15:55:32+00:00,2026-09-13T15:55:36+00:00,2026-09-13T16:00:00+00:00
ed6d24ff979f9c71979fead577b0b3f7,TB@CIN,Cade Otton,betrivers,275,2026-09-13T15:55:32+00:00,2026-09-13T15:55:36+00:00,2026-09-13T16:00:00+00:00
ed6d24ff979f9c71979fead577b0b3f7,TB@CIN,Andrei Iosivas,betrivers,400,2026-09-13T15:55:32+00:00,2026-09-13T15:55:36+00:00,2026-09-13T16:00:00+00:00
ed6d24ff979f9c71979fead577b0b3f7,TB@CIN,Tez Johnson,betrivers,360,2026-09-13T15:55:32+00:00,2026-09-13T15:55:36+00:00,2026-09-13T16:00:00+00:00
ed6d24ff979f9c71979fead577b0b3f7,TB@CIN,Samaje Perine,betrivers,400,2026-09-13T15:55:32+00:00,2026-09-13T15:55:36+00:00,2026-09-13T16:00:00+00:00
ed6d24ff979f9c71979fead577b0b3f7,TB@CIN,Chase Brown,betrivers,-132,2026-09-13T15:55:32+00:00,2026-09-13T15:55:36+00:00,2026-09-13T16:00:00+00:00
ed6d24ff979f9c71979fead577b0b3f7,TB@CIN,Emeka Egbuka,betrivers,175,2026-09-13T15:55:32+00:00,2026-09-13T15:55:36+00:00,2026-09-13T16:00:00+00:00
ed6d24ff979f9c71979fead577b0b3f7,TB@CIN,Dohnte Meyers,betrivers,650,2026-09-13T15:55:32+00:00,2026-09-13T15:55:36+00:00,2026-09-13T16:00:00+00:00
ed6d24ff979f9c71979fead577b0b3f7,TB@CIN,Colbie Young,betrivers,500,2026-09-13T15:55:32+00:00,2026-09-13T15:55:36+00:00,2026-09-13T16:00:00+00:00
ed6d24ff979f9c71979fead577b0b3f7,TB@CIN,Erick All,betrivers,525,2026-09-13T15:55:32+00:00,2026-09-13T15:55:36+00:00,2026-09-13T16:00:00+00:00
ed6d24ff979f9c71979fead577b0b3f7,TB@CIN,Ko Kieft,betrivers,1900,2026-09-13T15:55:32+00:00,2026-09-13T15:55:36+00:00,2026-09-13T16:00:00+00:00
ed6d24ff979f9c71979fead577b0b3f7,TB@CIN,Baker Mayfield,betrivers,510,2026-09-13T15:55:32+00:00,2026-09-13T15:55:36+00:00,2026-09-13T16:00:00+00:00
ed6d24ff979f9c71979fead577b0b3f7,TB@CIN,Joe Burrow,betrivers,750,2026-09-13T15:55:32+00:00,2026-09-13T15:55:36+00:00,2026-09-13T16:00:00+00:00
ed6d24ff979f9c71979fead577b0b3f7,TB@CIN,Chris Godwin,betrivers,220,2026-09-13T15:55:32+00:00,2026-09-13T15:55:36+00:00,2026-09-13T16:00:00+00:00
ed6d24ff979f9c71979fead577b0b3f7,TB@CIN,Tahj Brooks,betrivers,1500,2026-09-13T15:55:32+00:00,2026-09-13T15:55:36+00:00,2026-09-13T16:00:00+00:00
ed6d24ff979f9c71979fead577b0b3f7,TB@CIN,Bauer Sharp,betrivers,2000,2026-09-13T15:55:32+00:00,2026-09-13T15:55:36+00:00,2026-09-13T16:00:00+00:00
ed6d24ff979f9c71979fead577b0b3f7,TB@CIN,Ted Hurst III,betrivers,410,2026-09-13T15:55:32+00:00,2026-09-13T15:55:36+00:00,2026-09-13T16:00:00+00:00
ed6d24ff979f9c71979fead577b0b3f7,TB@CIN,Josh Williams,betrivers,800,2026-09-13T15:55:32+00:00,2026-09-13T15:55:36+00:00,2026-09-13T16:00:00+00:00
ed6d24ff979f9c71979fead577b0b3f7,TB@CIN,Bucky Irving,betrivers,110,2026-09-13T15:55:32+00:00,2026-09-13T15:55:36+00:00,2026-09-13T16:00:00+00:00
ed6d24ff979f9c71979fead577b0b3f7,TB@CIN,Mike Gesicki,betrivers,280,2026-09-13T15:55:32+00:00,2026-09-13T15:55:36+00:00,2026-09-13T16:00:00+00:00
ed6d24ff979f9c71979fead577b0b3f7,TB@CIN,Kenny Gainwell,betrivers,190,2026-09-13T15:55:32+00:00,2026-09-13T15:55:36+00:00,2026-09-13T16:00:00+00:00
ed6d24ff979f9c71979fead577b0b3f7,TB@CIN,Ja'Marr Chase,betrivers,-121,2026-09-13T15:55:32+00:00,2026-09-13T15:55:36+00:00,2026-09-13T16:00:00+00:00
ed6d24ff979f9c71979fead577b0b3f7,TB@CIN,Tee Higgins,betrivers,116,2026-09-13T15:55:32+00:00,2026-09-13T15:55:36+00:00,2026-09-13T16:00:00+00:00
ed6d24ff979f9c71979fead577b0b3f7,TB@CIN,Drew Sample,betrivers,1150,2026-09-13T15:55:32+00:00,2026-09-13T15:55:36+00:00,2026-09-13T16:00:00+00:00
ed6d24ff979f9c71979fead577b0b3f7,TB@CIN,Kameron Johnson,betrivers,900,2026-09-13T15:55:32+00:00,2026-09-13T15:55:36+00:00,2026-09-13T16:00:00+00:00
ed6d24ff979f9c71979fead577b0b3f7,TB@CIN,No Scorer,fanatics,10000,2026-09-13T15:55:36+00:00,2026-09-13T15:55:36+00:00,2026-09-13T16:00:00+00:00
ed6d24ff979f9c71979fead577b0b3f7,TB@CIN,Mike Gesicki,fanatics,420,2026-09-13T15:55:36+00:00,2026-09-13T15:55:36+00:00,2026-09-13T16:00:00+00:00
ed6d24ff979f9c71979fead577b0b3f7,TB@CIN,Samaje Perine,fanatics,380,2026-09-13T15:55:36+00:00,2026-09-13T15:55:36+00:00,2026-09-13T16:00:00+00:00
ed6d24ff979f9c71979fead577b0b3f7,TB@CIN,Drew Sample,fanatics,1000,2026-09-13T15:55:36+00:00,2026-09-13T15:55:36+00:00,2026-09-13T16:00:00+00:00
ed6d24ff979f9c71979fead577b0b3f7,TB@CIN,Tee Higgins,fanatics,125,2026-09-13T15:55:36+00:00,2026-09-13T15:55:36+00:00,2026-09-13T16:00:00+00:00
ed6d24ff979f9c71979fead577b0b3f7,TB@CIN,Ja'Marr Chase,fanatics,-120,2026-09-13T15:55:36+00:00,2026-09-13T15:55:36+00:00,2026-09-13T16:00:00+00:00
ed6d24ff979f9c71979fead577b0b3f7,TB@CIN,Chase Brown,fanatics,-120,2026-09-13T15:55:36+00:00,2026-09-13T15:55:36+00:00,2026-09-13T16:00:00+00:00
ed6d24ff979f9c71979fead577b0b3f7,TB@CIN,Andrei Iosivas,fanatics,450,2026-09-13T15:55:36+00:00,2026-09-13T15:55:36+00:00,2026-09-13T16:00:00+00:00
ed6d24ff979f9c71979fead577b0b3f7,TB@CIN,Tahj Brooks,fanatics,1900,2026-09-13T15:55:36+00:00,2026-09-13T15:55:36+00:00,2026-09-13T16:00:00+00:00
ed6d24ff979f9c71979fead577b0b3f7,TB@CIN,Cincinnati Bengals D/ST,fanatics,475,2026-09-13T15:55:36+00:00,2026-09-13T15:55:36+00:00,2026-09-13T16:00:00+00:00
ed6d24ff979f9c71979fead577b0b3f7,TB@CIN,Baker Mayfield,fanatics,500,2026-09-13T15:55:36+00:00,2026-09-13T15:55:36+00:00,2026-09-13T16:00:00+00:00
ed6d24ff979f9c71979fead577b0b3f7,TB@CIN,Chris Godwin,fanatics,230,2026-09-13T15:55:36+00:00,2026-09-13T15:55:36+00:00,2026-09-13T16:00:00+00:00
ed6d24ff979f9c71979fead577b0b3f7,TB@CIN,Cade Otton,fanatics,310,2026-09-13T15:55:36+00:00,2026-09-13T15:55:36+00:00,2026-09-13T16:00:00+00:00
ed6d24ff979f9c71979fead577b0b3f7,TB@CIN,Bucky Irving,fanatics,120,2026-09-13T15:55:36+00:00,2026-09-13T15:55:36+00:00,2026-09-13T16:00:00+00:00
ed6d24ff979f9c71979fead577b0b3f7,TB@CIN,Emeka Egbuka,fanatics,200,2026-09-13T15:55:36+00:00,2026-09-13T15:55:36+00:00,2026-09-13T16:00:00+00:00
ed6d24ff979f9c71979fead577b0b3f7,TB@CIN,Tampa Bay Buccaneers D/ST,fanatics,550,2026-09-13T15:55:36+00:00,2026-09-13T15:55:36+00:00,2026-09-13T16:00:00+00:00
ed6d24ff979f9c71979fead577b0b3f7,TB@CIN,Tez Johnson,fanatics,575,2026-09-13T15:55:36+00:00,2026-09-13T15:55:36+00:00,2026-09-13T16:00:00+00:00
ed6d24ff979f9c71979fead577b0b3f7,TB@CIN,Ted Hurst III,fanatics,525,2026-09-13T15:55:36+00:00,2026-09-13T15:55:36+00:00,2026-09-13T16:00:00+00:00
ed6d24ff979f9c71979fead577b0b3f7,TB@CIN,Bauer Sharp,fanatics,2800,2026-09-13T15:55:36+00:00,2026-09-13T15:55:36+00:00,2026-09-13T16:00:00+00:00
ed6d24ff979f9c71979fead577b0b3f7,TB@CIN,Payne Durham,fanatics,2500,2026-09-13T15:55:36+00:00,2026-09-13T15:55:36+00:00,2026-09-13T16:00:00+00:00
ed6d24ff979f9c71979fead577b0b3f7,TB@CIN,Colbie Young,fanatics,525,2026-09-13T15:55:36+00:00,2026-09-13T15:55:36+00:00,2026-09-13T16:00:00+00:00
ed6d24ff979f9c71979fead577b0b3f7,TB@CIN,Joe Burrow,fanatics,800,2026-09-13T15:55:36+00:00,2026-09-13T15:55:36+00:00,2026-09-13T16:00:00+00:00
ed6d24ff979f9c71979fead577b0b3f7,TB@CIN,Kameron Johnson,fanatics,1500,2026-09-13T15:55:36+00:00,2026-09-13T15:55:36+00:00,2026-09-13T16:00:00+00:00
ed6d24ff979f9c71979fead577b0b3f7,TB@CIN,Erick All,fanatics,650,2026-09-13T15:55:36+00:00,2026-09-13T15:55:36+00:00,2026-09-13T16:00:00+00:00
ed6d24ff979f9c71979fead577b0b3f7,TB@CIN,Kenny Gainwell,fanatics,200,2026-09-13T15:55:36+00:00,2026-09-13T15:55:36+00:00,2026-09-13T16:00:00+00:00
ed6d24ff979f9c71979fead577b0b3f7,TB@CIN,Ko Kieft,fanatics,3000,2026-09-13T15:55:36+00:00,2026-09-13T15:55:36+00:00,2026-09-13T16:00:00+00:00
ed6d24ff979f9c71979fead577b0b3f7,TB@CIN,Dohnte Meyers,fanatics,1200,2026-09-13T15:55:36+00:00,2026-09-13T15:55:36+00:00,2026-09-13T16:00:00+00:00
ed6d24ff979f9c71979fead577b0b3f7,TB@CIN,Ja'Marr Chase,williamhill_us,-124,2026-09-13T15:55:31+00:00,2026-09-13T15:55:36+00:00,2026-09-13T16:00:00+00:00
ed6d24ff979f9c71979fead577b0b3f7,TB@CIN,Chase Brown,williamhill_us,-124,2026-09-13T15:55:31+00:00,2026-09-13T15:55:36+00:00,2026-09-13T16:00:00+00:00
ed6d24ff979f9c71979fead577b0b3f7,TB@CIN,Bucky Irving,williamhill_us,114,2026-09-13T15:55:31+00:00,2026-09-13T15:55:36+00:00,2026-09-13T16:00:00+00:00
ed6d24ff979f9c71979fead577b0b3f7,TB@CIN,Tee Higgins,williamhill_us,120,2026-09-13T15:55:31+00:00,2026-09-13T15:55:36+00:00,2026-09-13T16:00:00+00:00
ed6d24ff979f9c71979fead577b0b3f7,TB@CIN,Emeka Egbuka,williamhill_us,180,2026-09-13T15:55:31+00:00,2026-09-13T15:55:36+00:00,2026-09-13T16:00:00+00:00
ed6d24ff979f9c71979fead577b0b3f7,TB@CIN,Kenny Gainwell,williamhill_us,189,2026-09-13T15:55:31+00:00,2026-09-13T15:55:36+00:00,2026-09-13T16:00:00+00:00
ed6d24ff979f9c71979fead577b0b3f7,TB@CIN,Chris Godwin,williamhill_us,220,2026-09-13T15:55:31+00:00,2026-09-13T15:55:36+00:00,2026-09-13T16:00:00+00:00
ed6d24ff979f9c71979fead577b0b3f7,TB@CIN,Cade Otton,williamhill_us,270,2026-09-13T15:55:31+00:00,2026-09-13T15:55:36+00:00,2026-09-13T16:00:00+00:00
ed6d24ff979f9c71979fead577b0b3f7,TB@CIN,Samaje Perine,williamhill_us,330,2026-09-13T15:55:31+00:00,2026-09-13T15:55:36+00:00,2026-09-13T16:00:00+00:00
ed6d24ff979f9c71979fead577b0b3f7,TB@CIN,Mike Gesicki,williamhill_us,340,2026-09-13T15:55:31+00:00,2026-09-13T15:55:36+00:00,2026-09-13T16:00:00+00:00
ed6d24ff979f9c71979fead577b0b3f7,TB@CIN,Andrei Iosivas,williamhill_us,370,2026-09-13T15:55:31+00:00,2026-09-13T15:55:36+00:00,2026-09-13T16:00:00+00:00
ed6d24ff979f9c71979fead577b0b3f7,TB@CIN,Erick All,williamhill_us,450,2026-09-13T15:55:31+00:00,2026-09-13T15:55:36+00:00,2026-09-13T16:00:00+00:00
ed6d24ff979f9c71979fead577b0b3f7,TB@CIN,Ted Hurst III,williamhill_us,450,2026-09-13T15:55:31+00:00,2026-09-13T15:55:36+00:00,2026-09-13T16:00:00+00:00
ed6d24ff979f9c71979fead577b0b3f7,TB@CIN,Baker Mayfield,williamhill_us,500,2026-09-13T15:55:31+00:00,2026-09-13T15:55:36+00:00,2026-09-13T16:00:00+00:00
ed6d24ff979f9c71979fead577b0b3f7,TB@CIN,Tez Johnson,williamhill_us,550,2026-09-13T15:55:31+00:00,2026-09-13T15:55:36+00:00,2026-09-13T16:00:00+00:00
ed6d24ff979f9c71979fead577b0b3f7,TB@CIN,Colbie Young,williamhill_us,700,2026-09-13T15:55:31+00:00,2026-09-13T15:55:36+00:00,2026-09-13T16:00:00+00:00
ed6d24ff979f9c71979fead577b0b3f7,TB@CIN,Joe Burrow,williamhill_us,700,2026-09-13T15:55:31+00:00,2026-09-13T15:55:36+00:00,2026-09-13T16:00:00+00:00
ed6d24ff979f9c71979fead577b0b3f7,TB@CIN,Tanner Hudson,williamhill_us,800,2026-09-13T15:55:31+00:00,2026-09-13T15:55:36+00:00,2026-09-13T16:00:00+00:00
ed6d24ff979f9c71979fead577b0b3f7,TB@CIN,Drew Sample,williamhill_us,1000,2026-09-13T15:55:31+00:00,2026-09-13T15:55:36+00:00,2026-09-13T16:00:00+00:00
ed6d24ff979f9c71979fead577b0b3f7,TB@CIN,Dohnte Meyers,williamhill_us,1000,2026-09-13T15:55:31+00:00,2026-09-13T15:55:36+00:00,2026-09-13T16:00:00+00:00
ed6d24ff979f9c71979fead577b0b3f7,TB@CIN,Payne Durham,williamhill_us,1500,2026-09-13T15:55:31+00:00,2026-09-13T15:55:36+00:00,2026-09-13T16:00:00+00:00
ed6d24ff979f9c71979fead577b0b3f7,TB@CIN,Josh Williams,williamhill_us,1600,2026-09-13T15:55:31+00:00,2026-09-13T15:55:36+00:00,2026-09-13T16:00:00+00:00
ed6d24ff979f9c71979fead577b0b3f7,TB@CIN,Kameron Johnson,williamhill_us,1600,2026-09-13T15:55:31+00:00,2026-09-13T15:55:36+00:00,2026-09-13T16:00:00+00:00
ed6d24ff979f9c71979fead577b0b3f7,TB@CIN,Tahj Brooks,williamhill_us,2000,2026-09-13T15:55:31+00:00,2026-09-13T15:55:36+00:00,2026-09-13T16:00:00+00:00
ed6d24ff979f9c71979fead577b0b3f7,TB@CIN,Ko Kieft,williamhill_us,2400,2026-09-13T15:55:31+00:00,2026-09-13T15:55:36+00:00,2026-09-13T16:00:00+00:00
ed6d24ff979f9c71979fead577b0b3f7,TB@CIN,Bauer Sharp,williamhill_us,3000,2026-09-13T15:55:31+00:00,2026-09-13T15:55:36+00:00,2026-09-13T16:00:00+00:00
ed6d24ff979f9c71979fead577b0b3f7,TB@CIN,Samaje Perine,betmgm,200,2026-09-13T15:54:41+00:00,2026-09-13T15:55:36+00:00,2026-09-13T16:00:00+00:00
ed6d24ff979f9c71979fead577b0b3f7,TB@CIN,Cincinnati Bengals D/ST,betmgm,525,2026-09-13T15:54:41+00:00,2026-09-13T15:55:36+00:00,2026-09-13T16:00:00+00:00
ed6d24ff979f9c71979fead577b0b3f7,TB@CIN,Tee Higgins,betmgm,115,2026-09-13T15:54:41+00:00,2026-09-13T15:55:36+00:00,2026-09-13T16:00:00+00:00
ed6d24ff979f9c71979fead577b0b3f7,TB@CIN,Andrei Iosivas,betmgm,500,2026-09-13T15:54:41+00:00,2026-09-13T15:55:36+00:00,2026-09-13T16:00:00+00:00
ed6d24ff979f9c71979fead577b0b3f7,TB@CIN,Emeka Egbuka,betmgm,150,2026-09-13T15:54:41+00:00,2026-09-13T15:55:36+00:00,2026-09-13T16:00:00+00:00
ed6d24ff979f9c71979fead577b0b3f7,TB@CIN,Kenny Gainwell,betmgm,165,2026-09-13T15:54:41+00:00,2026-09-13T15:55:36+00:00,2026-09-13T16:00:00+00:00
ed6d24ff979f9c71979fead577b0b3f7,TB@CIN,Bucky Irving,betmgm,-111,2026-09-13T15:54:41+00:00,2026-09-13T15:55:36+00:00,2026-09-13T16:00:00+00:00
ed6d24ff979f9c71979fead577b0b3f7,TB@CIN,Mike Gesicki,betmgm,333,2026-09-13T15:54:41+00:00,2026-09-13T15:55:36+00:00,2026-09-13T16:00:00+00:00
ed6d24ff979f9c71979fead577b0b3f7,TB@CIN,Chris Godwin,betmgm,210,2026-09-13T15:54:41+00:00,2026-09-13T15:55:36+00:00,2026-09-13T16:00:00+00:00
ed6d24ff979f9c71979fead577b0b3f7,TB@CIN,Chase Brown,betmgm,-155,2026-09-13T15:54:41+00:00,2026-09-13T15:55:36+00:00,2026-09-13T16:00:00+00:00
ed6d24ff979f9c71979fead577b0b3f7,TB@CIN,Ja'Marr Chase,betmgm,-115,2026-09-13T15:54:41+00:00,2026-09-13T15:55:36+00:00,2026-09-13T16:00:00+00:00
ed6d24ff979f9c71979fead577b0b3f7,TB@CIN,Tampa Bay Buccaneers D/ST,betmgm,675,2026-09-13T15:54:41+00:00,2026-09-13T15:55:36+00:00,2026-09-13T16:00:00+00:00
ed6d24ff979f9c71979fead577b0b3f7,TB@CIN,Payne Durham,betmgm,2000,2026-09-13T15:54:41+00:00,2026-09-13T15:55:36+00:00,2026-09-13T16:00:00+00:00
ed6d24ff979f9c71979fead577b0b3f7,TB@CIN,Drew Sample,betmgm,1050,2026-09-13T15:54:41+00:00,2026-09-13T15:55:36+00:00,2026-09-13T16:00:00+00:00
ed6d24ff979f9c71979fead577b0b3f7,TB@CIN,Cade Otton,betmgm,280,2026-09-13T15:54:41+00:00,2026-09-13T15:55:36+00:00,2026-09-13T16:00:00+00:00
ed6d24ff979f9c71979fead577b0b3f7,TB@CIN,Erick All,betmgm,525,2026-09-13T15:54:41+00:00,2026-09-13T15:55:36+00:00,2026-09-13T16:00:00+00:00
ed6d24ff979f9c71979fead577b0b3f7,TB@CIN,Baker Mayfield,betmgm,400,2026-09-13T15:54:41+00:00,2026-09-13T15:55:36+00:00,2026-09-13T16:00:00+00:00
ed6d24ff979f9c71979fead577b0b3f7,TB@CIN,Ted Hurst III,betmgm,375,2026-09-13T15:54:41+00:00,2026-09-13T15:55:36+00:00,2026-09-13T16:00:00+00:00
ed6d24ff979f9c71979fead577b0b3f7,TB@CIN,Tahj Brooks,betmgm,2500,2026-09-13T15:54:41+00:00,2026-09-13T15:55:36+00:00,2026-09-13T16:00:00+00:00
ed6d24ff979f9c71979fead577b0b3f7,TB@CIN,Joe Burrow,betmgm,625,2026-09-13T15:54:41+00:00,2026-09-13T15:55:36+00:00,2026-09-13T16:00:00+00:00
ed6d24ff979f9c71979fead577b0b3f7,TB@CIN,Colbie Young,betmgm,750,2026-09-13T15:54:41+00:00,2026-09-13T15:55:36+00:00,2026-09-13T16:00:00+00:00
ed6d24ff979f9c71979fead577b0b3f7,TB@CIN,Tez Johnson,betmgm,625,2026-09-13T15:54:41+00:00,2026-09-13T15:55:36+00:00,2026-09-13T16:00:00+00:00
ed6d24ff979f9c71979fead577b0b3f7,TB@CIN,Bauer Sharp,betmgm,4000,2026-09-13T15:54:41+00:00,2026-09-13T15:55:36+00:00,2026-09-13T16:00:00+00:00
ed6d24ff979f9c71979fead577b0b3f7,TB@CIN,Josh Williams,betmgm,950,2026-09-13T15:54:41+00:00,2026-09-13T15:55:36+00:00,2026-09-13T16:00:00+00:00
ed6d24ff979f9c71979fead577b0b3f7,TB@CIN,Kameron Johnson,betmgm,2000,2026-09-13T15:54:41+00:00,2026-09-13T15:55:36+00:00,2026-09-13T16:00:00+00:00
ed6d24ff979f9c71979fead577b0b3f7,TB@CIN,Dohnte Meyers,betmgm,1350,2026-09-13T15:54:41+00:00,2026-09-13T15:55:36+00:00,2026-09-13T16:00:00+00:00
ed6d24ff979f9c71979fead577b0b3f7,TB@CIN,Josh Williams,bovada,1400,2026-09-13T15:53:38+00:00,2026-09-13T15:55:36+00:00,2026-09-13T16:00:00+00:00
ed6d24ff979f9c71979fead577b0b3f7,TB@CIN,Tanner Hudson,bovada,900,2026-09-13T15:53:38+00:00,2026-09-13T15:55:36+00:00,2026-09-13T16:00:00+00:00
ed6d24ff979f9c71979fead577b0b3f7,TB@CIN,Dohnte Meyers,bovada,1600,2026-09-13T15:53:38+00:00,2026-09-13T15:55:36+00:00,2026-09-13T16:00:00+00:00
ed6d24ff979f9c71979fead577b0b3f7,TB@CIN,Payne Durham,bovada,1400,2026-09-13T15:53:38+00:00,2026-09-13T15:55:36+00:00,2026-09-13T16:00:00+00:00
ed6d24ff979f9c71979fead577b0b3f7,TB@CIN,Erick All,bovada,700,2026-09-13T15:53:38+00:00,2026-09-13T15:55:36+00:00,2026-09-13T16:00:00+00:00
ed6d24ff979f9c71979fead577b0b3f7,TB@CIN,Tez Johnson,bovada,525,2026-09-13T15:53:38+00:00,2026-09-13T15:55:36+00:00,2026-09-13T16:00:00+00:00
ed6d24ff979f9c71979fead577b0b3f7,TB@CIN,Cade Otton,bovada,265,2026-09-13T15:53:38+00:00,2026-09-13T15:55:36+00:00,2026-09-13T16:00:00+00:00
ed6d24ff979f9c71979fead577b0b3f7,TB@CIN,Joe Burrow,bovada,725,2026-09-13T15:53:38+00:00,2026-09-13T15:55:36+00:00,2026-09-13T16:00:00+00:00
ed6d24ff979f9c71979fead577b0b3f7,TB@CIN,Mike Gesicki,bovada,340,2026-09-13T15:53:38+00:00,2026-09-13T15:55:36+00:00,2026-09-13T16:00:00+00:00
ed6d24ff979f9c71979fead577b0b3f7,TB@CIN,Ted Hurst III,bovada,460,2026-09-13T15:53:38+00:00,2026-09-13T15:55:36+00:00,2026-09-13T16:00:00+00:00
ed6d24ff979f9c71979fead577b0b3f7,TB@CIN,Cincinnati Bengals D/ST,bovada,525,2026-09-13T15:53:38+00:00,2026-09-13T15:55:36+00:00,2026-09-13T16:00:00+00:00
ed6d24ff979f9c71979fead577b0b3f7,TB@CIN,Colbie Young,bovada,800,2026-09-13T15:53:38+00:00,2026-09-13T15:55:36+00:00,2026-09-13T16:00:00+00:00
ed6d24ff979f9c71979fead577b0b3f7,TB@CIN,Kenny Gainwell,bovada,195,2026-09-13T15:53:38+00:00,2026-09-13T15:55:36+00:00,2026-09-13T16:00:00+00:00
ed6d24ff979f9c71979fead577b0b3f7,TB@CIN,Ja'Marr Chase,bovada,-132,2026-09-13T15:53:38+00:00,2026-09-13T15:55:36+00:00,2026-09-13T16:00:00+00:00
ed6d24ff979f9c71979fead577b0b3f7,TB@CIN,Baker Mayfield,bovada,600,2026-09-13T15:53:38+00:00,2026-09-13T15:55:36+00:00,2026-09-13T16:00:00+00:00
ed6d24ff979f9c71979fead577b0b3f7,TB@CIN,Andrei Iosivas,bovada,370,2026-09-13T15:53:38+00:00,2026-09-13T15:55:36+00:00,2026-09-13T16:00:00+00:00
ed6d24ff979f9c71979fead577b0b3f7,TB@CIN,Chase Brown,bovada,-125,2026-09-13T15:53:38+00:00,2026-09-13T15:55:36+00:00,2026-09-13T16:00:00+00:00
ed6d24ff979f9c71979fead577b0b3f7,TB@CIN,Tampa Bay Buccaneers D/ST,bovada,625,2026-09-13T15:53:38+00:00,2026-09-13T15:55:36+00:00,2026-09-13T16:00:00+00:00
ed6d24ff979f9c71979fead577b0b3f7,TB@CIN,Chris Godwin,bovada,210,2026-09-13T15:53:38+00:00,2026-09-13T15:55:36+00:00,2026-09-13T16:00:00+00:00
ed6d24ff979f9c71979fead577b0b3f7,TB@CIN,Tee Higgins,bovada,120,2026-09-13T15:53:38+00:00,2026-09-13T15:55:36+00:00,2026-09-13T16:00:00+00:00
ed6d24ff979f9c71979fead577b0b3f7,TB@CIN,Tahj Brooks,bovada,1900,2026-09-13T15:53:38+00:00,2026-09-13T15:55:36+00:00,2026-09-13T16:00:00+00:00
ed6d24ff979f9c71979fead577b0b3f7,TB@CIN,Drew Sample,bovada,1000,2026-09-13T15:53:38+00:00,2026-09-13T15:55:36+00:00,2026-09-13T16:00:00+00:00
ed6d24ff979f9c71979fead577b0b3f7,TB@CIN,Emeka Egbuka,bovada,175,2026-09-13T15:53:38+00:00,2026-09-13T15:55:36+00:00,2026-09-13T16:00:00+00:00
ed6d24ff979f9c71979fead577b0b3f7,TB@CIN,Bucky Irving,bovada,115,2026-09-13T15:53:38+00:00,2026-09-13T15:55:36+00:00,2026-09-13T16:00:00+00:00
ed6d24ff979f9c71979fead577b0b3f7,TB@CIN,Samaje Perine,bovada,340,2026-09-13T15:53:38+00:00,2026-09-13T15:55:36+00:00,2026-09-13T16:00:00+00:00
ed6d24ff979f9c71979fead577b0b3f7,TB@CIN,Ko Kieft,bovada,3300,2026-09-13T15:53:38+00:00,2026-09-13T15:55:36+00:00,2026-09-13T16:00:00+00:00
ed6d24ff979f9c71979fead577b0b3f7,TB@CIN,Bauer Sharp,bovada,3300,2026-09-13T15:53:38+00:00,2026-09-13T15:55:36+00:00,2026-09-13T16:00:00+00:00
ed6d24ff979f9c71979fead577b0b3f7,TB@CIN,Kameron Johnson,bovada,1900,2026-09-13T15:53:38+00:00,2026-09-13T15:55:36+00:00,2026-09-13T16:00:00+00:00
e55c6fe19fce094ce214c8b0e5b504e9,CLE@JAX,Bhayshul Tuten,draftkings,140,2026-09-13T15:54:49+00:00,2026-09-13T15:55:36+00:00,2026-09-13T16:00:00+00:00
e55c6fe19fce094ce214c8b0e5b504e9,CLE@JAX,Chris Rodriguez Jr.,draftkings,165,2026-09-13T15:54:49+00:00,2026-09-13T15:55:36+00:00,2026-09-13T16:00:00+00:00
e55c6fe19fce094ce214c8b0e5b504e9,CLE@JAX,Quinshon Judkins,draftkings,175,2026-09-13T15:54:49+00:00,2026-09-13T15:55:36+00:00,2026-09-13T16:00:00+00:00
e55c6fe19fce094ce214c8b0e5b504e9,CLE@JAX,Parker Washington,draftkings,215,2026-09-13T15:54:49+00:00,2026-09-13T15:55:36+00:00,2026-09-13T16:00:00+00:00
e55c6fe19fce094ce214c8b0e5b504e9,CLE@JAX,Trevor Lawrence,draftkings,250,2026-09-13T15:54:49+00:00,2026-09-13T15:55:36+00:00,2026-09-13T16:00:00+00:00
e55c6fe19fce094ce214c8b0e5b504e9,CLE@JAX,Brian Thomas Jr,draftkings,265,2026-09-13T15:54:49+00:00,2026-09-13T15:55:36+00:00,2026-09-13T16:00:00+00:00
e55c6fe19fce094ce214c8b0e5b504e9,CLE@JAX,Brenton Strange,draftkings,265,2026-09-13T15:54:49+00:00,2026-09-13T15:55:36+00:00,2026-09-13T16:00:00+00:00
e55c6fe19fce094ce214c8b0e5b504e9,CLE@JAX,Jakobi Meyers,draftkings,270,2026-09-13T15:54:49+00:00,2026-09-13T15:55:36+00:00,2026-09-13T16:00:00+00:00
e55c6fe19fce094ce214c8b0e5b504e9,CLE@JAX,Harold Fannin Jr.,draftkings,360,2026-09-13T15:54:49+00:00,2026-09-13T15:55:36+00:00,2026-09-13T16:00:00+00:00
e55c6fe19fce094ce214c8b0e5b504e9,CLE@JAX,Jerry Jeudy,draftkings,475,2026-09-13T15:54:49+00:00,2026-09-13T15:55:36+00:00,2026-09-13T16:00:00+00:00
e55c6fe19fce094ce214c8b0e5b504e9,CLE@JAX,Jacksonville Jaguars D/ST,draftkings,475,2026-09-13T15:54:49+00:00,2026-09-13T15:55:36+00:00,2026-09-13T16:00:00+00:00
e55c6fe19fce094ce214c8b0e5b504e9,CLE@JAX,Denzel Boston,draftkings,475,2026-09-13T15:54:49+00:00,2026-09-13T15:55:36+00:00,2026-09-13T16:00:00+00:00
e55c6fe19fce094ce214c8b0e5b504e9,CLE@JAX,KC Concepcion,draftkings,550,2026-09-13T15:54:49+00:00,2026-09-13T15:55:36+00:00,2026-09-13T16:00:00+00:00
e55c6fe19fce094ce214c8b0e5b504e9,CLE@JAX,Cleveland Browns D/ST,draftkings,600,2026-09-13T15:54:49+00:00,2026-09-13T15:55:36+00:00,2026-09-13T16:00:00+00:00
e55c6fe19fce094ce214c8b0e5b504e9,CLE@JAX,Deshaun Watson,draftkings,600,2026-09-13T15:54:49+00:00,2026-09-13T15:55:36+00:00,2026-09-13T16:00:00+00:00
e55c6fe19fce094ce214c8b0e5b504e9,CLE@JAX,Dylan Sampson,draftkings,800,2026-09-13T15:54:49+00:00,2026-09-13T15:55:36+00:00,2026-09-13T16:00:00+00:00
e55c6fe19fce094ce214c8b0e5b504e9,CLE@JAX,Ameer Abdullah,draftkings,850,2026-09-13T15:54:49+00:00,2026-09-13T15:55:36+00:00,2026-09-13T16:00:00+00:00
e55c6fe19fce094ce214c8b0e5b504e9,CLE@JAX,LeQuint Allen Jr.,draftkings,950,2026-09-13T15:54:49+00:00,2026-09-13T15:55:36+00:00,2026-09-13T16:00:00+00:00
e55c6fe19fce094ce214c8b0e5b504e9,CLE@JAX,Travis Hunter,draftkings,1000,2026-09-13T15:54:49+00:00,2026-09-13T15:55:36+00:00,2026-09-13T16:00:00+00:00
e55c6fe19fce094ce214c8b0e5b504e9,CLE@JAX,Nate Boerkircher,draftkings,1100,2026-09-13T15:54:49+00:00,2026-09-13T15:55:36+00:00,2026-09-13T16:00:00+00:00
e55c6fe19fce094ce214c8b0e5b504e9,CLE@JAX,Isaiah Bond,draftkings,1300,2026-09-13T15:54:49+00:00,2026-09-13T15:55:36+00:00,2026-09-13T16:00:00+00:00
e55c6fe19fce094ce214c8b0e5b504e9,CLE@JAX,Raheim Sanders,draftkings,2000,2026-09-13T15:54:49+00:00,2026-09-13T15:55:36+00:00,2026-09-13T16:00:00+00:00
e55c6fe19fce094ce214c8b0e5b504e9,CLE@JAX,Malachi Corley,draftkings,2200,2026-09-13T15:54:49+00:00,2026-09-13T15:55:36+00:00,2026-09-13T16:00:00+00:00
e55c6fe19fce094ce214c8b0e5b504e9,CLE@JAX,Josh Cameron,draftkings,2200,2026-09-13T15:54:49+00:00,2026-09-13T15:55:36+00:00,2026-09-13T16:00:00+00:00
e55c6fe19fce094ce214c8b0e5b504e9,CLE@JAX,CJ Williams,draftkings,2500,2026-09-13T15:54:49+00:00,2026-09-13T15:55:36+00:00,2026-09-13T16:00:00+00:00
e55c6fe19fce094ce214c8b0e5b504e9,CLE@JAX,Quintin Morris,draftkings,3000,2026-09-13T15:54:49+00:00,2026-09-13T15:55:36+00:00,2026-09-13T16:00:00+00:00
e55c6fe19fce094ce214c8b0e5b504e9,CLE@JAX,Blake Whiteheart,draftkings,3000,2026-09-13T15:54:49+00:00,2026-09-13T15:55:36+00:00,2026-09-13T16:00:00+00:00
e55c6fe19fce094ce214c8b0e5b504e9,CLE@JAX,Carsen Ryan,draftkings,3000,2026-09-13T15:54:49+00:00,2026-09-13T15:55:36+00:00,2026-09-13T16:00:00+00:00
e55c6fe19fce094ce214c8b0e5b504e9,CLE@JAX,Tylan Wallace,draftkings,3500,2026-09-13T15:54:49+00:00,2026-09-13T15:55:36+00:00,2026-09-13T16:00:00+00:00
e55c6fe19fce094ce214c8b0e5b504e9,CLE@JAX,Michael Burton,draftkings,4500,2026-09-13T15:54:49+00:00,2026-09-13T15:55:36+00:00,2026-09-13T16:00:00+00:00
e55c6fe19fce094ce214c8b0e5b504e9,CLE@JAX,Bhayshul Tuten,fanduel,160,2026-09-13T15:55:28+00:00,2026-09-13T15:55:36+00:00,2026-09-13T16:00:00+00:00
e55c6fe19fce094ce214c8b0e5b504e9,CLE@JAX,Quinshon Judkins,fanduel,175,2026-09-13T15:55:28+00:00,2026-09-13T15:55:36+00:00,2026-09-13T16:00:00+00:00
e55c6fe19fce094ce214c8b0e5b504e9,CLE@JAX,Parker Washington,fanduel,195,2026-09-13T15:55:28+00:00,2026-09-13T15:55:36+00:00,2026-09-13T16:00:00+00:00
e55c6fe19fce094ce214c8b0e5b504e9,CLE@JAX,Chris Rodriguez Jr.,fanduel,200,2026-09-13T15:55:28+00:00,2026-09-13T15:55:36+00:00,2026-09-13T16:00:00+00:00
e55c6fe19fce094ce214c8b0e5b504e9,CLE@JAX,Trevor Lawrence,fanduel,260,2026-09-13T15:55:28+00:00,2026-09-13T15:55:36+00:00,2026-09-13T16:00:00+00:00
e55c6fe19fce094ce214c8b0e5b504e9,CLE@JAX,Brian Thomas Jr,fanduel,260,2026-09-13T15:55:28+00:00,2026-09-13T15:55:36+00:00,2026-09-13T16:00:00+00:00
e55c6fe19fce094ce214c8b0e5b504e9,CLE@JAX,Jakobi Meyers,fanduel,260,2026-09-13T15:55:28+00:00,2026-09-13T15:55:36+00:00,2026-09-13T16:00:00+00:00
e55c6fe19fce094ce214c8b0e5b504e9,CLE@JAX,Brenton Strange,fanduel,290,2026-09-13T15:55:28+00:00,2026-09-13T15:55:36+00:00,2026-09-13T16:00:00+00:00
e55c6fe19fce094ce214c8b0e5b504e9,CLE@JAX,Harold Fannin Jr.,fanduel,340,2026-09-13T15:55:28+00:00,2026-09-13T15:55:36+00:00,2026-09-13T16:00:00+00:00
e55c6fe19fce094ce214c8b0e5b504e9,CLE@JAX,Jerry Jeudy,fanduel,500,2026-09-13T15:55:28+00:00,2026-09-13T15:55:36+00:00,2026-09-13T16:00:00+00:00
e55c6fe19fce094ce214c8b0e5b504e9,CLE@JAX,Denzel Boston,fanduel,500,2026-09-13T15:55:28+00:00,2026-09-13T15:55:36+00:00,2026-09-13T16:00:00+00:00
e55c6fe19fce094ce214c8b0e5b504e9,CLE@JAX,KC Concepcion,fanduel,550,2026-09-13T15:55:28+00:00,2026-09-13T15:55:36+00:00,2026-09-13T16:00:00+00:00
e55c6fe19fce094ce214c8b0e5b504e9,CLE@JAX,Jacksonville Jaguars Defense,fanduel,650,2026-09-13T15:55:28+00:00,2026-09-13T15:55:36+00:00,2026-09-13T16:00:00+00:00
e55c6fe19fce094ce214c8b0e5b504e9,CLE@JAX,Deshaun Watson,fanduel,750,2026-09-13T15:55:28+00:00,2026-09-13T15:55:36+00:00,2026-09-13T16:00:00+00:00
e55c6fe19fce094ce214c8b0e5b504e9,CLE@JAX,Cleveland Browns Defense,fanduel,800,2026-09-13T15:55:28+00:00,2026-09-13T15:55:36+00:00,2026-09-13T16:00:00+00:00
e55c6fe19fce094ce214c8b0e5b504e9,CLE@JAX,Dylan Sampson,fanduel,800,2026-09-13T15:55:28+00:00,2026-09-13T15:55:36+00:00,2026-09-13T16:00:00+00:00
e55c6fe19fce094ce214c8b0e5b504e9,CLE@JAX,Travis Hunter,fanduel,850,2026-09-13T15:55:28+00:00,2026-09-13T15:55:36+00:00,2026-09-13T16:00:00+00:00
e55c6fe19fce094ce214c8b0e5b504e9,CLE@JAX,Nate Boerkircher,fanduel,1000,2026-09-13T15:55:28+00:00,2026-09-13T15:55:36+00:00,2026-09-13T16:00:00+00:00
e55c6fe19fce094ce214c8b0e5b504e9,CLE@JAX,Ameer Abdullah,fanduel,1100,2026-09-13T15:55:28+00:00,2026-09-13T15:55:36+00:00,2026-09-13T16:00:00+00:00
e55c6fe19fce094ce214c8b0e5b504e9,CLE@JAX,Isaiah Bond,fanduel,1400,2026-09-13T15:55:28+00:00,2026-09-13T15:55:36+00:00,2026-09-13T16:00:00+00:00
e55c6fe19fce094ce214c8b0e5b504e9,CLE@JAX,LeQuint Allen Jr.,fanduel,1500,2026-09-13T15:55:28+00:00,2026-09-13T15:55:36+00:00,2026-09-13T16:00:00+00:00
e55c6fe19fce094ce214c8b0e5b504e9,CLE@JAX,Josh Cameron,fanduel,1500,2026-09-13T15:55:28+00:00,2026-09-13T15:55:36+00:00,2026-09-13T16:00:00+00:00
e55c6fe19fce094ce214c8b0e5b504e9,CLE@JAX,Blake Whiteheart,fanduel,2200,2026-09-13T15:55:28+00:00,2026-09-13T15:55:36+00:00,2026-09-13T16:00:00+00:00
e55c6fe19fce094ce214c8b0e5b504e9,CLE@JAX,Quintin Morris,fanduel,2200,2026-09-13T15:55:28+00:00,2026-09-13T15:55:36+00:00,2026-09-13T16:00:00+00:00
e55c6fe19fce094ce214c8b0e5b504e9,CLE@JAX,Tylan Wallace,fanduel,2700,2026-09-13T15:55:28+00:00,2026-09-13T15:55:36+00:00,2026-09-13T16:00:00+00:00
e55c6fe19fce094ce214c8b0e5b504e9,CLE@JAX,CJ Williams,fanduel,2700,2026-09-13T15:55:28+00:00,2026-09-13T15:55:36+00:00,2026-09-13T16:00:00+00:00
e55c6fe19fce094ce214c8b0e5b504e9,CLE@JAX,Raheim Sanders,fanduel,3000,2026-09-13T15:55:28+00:00,2026-09-13T15:55:36+00:00,2026-09-13T16:00:00+00:00
e55c6fe19fce094ce214c8b0e5b504e9,CLE@JAX,Malachi Corley,fanduel,3000,2026-09-13T15:55:28+00:00,2026-09-13T15:55:36+00:00,2026-09-13T16:00:00+00:00
e55c6fe19fce094ce214c8b0e5b504e9,CLE@JAX,Carsen Ryan,fanduel,3000,2026-09-13T15:55:28+00:00,2026-09-13T15:55:36+00:00,2026-09-13T16:00:00+00:00
e55c6fe19fce094ce214c8b0e5b504e9,CLE@JAX,Michael Burton,fanduel,4000,2026-09-13T15:55:28+00:00,2026-09-13T15:55:36+00:00,2026-09-13T16:00:00+00:00
e55c6fe19fce094ce214c8b0e5b504e9,CLE@JAX,Blake Whiteheart,betrivers,2800,2026-09-13T15:55:01+00:00,2026-09-13T15:55:36+00:00,2026-09-13T16:00:00+00:00
e55c6fe19fce094ce214c8b0e5b504e9,CLE@JAX,Brenton Strange,betrivers,275,2026-09-13T15:55:01+00:00,2026-09-13T15:55:36+00:00,2026-09-13T16:00:00+00:00
e55c6fe19fce094ce214c8b0e5b504e9,CLE@JAX,Quinshon Judkins,betrivers,143,2026-09-13T15:55:01+00:00,2026-09-13T15:55:36+00:00,2026-09-13T16:00:00+00:00
e55c6fe19fce094ce214c8b0e5b504e9,CLE@JAX,Ameer Abdullah,betrivers,1300,2026-09-13T15:55:01+00:00,2026-09-13T15:55:36+00:00,2026-09-13T16:00:00+00:00
e55c6fe19fce094ce214c8b0e5b504e9,CLE@JAX,Trevor Lawrence,betrivers,260,2026-09-13T15:55:01+00:00,2026-09-13T15:55:36+00:00,2026-09-13T16:00:00+00:00
e55c6fe19fce094ce214c8b0e5b504e9,CLE@JAX,LeQuint Allen Jr.,betrivers,1000,2026-09-13T15:55:01+00:00,2026-09-13T15:55:36+00:00,2026-09-13T16:00:00+00:00
e55c6fe19fce094ce214c8b0e5b504e9,CLE@JAX,Harold Fannin Jr.,betrivers,325,2026-09-13T15:55:01+00:00,2026-09-13T15:55:36+00:00,2026-09-13T16:00:00+00:00
e55c6fe19fce094ce214c8b0e5b504e9,CLE@JAX,Bhayshul Tuten,betrivers,143,2026-09-13T15:55:01+00:00,2026-09-13T15:55:36+00:00,2026-09-13T16:00:00+00:00
e55c6fe19fce094ce214c8b0e5b504e9,CLE@JAX,Chris Rodriguez Jr.,betrivers,155,2026-09-13T15:55:01+00:00,2026-09-13T15:55:36+00:00,2026-09-13T16:00:00+00:00
e55c6fe19fce094ce214c8b0e5b504e9,CLE@JAX,Deshaun Watson,betrivers,600,2026-09-13T15:55:01+00:00,2026-09-13T15:55:36+00:00,2026-09-13T16:00:00+00:00
e55c6fe19fce094ce214c8b0e5b504e9,CLE@JAX,Raheim Sanders,betrivers,1400,2026-09-13T15:55:01+00:00,2026-09-13T15:55:36+00:00,2026-09-13T16:00:00+00:00
e55c6fe19fce094ce214c8b0e5b504e9,CLE@JAX,Carsen Ryan,betrivers,2900,2026-09-13T15:55:01+00:00,2026-09-13T15:55:36+00:00,2026-09-13T16:00:00+00:00
e55c6fe19fce094ce214c8b0e5b504e9,CLE@JAX,Denzel Boston,betrivers,450,2026-09-13T15:55:01+00:00,2026-09-13T15:55:36+00:00,2026-09-13T16:00:00+00:00
e55c6fe19fce094ce214c8b0e5b504e9,CLE@JAX,CJ Williams,betrivers,2000,2026-09-13T15:55:01+00:00,2026-09-13T15:55:36+00:00,2026-09-13T16:00:00+00:00
e55c6fe19fce094ce214c8b0e5b504e9,CLE@JAX,Josh Cameron,betrivers,1400,2026-09-13T15:55:01+00:00,2026-09-13T15:55:36+00:00,2026-09-13T16:00:00+00:00
e55c6fe19fce094ce214c8b0e5b504e9,CLE@JAX,Malachi Corley,betrivers,2200,2026-09-13T15:55:01+00:00,2026-09-13T15:55:36+00:00,2026-09-13T16:00:00+00:00
e55c6fe19fce094ce214c8b0e5b504e9,CLE@JAX,Tylan Wallace,betrivers,4500,2026-09-13T15:55:01+00:00,2026-09-13T15:55:36+00:00,2026-09-13T16:00:00+00:00
e55c6fe19fce094ce214c8b0e5b504e9,CLE@JAX,Michael Burton,betrivers,2400,2026-09-13T15:55:01+00:00,2026-09-13T15:55:36+00:00,2026-09-13T16:00:00+00:00
e55c6fe19fce094ce214c8b0e5b504e9,CLE@JAX,Quintin Morris,betrivers,1400,2026-09-13T15:55:01+00:00,2026-09-13T15:55:36+00:00,2026-09-13T16:00:00+00:00
e55c6fe19fce094ce214c8b0e5b504e9,CLE@JAX,Brian Thomas Jr,betrivers,275,2026-09-13T15:55:01+00:00,2026-09-13T15:55:36+00:00,2026-09-13T16:00:00+00:00
e55c6fe19fce094ce214c8b0e5b504e9,CLE@JAX,Jerry Jeudy,betrivers,430,2026-09-13T15:55:01+00:00,2026-09-13T15:55:36+00:00,2026-09-13T16:00:00+00:00
e55c6fe19fce094ce214c8b0e5b504e9,CLE@JAX,Isaiah Bond,betrivers,1400,2026-09-13T15:55:01+00:00,2026-09-13T15:55:36+00:00,2026-09-13T16:00:00+00:00
e55c6fe19fce094ce214c8b0e5b504e9,CLE@JAX,Parker Washington,betrivers,175,2026-09-13T15:55:01+00:00,2026-09-13T15:55:36+00:00,2026-09-13T16:00:00+00:00
e55c6fe19fce094ce214c8b0e5b504e9,CLE@JAX,Dylan Sampson,betrivers,600,2026-09-13T15:55:01+00:00,2026-09-13T15:55:36+00:00,2026-09-13T16:00:00+00:00
e55c6fe19fce094ce214c8b0e5b504e9,CLE@JAX,Jakobi Meyers,betrivers,245,2026-09-13T15:55:01+00:00,2026-09-13T15:55:36+00:00,2026-09-13T16:00:00+00:00
e55c6fe19fce094ce214c8b0e5b504e9,CLE@JAX,KC Concepcion,betrivers,410,2026-09-13T15:55:01+00:00,2026-09-13T15:55:36+00:00,2026-09-13T16:00:00+00:00
e55c6fe19fce094ce214c8b0e5b504e9,CLE@JAX,Nate Boerkircher,betrivers,1200,2026-09-13T15:55:01+00:00,2026-09-13T15:55:36+00:00,2026-09-13T16:00:00+00:00
e55c6fe19fce094ce214c8b0e5b504e9,CLE@JAX,Travis Hunter,betrivers,700,2026-09-13T15:55:01+00:00,2026-09-13T15:55:36+00:00,2026-09-13T16:00:00+00:00
e55c6fe19fce094ce214c8b0e5b504e9,CLE@JAX,Trevor Lawrence,betonlineag,250,2026-09-13T15:55:02+00:00,2026-09-13T15:55:36+00:00,2026-09-13T16:00:00+00:00
e55c6fe19fce094ce214c8b0e5b504e9,CLE@JAX,Parker Washington,betonlineag,190,2026-09-13T15:55:02+00:00,2026-09-13T15:55:36+00:00,2026-09-13T16:00:00+00:00
e55c6fe19fce094ce214c8b0e5b504e9,CLE@JAX,Deshaun Watson,betonlineag,600,2026-09-13T15:55:02+00:00,2026-09-13T15:55:36+00:00,2026-09-13T16:00:00+00:00
e55c6fe19fce094ce214c8b0e5b504e9,CLE@JAX,Brenton Strange,betonlineag,260,2026-09-13T15:55:02+00:00,2026-09-13T15:55:36+00:00,2026-09-13T16:00:00+00:00
e55c6fe19fce094ce214c8b0e5b504e9,CLE@JAX,Chris Rodriguez Jr.,betonlineag,160,2026-09-13T15:55:02+00:00,2026-09-13T15:55:36+00:00,2026-09-13T16:00:00+00:00
e55c6fe19fce094ce214c8b0e5b504e9,CLE@JAX,Dylan Sampson,betonlineag,650,2026-09-13T15:55:02+00:00,2026-09-13T15:55:36+00:00,2026-09-13T16:00:00+00:00
e55c6fe19fce094ce214c8b0e5b504e9,CLE@JAX,Quinshon Judkins,betonlineag,170,2026-09-13T15:55:02+00:00,2026-09-13T15:55:36+00:00,2026-09-13T16:00:00+00:00
e55c6fe19fce094ce214c8b0e5b504e9,CLE@JAX,Jerry Jeudy,betonlineag,450,2026-09-13T15:55:02+00:00,2026-09-13T15:55:36+00:00,2026-09-13T16:00:00+00:00
e55c6fe19fce094ce214c8b0e5b504e9,CLE@JAX,Brian Thomas Jr,betonlineag,250,2026-09-13T15:55:02+00:00,2026-09-13T15:55:36+00:00,2026-09-13T16:00:00+00:00
e55c6fe19fce094ce214c8b0e5b504e9,CLE@JAX,Bhayshul Tuten,betonlineag,140,2026-09-13T15:55:02+00:00,2026-09-13T15:55:36+00:00,2026-09-13T16:00:00+00:00
e55c6fe19fce094ce214c8b0e5b504e9,CLE@JAX,Harold Fannin Jr.,betonlineag,325,2026-09-13T15:55:02+00:00,2026-09-13T15:55:36+00:00,2026-09-13T16:00:00+00:00
e55c6fe19fce094ce214c8b0e5b504e9,CLE@JAX,Denzel Boston,betonlineag,450,2026-09-13T15:55:02+00:00,2026-09-13T15:55:36+00:00,2026-09-13T16:00:00+00:00
e55c6fe19fce094ce214c8b0e5b504e9,CLE@JAX,Jakobi Meyers,betonlineag,250,2026-09-13T15:55:02+00:00,2026-09-13T15:55:36+00:00,2026-09-13T16:00:00+00:00
e55c6fe19fce094ce214c8b0e5b504e9,CLE@JAX,KC Concepcion,betonlineag,500,2026-09-13T15:55:02+00:00,2026-09-13T15:55:36+00:00,2026-09-13T16:00:00+00:00
e55c6fe19fce094ce214c8b0e5b504e9,CLE@JAX,Travis Hunter,betonlineag,750,2026-09-13T15:55:02+00:00,2026-09-13T15:55:36+00:00,2026-09-13T16:00:00+00:00
e55c6fe19fce094ce214c8b0e5b504e9,CLE@JAX,Isaiah Bond,betonlineag,1100,2026-09-13T15:55:02+00:00,2026-09-13T15:55:36+00:00,2026-09-13T16:00:00+00:00
e55c6fe19fce094ce214c8b0e5b504e9,CLE@JAX,Ameer Abdullah,betonlineag,800,2026-09-13T15:55:02+00:00,2026-09-13T15:55:36+00:00,2026-09-13T16:00:00+00:00
e55c6fe19fce094ce214c8b0e5b504e9,CLE@JAX,LeQuint Allen Jr.,betonlineag,800,2026-09-13T15:55:02+00:00,2026-09-13T15:55:36+00:00,2026-09-13T16:00:00+00:00
e55c6fe19fce094ce214c8b0e5b504e9,CLE@JAX,Nate Boerkircher,betonlineag,1000,2026-09-13T15:55:02+00:00,2026-09-13T15:55:36+00:00,2026-09-13T16:00:00+00:00
e55c6fe19fce094ce214c8b0e5b504e9,CLE@JAX,Blake Whiteheart,betonlineag,1900,2026-09-13T15:55:02+00:00,2026-09-13T15:55:36+00:00,2026-09-13T16:00:00+00:00
e55c6fe19fce094ce214c8b0e5b504e9,CLE@JAX,Quintin Morris,betonlineag,1900,2026-09-13T15:55:02+00:00,2026-09-13T15:55:36+00:00,2026-09-13T16:00:00+00:00
e55c6fe19fce094ce214c8b0e5b504e9,CLE@JAX,Raheim Sanders,betonlineag,1400,2026-09-13T15:55:02+00:00,2026-09-13T15:55:36+00:00,2026-09-13T16:00:00+00:00
e55c6fe19fce094ce214c8b0e5b504e9,CLE@JAX,Michael Burton,betonlineag,3400,2026-09-13T15:55:02+00:00,2026-09-13T15:55:36+00:00,2026-09-13T16:00:00+00:00
e55c6fe19fce094ce214c8b0e5b504e9,CLE@JAX,Malachi Corley,betonlineag,1900,2026-09-13T15:55:02+00:00,2026-09-13T15:55:36+00:00,2026-09-13T16:00:00+00:00
e55c6fe19fce094ce214c8b0e5b504e9,CLE@JAX,Tylan Wallace,betonlineag,2400,2026-09-13T15:55:02+00:00,2026-09-13T15:55:36+00:00,2026-09-13T16:00:00+00:00
e55c6fe19fce094ce214c8b0e5b504e9,CLE@JAX,Josh Cameron,betonlineag,1400,2026-09-13T15:55:02+00:00,2026-09-13T15:55:36+00:00,2026-09-13T16:00:00+00:00
e55c6fe19fce094ce214c8b0e5b504e9,CLE@JAX,Tanner Koziol,betonlineag,2400,2026-09-13T15:55:02+00:00,2026-09-13T15:55:36+00:00,2026-09-13T16:00:00+00:00
e55c6fe19fce094ce214c8b0e5b504e9,CLE@JAX,Carsen Ryan,betonlineag,2900,2026-09-13T15:55:02+00:00,2026-09-13T15:55:36+00:00,2026-09-13T16:00:00+00:00
e55c6fe19fce094ce214c8b0e5b504e9,CLE@JAX,CJ Williams,betonlineag,1900,2026-09-13T15:55:02+00:00,2026-09-13T15:55:36+00:00,2026-09-13T16:00:00+00:00
e55c6fe19fce094ce214c8b0e5b504e9,CLE@JAX,No Scorer,fanatics,3000,2026-09-13T15:55:31+00:00,2026-09-13T15:55:36+00:00,2026-09-13T16:00:00+00:00
e55c6fe19fce094ce214c8b0e5b504e9,CLE@JAX,Jakobi Meyers,fanatics,300,2026-09-13T15:55:31+00:00,2026-09-13T15:55:36+00:00,2026-09-13T16:00:00+00:00
e55c6fe19fce094ce214c8b0e5b504e9,CLE@JAX,Parker Washington,fanatics,210,2026-09-13T15:55:31+00:00,2026-09-13T15:55:36+00:00,2026-09-13T16:00:00+00:00
e55c6fe19fce094ce214c8b0e5b504e9,CLE@JAX,Brenton Strange,fanatics,310,2026-09-13T15:55:31+00:00,2026-09-13T15:55:36+00:00,2026-09-13T16:00:00+00:00
e55c6fe19fce094ce214c8b0e5b504e9,CLE@JAX,Brian Thomas Jr,fanatics,280,2026-09-13T15:55:31+00:00,2026-09-13T15:55:36+00:00,2026-09-13T16:00:00+00:00
e55c6fe19fce094ce214c8b0e5b504e9,CLE@JAX,Bhayshul Tuten,fanatics,160,2026-09-13T15:55:31+00:00,2026-09-13T15:55:36+00:00,2026-09-13T16:00:00+00:00
e55c6fe19fce094ce214c8b0e5b504e9,CLE@JAX,Jacksonville Jaguars D/ST,fanatics,340,2026-09-13T15:55:31+00:00,2026-09-13T15:55:36+00:00,2026-09-13T16:00:00+00:00
e55c6fe19fce094ce214c8b0e5b504e9,CLE@JAX,Deshaun Watson,fanatics,650,2026-09-13T15:55:31+00:00,2026-09-13T15:55:36+00:00,2026-09-13T16:00:00+00:00
e55c6fe19fce094ce214c8b0e5b504e9,CLE@JAX,Jerry Jeudy,fanatics,525,2026-09-13T15:55:31+00:00,2026-09-13T15:55:36+00:00,2026-09-13T16:00:00+00:00
e55c6fe19fce094ce214c8b0e5b504e9,CLE@JAX,Dylan Sampson,fanatics,800,2026-09-13T15:55:31+00:00,2026-09-13T15:55:36+00:00,2026-09-13T16:00:00+00:00
e55c6fe19fce094ce214c8b0e5b504e9,CLE@JAX,Quinshon Judkins,fanatics,190,2026-09-13T15:55:31+00:00,2026-09-13T15:55:36+00:00,2026-09-13T16:00:00+00:00
e55c6fe19fce094ce214c8b0e5b504e9,CLE@JAX,Harold Fannin Jr.,fanatics,370,2026-09-13T15:55:31+00:00,2026-09-13T15:55:36+00:00,2026-09-13T16:00:00+00:00
e55c6fe19fce094ce214c8b0e5b504e9,CLE@JAX,Cleveland Browns D/ST,fanatics,575,2026-09-13T15:55:31+00:00,2026-09-13T15:55:36+00:00,2026-09-13T16:00:00+00:00
e55c6fe19fce094ce214c8b0e5b504e9,CLE@JAX,Denzel Boston,fanatics,525,2026-09-13T15:55:31+00:00,2026-09-13T15:55:36+00:00,2026-09-13T16:00:00+00:00
e55c6fe19fce094ce214c8b0e5b504e9,CLE@JAX,Chris Rodriguez Jr.,fanatics,200,2026-09-13T15:55:31+00:00,2026-09-13T15:55:36+00:00,2026-09-13T16:00:00+00:00
e55c6fe19fce094ce214c8b0e5b504e9,CLE@JAX,KC Concepcion,fanatics,340,2026-09-13T15:55:31+00:00,2026-09-13T15:55:36+00:00,2026-09-13T16:00:00+00:00
e55c6fe19fce094ce214c8b0e5b504e9,CLE@JAX,LeQuint Allen Jr.,fanatics,1200,2026-09-13T15:55:31+00:00,2026-09-13T15:55:36+00:00,2026-09-13T16:00:00+00:00
e55c6fe19fce094ce214c8b0e5b504e9,CLE@JAX,Isaiah Bond,fanatics,1300,2026-09-13T15:55:31+00:00,2026-09-13T15:55:36+00:00,2026-09-13T16:00:00+00:00
e55c6fe19fce094ce214c8b0e5b504e9,CLE@JAX,Raheim Sanders,fanatics,2200,2026-09-13T15:55:31+00:00,2026-09-13T15:55:36+00:00,2026-09-13T16:00:00+00:00
e55c6fe19fce094ce214c8b0e5b504e9,CLE@JAX,Nate Boerkircher,fanatics,1300,2026-09-13T15:55:31+00:00,2026-09-13T15:55:36+00:00,2026-09-13T16:00:00+00:00
e55c6fe19fce094ce214c8b0e5b504e9,CLE@JAX,Josh Cameron,fanatics,2500,2026-09-13T15:55:31+00:00,2026-09-13T15:55:36+00:00,2026-09-13T16:00:00+00:00
e55c6fe19fce094ce214c8b0e5b504e9,CLE@JAX,CJ Williams,fanatics,3000,2026-09-13T15:55:31+00:00,2026-09-13T15:55:36+00:00,2026-09-13T16:00:00+00:00
e55c6fe19fce094ce214c8b0e5b504e9,CLE@JAX,Trevor Lawrence,fanatics,300,2026-09-13T15:55:31+00:00,2026-09-13T15:55:36+00:00,2026-09-13T16:00:00+00:00
e55c6fe19fce094ce214c8b0e5b504e9,CLE@JAX,Quintin Morris,fanatics,3500,2026-09-13T15:55:31+00:00,2026-09-13T15:55:36+00:00,2026-09-13T16:00:00+00:00
e55c6fe19fce094ce214c8b0e5b504e9,CLE@JAX,Travis Hunter,fanatics,900,2026-09-13T15:55:31+00:00,2026-09-13T15:55:36+00:00,2026-09-13T16:00:00+00:00
e55c6fe19fce094ce214c8b0e5b504e9,CLE@JAX,Ameer Abdullah,fanatics,1200,2026-09-13T15:55:31+00:00,2026-09-13T15:55:36+00:00,2026-09-13T16:00:00+00:00
e55c6fe19fce094ce214c8b0e5b504e9,CLE@JAX,Blake Whiteheart,fanatics,2500,2026-09-13T15:55:31+00:00,2026-09-13T15:55:36+00:00,2026-09-13T16:00:00+00:00
e55c6fe19fce094ce214c8b0e5b504e9,CLE@JAX,Malachi Corley,fanatics,3000,2026-09-13T15:55:31+00:00,2026-09-13T15:55:36+00:00,2026-09-13T16:00:00+00:00
e55c6fe19fce094ce214c8b0e5b504e9,CLE@JAX,Tylan Wallace,fanatics,4000,2026-09-13T15:55:31+00:00,2026-09-13T15:55:36+00:00,2026-09-13T16:00:00+00:00
e55c6fe19fce094ce214c8b0e5b504e9,CLE@JAX,Michael Burton,fanatics,5000,2026-09-13T15:55:31+00:00,2026-09-13T15:55:36+00:00,2026-09-13T16:00:00+00:00
e55c6fe19fce094ce214c8b0e5b504e9,CLE@JAX,Carsen Ryan,fanatics,4000,2026-09-13T15:55:31+00:00,2026-09-13T15:55:36+00:00,2026-09-13T16:00:00+00:00
e55c6fe19fce094ce214c8b0e5b504e9,CLE@JAX,Bhayshul Tuten,williamhill_us,140,2026-09-13T15:55:05+00:00,2026-09-13T15:55:36+00:00,2026-09-13T16:00:00+00:00
e55c6fe19fce094ce214c8b0e5b504e9,CLE@JAX,Quinshon Judkins,williamhill_us,166,2026-09-13T15:55:05+00:00,2026-09-13T15:55:36+00:00,2026-09-13T16:00:00+00:00
e55c6fe19fce094ce214c8b0e5b504e9,CLE@JAX,Chris Rodriguez Jr.,williamhill_us,169,2026-09-13T15:55:05+00:00,2026-09-13T15:55:36+00:00,2026-09-13T16:00:00+00:00
e55c6fe19fce094ce214c8b0e5b504e9,CLE@JAX,Parker Washington,williamhill_us,205,2026-09-13T15:55:05+00:00,2026-09-13T15:55:36+00:00,2026-09-13T16:00:00+00:00
e55c6fe19fce094ce214c8b0e5b504e9,CLE@JAX,Brian Thomas Jr,williamhill_us,250,2026-09-13T15:55:05+00:00,2026-09-13T15:55:36+00:00,2026-09-13T16:00:00+00:00
e55c6fe19fce094ce214c8b0e5b504e9,CLE@JAX,Trevor Lawrence,williamhill_us,255,2026-09-13T15:55:05+00:00,2026-09-13T15:55:36+00:00,2026-09-13T16:00:00+00:00
e55c6fe19fce094ce214c8b0e5b504e9,CLE@JAX,Jakobi Meyers,williamhill_us,255,2026-09-13T15:55:05+00:00,2026-09-13T15:55:36+00:00,2026-09-13T16:00:00+00:00
e55c6fe19fce094ce214c8b0e5b504e9,CLE@JAX,Brenton Strange,williamhill_us,270,2026-09-13T15:55:05+00:00,2026-09-13T15:55:36+00:00,2026-09-13T16:00:00+00:00
e55c6fe19fce094ce214c8b0e5b504e9,CLE@JAX,Harold Fannin Jr.,williamhill_us,340,2026-09-13T15:55:05+00:00,2026-09-13T15:55:36+00:00,2026-09-13T16:00:00+00:00
e55c6fe19fce094ce214c8b0e5b504e9,CLE@JAX,Jerry Jeudy,williamhill_us,450,2026-09-13T15:55:05+00:00,2026-09-13T15:55:36+00:00,2026-09-13T16:00:00+00:00
e55c6fe19fce094ce214c8b0e5b504e9,CLE@JAX,Denzel Boston,williamhill_us,450,2026-09-13T15:55:05+00:00,2026-09-13T15:55:36+00:00,2026-09-13T16:00:00+00:00
e55c6fe19fce094ce214c8b0e5b504e9,CLE@JAX,KC Concepcion,williamhill_us,500,2026-09-13T15:55:05+00:00,2026-09-13T15:55:36+00:00,2026-09-13T16:00:00+00:00
e55c6fe19fce094ce214c8b0e5b504e9,CLE@JAX,Deshaun Watson,williamhill_us,625,2026-09-13T15:55:05+00:00,2026-09-13T15:55:36+00:00,2026-09-13T16:00:00+00:00
e55c6fe19fce094ce214c8b0e5b504e9,CLE@JAX,Dylan Sampson,williamhill_us,750,2026-09-13T15:55:05+00:00,2026-09-13T15:55:36+00:00,2026-09-13T16:00:00+00:00
e55c6fe19fce094ce214c8b0e5b504e9,CLE@JAX,Ameer Abdullah,williamhill_us,850,2026-09-13T15:55:05+00:00,2026-09-13T15:55:36+00:00,2026-09-13T16:00:00+00:00
e55c6fe19fce094ce214c8b0e5b504e9,CLE@JAX,Travis Hunter,williamhill_us,850,2026-09-13T15:55:05+00:00,2026-09-13T15:55:36+00:00,2026-09-13T16:00:00+00:00
e55c6fe19fce094ce214c8b0e5b504e9,CLE@JAX,LeQuint Allen Jr.,williamhill_us,950,2026-09-13T15:55:05+00:00,2026-09-13T15:55:36+00:00,2026-09-13T16:00:00+00:00
e55c6fe19fce094ce214c8b0e5b504e9,CLE@JAX,Nate Boerkircher,williamhill_us,1000,2026-09-13T15:55:05+00:00,2026-09-13T15:55:36+00:00,2026-09-13T16:00:00+00:00
e55c6fe19fce094ce214c8b0e5b504e9,CLE@JAX,Isaiah Bond,williamhill_us,1300,2026-09-13T15:55:05+00:00,2026-09-13T15:55:36+00:00,2026-09-13T16:00:00+00:00
e55c6fe19fce094ce214c8b0e5b504e9,CLE@JAX,Josh Cameron,williamhill_us,1750,2026-09-13T15:55:05+00:00,2026-09-13T15:55:36+00:00,2026-09-13T16:00:00+00:00
e55c6fe19fce094ce214c8b0e5b504e9,CLE@JAX,Raheim Sanders,williamhill_us,1800,2026-09-13T15:55:05+00:00,2026-09-13T15:55:36+00:00,2026-09-13T16:00:00+00:00
e55c6fe19fce094ce214c8b0e5b504e9,CLE@JAX,Malachi Corley,williamhill_us,2100,2026-09-13T15:55:05+00:00,2026-09-13T15:55:36+00:00,2026-09-13T16:00:00+00:00
e55c6fe19fce094ce214c8b0e5b504e9,CLE@JAX,CJ Williams,williamhill_us,2200,2026-09-13T15:55:05+00:00,2026-09-13T15:55:36+00:00,2026-09-13T16:00:00+00:00
e55c6fe19fce094ce214c8b0e5b504e9,CLE@JAX,Quintin Morris,williamhill_us,2300,2026-09-13T15:55:05+00:00,2026-09-13T15:55:36+00:00,2026-09-13T16:00:00+00:00
e55c6fe19fce094ce214c8b0e5b504e9,CLE@JAX,Blake Whiteheart,williamhill_us,2300,2026-09-13T15:55:05+00:00,2026-09-13T15:55:36+00:00,2026-09-13T16:00:00+00:00
e55c6fe19fce094ce214c8b0e5b504e9,CLE@JAX,Tylan Wallace,williamhill_us,2800,2026-09-13T15:55:05+00:00,2026-09-13T15:55:36+00:00,2026-09-13T16:00:00+00:00
e55c6fe19fce094ce214c8b0e5b504e9,CLE@JAX,Carsen Ryan,williamhill_us,2900,2026-09-13T15:55:05+00:00,2026-09-13T15:55:36+00:00,2026-09-13T16:00:00+00:00
e55c6fe19fce094ce214c8b0e5b504e9,CLE@JAX,Michael Burton,williamhill_us,4000,2026-09-13T15:55:05+00:00,2026-09-13T15:55:36+00:00,2026-09-13T16:00:00+00:00
e55c6fe19fce094ce214c8b0e5b504e9,CLE@JAX,Jakobi Meyers,betmgm,250,2026-09-13T15:54:40+00:00,2026-09-13T15:55:36+00:00,2026-09-13T16:00:00+00:00
e55c6fe19fce094ce214c8b0e5b504e9,CLE@JAX,Nate Boerkircher,betmgm,850,2026-09-13T15:54:40+00:00,2026-09-13T15:55:36+00:00,2026-09-13T16:00:00+00:00
e55c6fe19fce094ce214c8b0e5b504e9,CLE@JAX,Blake Whiteheart,betmgm,3000,2026-09-13T15:54:40+00:00,2026-09-13T15:55:36+00:00,2026-09-13T16:00:00+00:00
e55c6fe19fce094ce214c8b0e5b504e9,CLE@JAX,Raheim Sanders,betmgm,1300,2026-09-13T15:54:40+00:00,2026-09-13T15:55:36+00:00,2026-09-13T16:00:00+00:00
e55c6fe19fce094ce214c8b0e5b504e9,CLE@JAX,Michael Burton,betmgm,5000,2026-09-13T15:54:40+00:00,2026-09-13T15:55:36+00:00,2026-09-13T16:00:00+00:00
e55c6fe19fce094ce214c8b0e5b504e9,CLE@JAX,Jerry Jeudy,betmgm,400,2026-09-13T15:54:40+00:00,2026-09-13T15:55:36+00:00,2026-09-13T16:00:00+00:00
e55c6fe19fce094ce214c8b0e5b504e9,CLE@JAX,Brian Thomas Jr,betmgm,240,2026-09-13T15:54:40+00:00,2026-09-13T15:55:36+00:00,2026-09-13T16:00:00+00:00
e55c6fe19fce094ce214c8b0e5b504e9,CLE@JAX,Deshaun Watson,betmgm,625,2026-09-13T15:54:40+00:00,2026-09-13T15:55:36+00:00,2026-09-13T16:00:00+00:00
e55c6fe19fce094ce214c8b0e5b504e9,CLE@JAX,Bhayshul Tuten,betmgm,115,2026-09-13T15:54:40+00:00,2026-09-13T15:55:36+00:00,2026-09-13T16:00:00+00:00
e55c6fe19fce094ce214c8b0e5b504e9,CLE@JAX,Trevor Lawrence,betmgm,300,2026-09-13T15:54:40+00:00,2026-09-13T15:55:36+00:00,2026-09-13T16:00:00+00:00
e55c6fe19fce094ce214c8b0e5b504e9,CLE@JAX,Quinshon Judkins,betmgm,145,2026-09-13T15:54:40+00:00,2026-09-13T15:55:36+00:00,2026-09-13T16:00:00+00:00
e55c6fe19fce094ce214c8b0e5b504e9,CLE@JAX,Jacksonville Jaguars D/ST,betmgm,425,2026-09-13T15:54:40+00:00,2026-09-13T15:55:36+00:00,2026-09-13T16:00:00+00:00
e55c6fe19fce094ce214c8b0e5b504e9,CLE@JAX,Cleveland Browns D/ST,betmgm,525,2026-09-13T15:54:40+00:00,2026-09-13T15:55:36+00:00,2026-09-13T16:00:00+00:00
e55c6fe19fce094ce214c8b0e5b504e9,CLE@JAX,Travis Hunter,betmgm,675,2026-09-13T15:54:40+00:00,2026-09-13T15:55:36+00:00,2026-09-13T16:00:00+00:00
e55c6fe19fce094ce214c8b0e5b504e9,CLE@JAX,Dylan Sampson,betmgm,475,2026-09-13T15:54:40+00:00,2026-09-13T15:55:36+00:00,2026-09-13T16:00:00+00:00
e55c6fe19fce094ce214c8b0e5b504e9,CLE@JAX,Chris Rodriguez Jr.,betmgm,160,2026-09-13T15:54:40+00:00,2026-09-13T15:55:36+00:00,2026-09-13T16:00:00+00:00
e55c6fe19fce094ce214c8b0e5b504e9,CLE@JAX,Parker Washington,betmgm,175,2026-09-13T15:54:40+00:00,2026-09-13T15:55:36+00:00,2026-09-13T16:00:00+00:00
e55c6fe19fce094ce214c8b0e5b504e9,CLE@JAX,Isaiah Bond,betmgm,1550,2026-09-13T15:54:40+00:00,2026-09-13T15:55:36+00:00,2026-09-13T16:00:00+00:00
e55c6fe19fce094ce214c8b0e5b504e9,CLE@JAX,Malachi Corley,betmgm,2500,2026-09-13T15:54:40+00:00,2026-09-13T15:55:36+00:00,2026-09-13T16:00:00+00:00
e55c6fe19fce094ce214c8b0e5b504e9,CLE@JAX,Tylan Wallace,betmgm,3300,2026-09-13T15:54:40+00:00,2026-09-13T15:55:36+00:00,2026-09-13T16:00:00+00:00
e55c6fe19fce094ce214c8b0e5b504e9,CLE@JAX,Harold Fannin Jr.,betmgm,320,2026-09-13T15:54:40+00:00,2026-09-13T15:55:36+00:00,2026-09-13T16:00:00+00:00
e55c6fe19fce094ce214c8b0e5b504e9,CLE@JAX,KC Concepcion,betmgm,375,2026-09-13T15:54:40+00:00,2026-09-13T15:55:36+00:00,2026-09-13T16:00:00+00:00
e55c6fe19fce094ce214c8b0e5b504e9,CLE@JAX,Denzel Boston,betmgm,425,2026-09-13T15:54:40+00:00,2026-09-13T15:55:36+00:00,2026-09-13T16:00:00+00:00
e55c6fe19fce094ce214c8b0e5b504e9,CLE@JAX,Brenton Strange,betmgm,240,2026-09-13T15:54:40+00:00,2026-09-13T15:55:36+00:00,2026-09-13T16:00:00+00:00
e55c6fe19fce094ce214c8b0e5b504e9,CLE@JAX,LeQuint Allen Jr.,betmgm,850,2026-09-13T15:54:40+00:00,2026-09-13T15:55:36+00:00,2026-09-13T16:00:00+00:00
e55c6fe19fce094ce214c8b0e5b504e9,CLE@JAX,CJ Williams,betmgm,2800,2026-09-13T15:54:40+00:00,2026-09-13T15:55:36+00:00,2026-09-13T16:00:00+00:00
e55c6fe19fce094ce214c8b0e5b504e9,CLE@JAX,Quintin Morris,betmgm,3000,2026-09-13T15:54:40+00:00,2026-09-13T15:55:36+00:00,2026-09-13T16:00:00+00:00
e55c6fe19fce094ce214c8b0e5b504e9,CLE@JAX,Josh Cameron,betmgm,2800,2026-09-13T15:54:40+00:00,2026-09-13T15:55:36+00:00,2026-09-13T16:00:00+00:00
e55c6fe19fce094ce214c8b0e5b504e9,CLE@JAX,Quintin Morris,bovada,2800,2026-09-13T15:55:37+00:00,2026-09-13T15:55:36+00:00,2026-09-13T16:00:00+00:00
e55c6fe19fce094ce214c8b0e5b504e9,CLE@JAX,LeQuint Allen Jr.,bovada,900,2026-09-13T15:55:37+00:00,2026-09-13T15:55:36+00:00,2026-09-13T16:00:00+00:00
e55c6fe19fce094ce214c8b0e5b504e9,CLE@JAX,Nate Boerkircher,bovada,1100,2026-09-13T15:55:37+00:00,2026-09-13T15:55:36+00:00,2026-09-13T16:00:00+00:00
e55c6fe19fce094ce214c8b0e5b504e9,CLE@JAX,CJ Williams,bovada,2500,2026-09-13T15:55:37+00:00,2026-09-13T15:55:36+00:00,2026-09-13T16:00:00+00:00
e55c6fe19fce094ce214c8b0e5b504e9,CLE@JAX,Josh Cameron,bovada,2200,2026-09-13T15:55:37+00:00,2026-09-13T15:55:36+00:00,2026-09-13T16:00:00+00:00
e55c6fe19fce094ce214c8b0e5b504e9,CLE@JAX,Ameer Abdullah,bovada,825,2026-09-13T15:55:37+00:00,2026-09-13T15:55:36+00:00,2026-09-13T16:00:00+00:00
e55c6fe19fce094ce214c8b0e5b504e9,CLE@JAX,Deshaun Watson,bovada,600,2026-09-13T15:55:37+00:00,2026-09-13T15:55:36+00:00,2026-09-13T16:00:00+00:00
e55c6fe19fce094ce214c8b0e5b504e9,CLE@JAX,Harold Fannin Jr.,bovada,360,2026-09-13T15:55:37+00:00,2026-09-13T15:55:36+00:00,2026-09-13T16:00:00+00:00
e55c6fe19fce094ce214c8b0e5b504e9,CLE@JAX,Raheim Sanders,bovada,2000,2026-09-13T15:55:37+00:00,2026-09-13T15:55:36+00:00,2026-09-13T16:00:00+00:00
e55c6fe19fce094ce214c8b0e5b504e9,CLE@JAX,Isaiah Bond,bovada,1300,2026-09-13T15:55:37+00:00,2026-09-13T15:55:36+00:00,2026-09-13T16:00:00+00:00
e55c6fe19fce094ce214c8b0e5b504e9,CLE@JAX,Bhayshul Tuten,bovada,140,2026-09-13T15:55:37+00:00,2026-09-13T15:55:36+00:00,2026-09-13T16:00:00+00:00
e55c6fe19fce094ce214c8b0e5b504e9,CLE@JAX,Trevor Lawrence,bovada,250,2026-09-13T15:55:37+00:00,2026-09-13T15:55:36+00:00,2026-09-13T16:00:00+00:00
e55c6fe19fce094ce214c8b0e5b504e9,CLE@JAX,Blake Whiteheart,bovada,2800,2026-09-13T15:55:37+00:00,2026-09-13T15:55:36+00:00,2026-09-13T16:00:00+00:00
e55c6fe19fce094ce214c8b0e5b504e9,CLE@JAX,KC Concepcion,bovada,525,2026-09-13T15:55:37+00:00,2026-09-13T15:55:36+00:00,2026-09-13T16:00:00+00:00
e55c6fe19fce094ce214c8b0e5b504e9,CLE@JAX,Tylan Wallace,bovada,3300,2026-09-13T15:55:37+00:00,2026-09-13T15:55:36+00:00,2026-09-13T16:00:00+00:00
e55c6fe19fce094ce214c8b0e5b504e9,CLE@JAX,Travis Hunter,bovada,1000,2026-09-13T15:55:37+00:00,2026-09-13T15:55:36+00:00,2026-09-13T16:00:00+00:00
e55c6fe19fce094ce214c8b0e5b504e9,CLE@JAX,Brenton Strange,bovada,265,2026-09-13T15:55:37+00:00,2026-09-13T15:55:36+00:00,2026-09-13T16:00:00+00:00
e55c6fe19fce094ce214c8b0e5b504e9,CLE@JAX,Quinshon Judkins,bovada,175,2026-09-13T15:55:37+00:00,2026-09-13T15:55:36+00:00,2026-09-13T16:00:00+00:00
e55c6fe19fce094ce214c8b0e5b504e9,CLE@JAX,Denzel Boston,bovada,460,2026-09-13T15:55:37+00:00,2026-09-13T15:55:36+00:00,2026-09-13T16:00:00+00:00
e55c6fe19fce094ce214c8b0e5b504e9,CLE@JAX,Michael Burton,bovada,4000,2026-09-13T15:55:37+00:00,2026-09-13T15:55:36+00:00,2026-09-13T16:00:00+00:00
e55c6fe19fce094ce214c8b0e5b504e9,CLE@JAX,Dylan Sampson,bovada,800,2026-09-13T15:55:37+00:00,2026-09-13T15:55:36+00:00,2026-09-13T16:00:00+00:00
e55c6fe19fce094ce214c8b0e5b504e9,CLE@JAX,Chris Rodriguez Jr.,bovada,165,2026-09-13T15:55:37+00:00,2026-09-13T15:55:36+00:00,2026-09-13T16:00:00+00:00
e55c6fe19fce094ce214c8b0e5b504e9,CLE@JAX,Jerry Jeudy,bovada,460,2026-09-13T15:55:37+00:00,2026-09-13T15:55:36+00:00,2026-09-13T16:00:00+00:00
e55c6fe19fce094ce214c8b0e5b504e9,CLE@JAX,Jakobi Meyers,bovada,270,2026-09-13T15:55:37+00:00,2026-09-13T15:55:36+00:00,2026-09-13T16:00:00+00:00
e55c6fe19fce094ce214c8b0e5b504e9,CLE@JAX,Jacksonville Jaguars D/ST,bovada,460,2026-09-13T15:55:37+00:00,2026-09-13T15:55:36+00:00,2026-09-13T16:00:00+00:00
e55c6fe19fce094ce214c8b0e5b504e9,CLE@JAX,Brian Thomas Jr,bovada,265,2026-09-13T15:55:37+00:00,2026-09-13T15:55:36+00:00,2026-09-13T16:00:00+00:00
e55c6fe19fce094ce214c8b0e5b504e9,CLE@JAX,Cleveland Browns D/ST,bovada,600,2026-09-13T15:55:37+00:00,2026-09-13T15:55:36+00:00,2026-09-13T16:00:00+00:00
e55c6fe19fce094ce214c8b0e5b504e9,CLE@JAX,Parker Washington,bovada,215,2026-09-13T15:55:37+00:00,2026-09-13T15:55:36+00:00,2026-09-13T16:00:00+00:00
e55c6fe19fce094ce214c8b0e5b504e9,CLE@JAX,Malachi Corley,bovada,2200,2026-09-13T15:55:37+00:00,2026-09-13T15:55:36+00:00,2026-09-13T16:00:00+00:00
e55c6fe19fce094ce214c8b0e5b504e9,CLE@JAX,Carsen Ryan,bovada,2800,2026-09-13T15:55:37+00:00,2026-09-13T15:55:36+00:00,2026-09-13T16:00:00+00:00
c1d3fcec25aaeb06ebd2244d33d338e0,NO@DET,Jahmyr Gibbs,draftkings,-260,2026-09-13T15:53:31+00:00,2026-09-13T15:55:36+00:00,2026-09-13T16:00:00+00:00
c1d3fcec25aaeb06ebd2244d33d338e0,NO@DET,Amon-Ra St. Brown,draftkings,-110,2026-09-13T15:53:31+00:00,2026-09-13T15:55:36+00:00,2026-09-13T16:00:00+00:00
c1d3fcec25aaeb06ebd2244d33d338e0,NO@DET,Travis Etienne Jr.,draftkings,100,2026-09-13T15:53:31+00:00,2026-09-13T15:55:36+00:00,2026-09-13T16:00:00+00:00
c1d3fcec25aaeb06ebd2244d33d338e0,NO@DET,Chris Olave,draftkings,155,2026-09-13T15:53:31+00:00,2026-09-13T15:55:36+00:00,2026-09-13T16:00:00+00:00
c1d3fcec25aaeb06ebd2244d33d338e0,NO@DET,Jameson Williams,draftkings,170,2026-09-13T15:53:31+00:00,2026-09-13T15:55:36+00:00,2026-09-13T16:00:00+00:00
c1d3fcec25aaeb06ebd2244d33d338e0,NO@DET,Sam LaPorta,draftkings,180,2026-09-13T15:53:31+00:00,2026-09-13T15:55:36+00:00,2026-09-13T16:00:00+00:00
c1d3fcec25aaeb06ebd2244d33d338e0,NO@DET,Juwan Johnson,draftkings,235,2026-09-13T15:53:31+00:00,2026-09-13T15:55:36+00:00,2026-09-13T16:00:00+00:00
c1d3fcec25aaeb06ebd2244d33d338e0,NO@DET,Isaac TeSlaa,draftkings,370,2026-09-13T15:53:31+00:00,2026-09-13T15:55:36+00:00,2026-09-13T16:00:00+00:00
c1d3fcec25aaeb06ebd2244d33d338e0,NO@DET,Tyler Shough,draftkings,370,2026-09-13T15:53:31+00:00,2026-09-13T15:55:36+00:00,2026-09-13T16:00:00+00:00
c1d3fcec25aaeb06ebd2244d33d338e0,NO@DET,Devaughn Vele,draftkings,370,2026-09-13T15:53:31+00:00,2026-09-13T15:55:36+00:00,2026-09-13T16:00:00+00:00
c1d3fcec25aaeb06ebd2244d33d338e0,NO@DET,Jacob Saylors,draftkings,475,2026-09-13T15:53:31+00:00,2026-09-13T15:55:36+00:00,2026-09-13T16:00:00+00:00
c1d3fcec25aaeb06ebd2244d33d338e0,NO@DET,Kendre Miller,draftkings,550,2026-09-13T15:53:31+00:00,2026-09-13T15:55:36+00:00,2026-09-13T16:00:00+00:00
c1d3fcec25aaeb06ebd2244d33d338e0,NO@DET,Detroit Lions D/ST,draftkings,550,2026-09-13T15:53:31+00:00,2026-09-13T15:55:36+00:00,2026-09-13T16:00:00+00:00
c1d3fcec25aaeb06ebd2244d33d338e0,NO@DET,New Orleans Saints D/ST,draftkings,650,2026-09-13T15:53:31+00:00,2026-09-13T15:55:36+00:00,2026-09-13T16:00:00+00:00
c1d3fcec25aaeb06ebd2244d33d338e0,NO@DET,CJ Donaldson,draftkings,650,2026-09-13T15:53:31+00:00,2026-09-13T15:55:36+00:00,2026-09-13T16:00:00+00:00
c1d3fcec25aaeb06ebd2244d33d338e0,NO@DET,Sione Vaki,draftkings,750,2026-09-13T15:53:31+00:00,2026-09-13T15:55:36+00:00,2026-09-13T16:00:00+00:00
c1d3fcec25aaeb06ebd2244d33d338e0,NO@DET,Brock Wright,draftkings,800,2026-09-13T15:53:31+00:00,2026-09-13T15:55:36+00:00,2026-09-13T16:00:00+00:00
c1d3fcec25aaeb06ebd2244d33d338e0,NO@DET,Noah Fant,draftkings,800,2026-09-13T15:53:31+00:00,2026-09-13T15:55:36+00:00,2026-09-13T16:00:00+00:00
c1d3fcec25aaeb06ebd2244d33d338e0,NO@DET,Bryce Lance,draftkings,1000,2026-09-13T15:53:31+00:00,2026-09-13T15:55:36+00:00,2026-09-13T16:00:00+00:00
c1d3fcec25aaeb06ebd2244d33d338e0,NO@DET,Barion Brown,draftkings,1100,2026-09-13T15:53:31+00:00,2026-09-13T15:55:36+00:00,2026-09-13T16:00:00+00:00
c1d3fcec25aaeb06ebd2244d33d338e0,NO@DET,Tyler Conklin,draftkings,1300,2026-09-13T15:53:31+00:00,2026-09-13T15:55:36+00:00,2026-09-13T16:00:00+00:00
c1d3fcec25aaeb06ebd2244d33d338e0,NO@DET,Kevin Austin,draftkings,1300,2026-09-13T15:53:31+00:00,2026-09-13T15:55:36+00:00,2026-09-13T16:00:00+00:00
c1d3fcec25aaeb06ebd2244d33d338e0,NO@DET,Jared Goff,draftkings,1500,2026-09-13T15:53:31+00:00,2026-09-13T15:55:36+00:00,2026-09-13T16:00:00+00:00
c1d3fcec25aaeb06ebd2244d33d338e0,NO@DET,Tay Martin,draftkings,1500,2026-09-13T15:53:31+00:00,2026-09-13T15:55:36+00:00,2026-09-13T16:00:00+00:00
c1d3fcec25aaeb06ebd2244d33d338e0,NO@DET,Jackson Meeks,draftkings,1600,2026-09-13T15:53:31+00:00,2026-09-13T15:55:36+00:00,2026-09-13T16:00:00+00:00
c1d3fcec25aaeb06ebd2244d33d338e0,NO@DET,Tom Kennedy,draftkings,1600,2026-09-13T15:53:31+00:00,2026-09-13T15:55:36+00:00,2026-09-13T16:00:00+00:00
c1d3fcec25aaeb06ebd2244d33d338e0,NO@DET,Treyton Welch,draftkings,3000,2026-09-13T15:53:31+00:00,2026-09-13T15:55:36+00:00,2026-09-13T16:00:00+00:00
c1d3fcec25aaeb06ebd2244d33d338e0,NO@DET,Jahmyr Gibbs,fanduel,-290,2026-09-13T15:55:00+00:00,2026-09-13T15:55:36+00:00,2026-09-13T16:00:00+00:00
c1d3fcec25aaeb06ebd2244d33d338e0,NO@DET,Travis Etienne Jr.,fanduel,-115,2026-09-13T15:55:00+00:00,2026-09-13T15:55:36+00:00,2026-09-13T16:00:00+00:00
c1d3fcec25aaeb06ebd2244d33d338e0,NO@DET,Amon-Ra St. Brown,fanduel,-110,2026-09-13T15:55:00+00:00,2026-09-13T15:55:36+00:00,2026-09-13T16:00:00+00:00
c1d3fcec25aaeb06ebd2244d33d338e0,NO@DET,Chris Olave,fanduel,155,2026-09-13T15:55:00+00:00,2026-09-13T15:55:36+00:00,2026-09-13T16:00:00+00:00
c1d3fcec25aaeb06ebd2244d33d338e0,NO@DET,Sam LaPorta,fanduel,175,2026-09-13T15:55:00+00:00,2026-09-13T15:55:36+00:00,2026-09-13T16:00:00+00:00
c1d3fcec25aaeb06ebd2244d33d338e0,NO@DET,Jameson Williams,fanduel,170,2026-09-13T15:55:00+00:00,2026-09-13T15:55:36+00:00,2026-09-13T16:00:00+00:00
c1d3fcec25aaeb06ebd2244d33d338e0,NO@DET,Juwan Johnson,fanduel,230,2026-09-13T15:55:00+00:00,2026-09-13T15:55:36+00:00,2026-09-13T16:00:00+00:00
c1d3fcec25aaeb06ebd2244d33d338e0,NO@DET,Tyler Shough,fanduel,390,2026-09-13T15:55:00+00:00,2026-09-13T15:55:36+00:00,2026-09-13T16:00:00+00:00
c1d3fcec25aaeb06ebd2244d33d338e0,NO@DET,Devaughn Vele,fanduel,410,2026-09-13T15:55:00+00:00,2026-09-13T15:55:36+00:00,2026-09-13T16:00:00+00:00
c1d3fcec25aaeb06ebd2244d33d338e0,NO@DET,Isaac TeSlaa,fanduel,420,2026-09-13T15:55:00+00:00,2026-09-13T15:55:36+00:00,2026-09-13T16:00:00+00:00
c1d3fcec25aaeb06ebd2244d33d338e0,NO@DET,Jacob Saylors,fanduel,440,2026-09-13T15:55:00+00:00,2026-09-13T15:55:36+00:00,2026-09-13T16:00:00+00:00
c1d3fcec25aaeb06ebd2244d33d338e0,NO@DET,Kendre Miller,fanduel,500,2026-09-13T15:55:00+00:00,2026-09-13T15:55:36+00:00,2026-09-13T16:00:00+00:00
c1d3fcec25aaeb06ebd2244d33d338e0,NO@DET,Detroit Lions Defense,fanduel,650,2026-09-13T15:55:00+00:00,2026-09-13T15:55:36+00:00,2026-09-13T16:00:00+00:00
c1d3fcec25aaeb06ebd2244d33d338e0,NO@DET,Noah Fant,fanduel,700,2026-09-13T15:55:00+00:00,2026-09-13T15:55:36+00:00,2026-09-13T16:00:00+00:00
c1d3fcec25aaeb06ebd2244d33d338e0,NO@DET,Sione Vaki,fanduel,750,2026-09-13T15:55:00+00:00,2026-09-13T15:55:36+00:00,2026-09-13T16:00:00+00:00
c1d3fcec25aaeb06ebd2244d33d338e0,NO@DET,Brock Wright,fanduel,800,2026-09-13T15:55:00+00:00,2026-09-13T15:55:36+00:00,2026-09-13T16:00:00+00:00
c1d3fcec25aaeb06ebd2244d33d338e0,NO@DET,New Orleans Saints Defense,fanduel,1000,2026-09-13T15:55:00+00:00,2026-09-13T15:55:36+00:00,2026-09-13T16:00:00+00:00
c1d3fcec25aaeb06ebd2244d33d338e0,NO@DET,Bryce Lance,fanduel,1100,2026-09-13T15:55:00+00:00,2026-09-13T15:55:36+00:00,2026-09-13T16:00:00+00:00
c1d3fcec25aaeb06ebd2244d33d338e0,NO@DET,Barion Brown,fanduel,1100,2026-09-13T15:55:00+00:00,2026-09-13T15:55:36+00:00,2026-09-13T16:00:00+00:00
c1d3fcec25aaeb06ebd2244d33d338e0,NO@DET,Kevin Austin,fanduel,1100,2026-09-13T15:55:00+00:00,2026-09-13T15:55:36+00:00,2026-09-13T16:00:00+00:00
c1d3fcec25aaeb06ebd2244d33d338e0,NO@DET,CJ Donaldson,fanduel,1400,2026-09-13T15:55:00+00:00,2026-09-13T15:55:36+00:00,2026-09-13T16:00:00+00:00
c1d3fcec25aaeb06ebd2244d33d338e0,NO@DET,Tay Martin,fanduel,1500,2026-09-13T15:55:00+00:00,2026-09-13T15:55:36+00:00,2026-09-13T16:00:00+00:00
c1d3fcec25aaeb06ebd2244d33d338e0,NO@DET,Tom Kennedy,fanduel,1700,2026-09-13T15:55:00+00:00,2026-09-13T15:55:36+00:00,2026-09-13T16:00:00+00:00
c1d3fcec25aaeb06ebd2244d33d338e0,NO@DET,Jackson Meeks,fanduel,1800,2026-09-13T15:55:00+00:00,2026-09-13T15:55:36+00:00,2026-09-13T16:00:00+00:00
c1d3fcec25aaeb06ebd2244d33d338e0,NO@DET,Jared Goff,fanduel,1900,2026-09-13T15:55:00+00:00,2026-09-13T15:55:36+00:00,2026-09-13T16:00:00+00:00
c1d3fcec25aaeb06ebd2244d33d338e0,NO@DET,Tyler Conklin,fanduel,1900,2026-09-13T15:55:00+00:00,2026-09-13T15:55:36+00:00,2026-09-13T16:00:00+00:00
c1d3fcec25aaeb06ebd2244d33d338e0,NO@DET,Treyton Welch,fanduel,2000,2026-09-13T15:55:00+00:00,2026-09-13T15:55:36+00:00,2026-09-13T16:00:00+00:00
c1d3fcec25aaeb06ebd2244d33d338e0,NO@DET,No Scorer,fanatics,10000,2026-09-13T15:55:30+00:00,2026-09-13T15:55:36+00:00,2026-09-13T16:00:00+00:00
c1d3fcec25aaeb06ebd2244d33d338e0,NO@DET,Jared Goff,fanatics,1700,2026-09-13T15:55:30+00:00,2026-09-13T15:55:36+00:00,2026-09-13T16:00:00+00:00
c1d3fcec25aaeb06ebd2244d33d338e0,NO@DET,Amon-Ra St. Brown,fanatics,105,2026-09-13T15:55:30+00:00,2026-09-13T15:55:36+00:00,2026-09-13T16:00:00+00:00
c1d3fcec25aaeb06ebd2244d33d338e0,NO@DET,Brock Wright,fanatics,900,2026-09-13T15:55:30+00:00,2026-09-13T15:55:36+00:00,2026-09-13T16:00:00+00:00
c1d3fcec25aaeb06ebd2244d33d338e0,NO@DET,Jameson Williams,fanatics,170,2026-09-13T15:55:30+00:00,2026-09-13T15:55:36+00:00,2026-09-13T16:00:00+00:00
c1d3fcec25aaeb06ebd2244d33d338e0,NO@DET,Jahmyr Gibbs,fanatics,-270,2026-09-13T15:55:30+00:00,2026-09-13T15:55:36+00:00,2026-09-13T16:00:00+00:00
c1d3fcec25aaeb06ebd2244d33d338e0,NO@DET,Sam LaPorta,fanatics,200,2026-09-13T15:55:30+00:00,2026-09-13T15:55:36+00:00,2026-09-13T16:00:00+00:00
c1d3fcec25aaeb06ebd2244d33d338e0,NO@DET,Isaac TeSlaa,fanatics,450,2026-09-13T15:55:30+00:00,2026-09-13T15:55:36+00:00,2026-09-13T16:00:00+00:00
c1d3fcec25aaeb06ebd2244d33d338e0,NO@DET,Detroit Lions D/ST,fanatics,450,2026-09-13T15:55:30+00:00,2026-09-13T15:55:36+00:00,2026-09-13T16:00:00+00:00
c1d3fcec25aaeb06ebd2244d33d338e0,NO@DET,Juwan Johnson,fanatics,240,2026-09-13T15:55:30+00:00,2026-09-13T15:55:36+00:00,2026-09-13T16:00:00+00:00
c1d3fcec25aaeb06ebd2244d33d338e0,NO@DET,Chris Olave,fanatics,120,2026-09-13T15:55:30+00:00,2026-09-13T15:55:36+00:00,2026-09-13T16:00:00+00:00
c1d3fcec25aaeb06ebd2244d33d338e0,NO@DET,Devaughn Vele,fanatics,420,2026-09-13T15:55:30+00:00,2026-09-13T15:55:36+00:00,2026-09-13T16:00:00+00:00
c1d3fcec25aaeb06ebd2244d33d338e0,NO@DET,New Orleans Saints D/ST,fanatics,650,2026-09-13T15:55:30+00:00,2026-09-13T15:55:36+00:00,2026-09-13T16:00:00+00:00
c1d3fcec25aaeb06ebd2244d33d338e0,NO@DET,Noah Fant,fanatics,800,2026-09-13T15:55:30+00:00,2026-09-13T15:55:36+00:00,2026-09-13T16:00:00+00:00
c1d3fcec25aaeb06ebd2244d33d338e0,NO@DET,Travis Etienne Jr.,fanatics,105,2026-09-13T15:55:30+00:00,2026-09-13T15:55:36+00:00,2026-09-13T16:00:00+00:00
c1d3fcec25aaeb06ebd2244d33d338e0,NO@DET,Barion Brown,fanatics,1050,2026-09-13T15:55:30+00:00,2026-09-13T15:55:36+00:00,2026-09-13T16:00:00+00:00
c1d3fcec25aaeb06ebd2244d33d338e0,NO@DET,Bryce Lance,fanatics,1200,2026-09-13T15:55:30+00:00,2026-09-13T15:55:36+00:00,2026-09-13T16:00:00+00:00
c1d3fcec25aaeb06ebd2244d33d338e0,NO@DET,Jacob Saylors,fanatics,525,2026-09-13T15:55:30+00:00,2026-09-13T15:55:36+00:00,2026-09-13T16:00:00+00:00
c1d3fcec25aaeb06ebd2244d33d338e0,NO@DET,Tyler Shough,fanatics,420,2026-09-13T15:55:30+00:00,2026-09-13T15:55:36+00:00,2026-09-13T16:00:00+00:00
c1d3fcec25aaeb06ebd2244d33d338e0,NO@DET,Sione Vaki,fanatics,700,2026-09-13T15:55:30+00:00,2026-09-13T15:55:36+00:00,2026-09-13T16:00:00+00:00
c1d3fcec25aaeb06ebd2244d33d338e0,NO@DET,Jackson Meeks,fanatics,1700,2026-09-13T15:55:30+00:00,2026-09-13T15:55:36+00:00,2026-09-13T16:00:00+00:00
c1d3fcec25aaeb06ebd2244d33d338e0,NO@DET,Kendre Miller,fanatics,600,2026-09-13T15:55:30+00:00,2026-09-13T15:55:36+00:00,2026-09-13T16:00:00+00:00
c1d3fcec25aaeb06ebd2244d33d338e0,NO@DET,Tay Martin,fanatics,1900,2026-09-13T15:55:30+00:00,2026-09-13T15:55:36+00:00,2026-09-13T16:00:00+00:00
c1d3fcec25aaeb06ebd2244d33d338e0,NO@DET,Jahmyr Gibbs,williamhill_us,-295,2026-09-13T15:54:55+00:00,2026-09-13T15:55:36+00:00,2026-09-13T16:00:00+00:00
c1d3fcec25aaeb06ebd2244d33d338e0,NO@DET,Amon-Ra St. Brown,williamhill_us,-110,2026-09-13T15:54:55+00:00,2026-09-13T15:55:36+00:00,2026-09-13T16:00:00+00:00
c1d3fcec25aaeb06ebd2244d33d338e0,NO@DET,Travis Etienne Jr.,williamhill_us,100,2026-09-13T15:54:55+00:00,2026-09-13T15:55:36+00:00,2026-09-13T16:00:00+00:00
c1d3fcec25aaeb06ebd2244d33d338e0,NO@DET,Chris Olave,williamhill_us,150,2026-09-13T15:54:55+00:00,2026-09-13T15:55:36+00:00,2026-09-13T16:00:00+00:00
c1d3fcec25aaeb06ebd2244d33d338e0,NO@DET,Jameson Williams,williamhill_us,169,2026-09-13T15:54:55+00:00,2026-09-13T15:55:36+00:00,2026-09-13T16:00:00+00:00
c1d3fcec25aaeb06ebd2244d33d338e0,NO@DET,Sam LaPorta,williamhill_us,178,2026-09-13T15:54:55+00:00,2026-09-13T15:55:36+00:00,2026-09-13T16:00:00+00:00
c1d3fcec25aaeb06ebd2244d33d338e0,NO@DET,Juwan Johnson,williamhill_us,230,2026-09-13T15:54:55+00:00,2026-09-13T15:55:36+00:00,2026-09-13T16:00:00+00:00
c1d3fcec25aaeb06ebd2244d33d338e0,NO@DET,Tyler Shough,williamhill_us,360,2026-09-13T15:54:55+00:00,2026-09-13T15:55:36+00:00,2026-09-13T16:00:00+00:00
c1d3fcec25aaeb06ebd2244d33d338e0,NO@DET,Devaughn Vele,williamhill_us,360,2026-09-13T15:54:55+00:00,2026-09-13T15:55:36+00:00,2026-09-13T16:00:00+00:00
c1d3fcec25aaeb06ebd2244d33d338e0,NO@DET,Isaac TeSlaa,williamhill_us,370,2026-09-13T15:54:55+00:00,2026-09-13T15:55:36+00:00,2026-09-13T16:00:00+00:00
c1d3fcec25aaeb06ebd2244d33d338e0,NO@DET,Jacob Saylors,williamhill_us,425,2026-09-13T15:54:55+00:00,2026-09-13T15:55:36+00:00,2026-09-13T16:00:00+00:00
c1d3fcec25aaeb06ebd2244d33d338e0,NO@DET,Kendre Miller,williamhill_us,500,2026-09-13T15:54:55+00:00,2026-09-13T15:55:36+00:00,2026-09-13T16:00:00+00:00
c1d3fcec25aaeb06ebd2244d33d338e0,NO@DET,Noah Fant,williamhill_us,700,2026-09-13T15:54:55+00:00,2026-09-13T15:55:36+00:00,2026-09-13T16:00:00+00:00
c1d3fcec25aaeb06ebd2244d33d338e0,NO@DET,CJ Donaldson,williamhill_us,700,2026-09-13T15:54:55+00:00,2026-09-13T15:55:36+00:00,2026-09-13T16:00:00+00:00
c1d3fcec25aaeb06ebd2244d33d338e0,NO@DET,Sione Vaki,williamhill_us,700,2026-09-13T15:54:55+00:00,2026-09-13T15:55:36+00:00,2026-09-13T16:00:00+00:00
c1d3fcec25aaeb06ebd2244d33d338e0,NO@DET,Brock Wright,williamhill_us,750,2026-09-13T15:54:55+00:00,2026-09-13T15:55:36+00:00,2026-09-13T16:00:00+00:00
c1d3fcec25aaeb06ebd2244d33d338e0,NO@DET,Bryce Lance,williamhill_us,1000,2026-09-13T15:54:55+00:00,2026-09-13T15:55:36+00:00,2026-09-13T16:00:00+00:00
c1d3fcec25aaeb06ebd2244d33d338e0,NO@DET,Barion Brown,williamhill_us,1000,2026-09-13T15:54:55+00:00,2026-09-13T15:55:36+00:00,2026-09-13T16:00:00+00:00
c1d3fcec25aaeb06ebd2244d33d338e0,NO@DET,Kevin Austin,williamhill_us,1100,2026-09-13T15:54:55+00:00,2026-09-13T15:55:36+00:00,2026-09-13T16:00:00+00:00
c1d3fcec25aaeb06ebd2244d33d338e0,NO@DET,Tyler Conklin,williamhill_us,1300,2026-09-13T15:54:55+00:00,2026-09-13T15:55:36+00:00,2026-09-13T16:00:00+00:00
c1d3fcec25aaeb06ebd2244d33d338e0,NO@DET,Tay Martin,williamhill_us,1400,2026-09-13T15:54:55+00:00,2026-09-13T15:55:36+00:00,2026-09-13T16:00:00+00:00
c1d3fcec25aaeb06ebd2244d33d338e0,NO@DET,Jared Goff,williamhill_us,1500,2026-09-13T15:54:55+00:00,2026-09-13T15:55:36+00:00,2026-09-13T16:00:00+00:00
c1d3fcec25aaeb06ebd2244d33d338e0,NO@DET,Tom Kennedy,williamhill_us,1500,2026-09-13T15:54:55+00:00,2026-09-13T15:55:36+00:00,2026-09-13T16:00:00+00:00
c1d3fcec25aaeb06ebd2244d33d338e0,NO@DET,Jackson Meeks,williamhill_us,1600,2026-09-13T15:54:55+00:00,2026-09-13T15:55:36+00:00,2026-09-13T16:00:00+00:00
c1d3fcec25aaeb06ebd2244d33d338e0,NO@DET,Treyton Welch,williamhill_us,2100,2026-09-13T15:54:55+00:00,2026-09-13T15:55:36+00:00,2026-09-13T16:00:00+00:00
c1d3fcec25aaeb06ebd2244d33d338e0,NO@DET,Isaac TeSlaa,betonlineag,350,2026-09-13T15:54:27+00:00,2026-09-13T15:55:36+00:00,2026-09-13T16:00:00+00:00
c1d3fcec25aaeb06ebd2244d33d338e0,NO@DET,Juwan Johnson,betonlineag,230,2026-09-13T15:54:27+00:00,2026-09-13T15:55:36+00:00,2026-09-13T16:00:00+00:00
c1d3fcec25aaeb06ebd2244d33d338e0,NO@DET,Sam LaPorta,betonlineag,170,2026-09-13T15:54:27+00:00,2026-09-13T15:55:36+00:00,2026-09-13T16:00:00+00:00
c1d3fcec25aaeb06ebd2244d33d338e0,NO@DET,Jahmyr Gibbs,betonlineag,-333,2026-09-13T15:54:27+00:00,2026-09-13T15:55:36+00:00,2026-09-13T16:00:00+00:00
c1d3fcec25aaeb06ebd2244d33d338e0,NO@DET,Amon-Ra St. Brown,betonlineag,-111,2026-09-13T15:54:27+00:00,2026-09-13T15:55:36+00:00,2026-09-13T16:00:00+00:00
c1d3fcec25aaeb06ebd2244d33d338e0,NO@DET,Jared Goff,betonlineag,1400,2026-09-13T15:54:27+00:00,2026-09-13T15:55:36+00:00,2026-09-13T16:00:00+00:00
c1d3fcec25aaeb06ebd2244d33d338e0,NO@DET,Chris Olave,betonlineag,150,2026-09-13T15:54:27+00:00,2026-09-13T15:55:36+00:00,2026-09-13T16:00:00+00:00
c1d3fcec25aaeb06ebd2244d33d338e0,NO@DET,Jameson Williams,betonlineag,170,2026-09-13T15:54:27+00:00,2026-09-13T15:55:36+00:00,2026-09-13T16:00:00+00:00
c1d3fcec25aaeb06ebd2244d33d338e0,NO@DET,Tyler Shough,betonlineag,350,2026-09-13T15:54:27+00:00,2026-09-13T15:55:36+00:00,2026-09-13T16:00:00+00:00
c1d3fcec25aaeb06ebd2244d33d338e0,NO@DET,Devaughn Vele,betonlineag,325,2026-09-13T15:54:27+00:00,2026-09-13T15:55:36+00:00,2026-09-13T16:00:00+00:00
c1d3fcec25aaeb06ebd2244d33d338e0,NO@DET,Travis Etienne Jr.,betonlineag,-125,2026-09-13T15:54:27+00:00,2026-09-13T15:55:36+00:00,2026-09-13T16:00:00+00:00
c1d3fcec25aaeb06ebd2244d33d338e0,NO@DET,Noah Fant,betonlineag,700,2026-09-13T15:54:27+00:00,2026-09-13T15:55:36+00:00,2026-09-13T16:00:00+00:00
c1d3fcec25aaeb06ebd2244d33d338e0,NO@DET,Bryce Lance,betonlineag,1000,2026-09-13T15:54:27+00:00,2026-09-13T15:55:36+00:00,2026-09-13T16:00:00+00:00
c1d3fcec25aaeb06ebd2244d33d338e0,NO@DET,Oscar Delp,betonlineag,750,2026-09-13T15:54:27+00:00,2026-09-13T15:55:36+00:00,2026-09-13T16:00:00+00:00
c1d3fcec25aaeb06ebd2244d33d338e0,NO@DET,Tay Martin,betonlineag,1400,2026-09-13T15:54:27+00:00,2026-09-13T15:55:36+00:00,2026-09-13T16:00:00+00:00
c1d3fcec25aaeb06ebd2244d33d338e0,NO@DET,Kendre Miller,betonlineag,500,2026-09-13T15:54:27+00:00,2026-09-13T15:55:36+00:00,2026-09-13T16:00:00+00:00
c1d3fcec25aaeb06ebd2244d33d338e0,NO@DET,Jacob Saylors,betonlineag,400,2026-09-13T15:54:27+00:00,2026-09-13T15:55:36+00:00,2026-09-13T16:00:00+00:00
c1d3fcec25aaeb06ebd2244d33d338e0,NO@DET,Sione Vaki,betonlineag,700,2026-09-13T15:54:27+00:00,2026-09-13T15:55:36+00:00,2026-09-13T16:00:00+00:00
c1d3fcec25aaeb06ebd2244d33d338e0,NO@DET,Barion Brown,betonlineag,1000,2026-09-13T15:54:27+00:00,2026-09-13T15:55:36+00:00,2026-09-13T16:00:00+00:00
c1d3fcec25aaeb06ebd2244d33d338e0,NO@DET,Brock Wright,betonlineag,800,2026-09-13T15:54:27+00:00,2026-09-13T15:55:36+00:00,2026-09-13T16:00:00+00:00
c1d3fcec25aaeb06ebd2244d33d338e0,NO@DET,Tyler Conklin,betonlineag,1300,2026-09-13T15:54:27+00:00,2026-09-13T15:55:36+00:00,2026-09-13T16:00:00+00:00
c1d3fcec25aaeb06ebd2244d33d338e0,NO@DET,Jackson Meeks,betonlineag,1400,2026-09-13T15:54:27+00:00,2026-09-13T15:55:36+00:00,2026-09-13T16:00:00+00:00
c1d3fcec25aaeb06ebd2244d33d338e0,NO@DET,Tom Kennedy,betonlineag,1400,2026-09-13T15:54:27+00:00,2026-09-13T15:55:36+00:00,2026-09-13T16:00:00+00:00
c1d3fcec25aaeb06ebd2244d33d338e0,NO@DET,Devaughn Vele,betrivers,280,2026-09-13T15:55:07+00:00,2026-09-13T15:55:36+00:00,2026-09-13T16:00:00+00:00
c1d3fcec25aaeb06ebd2244d33d338e0,NO@DET,Sione Vaki,betrivers,285,2026-09-13T15:55:07+00:00,2026-09-13T15:55:36+00:00,2026-09-13T16:00:00+00:00
c1d3fcec25aaeb06ebd2244d33d338e0,NO@DET,Treyton Welch,betrivers,2800,2026-09-13T15:55:07+00:00,2026-09-13T15:55:36+00:00,2026-09-13T16:00:00+00:00
c1d3fcec25aaeb06ebd2244d33d338e0,NO@DET,Jahmyr Gibbs,betrivers,-315,2026-09-13T15:55:07+00:00,2026-09-13T15:55:36+00:00,2026-09-13T16:00:00+00:00
c1d3fcec25aaeb06ebd2244d33d338e0,NO@DET,Kevin Austin,betrivers,1700,2026-09-13T15:55:07+00:00,2026-09-13T15:55:36+00:00,2026-09-13T16:00:00+00:00
c1d3fcec25aaeb06ebd2244d33d338e0,NO@DET,Juwan Johnson,betrivers,260,2026-09-13T15:55:07+00:00,2026-09-13T15:55:36+00:00,2026-09-13T16:00:00+00:00
c1d3fcec25aaeb06ebd2244d33d338e0,NO@DET,Tom Kennedy,betrivers,1700,2026-09-13T15:55:07+00:00,2026-09-13T15:55:36+00:00,2026-09-13T16:00:00+00:00
c1d3fcec25aaeb06ebd2244d33d338e0,NO@DET,Tyler Conklin,betrivers,1700,2026-09-13T15:55:07+00:00,2026-09-13T15:55:36+00:00,2026-09-13T16:00:00+00:00
c1d3fcec25aaeb06ebd2244d33d338e0,NO@DET,Noah Fant,betrivers,800,2026-09-13T15:55:07+00:00,2026-09-13T15:55:36+00:00,2026-09-13T16:00:00+00:00
c1d3fcec25aaeb06ebd2244d33d338e0,NO@DET,Jared Goff,betrivers,1700,2026-09-13T15:55:07+00:00,2026-09-13T15:55:36+00:00,2026-09-13T16:00:00+00:00
c1d3fcec25aaeb06ebd2244d33d338e0,NO@DET,Barion Brown,betrivers,800,2026-09-13T15:55:07+00:00,2026-09-13T15:55:36+00:00,2026-09-13T16:00:00+00:00
c1d3fcec25aaeb06ebd2244d33d338e0,NO@DET,Chris Olave,betrivers,165,2026-09-13T15:55:07+00:00,2026-09-13T15:55:36+00:00,2026-09-13T16:00:00+00:00
c1d3fcec25aaeb06ebd2244d33d338e0,NO@DET,Sam LaPorta,betrivers,190,2026-09-13T15:55:07+00:00,2026-09-13T15:55:36+00:00,2026-09-13T16:00:00+00:00
c1d3fcec25aaeb06ebd2244d33d338e0,NO@DET,Travis Etienne Jr.,betrivers,110,2026-09-13T15:55:07+00:00,2026-09-13T15:55:36+00:00,2026-09-13T16:00:00+00:00
c1d3fcec25aaeb06ebd2244d33d338e0,NO@DET,Kendre Miller,betrivers,350,2026-09-13T15:55:07+00:00,2026-09-13T15:55:36+00:00,2026-09-13T16:00:00+00:00
c1d3fcec25aaeb06ebd2244d33d338e0,NO@DET,Jacob Saylors,betrivers,310,2026-09-13T15:55:07+00:00,2026-09-13T15:55:36+00:00,2026-09-13T16:00:00+00:00
c1d3fcec25aaeb06ebd2244d33d338e0,NO@DET,Tay Martin,betrivers,2400,2026-09-13T15:55:07+00:00,2026-09-13T15:55:36+00:00,2026-09-13T16:00:00+00:00
c1d3fcec25aaeb06ebd2244d33d338e0,NO@DET,Bryce Lance,betrivers,750,2026-09-13T15:55:07+00:00,2026-09-13T15:55:36+00:00,2026-09-13T16:00:00+00:00
c1d3fcec25aaeb06ebd2244d33d338e0,NO@DET,Isaac TeSlaa,betrivers,410,2026-09-13T15:55:07+00:00,2026-09-13T15:55:36+00:00,2026-09-13T16:00:00+00:00
c1d3fcec25aaeb06ebd2244d33d338e0,NO@DET,Jameson Williams,betrivers,180,2026-09-13T15:55:07+00:00,2026-09-13T15:55:36+00:00,2026-09-13T16:00:00+00:00
c1d3fcec25aaeb06ebd2244d33d338e0,NO@DET,Tyler Shough,betrivers,360,2026-09-13T15:55:07+00:00,2026-09-13T15:55:36+00:00,2026-09-13T16:00:00+00:00
c1d3fcec25aaeb06ebd2244d33d338e0,NO@DET,Jackson Meeks,betrivers,1700,2026-09-13T15:55:07+00:00,2026-09-13T15:55:36+00:00,2026-09-13T16:00:00+00:00
c1d3fcec25aaeb06ebd2244d33d338e0,NO@DET,Amon-Ra St. Brown,betrivers,-107,2026-09-13T15:55:07+00:00,2026-09-13T15:55:36+00:00,2026-09-13T16:00:00+00:00
c1d3fcec25aaeb06ebd2244d33d338e0,NO@DET,Brock Wright,betrivers,750,2026-09-13T15:55:07+00:00,2026-09-13T15:55:36+00:00,2026-09-13T16:00:00+00:00
c1d3fcec25aaeb06ebd2244d33d338e0,NO@DET,CJ Donaldson,betrivers,850,2026-09-13T15:55:07+00:00,2026-09-13T15:55:36+00:00,2026-09-13T16:00:00+00:00
c1d3fcec25aaeb06ebd2244d33d338e0,NO@DET,Jameson Williams,betmgm,155,2026-09-13T15:53:33+00:00,2026-09-13T15:55:36+00:00,2026-09-13T16:00:00+00:00
c1d3fcec25aaeb06ebd2244d33d338e0,NO@DET,Kendre Miller,betmgm,375,2026-09-13T15:53:33+00:00,2026-09-13T15:55:36+00:00,2026-09-13T16:00:00+00:00
c1d3fcec25aaeb06ebd2244d33d338e0,NO@DET,Noah Fant,betmgm,675,2026-09-13T15:53:33+00:00,2026-09-13T15:55:36+00:00,2026-09-13T16:00:00+00:00
c1d3fcec25aaeb06ebd2244d33d338e0,NO@DET,Sione Vaki,betmgm,340,2026-09-13T15:53:33+00:00,2026-09-13T15:55:36+00:00,2026-09-13T16:00:00+00:00
c1d3fcec25aaeb06ebd2244d33d338e0,NO@DET,Jacob Saylors,betmgm,360,2026-09-13T15:53:33+00:00,2026-09-13T15:55:36+00:00,2026-09-13T16:00:00+00:00
c1d3fcec25aaeb06ebd2244d33d338e0,NO@DET,Chris Olave,betmgm,140,2026-09-13T15:53:33+00:00,2026-09-13T15:55:36+00:00,2026-09-13T16:00:00+00:00
c1d3fcec25aaeb06ebd2244d33d338e0,NO@DET,Barion Brown,betmgm,800,2026-09-13T15:53:33+00:00,2026-09-13T15:55:36+00:00,2026-09-13T16:00:00+00:00
c1d3fcec25aaeb06ebd2244d33d338e0,NO@DET,Isaac TeSlaa,betmgm,400,2026-09-13T15:53:33+00:00,2026-09-13T15:55:36+00:00,2026-09-13T16:00:00+00:00
c1d3fcec25aaeb06ebd2244d33d338e0,NO@DET,Travis Etienne Jr.,betmgm,100,2026-09-13T15:53:33+00:00,2026-09-13T15:55:36+00:00,2026-09-13T16:00:00+00:00
c1d3fcec25aaeb06ebd2244d33d338e0,NO@DET,Sam LaPorta,betmgm,185,2026-09-13T15:53:33+00:00,2026-09-13T15:55:36+00:00,2026-09-13T16:00:00+00:00
c1d3fcec25aaeb06ebd2244d33d338e0,NO@DET,Bryce Lance,betmgm,750,2026-09-13T15:53:33+00:00,2026-09-13T15:55:36+00:00,2026-09-13T16:00:00+00:00
c1d3fcec25aaeb06ebd2244d33d338e0,NO@DET,Devaughn Vele,betmgm,280,2026-09-13T15:53:33+00:00,2026-09-13T15:55:36+00:00,2026-09-13T16:00:00+00:00
c1d3fcec25aaeb06ebd2244d33d338e0,NO@DET,Detroit Lions D/ST,betmgm,400,2026-09-13T15:53:33+00:00,2026-09-13T15:55:36+00:00,2026-09-13T16:00:00+00:00
c1d3fcec25aaeb06ebd2244d33d338e0,NO@DET,New Orleans Saints D/ST,betmgm,625,2026-09-13T15:53:33+00:00,2026-09-13T15:55:36+00:00,2026-09-13T16:00:00+00:00
c1d3fcec25aaeb06ebd2244d33d338e0,NO@DET,Juwan Johnson,betmgm,210,2026-09-13T15:53:33+00:00,2026-09-13T15:55:36+00:00,2026-09-13T16:00:00+00:00
c1d3fcec25aaeb06ebd2244d33d338e0,NO@DET,Jahmyr Gibbs,betmgm,-300,2026-09-13T15:53:33+00:00,2026-09-13T15:55:36+00:00,2026-09-13T16:00:00+00:00
c1d3fcec25aaeb06ebd2244d33d338e0,NO@DET,Jared Goff,betmgm,2000,2026-09-13T15:53:33+00:00,2026-09-13T15:55:36+00:00,2026-09-13T16:00:00+00:00
c1d3fcec25aaeb06ebd2244d33d338e0,NO@DET,Tyler Shough,betmgm,300,2026-09-13T15:53:33+00:00,2026-09-13T15:55:36+00:00,2026-09-13T16:00:00+00:00
c1d3fcec25aaeb06ebd2244d33d338e0,NO@DET,Amon-Ra St. Brown,betmgm,-105,2026-09-13T15:53:33+00:00,2026-09-13T15:55:36+00:00,2026-09-13T16:00:00+00:00
c1d3fcec25aaeb06ebd2244d33d338e0,NO@DET,Brock Wright,betmgm,950,2026-09-13T15:53:33+00:00,2026-09-13T15:55:36+00:00,2026-09-13T16:00:00+00:00
c1d3fcec25aaeb06ebd2244d33d338e0,NO@DET,Tyler Conklin,betmgm,1550,2026-09-13T15:53:33+00:00,2026-09-13T15:55:36+00:00,2026-09-13T16:00:00+00:00
c1d3fcec25aaeb06ebd2244d33d338e0,NO@DET,Tay Martin,betmgm,2200,2026-09-13T15:53:33+00:00,2026-09-13T15:55:36+00:00,2026-09-13T16:00:00+00:00
c1d3fcec25aaeb06ebd2244d33d338e0,NO@DET,Jackson Meeks,bovada,1600,2026-09-13T15:55:02+00:00,2026-09-13T15:55:36+00:00,2026-09-13T16:00:00+00:00
c1d3fcec25aaeb06ebd2244d33d338e0,NO@DET,Kevin Austin,bovada,1300,2026-09-13T15:55:02+00:00,2026-09-13T15:55:36+00:00,2026-09-13T16:00:00+00:00
c1d3fcec25aaeb06ebd2244d33d338e0,NO@DET,Tom Kennedy,bovada,1600,2026-09-13T15:55:02+00:00,2026-09-13T15:55:36+00:00,2026-09-13T16:00:00+00:00
c1d3fcec25aaeb06ebd2244d33d338e0,NO@DET,CJ Donaldson,bovada,625,2026-09-13T15:55:02+00:00,2026-09-13T15:55:36+00:00,2026-09-13T16:00:00+00:00
c1d3fcec25aaeb06ebd2244d33d338e0,NO@DET,Treyton Welch,bovada,2800,2026-09-13T15:55:02+00:00,2026-09-13T15:55:36+00:00,2026-09-13T16:00:00+00:00
c1d3fcec25aaeb06ebd2244d33d338e0,NO@DET,Tyler Conklin,bovada,1300,2026-09-13T15:55:02+00:00,2026-09-13T15:55:36+00:00,2026-09-13T16:00:00+00:00
c1d3fcec25aaeb06ebd2244d33d338e0,NO@DET,Tyler Shough,bovada,370,2026-09-13T15:55:02+00:00,2026-09-13T15:55:36+00:00,2026-09-13T16:00:00+00:00
c1d3fcec25aaeb06ebd2244d33d338e0,NO@DET,Sione Vaki,bovada,725,2026-09-13T15:55:02+00:00,2026-09-13T15:55:36+00:00,2026-09-13T16:00:00+00:00
c1d3fcec25aaeb06ebd2244d33d338e0,NO@DET,Travis Etienne Jr.,bovada,100,2026-09-13T15:55:02+00:00,2026-09-13T15:55:36+00:00,2026-09-13T16:00:00+00:00
c1d3fcec25aaeb06ebd2244d33d338e0,NO@DET,Kendre Miller,bovada,525,2026-09-13T15:55:02+00:00,2026-09-13T15:55:36+00:00,2026-09-13T16:00:00+00:00
c1d3fcec25aaeb06ebd2244d33d338e0,NO@DET,Barion Brown,bovada,1100,2026-09-13T15:55:02+00:00,2026-09-13T15:55:36+00:00,2026-09-13T16:00:00+00:00
c1d3fcec25aaeb06ebd2244d33d338e0,NO@DET,Tay Martin,bovada,1500,2026-09-13T15:55:02+00:00,2026-09-13T15:55:36+00:00,2026-09-13T16:00:00+00:00
c1d3fcec25aaeb06ebd2244d33d338e0,NO@DET,Isaac TeSlaa,bovada,370,2026-09-13T15:55:02+00:00,2026-09-13T15:55:36+00:00,2026-09-13T16:00:00+00:00
c1d3fcec25aaeb06ebd2244d33d338e0,NO@DET,New Orleans Saints D/ST,bovada,625,2026-09-13T15:55:02+00:00,2026-09-13T15:55:36+00:00,2026-09-13T16:00:00+00:00
c1d3fcec25aaeb06ebd2244d33d338e0,NO@DET,Juwan Johnson,bovada,235,2026-09-13T15:55:02+00:00,2026-09-13T15:55:36+00:00,2026-09-13T16:00:00+00:00
c1d3fcec25aaeb06ebd2244d33d338e0,NO@DET,Jameson Williams,bovada,170,2026-09-13T15:55:02+00:00,2026-09-13T15:55:36+00:00,2026-09-13T16:00:00+00:00
c1d3fcec25aaeb06ebd2244d33d338e0,NO@DET,Chris Olave,bovada,155,2026-09-13T15:55:02+00:00,2026-09-13T15:55:36+00:00,2026-09-13T16:00:00+00:00
c1d3fcec25aaeb06ebd2244d33d338e0,NO@DET,Bryce Lance,bovada,1000,2026-09-13T15:55:02+00:00,2026-09-13T15:55:36+00:00,2026-09-13T16:00:00+00:00
c1d3fcec25aaeb06ebd2244d33d338e0,NO@DET,Brock Wright,bovada,800,2026-09-13T15:55:02+00:00,2026-09-13T15:55:36+00:00,2026-09-13T16:00:00+00:00
c1d3fcec25aaeb06ebd2244d33d338e0,NO@DET,Devaughn Vele,bovada,370,2026-09-13T15:55:02+00:00,2026-09-13T15:55:36+00:00,2026-09-13T16:00:00+00:00
c1d3fcec25aaeb06ebd2244d33d338e0,NO@DET,Detroit Lions D/ST,bovada,525,2026-09-13T15:55:02+00:00,2026-09-13T15:55:36+00:00,2026-09-13T16:00:00+00:00
c1d3fcec25aaeb06ebd2244d33d338e0,NO@DET,Sam LaPorta,bovada,180,2026-09-13T15:55:02+00:00,2026-09-13T15:55:36+00:00,2026-09-13T16:00:00+00:00
c1d3fcec25aaeb06ebd2244d33d338e0,NO@DET,Jahmyr Gibbs,bovada,-265,2026-09-13T15:55:02+00:00,2026-09-13T15:55:36+00:00,2026-09-13T16:00:00+00:00
c1d3fcec25aaeb06ebd2244d33d338e0,NO@DET,Jared Goff,bovada,1500,2026-09-13T15:55:02+00:00,2026-09-13T15:55:36+00:00,2026-09-13T16:00:00+00:00
c1d3fcec25aaeb06ebd2244d33d338e0,NO@DET,Jacob Saylors,bovada,460,2026-09-13T15:55:02+00:00,2026-09-13T15:55:36+00:00,2026-09-13T16:00:00+00:00
c1d3fcec25aaeb06ebd2244d33d338e0,NO@DET,Noah Fant,bovada,800,2026-09-13T15:55:02+00:00,2026-09-13T15:55:36+00:00,2026-09-13T16:00:00+00:00
c1d3fcec25aaeb06ebd2244d33d338e0,NO@DET,Amon-Ra St. Brown,bovada,-114,2026-09-13T15:55:02+00:00,2026-09-13T15:55:36+00:00,2026-09-13T16:00:00+00:00
7dddb296a42e7a41a774b24bd1709ce1,NYJ@TEN,Breece Hall,draftkings,115,2026-09-13T15:55:34+00:00,2026-09-13T15:55:36+00:00,2026-09-13T16:00:00+00:00
7dddb296a42e7a41a774b24bd1709ce1,NYJ@TEN,Tony Pollard,draftkings,145,2026-09-13T15:55:34+00:00,2026-09-13T15:55:36+00:00,2026-09-13T16:00:00+00:00
7dddb296a42e7a41a774b24bd1709ce1,NYJ@TEN,Garrett Wilson,draftkings,235,2026-09-13T15:55:34+00:00,2026-09-13T15:55:36+00:00,2026-09-13T16:00:00+00:00
7dddb296a42e7a41a774b24bd1709ce1,NYJ@TEN,Tyjae Spears,draftkings,265,2026-09-13T15:55:34+00:00,2026-09-13T15:55:36+00:00,2026-09-13T16:00:00+00:00
7dddb296a42e7a41a774b24bd1709ce1,NYJ@TEN,Carnell Tate,draftkings,290,2026-09-13T15:55:34+00:00,2026-09-13T15:55:36+00:00,2026-09-13T16:00:00+00:00
7dddb296a42e7a41a774b24bd1709ce1,NYJ@TEN,Braelon Allen,draftkings,330,2026-09-13T15:55:34+00:00,2026-09-13T15:55:36+00:00,2026-09-13T16:00:00+00:00
7dddb296a42e7a41a774b24bd1709ce1,NYJ@TEN,Wan'Dale Robinson,draftkings,360,2026-09-13T15:55:34+00:00,2026-09-13T15:55:36+00:00,2026-09-13T16:00:00+00:00
7dddb296a42e7a41a774b24bd1709ce1,NYJ@TEN,Adonai Mitchell,draftkings,400,2026-09-13T15:55:34+00:00,2026-09-13T15:55:36+00:00,2026-09-13T16:00:00+00:00
7dddb296a42e7a41a774b24bd1709ce1,NYJ@TEN,Gunnar Helm,draftkings,475,2026-09-13T15:55:34+00:00,2026-09-13T15:55:36+00:00,2026-09-13T16:00:00+00:00
7dddb296a42e7a41a774b24bd1709ce1,NYJ@TEN,Mason Taylor,draftkings,500,2026-09-13T15:55:34+00:00,2026-09-13T15:55:36+00:00,2026-09-13T16:00:00+00:00
7dddb296a42e7a41a774b24bd1709ce1,NYJ@TEN,Tennessee Titans D/ST,draftkings,500,2026-09-13T15:55:34+00:00,2026-09-13T15:55:36+00:00,2026-09-13T16:00:00+00:00
7dddb296a42e7a41a774b24bd1709ce1,NYJ@TEN,New York Jets D/ST,draftkings,500,2026-09-13T15:55:34+00:00,2026-09-13T15:55:36+00:00,2026-09-13T16:00:00+00:00
7dddb296a42e7a41a774b24bd1709ce1,NYJ@TEN,Calvin Ridley,draftkings,500,2026-09-13T15:55:34+00:00,2026-09-13T15:55:36+00:00,2026-09-13T16:00:00+00:00
7dddb296a42e7a41a774b24bd1709ce1,NYJ@TEN,Cam Ward,draftkings,750,2026-09-13T15:55:34+00:00,2026-09-13T15:55:36+00:00,2026-09-13T16:00:00+00:00
7dddb296a42e7a41a774b24bd1709ce1,NYJ@TEN,Isaiah Williams,draftkings,800,2026-09-13T15:55:34+00:00,2026-09-13T15:55:36+00:00,2026-09-13T16:00:00+00:00
7dddb296a42e7a41a774b24bd1709ce1,NYJ@TEN,Elic Ayomanor,draftkings,850,2026-09-13T15:55:34+00:00,2026-09-13T15:55:36+00:00,2026-09-13T16:00:00+00:00
7dddb296a42e7a41a774b24bd1709ce1,NYJ@TEN,Kenyon Sadiq,draftkings,850,2026-09-13T15:55:34+00:00,2026-09-13T15:55:36+00:00,2026-09-13T16:00:00+00:00
7dddb296a42e7a41a774b24bd1709ce1,NYJ@TEN,Chimere Dike,draftkings,900,2026-09-13T15:55:34+00:00,2026-09-13T15:55:36+00:00,2026-09-13T16:00:00+00:00
7dddb296a42e7a41a774b24bd1709ce1,NYJ@TEN,Daniel Bellinger,draftkings,900,2026-09-13T15:55:34+00:00,2026-09-13T15:55:36+00:00,2026-09-13T16:00:00+00:00
7dddb296a42e7a41a774b24bd1709ce1,NYJ@TEN,Isaiah Davis,draftkings,900,2026-09-13T15:55:34+00:00,2026-09-13T15:55:36+00:00,2026-09-13T16:00:00+00:00
7dddb296a42e7a41a774b24bd1709ce1,NYJ@TEN,Julius Chestnut,draftkings,1200,2026-09-13T15:55:34+00:00,2026-09-13T15:55:36+00:00,2026-09-13T16:00:00+00:00
7dddb296a42e7a41a774b24bd1709ce1,NYJ@TEN,Geno Smith,draftkings,1200,2026-09-13T15:55:34+00:00,2026-09-13T15:55:36+00:00,2026-09-13T16:00:00+00:00
7dddb296a42e7a41a774b24bd1709ce1,NYJ@TEN,Omar Cooper Jr.,draftkings,1300,2026-09-13T15:55:34+00:00,2026-09-13T15:55:36+00:00,2026-09-13T16:00:00+00:00
7dddb296a42e7a41a774b24bd1709ce1,NYJ@TEN,Jeremy Ruckert,draftkings,1900,2026-09-13T15:55:34+00:00,2026-09-13T15:55:36+00:00,2026-09-13T16:00:00+00:00
7dddb296a42e7a41a774b24bd1709ce1,NYJ@TEN,Jelani Woods,draftkings,2200,2026-09-13T15:55:34+00:00,2026-09-13T15:55:36+00:00,2026-09-13T16:00:00+00:00
7dddb296a42e7a41a774b24bd1709ce1,NYJ@TEN,David Martin-Robinson,draftkings,2800,2026-09-13T15:55:34+00:00,2026-09-13T15:55:36+00:00,2026-09-13T16:00:00+00:00
7dddb296a42e7a41a774b24bd1709ce1,NYJ@TEN,Arian Smith,draftkings,2800,2026-09-13T15:55:34+00:00,2026-09-13T15:55:36+00:00,2026-09-13T16:00:00+00:00
7dddb296a42e7a41a774b24bd1709ce1,NYJ@TEN,Kylen Granson,draftkings,3000,2026-09-13T15:55:34+00:00,2026-09-13T15:55:36+00:00,2026-09-13T16:00:00+00:00
7dddb296a42e7a41a774b24bd1709ce1,NYJ@TEN,Andrew Beck,draftkings,4000,2026-09-13T15:55:34+00:00,2026-09-13T15:55:36+00:00,2026-09-13T16:00:00+00:00
7dddb296a42e7a41a774b24bd1709ce1,NYJ@TEN,Breece Hall,fanduel,110,2026-09-13T15:55:30+00:00,2026-09-13T15:55:36+00:00,2026-09-13T16:00:00+00:00
7dddb296a42e7a41a774b24bd1709ce1,NYJ@TEN,Tony Pollard,fanduel,140,2026-09-13T15:55:30+00:00,2026-09-13T15:55:36+00:00,2026-09-13T16:00:00+00:00
7dddb296a42e7a41a774b24bd1709ce1,NYJ@TEN,Garrett Wilson,fanduel,240,2026-09-13T15:55:30+00:00,2026-09-13T15:55:36+00:00,2026-09-13T16:00:00+00:00
7dddb296a42e7a41a774b24bd1709ce1,NYJ@TEN,Tyjae Spears,fanduel,260,2026-09-13T15:55:30+00:00,2026-09-13T15:55:36+00:00,2026-09-13T16:00:00+00:00
7dddb296a42e7a41a774b24bd1709ce1,NYJ@TEN,Carnell Tate,fanduel,270,2026-09-13T15:55:30+00:00,2026-09-13T15:55:36+00:00,2026-09-13T16:00:00+00:00
7dddb296a42e7a41a774b24bd1709ce1,NYJ@TEN,Braelon Allen,fanduel,330,2026-09-13T15:55:30+00:00,2026-09-13T15:55:36+00:00,2026-09-13T16:00:00+00:00
7dddb296a42e7a41a774b24bd1709ce1,NYJ@TEN,Wan'Dale Robinson,fanduel,370,2026-09-13T15:55:30+00:00,2026-09-13T15:55:36+00:00,2026-09-13T16:00:00+00:00
7dddb296a42e7a41a774b24bd1709ce1,NYJ@TEN,Adonai Mitchell,fanduel,430,2026-09-13T15:55:30+00:00,2026-09-13T15:55:36+00:00,2026-09-13T16:00:00+00:00
7dddb296a42e7a41a774b24bd1709ce1,NYJ@TEN,Gunnar Helm,fanduel,480,2026-09-13T15:55:30+00:00,2026-09-13T15:55:36+00:00,2026-09-13T16:00:00+00:00
7dddb296a42e7a41a774b24bd1709ce1,NYJ@TEN,Calvin Ridley,fanduel,490,2026-09-13T15:55:30+00:00,2026-09-13T15:55:36+00:00,2026-09-13T16:00:00+00:00
7dddb296a42e7a41a774b24bd1709ce1,NYJ@TEN,Mason Taylor,fanduel,500,2026-09-13T15:55:30+00:00,2026-09-13T15:55:36+00:00,2026-09-13T16:00:00+00:00
7dddb296a42e7a41a774b24bd1709ce1,NYJ@TEN,New York Jets Defense,fanduel,700,2026-09-13T15:55:30+00:00,2026-09-13T15:55:36+00:00,2026-09-13T16:00:00+00:00
7dddb296a42e7a41a774b24bd1709ce1,NYJ@TEN,Tennessee Titans Defense,fanduel,750,2026-09-13T15:55:30+00:00,2026-09-13T15:55:36+00:00,2026-09-13T16:00:00+00:00
7dddb296a42e7a41a774b24bd1709ce1,NYJ@TEN,Isaiah Williams,fanduel,750,2026-09-13T15:55:30+00:00,2026-09-13T15:55:36+00:00,2026-09-13T16:00:00+00:00
7dddb296a42e7a41a774b24bd1709ce1,NYJ@TEN,Cam Ward,fanduel,750,2026-09-13T15:55:30+00:00,2026-09-13T15:55:36+00:00,2026-09-13T16:00:00+00:00
7dddb296a42e7a41a774b24bd1709ce1,NYJ@TEN,Elic Ayomanor,fanduel,900,2026-09-13T15:55:30+00:00,2026-09-13T15:55:36+00:00,2026-09-13T16:00:00+00:00
7dddb296a42e7a41a774b24bd1709ce1,NYJ@TEN,Isaiah Davis,fanduel,900,2026-09-13T15:55:30+00:00,2026-09-13T15:55:36+00:00,2026-09-13T16:00:00+00:00
7dddb296a42e7a41a774b24bd1709ce1,NYJ@TEN,Kenyon Sadiq,fanduel,900,2026-09-13T15:55:30+00:00,2026-09-13T15:55:36+00:00,2026-09-13T16:00:00+00:00
7dddb296a42e7a41a774b24bd1709ce1,NYJ@TEN,Chimere Dike,fanduel,1000,2026-09-13T15:55:30+00:00,2026-09-13T15:55:36+00:00,2026-09-13T16:00:00+00:00
7dddb296a42e7a41a774b24bd1709ce1,NYJ@TEN,Daniel Bellinger,fanduel,1100,2026-09-13T15:55:30+00:00,2026-09-13T15:55:36+00:00,2026-09-13T16:00:00+00:00
7dddb296a42e7a41a774b24bd1709ce1,NYJ@TEN,Geno Smith,fanduel,1200,2026-09-13T15:55:30+00:00,2026-09-13T15:55:36+00:00,2026-09-13T16:00:00+00:00
7dddb296a42e7a41a774b24bd1709ce1,NYJ@TEN,Omar Cooper Jr.,fanduel,1300,2026-09-13T15:55:30+00:00,2026-09-13T15:55:36+00:00,2026-09-13T16:00:00+00:00
7dddb296a42e7a41a774b24bd1709ce1,NYJ@TEN,Jeremy Ruckert,fanduel,2000,2026-09-13T15:55:30+00:00,2026-09-13T15:55:36+00:00,2026-09-13T16:00:00+00:00
7dddb296a42e7a41a774b24bd1709ce1,NYJ@TEN,Julius Chestnut,fanduel,2200,2026-09-13T15:55:30+00:00,2026-09-13T15:55:36+00:00,2026-09-13T16:00:00+00:00
7dddb296a42e7a41a774b24bd1709ce1,NYJ@TEN,Kylen Granson,fanduel,2200,2026-09-13T15:55:30+00:00,2026-09-13T15:55:36+00:00,2026-09-13T16:00:00+00:00
7dddb296a42e7a41a774b24bd1709ce1,NYJ@TEN,Andrew Beck,fanduel,3000,2026-09-13T15:55:30+00:00,2026-09-13T15:55:36+00:00,2026-09-13T16:00:00+00:00
7dddb296a42e7a41a774b24bd1709ce1,NYJ@TEN,Jelani Woods,fanduel,3000,2026-09-13T15:55:30+00:00,2026-09-13T15:55:36+00:00,2026-09-13T16:00:00+00:00
7dddb296a42e7a41a774b24bd1709ce1,NYJ@TEN,David Martin-Robinson,fanduel,4000,2026-09-13T15:55:30+00:00,2026-09-13T15:55:36+00:00,2026-09-13T16:00:00+00:00
7dddb296a42e7a41a774b24bd1709ce1,NYJ@TEN,Arian Smith,fanduel,4000,2026-09-13T15:55:30+00:00,2026-09-13T15:55:36+00:00,2026-09-13T16:00:00+00:00
7dddb296a42e7a41a774b24bd1709ce1,NYJ@TEN,Garrett Wilson,betonlineag,230,2026-09-13T15:54:33+00:00,2026-09-13T15:55:36+00:00,2026-09-13T16:00:00+00:00
7dddb296a42e7a41a774b24bd1709ce1,NYJ@TEN,Geno Smith,betonlineag,1100,2026-09-13T15:54:33+00:00,2026-09-13T15:55:36+00:00,2026-09-13T16:00:00+00:00
7dddb296a42e7a41a774b24bd1709ce1,NYJ@TEN,Chimere Dike,betonlineag,750,2026-09-13T15:54:33+00:00,2026-09-13T15:55:36+00:00,2026-09-13T16:00:00+00:00
7dddb296a42e7a41a774b24bd1709ce1,NYJ@TEN,Tyjae Spears,betonlineag,240,2026-09-13T15:54:33+00:00,2026-09-13T15:55:36+00:00,2026-09-13T16:00:00+00:00
7dddb296a42e7a41a774b24bd1709ce1,NYJ@TEN,Cam Ward,betonlineag,750,2026-09-13T15:54:33+00:00,2026-09-13T15:55:36+00:00,2026-09-13T16:00:00+00:00
7dddb296a42e7a41a774b24bd1709ce1,NYJ@TEN,Mason Taylor,betonlineag,500,2026-09-13T15:54:33+00:00,2026-09-13T15:55:36+00:00,2026-09-13T16:00:00+00:00
7dddb296a42e7a41a774b24bd1709ce1,NYJ@TEN,Isaiah Davis,betonlineag,800,2026-09-13T15:54:33+00:00,2026-09-13T15:55:36+00:00,2026-09-13T16:00:00+00:00
7dddb296a42e7a41a774b24bd1709ce1,NYJ@TEN,Breece Hall,betonlineag,110,2026-09-13T15:54:33+00:00,2026-09-13T15:55:36+00:00,2026-09-13T16:00:00+00:00
7dddb296a42e7a41a774b24bd1709ce1,NYJ@TEN,Braelon Allen,betonlineag,300,2026-09-13T15:54:33+00:00,2026-09-13T15:55:36+00:00,2026-09-13T16:00:00+00:00
7dddb296a42e7a41a774b24bd1709ce1,NYJ@TEN,Tony Pollard,betonlineag,140,2026-09-13T15:54:33+00:00,2026-09-13T15:55:36+00:00,2026-09-13T16:00:00+00:00
7dddb296a42e7a41a774b24bd1709ce1,NYJ@TEN,Isaiah Williams,betonlineag,750,2026-09-13T15:54:33+00:00,2026-09-13T15:55:36+00:00,2026-09-13T16:00:00+00:00
7dddb296a42e7a41a774b24bd1709ce1,NYJ@TEN,Adonai Mitchell,betonlineag,400,2026-09-13T15:54:33+00:00,2026-09-13T15:55:36+00:00,2026-09-13T16:00:00+00:00
7dddb296a42e7a41a774b24bd1709ce1,NYJ@TEN,Carnell Tate,betonlineag,280,2026-09-13T15:54:33+00:00,2026-09-13T15:55:36+00:00,2026-09-13T16:00:00+00:00
7dddb296a42e7a41a774b24bd1709ce1,NYJ@TEN,Wan'Dale Robinson,betonlineag,350,2026-09-13T15:54:33+00:00,2026-09-13T15:55:36+00:00,2026-09-13T16:00:00+00:00
7dddb296a42e7a41a774b24bd1709ce1,NYJ@TEN,Nicholas Singleton,betonlineag,1400,2026-09-13T15:54:33+00:00,2026-09-13T15:55:36+00:00,2026-09-13T16:00:00+00:00
7dddb296a42e7a41a774b24bd1709ce1,NYJ@TEN,Gunnar Helm,betonlineag,450,2026-09-13T15:54:33+00:00,2026-09-13T15:55:36+00:00,2026-09-13T16:00:00+00:00
7dddb296a42e7a41a774b24bd1709ce1,NYJ@TEN,Kenyon Sadiq,betonlineag,750,2026-09-13T15:54:33+00:00,2026-09-13T15:55:36+00:00,2026-09-13T16:00:00+00:00
7dddb296a42e7a41a774b24bd1709ce1,NYJ@TEN,Calvin Ridley,betonlineag,400,2026-09-13T15:54:33+00:00,2026-09-13T15:55:36+00:00,2026-09-13T16:00:00+00:00
7dddb296a42e7a41a774b24bd1709ce1,NYJ@TEN,Daniel Bellinger,betonlineag,900,2026-09-13T15:54:33+00:00,2026-09-13T15:55:36+00:00,2026-09-13T16:00:00+00:00
7dddb296a42e7a41a774b24bd1709ce1,NYJ@TEN,Omar Cooper Jr.,betonlineag,900,2026-09-13T15:54:33+00:00,2026-09-13T15:55:36+00:00,2026-09-13T16:00:00+00:00
7dddb296a42e7a41a774b24bd1709ce1,NYJ@TEN,Elic Ayomanor,betonlineag,800,2026-09-13T15:54:33+00:00,2026-09-13T15:55:36+00:00,2026-09-13T16:00:00+00:00
7dddb296a42e7a41a774b24bd1709ce1,NYJ@TEN,Jeremy Ruckert,betonlineag,1900,2026-09-13T15:54:33+00:00,2026-09-13T15:55:36+00:00,2026-09-13T16:00:00+00:00
7dddb296a42e7a41a774b24bd1709ce1,NYJ@TEN,Kylen Granson,betonlineag,1900,2026-09-13T15:54:33+00:00,2026-09-13T15:55:36+00:00,2026-09-13T16:00:00+00:00
7dddb296a42e7a41a774b24bd1709ce1,NYJ@TEN,Andrew Beck,betonlineag,2900,2026-09-13T15:54:33+00:00,2026-09-13T15:55:36+00:00,2026-09-13T16:00:00+00:00
7dddb296a42e7a41a774b24bd1709ce1,NYJ@TEN,Julius Chestnut,betonlineag,750,2026-09-13T15:54:33+00:00,2026-09-13T15:55:36+00:00,2026-09-13T16:00:00+00:00
7dddb296a42e7a41a774b24bd1709ce1,NYJ@TEN,Jelani Woods,betonlineag,1900,2026-09-13T15:54:33+00:00,2026-09-13T15:55:36+00:00,2026-09-13T16:00:00+00:00
7dddb296a42e7a41a774b24bd1709ce1,NYJ@TEN,Kene Nwangwu,betonlineag,2900,2026-09-13T15:54:33+00:00,2026-09-13T15:55:36+00:00,2026-09-13T16:00:00+00:00
7dddb296a42e7a41a774b24bd1709ce1,NYJ@TEN,David Martin-Robinson,betonlineag,2400,2026-09-13T15:54:33+00:00,2026-09-13T15:55:36+00:00,2026-09-13T16:00:00+00:00
7dddb296a42e7a41a774b24bd1709ce1,NYJ@TEN,Arian Smith,betonlineag,2400,2026-09-13T15:54:33+00:00,2026-09-13T15:55:36+00:00,2026-09-13T16:00:00+00:00
7dddb296a42e7a41a774b24bd1709ce1,NYJ@TEN,Garrett Wilson,betrivers,205,2026-09-13T15:55:25+00:00,2026-09-13T15:55:36+00:00,2026-09-13T16:00:00+00:00
7dddb296a42e7a41a774b24bd1709ce1,NYJ@TEN,Mason Taylor,betrivers,460,2026-09-13T15:55:25+00:00,2026-09-13T15:55:36+00:00,2026-09-13T16:00:00+00:00
7dddb296a42e7a41a774b24bd1709ce1,NYJ@TEN,Kenyon Sadiq,betrivers,600,2026-09-13T15:55:25+00:00,2026-09-13T15:55:36+00:00,2026-09-13T16:00:00+00:00
7dddb296a42e7a41a774b24bd1709ce1,NYJ@TEN,Arian Smith,betrivers,3000,2026-09-13T15:55:25+00:00,2026-09-13T15:55:36+00:00,2026-09-13T16:00:00+00:00
7dddb296a42e7a41a774b24bd1709ce1,NYJ@TEN,Jeremy Ruckert,betrivers,1500,2026-09-13T15:55:25+00:00,2026-09-13T15:55:36+00:00,2026-09-13T16:00:00+00:00
7dddb296a42e7a41a774b24bd1709ce1,NYJ@TEN,Braelon Allen,betrivers,265,2026-09-13T15:55:25+00:00,2026-09-13T15:55:36+00:00,2026-09-13T16:00:00+00:00
7dddb296a42e7a41a774b24bd1709ce1,NYJ@TEN,Julius Chestnut,betrivers,500,2026-09-13T15:55:25+00:00,2026-09-13T15:55:36+00:00,2026-09-13T16:00:00+00:00
7dddb296a42e7a41a774b24bd1709ce1,NYJ@TEN,Elic Ayomanor,betrivers,1000,2026-09-13T15:55:25+00:00,2026-09-13T15:55:36+00:00,2026-09-13T16:00:00+00:00
7dddb296a42e7a41a774b24bd1709ce1,NYJ@TEN,Gunnar Helm,betrivers,525,2026-09-13T15:55:25+00:00,2026-09-13T15:55:36+00:00,2026-09-13T16:00:00+00:00
7dddb296a42e7a41a774b24bd1709ce1,NYJ@TEN,Calvin Ridley,betrivers,410,2026-09-13T15:55:25+00:00,2026-09-13T15:55:36+00:00,2026-09-13T16:00:00+00:00
7dddb296a42e7a41a774b24bd1709ce1,NYJ@TEN,Tony Pollard,betrivers,140,2026-09-13T15:55:25+00:00,2026-09-13T15:55:36+00:00,2026-09-13T16:00:00+00:00
7dddb296a42e7a41a774b24bd1709ce1,NYJ@TEN,Breece Hall,betrivers,-103,2026-09-13T15:55:25+00:00,2026-09-13T15:55:36+00:00,2026-09-13T16:00:00+00:00
7dddb296a42e7a41a774b24bd1709ce1,NYJ@TEN,Isaiah Williams,betrivers,900,2026-09-13T15:55:25+00:00,2026-09-13T15:55:36+00:00,2026-09-13T16:00:00+00:00
7dddb296a42e7a41a774b24bd1709ce1,NYJ@TEN,Jelani Woods,betrivers,1900,2026-09-13T15:55:25+00:00,2026-09-13T15:55:36+00:00,2026-09-13T16:00:00+00:00
7dddb296a42e7a41a774b24bd1709ce1,NYJ@TEN,David Martin-Robinson,betrivers,2500,2026-09-13T15:55:25+00:00,2026-09-13T15:55:36+00:00,2026-09-13T16:00:00+00:00
7dddb296a42e7a41a774b24bd1709ce1,NYJ@TEN,Daniel Bellinger,betrivers,1050,2026-09-13T15:55:25+00:00,2026-09-13T15:55:36+00:00,2026-09-13T16:00:00+00:00
7dddb296a42e7a41a774b24bd1709ce1,NYJ@TEN,Carnell Tate,betrivers,295,2026-09-13T15:55:25+00:00,2026-09-13T15:55:36+00:00,2026-09-13T16:00:00+00:00
7dddb296a42e7a41a774b24bd1709ce1,NYJ@TEN,Wan'Dale Robinson,betrivers,320,2026-09-13T15:55:25+00:00,2026-09-13T15:55:36+00:00,2026-09-13T16:00:00+00:00
7dddb296a42e7a41a774b24bd1709ce1,NYJ@TEN,Kylen Granson,betrivers,2900,2026-09-13T15:55:25+00:00,2026-09-13T15:55:36+00:00,2026-09-13T16:00:00+00:00
7dddb296a42e7a41a774b24bd1709ce1,NYJ@TEN,Andrew Beck,betrivers,3000,2026-09-13T15:55:25+00:00,2026-09-13T15:55:36+00:00,2026-09-13T16:00:00+00:00
7dddb296a42e7a41a774b24bd1709ce1,NYJ@TEN,Omar Cooper Jr.,betrivers,1050,2026-09-13T15:55:25+00:00,2026-09-13T15:55:36+00:00,2026-09-13T16:00:00+00:00
7dddb296a42e7a41a774b24bd1709ce1,NYJ@TEN,Adonai Mitchell,betrivers,410,2026-09-13T15:55:25+00:00,2026-09-13T15:55:36+00:00,2026-09-13T16:00:00+00:00
7dddb296a42e7a41a774b24bd1709ce1,NYJ@TEN,Cam Ward,betrivers,700,2026-09-13T15:55:25+00:00,2026-09-13T15:55:36+00:00,2026-09-13T16:00:00+00:00
7dddb296a42e7a41a774b24bd1709ce1,NYJ@TEN,Geno Smith,betrivers,950,2026-09-13T15:55:25+00:00,2026-09-13T15:55:36+00:00,2026-09-13T16:00:00+00:00
7dddb296a42e7a41a774b24bd1709ce1,NYJ@TEN,Chimere Dike,betrivers,850,2026-09-13T15:55:25+00:00,2026-09-13T15:55:36+00:00,2026-09-13T16:00:00+00:00
7dddb296a42e7a41a774b24bd1709ce1,NYJ@TEN,Tyjae Spears,betrivers,260,2026-09-13T15:55:25+00:00,2026-09-13T15:55:36+00:00,2026-09-13T16:00:00+00:00
7dddb296a42e7a41a774b24bd1709ce1,NYJ@TEN,Isaiah Davis,betrivers,700,2026-09-13T15:55:25+00:00,2026-09-13T15:55:36+00:00,2026-09-13T16:00:00+00:00
7dddb296a42e7a41a774b24bd1709ce1,NYJ@TEN,No Scorer,fanatics,2500,2026-09-13T15:52:31+00:00,2026-09-13T15:55:36+00:00,2026-09-13T16:00:00+00:00
7dddb296a42e7a41a774b24bd1709ce1,NYJ@TEN,Calvin Ridley,fanatics,525,2026-09-13T15:52:31+00:00,2026-09-13T15:55:36+00:00,2026-09-13T16:00:00+00:00
7dddb296a42e7a41a774b24bd1709ce1,NYJ@TEN,Tony Pollard,fanatics,150,2026-09-13T15:52:31+00:00,2026-09-13T15:55:36+00:00,2026-09-13T16:00:00+00:00
7dddb296a42e7a41a774b24bd1709ce1,NYJ@TEN,Tyjae Spears,fanatics,250,2026-09-13T15:52:31+00:00,2026-09-13T15:55:36+00:00,2026-09-13T16:00:00+00:00
7dddb296a42e7a41a774b24bd1709ce1,NYJ@TEN,Elic Ayomanor,fanatics,1200,2026-09-13T15:52:31+00:00,2026-09-13T15:55:36+00:00,2026-09-13T16:00:00+00:00
7dddb296a42e7a41a774b24bd1709ce1,NYJ@TEN,Chimere Dike,fanatics,1000,2026-09-13T15:52:31+00:00,2026-09-13T15:55:36+00:00,2026-09-13T16:00:00+00:00
7dddb296a42e7a41a774b24bd1709ce1,NYJ@TEN,Gunnar Helm,fanatics,500,2026-09-13T15:52:31+00:00,2026-09-13T15:55:36+00:00,2026-09-13T16:00:00+00:00
7dddb296a42e7a41a774b24bd1709ce1,NYJ@TEN,Tennessee Titans D/ST,fanatics,450,2026-09-13T15:52:31+00:00,2026-09-13T15:55:36+00:00,2026-09-13T16:00:00+00:00
7dddb296a42e7a41a774b24bd1709ce1,NYJ@TEN,Garrett Wilson,fanatics,240,2026-09-13T15:52:31+00:00,2026-09-13T15:55:36+00:00,2026-09-13T16:00:00+00:00
7dddb296a42e7a41a774b24bd1709ce1,NYJ@TEN,Breece Hall,fanatics,115,2026-09-13T15:52:31+00:00,2026-09-13T15:55:36+00:00,2026-09-13T16:00:00+00:00
7dddb296a42e7a41a774b24bd1709ce1,NYJ@TEN,Braelon Allen,fanatics,340,2026-09-13T15:52:31+00:00,2026-09-13T15:55:36+00:00,2026-09-13T16:00:00+00:00
7dddb296a42e7a41a774b24bd1709ce1,NYJ@TEN,Isaiah Davis,fanatics,900,2026-09-13T15:52:31+00:00,2026-09-13T15:55:36+00:00,2026-09-13T16:00:00+00:00
7dddb296a42e7a41a774b24bd1709ce1,NYJ@TEN,Adonai Mitchell,fanatics,420,2026-09-13T15:52:31+00:00,2026-09-13T15:55:36+00:00,2026-09-13T16:00:00+00:00
7dddb296a42e7a41a774b24bd1709ce1,NYJ@TEN,Isaiah Williams,fanatics,1000,2026-09-13T15:52:31+00:00,2026-09-13T15:55:36+00:00,2026-09-13T16:00:00+00:00
7dddb296a42e7a41a774b24bd1709ce1,NYJ@TEN,Mason Taylor,fanatics,525,2026-09-13T15:52:31+00:00,2026-09-13T15:55:36+00:00,2026-09-13T16:00:00+00:00
7dddb296a42e7a41a774b24bd1709ce1,NYJ@TEN,New York Jets D/ST,fanatics,550,2026-09-13T15:52:31+00:00,2026-09-13T15:55:36+00:00,2026-09-13T16:00:00+00:00
7dddb296a42e7a41a774b24bd1709ce1,NYJ@TEN,Carnell Tate,fanatics,325,2026-09-13T15:52:31+00:00,2026-09-13T15:55:36+00:00,2026-09-13T16:00:00+00:00
7dddb296a42e7a41a774b24bd1709ce1,NYJ@TEN,Wan'Dale Robinson,fanatics,380,2026-09-13T15:52:31+00:00,2026-09-13T15:55:36+00:00,2026-09-13T16:00:00+00:00
7dddb296a42e7a41a774b24bd1709ce1,NYJ@TEN,Daniel Bellinger,fanatics,1050,2026-09-13T15:52:31+00:00,2026-09-13T15:55:36+00:00,2026-09-13T16:00:00+00:00
7dddb296a42e7a41a774b24bd1709ce1,NYJ@TEN,Kenyon Sadiq,fanatics,900,2026-09-13T15:52:31+00:00,2026-09-13T15:55:36+00:00,2026-09-13T16:00:00+00:00
7dddb296a42e7a41a774b24bd1709ce1,NYJ@TEN,Jeremy Ruckert,fanatics,1500,2026-09-13T15:52:31+00:00,2026-09-13T15:55:36+00:00,2026-09-13T16:00:00+00:00
7dddb296a42e7a41a774b24bd1709ce1,NYJ@TEN,Geno Smith,fanatics,1200,2026-09-13T15:52:31+00:00,2026-09-13T15:55:36+00:00,2026-09-13T16:00:00+00:00
7dddb296a42e7a41a774b24bd1709ce1,NYJ@TEN,Cam Ward,fanatics,750,2026-09-13T15:52:31+00:00,2026-09-13T15:55:36+00:00,2026-09-13T16:00:00+00:00
7dddb296a42e7a41a774b24bd1709ce1,NYJ@TEN,David Martin-Robinson,fanatics,3000,2026-09-13T15:52:31+00:00,2026-09-13T15:55:36+00:00,2026-09-13T16:00:00+00:00
7dddb296a42e7a41a774b24bd1709ce1,NYJ@TEN,Kylen Granson,fanatics,3000,2026-09-13T15:52:31+00:00,2026-09-13T15:55:36+00:00,2026-09-13T16:00:00+00:00
7dddb296a42e7a41a774b24bd1709ce1,NYJ@TEN,Andrew Beck,fanatics,6000,2026-09-13T15:52:31+00:00,2026-09-13T15:55:36+00:00,2026-09-13T16:00:00+00:00
7dddb296a42e7a41a774b24bd1709ce1,NYJ@TEN,Jelani Woods,fanatics,3000,2026-09-13T15:52:31+00:00,2026-09-13T15:55:36+00:00,2026-09-13T16:00:00+00:00
7dddb296a42e7a41a774b24bd1709ce1,NYJ@TEN,Arian Smith,fanatics,4000,2026-09-13T15:52:31+00:00,2026-09-13T15:55:36+00:00,2026-09-13T16:00:00+00:00
7dddb296a42e7a41a774b24bd1709ce1,NYJ@TEN,Julius Chestnut,fanatics,2200,2026-09-13T15:52:31+00:00,2026-09-13T15:55:36+00:00,2026-09-13T16:00:00+00:00
7dddb296a42e7a41a774b24bd1709ce1,NYJ@TEN,Omar Cooper Jr.,fanatics,1200,2026-09-13T15:52:31+00:00,2026-09-13T15:55:36+00:00,2026-09-13T16:00:00+00:00
7dddb296a42e7a41a774b24bd1709ce1,NYJ@TEN,Breece Hall,williamhill_us,113,2026-09-13T15:54:39+00:00,2026-09-13T15:55:36+00:00,2026-09-13T16:00:00+00:00
7dddb296a42e7a41a774b24bd1709ce1,NYJ@TEN,Tony Pollard,williamhill_us,143,2026-09-13T15:54:39+00:00,2026-09-13T15:55:36+00:00,2026-09-13T16:00:00+00:00
7dddb296a42e7a41a774b24bd1709ce1,NYJ@TEN,Garrett Wilson,williamhill_us,230,2026-09-13T15:54:39+00:00,2026-09-13T15:55:36+00:00,2026-09-13T16:00:00+00:00
7dddb296a42e7a41a774b24bd1709ce1,NYJ@TEN,Tyjae Spears,williamhill_us,255,2026-09-13T15:54:39+00:00,2026-09-13T15:55:36+00:00,2026-09-13T16:00:00+00:00
7dddb296a42e7a41a774b24bd1709ce1,NYJ@TEN,Carnell Tate,williamhill_us,285,2026-09-13T15:54:39+00:00,2026-09-13T15:55:36+00:00,2026-09-13T16:00:00+00:00
7dddb296a42e7a41a774b24bd1709ce1,NYJ@TEN,Braelon Allen,williamhill_us,320,2026-09-13T15:54:39+00:00,2026-09-13T15:55:36+00:00,2026-09-13T16:00:00+00:00
7dddb296a42e7a41a774b24bd1709ce1,NYJ@TEN,Wan'Dale Robinson,williamhill_us,360,2026-09-13T15:54:39+00:00,2026-09-13T15:55:36+00:00,2026-09-13T16:00:00+00:00
7dddb296a42e7a41a774b24bd1709ce1,NYJ@TEN,Adonai Mitchell,williamhill_us,400,2026-09-13T15:54:39+00:00,2026-09-13T15:55:36+00:00,2026-09-13T16:00:00+00:00
7dddb296a42e7a41a774b24bd1709ce1,NYJ@TEN,Gunnar Helm,williamhill_us,450,2026-09-13T15:54:39+00:00,2026-09-13T15:55:36+00:00,2026-09-13T16:00:00+00:00
7dddb296a42e7a41a774b24bd1709ce1,NYJ@TEN,Calvin Ridley,williamhill_us,450,2026-09-13T15:54:39+00:00,2026-09-13T15:55:36+00:00,2026-09-13T16:00:00+00:00
7dddb296a42e7a41a774b24bd1709ce1,NYJ@TEN,Mason Taylor,williamhill_us,475,2026-09-13T15:54:39+00:00,2026-09-13T15:55:36+00:00,2026-09-13T16:00:00+00:00
7dddb296a42e7a41a774b24bd1709ce1,NYJ@TEN,Cam Ward,williamhill_us,750,2026-09-13T15:54:39+00:00,2026-09-13T15:55:36+00:00,2026-09-13T16:00:00+00:00
7dddb296a42e7a41a774b24bd1709ce1,NYJ@TEN,Kenyon Sadiq,williamhill_us,800,2026-09-13T15:54:39+00:00,2026-09-13T15:55:36+00:00,2026-09-13T16:00:00+00:00
7dddb296a42e7a41a774b24bd1709ce1,NYJ@TEN,Isaiah Williams,williamhill_us,800,2026-09-13T15:54:39+00:00,2026-09-13T15:55:36+00:00,2026-09-13T16:00:00+00:00
7dddb296a42e7a41a774b24bd1709ce1,NYJ@TEN,Elic Ayomanor,williamhill_us,800,2026-09-13T15:54:39+00:00,2026-09-13T15:55:36+00:00,2026-09-13T16:00:00+00:00
7dddb296a42e7a41a774b24bd1709ce1,NYJ@TEN,Chimere Dike,williamhill_us,850,2026-09-13T15:54:39+00:00,2026-09-13T15:55:36+00:00,2026-09-13T16:00:00+00:00
7dddb296a42e7a41a774b24bd1709ce1,NYJ@TEN,Isaiah Davis,williamhill_us,850,2026-09-13T15:54:39+00:00,2026-09-13T15:55:36+00:00,2026-09-13T16:00:00+00:00
7dddb296a42e7a41a774b24bd1709ce1,NYJ@TEN,Daniel Bellinger,williamhill_us,900,2026-09-13T15:54:39+00:00,2026-09-13T15:55:36+00:00,2026-09-13T16:00:00+00:00
7dddb296a42e7a41a774b24bd1709ce1,NYJ@TEN,Julius Chestnut,williamhill_us,1100,2026-09-13T15:54:39+00:00,2026-09-13T15:55:36+00:00,2026-09-13T16:00:00+00:00
7dddb296a42e7a41a774b24bd1709ce1,NYJ@TEN,Geno Smith,williamhill_us,1100,2026-09-13T15:54:39+00:00,2026-09-13T15:55:36+00:00,2026-09-13T16:00:00+00:00
7dddb296a42e7a41a774b24bd1709ce1,NYJ@TEN,Omar Cooper Jr.,williamhill_us,1100,2026-09-13T15:54:39+00:00,2026-09-13T15:55:36+00:00,2026-09-13T16:00:00+00:00
7dddb296a42e7a41a774b24bd1709ce1,NYJ@TEN,Jeremy Ruckert,williamhill_us,1800,2026-09-13T15:54:39+00:00,2026-09-13T15:55:36+00:00,2026-09-13T16:00:00+00:00
7dddb296a42e7a41a774b24bd1709ce1,NYJ@TEN,Jelani Woods,williamhill_us,2200,2026-09-13T15:54:39+00:00,2026-09-13T15:55:36+00:00,2026-09-13T16:00:00+00:00
7dddb296a42e7a41a774b24bd1709ce1,NYJ@TEN,Kylen Granson,williamhill_us,2500,2026-09-13T15:54:39+00:00,2026-09-13T15:55:36+00:00,2026-09-13T16:00:00+00:00
7dddb296a42e7a41a774b24bd1709ce1,NYJ@TEN,David Martin-Robinson,williamhill_us,2700,2026-09-13T15:54:39+00:00,2026-09-13T15:55:36+00:00,2026-09-13T16:00:00+00:00
7dddb296a42e7a41a774b24bd1709ce1,NYJ@TEN,Arian Smith,williamhill_us,2800,2026-09-13T15:54:39+00:00,2026-09-13T15:55:36+00:00,2026-09-13T16:00:00+00:00
7dddb296a42e7a41a774b24bd1709ce1,NYJ@TEN,Andrew Beck,williamhill_us,3000,2026-09-13T15:54:39+00:00,2026-09-13T15:55:36+00:00,2026-09-13T16:00:00+00:00
7dddb296a42e7a41a774b24bd1709ce1,NYJ@TEN,Mason Taylor,betmgm,525,2026-09-13T15:54:25+00:00,2026-09-13T15:55:36+00:00,2026-09-13T16:00:00+00:00
7dddb296a42e7a41a774b24bd1709ce1,NYJ@TEN,Chimere Dike,betmgm,1000,2026-09-13T15:54:25+00:00,2026-09-13T15:55:36+00:00,2026-09-13T16:00:00+00:00
7dddb296a42e7a41a774b24bd1709ce1,NYJ@TEN,David Martin-Robinson,betmgm,3500,2026-09-13T15:54:25+00:00,2026-09-13T15:55:36+00:00,2026-09-13T16:00:00+00:00
7dddb296a42e7a41a774b24bd1709ce1,NYJ@TEN,Elic Ayomanor,betmgm,850,2026-09-13T15:54:25+00:00,2026-09-13T15:55:36+00:00,2026-09-13T16:00:00+00:00
7dddb296a42e7a41a774b24bd1709ce1,NYJ@TEN,Tyjae Spears,betmgm,200,2026-09-13T15:54:25+00:00,2026-09-13T15:55:36+00:00,2026-09-13T16:00:00+00:00
7dddb296a42e7a41a774b24bd1709ce1,NYJ@TEN,Calvin Ridley,betmgm,400,2026-09-13T15:54:25+00:00,2026-09-13T15:55:36+00:00,2026-09-13T16:00:00+00:00
7dddb296a42e7a41a774b24bd1709ce1,NYJ@TEN,Wan'Dale Robinson,betmgm,310,2026-09-13T15:54:25+00:00,2026-09-13T15:55:36+00:00,2026-09-13T16:00:00+00:00
7dddb296a42e7a41a774b24bd1709ce1,NYJ@TEN,Cam Ward,betmgm,675,2026-09-13T15:54:25+00:00,2026-09-13T15:55:36+00:00,2026-09-13T16:00:00+00:00
7dddb296a42e7a41a774b24bd1709ce1,NYJ@TEN,New York Jets D/ST,betmgm,525,2026-09-13T15:54:25+00:00,2026-09-13T15:55:36+00:00,2026-09-13T16:00:00+00:00
7dddb296a42e7a41a774b24bd1709ce1,NYJ@TEN,Tennessee Titans D/ST,betmgm,475,2026-09-13T15:54:25+00:00,2026-09-13T15:55:36+00:00,2026-09-13T16:00:00+00:00
7dddb296a42e7a41a774b24bd1709ce1,NYJ@TEN,Isaiah Davis,betmgm,950,2026-09-13T15:54:25+00:00,2026-09-13T15:55:36+00:00,2026-09-13T16:00:00+00:00
7dddb296a42e7a41a774b24bd1709ce1,NYJ@TEN,Garrett Wilson,betmgm,200,2026-09-13T15:54:25+00:00,2026-09-13T15:55:36+00:00,2026-09-13T16:00:00+00:00
7dddb296a42e7a41a774b24bd1709ce1,NYJ@TEN,Daniel Bellinger,betmgm,775,2026-09-13T15:54:25+00:00,2026-09-13T15:55:36+00:00,2026-09-13T16:00:00+00:00
7dddb296a42e7a41a774b24bd1709ce1,NYJ@TEN,Geno Smith,betmgm,825,2026-09-13T15:54:25+00:00,2026-09-13T15:55:36+00:00,2026-09-13T16:00:00+00:00
7dddb296a42e7a41a774b24bd1709ce1,NYJ@TEN,Andrew Beck,betmgm,3000,2026-09-13T15:54:25+00:00,2026-09-13T15:55:36+00:00,2026-09-13T16:00:00+00:00
7dddb296a42e7a41a774b24bd1709ce1,NYJ@TEN,Carnell Tate,betmgm,270,2026-09-13T15:54:25+00:00,2026-09-13T15:55:36+00:00,2026-09-13T16:00:00+00:00
7dddb296a42e7a41a774b24bd1709ce1,NYJ@TEN,Jeremy Ruckert,betmgm,1500,2026-09-13T15:54:25+00:00,2026-09-13T15:55:36+00:00,2026-09-13T16:00:00+00:00
7dddb296a42e7a41a774b24bd1709ce1,NYJ@TEN,Adonai Mitchell,betmgm,360,2026-09-13T15:54:25+00:00,2026-09-13T15:55:36+00:00,2026-09-13T16:00:00+00:00
7dddb296a42e7a41a774b24bd1709ce1,NYJ@TEN,Gunnar Helm,betmgm,450,2026-09-13T15:54:25+00:00,2026-09-13T15:55:36+00:00,2026-09-13T16:00:00+00:00
7dddb296a42e7a41a774b24bd1709ce1,NYJ@TEN,Braelon Allen,betmgm,333,2026-09-13T15:54:25+00:00,2026-09-13T15:55:36+00:00,2026-09-13T16:00:00+00:00
7dddb296a42e7a41a774b24bd1709ce1,NYJ@TEN,Tony Pollard,betmgm,130,2026-09-13T15:54:25+00:00,2026-09-13T15:55:36+00:00,2026-09-13T16:00:00+00:00
7dddb296a42e7a41a774b24bd1709ce1,NYJ@TEN,Isaiah Williams,betmgm,950,2026-09-13T15:54:25+00:00,2026-09-13T15:55:36+00:00,2026-09-13T16:00:00+00:00
7dddb296a42e7a41a774b24bd1709ce1,NYJ@TEN,Omar Cooper Jr.,betmgm,625,2026-09-13T15:54:25+00:00,2026-09-13T15:55:36+00:00,2026-09-13T16:00:00+00:00
7dddb296a42e7a41a774b24bd1709ce1,NYJ@TEN,Kenyon Sadiq,betmgm,575,2026-09-13T15:54:25+00:00,2026-09-13T15:55:36+00:00,2026-09-13T16:00:00+00:00
7dddb296a42e7a41a774b24bd1709ce1,NYJ@TEN,Jelani Woods,betmgm,2800,2026-09-13T15:54:25+00:00,2026-09-13T15:55:36+00:00,2026-09-13T16:00:00+00:00
7dddb296a42e7a41a774b24bd1709ce1,NYJ@TEN,Breece Hall,betmgm,100,2026-09-13T15:54:25+00:00,2026-09-13T15:55:36+00:00,2026-09-13T16:00:00+00:00
7dddb296a42e7a41a774b24bd1709ce1,NYJ@TEN,Jelani Woods,bovada,2200,2026-09-13T15:54:44+00:00,2026-09-13T15:55:36+00:00,2026-09-13T16:00:00+00:00
7dddb296a42e7a41a774b24bd1709ce1,NYJ@TEN,David Martin-Robinson,bovada,2800,2026-09-13T15:54:44+00:00,2026-09-13T15:55:36+00:00,2026-09-13T16:00:00+00:00
7dddb296a42e7a41a774b24bd1709ce1,NYJ@TEN,Julius Chestnut,bovada,1200,2026-09-13T15:54:44+00:00,2026-09-13T15:55:36+00:00,2026-09-13T16:00:00+00:00
7dddb296a42e7a41a774b24bd1709ce1,NYJ@TEN,Kylen Granson,bovada,2800,2026-09-13T15:54:44+00:00,2026-09-13T15:55:36+00:00,2026-09-13T16:00:00+00:00
7dddb296a42e7a41a774b24bd1709ce1,NYJ@TEN,Andrew Beck,bovada,4000,2026-09-13T15:54:44+00:00,2026-09-13T15:55:36+00:00,2026-09-13T16:00:00+00:00
7dddb296a42e7a41a774b24bd1709ce1,NYJ@TEN,Arian Smith,bovada,2800,2026-09-13T15:54:44+00:00,2026-09-13T15:55:36+00:00,2026-09-13T16:00:00+00:00
7dddb296a42e7a41a774b24bd1709ce1,NYJ@TEN,Chimere Dike,bovada,900,2026-09-13T15:54:44+00:00,2026-09-13T15:55:36+00:00,2026-09-13T16:00:00+00:00
7dddb296a42e7a41a774b24bd1709ce1,NYJ@TEN,Garrett Wilson,bovada,235,2026-09-13T15:54:44+00:00,2026-09-13T15:55:36+00:00,2026-09-13T16:00:00+00:00
7dddb296a42e7a41a774b24bd1709ce1,NYJ@TEN,Jeremy Ruckert,bovada,1900,2026-09-13T15:54:44+00:00,2026-09-13T15:55:36+00:00,2026-09-13T16:00:00+00:00
7dddb296a42e7a41a774b24bd1709ce1,NYJ@TEN,Breece Hall,bovada,115,2026-09-13T15:54:44+00:00,2026-09-13T15:55:36+00:00,2026-09-13T16:00:00+00:00
7dddb296a42e7a41a774b24bd1709ce1,NYJ@TEN,Gunnar Helm,bovada,460,2026-09-13T15:54:44+00:00,2026-09-13T15:55:36+00:00,2026-09-13T16:00:00+00:00
7dddb296a42e7a41a774b24bd1709ce1,NYJ@TEN,Adonai Mitchell,bovada,400,2026-09-13T15:54:44+00:00,2026-09-13T15:55:36+00:00,2026-09-13T16:00:00+00:00
7dddb296a42e7a41a774b24bd1709ce1,NYJ@TEN,Mason Taylor,bovada,500,2026-09-13T15:54:44+00:00,2026-09-13T15:55:36+00:00,2026-09-13T16:00:00+00:00
7dddb296a42e7a41a774b24bd1709ce1,NYJ@TEN,Daniel Bellinger,bovada,900,2026-09-13T15:54:44+00:00,2026-09-13T15:55:36+00:00,2026-09-13T16:00:00+00:00
7dddb296a42e7a41a774b24bd1709ce1,NYJ@TEN,Omar Cooper Jr.,bovada,1300,2026-09-13T15:54:44+00:00,2026-09-13T15:55:36+00:00,2026-09-13T16:00:00+00:00
7dddb296a42e7a41a774b24bd1709ce1,NYJ@TEN,Kenyon Sadiq,bovada,825,2026-09-13T15:54:44+00:00,2026-09-13T15:55:36+00:00,2026-09-13T16:00:00+00:00
7dddb296a42e7a41a774b24bd1709ce1,NYJ@TEN,Geno Smith,bovada,1200,2026-09-13T15:54:44+00:00,2026-09-13T15:55:36+00:00,2026-09-13T16:00:00+00:00
7dddb296a42e7a41a774b24bd1709ce1,NYJ@TEN,Carnell Tate,bovada,290,2026-09-13T15:54:44+00:00,2026-09-13T15:55:36+00:00,2026-09-13T16:00:00+00:00
7dddb296a42e7a41a774b24bd1709ce1,NYJ@TEN,Isaiah Williams,bovada,800,2026-09-13T15:54:44+00:00,2026-09-13T15:55:36+00:00,2026-09-13T16:00:00+00:00
7dddb296a42e7a41a774b24bd1709ce1,NYJ@TEN,Tennessee Titans D/ST,bovada,500,2026-09-13T15:54:44+00:00,2026-09-13T15:55:36+00:00,2026-09-13T16:00:00+00:00
7dddb296a42e7a41a774b24bd1709ce1,NYJ@TEN,Tyjae Spears,bovada,265,2026-09-13T15:54:44+00:00,2026-09-13T15:55:36+00:00,2026-09-13T16:00:00+00:00
7dddb296a42e7a41a774b24bd1709ce1,NYJ@TEN,New York Jets D/ST,bovada,500,2026-09-13T15:54:44+00:00,2026-09-13T15:55:36+00:00,2026-09-13T16:00:00+00:00
7dddb296a42e7a41a774b24bd1709ce1,NYJ@TEN,Calvin Ridley,bovada,500,2026-09-13T15:54:44+00:00,2026-09-13T15:55:36+00:00,2026-09-13T16:00:00+00:00
7dddb296a42e7a41a774b24bd1709ce1,NYJ@TEN,Cam Ward,bovada,725,2026-09-13T15:54:44+00:00,2026-09-13T15:55:36+00:00,2026-09-13T16:00:00+00:00
7dddb296a42e7a41a774b24bd1709ce1,NYJ@TEN,Elic Ayomanor,bovada,825,2026-09-13T15:54:44+00:00,2026-09-13T15:55:36+00:00,2026-09-13T16:00:00+00:00
7dddb296a42e7a41a774b24bd1709ce1,NYJ@TEN,Braelon Allen,bovada,330,2026-09-13T15:54:44+00:00,2026-09-13T15:55:36+00:00,2026-09-13T16:00:00+00:00
7dddb296a42e7a41a774b24bd1709ce1,NYJ@TEN,Isaiah Davis,bovada,900,2026-09-13T15:54:44+00:00,2026-09-13T15:55:36+00:00,2026-09-13T16:00:00+00:00
7dddb296a42e7a41a774b24bd1709ce1,NYJ@TEN,Tony Pollard,bovada,145,2026-09-13T15:54:44+00:00,2026-09-13T15:55:36+00:00,2026-09-13T16:00:00+00:00
7dddb296a42e7a41a774b24bd1709ce1,NYJ@TEN,Wan'Dale Robinson,bovada,360,2026-09-13T15:54:44+00:00,2026-09-13T15:55:36+00:00,2026-09-13T16:00:00+00:00
1edfa5ceaa1ad2cb57df1c1b908731f6,ARI@LAC,Omarion Hampton,draftkings,-150,2026-09-13T19:20:37+00:00,2026-09-13T19:20:36+00:00,2026-09-13T19:25:00+00:00
1edfa5ceaa1ad2cb57df1c1b908731f6,ARI@LAC,Quentin Johnston,draftkings,130,2026-09-13T19:20:37+00:00,2026-09-13T19:20:36+00:00,2026-09-13T19:25:00+00:00
1edfa5ceaa1ad2cb57df1c1b908731f6,ARI@LAC,Ladd McConkey,draftkings,140,2026-09-13T19:20:37+00:00,2026-09-13T19:20:36+00:00,2026-09-13T19:25:00+00:00
1edfa5ceaa1ad2cb57df1c1b908731f6,ARI@LAC,Trey McBride,draftkings,185,2026-09-13T19:20:37+00:00,2026-09-13T19:20:36+00:00,2026-09-13T19:25:00+00:00
1edfa5ceaa1ad2cb57df1c1b908731f6,ARI@LAC,Tyler Allgeier,draftkings,220,2026-09-13T19:20:37+00:00,2026-09-13T19:20:36+00:00,2026-09-13T19:25:00+00:00
1edfa5ceaa1ad2cb57df1c1b908731f6,ARI@LAC,Jeremiyah Love,draftkings,220,2026-09-13T19:20:37+00:00,2026-09-13T19:20:36+00:00,2026-09-13T19:25:00+00:00
1edfa5ceaa1ad2cb57df1c1b908731f6,ARI@LAC,Marvin Harrison Jr.,draftkings,250,2026-09-13T19:20:37+00:00,2026-09-13T19:20:36+00:00,2026-09-13T19:25:00+00:00
1edfa5ceaa1ad2cb57df1c1b908731f6,ARI@LAC,Tre Harris,draftkings,285,2026-09-13T19:20:37+00:00,2026-09-13T19:20:36+00:00,2026-09-13T19:25:00+00:00
1edfa5ceaa1ad2cb57df1c1b908731f6,ARI@LAC,Michael Wilson,draftkings,320,2026-09-13T19:20:37+00:00,2026-09-13T19:20:36+00:00,2026-09-13T19:25:00+00:00
1edfa5ceaa1ad2cb57df1c1b908731f6,ARI@LAC,Charlie Kolar,draftkings,350,2026-09-13T19:20:37+00:00,2026-09-13T19:20:36+00:00,2026-09-13T19:25:00+00:00
1edfa5ceaa1ad2cb57df1c1b908731f6,ARI@LAC,Kimani Vidal,draftkings,370,2026-09-13T19:20:37+00:00,2026-09-13T19:20:36+00:00,2026-09-13T19:25:00+00:00
1edfa5ceaa1ad2cb57df1c1b908731f6,ARI@LAC,Keaton Mitchell,draftkings,425,2026-09-13T19:20:37+00:00,2026-09-13T19:20:36+00:00,2026-09-13T19:25:00+00:00
1edfa5ceaa1ad2cb57df1c1b908731f6,ARI@LAC,Justin Herbert,draftkings,500,2026-09-13T19:20:37+00:00,2026-09-13T19:20:36+00:00,2026-09-13T19:25:00+00:00
1edfa5ceaa1ad2cb57df1c1b908731f6,ARI@LAC,Oronde Gadsden II,draftkings,500,2026-09-13T19:20:37+00:00,2026-09-13T19:20:36+00:00,2026-09-13T19:25:00+00:00
1edfa5ceaa1ad2cb57df1c1b908731f6,ARI@LAC,David Njoku,draftkings,550,2026-09-13T19:20:37+00:00,2026-09-13T19:20:36+00:00,2026-09-13T19:25:00+00:00
1edfa5ceaa1ad2cb57df1c1b908731f6,ARI@LAC,Los Angeles Chargers D/ST,draftkings,550,2026-09-13T19:20:37+00:00,2026-09-13T19:20:36+00:00,2026-09-13T19:25:00+00:00
1edfa5ceaa1ad2cb57df1c1b908731f6,ARI@LAC,Arizona Cardinals D/ST,draftkings,650,2026-09-13T19:20:37+00:00,2026-09-13T19:20:36+00:00,2026-09-13T19:25:00+00:00
1edfa5ceaa1ad2cb57df1c1b908731f6,ARI@LAC,Kendrick Bourne,draftkings,700,2026-09-13T19:20:37+00:00,2026-09-13T19:20:36+00:00,2026-09-13T19:25:00+00:00
1edfa5ceaa1ad2cb57df1c1b908731f6,ARI@LAC,KeAndre Lambert-Smith,draftkings,800,2026-09-13T19:20:37+00:00,2026-09-13T19:20:36+00:00,2026-09-13T19:25:00+00:00
1edfa5ceaa1ad2cb57df1c1b908731f6,ARI@LAC,Brenen Thompson,draftkings,800,2026-09-13T19:20:37+00:00,2026-09-13T19:20:36+00:00,2026-09-13T19:25:00+00:00
1edfa5ceaa1ad2cb57df1c1b908731f6,ARI@LAC,Jacoby Brissett,draftkings,850,2026-09-13T19:20:37+00:00,2026-09-13T19:20:36+00:00,2026-09-13T19:25:00+00:00
1edfa5ceaa1ad2cb57df1c1b908731f6,ARI@LAC,Elijah Higgins,draftkings,950,2026-09-13T19:20:37+00:00,2026-09-13T19:20:36+00:00,2026-09-13T19:25:00+00:00
1edfa5ceaa1ad2cb57df1c1b908731f6,ARI@LAC,Simi Fehoko,draftkings,1500,2026-09-13T19:20:37+00:00,2026-09-13T19:20:36+00:00,2026-09-13T19:25:00+00:00
1edfa5ceaa1ad2cb57df1c1b908731f6,ARI@LAC,Devin Duvernay,draftkings,1800,2026-09-13T19:20:37+00:00,2026-09-13T19:20:36+00:00,2026-09-13T19:25:00+00:00
1edfa5ceaa1ad2cb57df1c1b908731f6,ARI@LAC,Zonovan Knight,draftkings,1900,2026-09-13T19:20:37+00:00,2026-09-13T19:20:36+00:00,2026-09-13T19:25:00+00:00
1edfa5ceaa1ad2cb57df1c1b908731f6,ARI@LAC,Derius Davis,draftkings,2200,2026-09-13T19:20:37+00:00,2026-09-13T19:20:36+00:00,2026-09-13T19:25:00+00:00
1edfa5ceaa1ad2cb57df1c1b908731f6,ARI@LAC,Hunter Long,draftkings,2200,2026-09-13T19:20:37+00:00,2026-09-13T19:20:36+00:00,2026-09-13T19:25:00+00:00
1edfa5ceaa1ad2cb57df1c1b908731f6,ARI@LAC,Jalen Brooks,draftkings,2500,2026-09-13T19:20:37+00:00,2026-09-13T19:20:36+00:00,2026-09-13T19:25:00+00:00
1edfa5ceaa1ad2cb57df1c1b908731f6,ARI@LAC,Alec Ingold,draftkings,3000,2026-09-13T19:20:37+00:00,2026-09-13T19:20:36+00:00,2026-09-13T19:25:00+00:00
1edfa5ceaa1ad2cb57df1c1b908731f6,ARI@LAC,Michael Wilson,betonlineag,300,2026-09-13T19:20:03+00:00,2026-09-13T19:20:36+00:00,2026-09-13T19:25:00+00:00
1edfa5ceaa1ad2cb57df1c1b908731f6,ARI@LAC,Justin Herbert,betonlineag,400,2026-09-13T19:20:03+00:00,2026-09-13T19:20:36+00:00,2026-09-13T19:25:00+00:00
1edfa5ceaa1ad2cb57df1c1b908731f6,ARI@LAC,Kimani Vidal,betonlineag,300,2026-09-13T19:20:03+00:00,2026-09-13T19:20:36+00:00,2026-09-13T19:25:00+00:00
1edfa5ceaa1ad2cb57df1c1b908731f6,ARI@LAC,Quentin Johnston,betonlineag,130,2026-09-13T19:20:03+00:00,2026-09-13T19:20:36+00:00,2026-09-13T19:25:00+00:00
1edfa5ceaa1ad2cb57df1c1b908731f6,ARI@LAC,Trey McBride,betonlineag,180,2026-09-13T19:20:03+00:00,2026-09-13T19:20:36+00:00,2026-09-13T19:25:00+00:00
1edfa5ceaa1ad2cb57df1c1b908731f6,ARI@LAC,Ladd McConkey,betonlineag,140,2026-09-13T19:20:03+00:00,2026-09-13T19:20:36+00:00,2026-09-13T19:25:00+00:00
1edfa5ceaa1ad2cb57df1c1b908731f6,ARI@LAC,Marvin Harrison Jr.,betonlineag,250,2026-09-13T19:20:03+00:00,2026-09-13T19:20:36+00:00,2026-09-13T19:25:00+00:00
1edfa5ceaa1ad2cb57df1c1b908731f6,ARI@LAC,David Njoku,betonlineag,500,2026-09-13T19:20:03+00:00,2026-09-13T19:20:36+00:00,2026-09-13T19:25:00+00:00
1edfa5ceaa1ad2cb57df1c1b908731f6,ARI@LAC,Jacoby Brissett,betonlineag,800,2026-09-13T19:20:03+00:00,2026-09-13T19:20:36+00:00,2026-09-13T19:25:00+00:00
1edfa5ceaa1ad2cb57df1c1b908731f6,ARI@LAC,Omarion Hampton,betonlineag,-200,2026-09-13T19:20:03+00:00,2026-09-13T19:20:36+00:00,2026-09-13T19:25:00+00:00
1edfa5ceaa1ad2cb57df1c1b908731f6,ARI@LAC,Tyler Allgeier,betonlineag,220,2026-09-13T19:20:03+00:00,2026-09-13T19:20:36+00:00,2026-09-13T19:25:00+00:00
1edfa5ceaa1ad2cb57df1c1b908731f6,ARI@LAC,Kendrick Bourne,betonlineag,700,2026-09-13T19:20:03+00:00,2026-09-13T19:20:36+00:00,2026-09-13T19:25:00+00:00
1edfa5ceaa1ad2cb57df1c1b908731f6,ARI@LAC,Tre Harris,betonlineag,280,2026-09-13T19:20:03+00:00,2026-09-13T19:20:36+00:00,2026-09-13T19:25:00+00:00
1edfa5ceaa1ad2cb57df1c1b908731f6,ARI@LAC,Keaton Mitchell,betonlineag,260,2026-09-13T19:20:03+00:00,2026-09-13T19:20:36+00:00,2026-09-13T19:25:00+00:00
1edfa5ceaa1ad2cb57df1c1b908731f6,ARI@LAC,Jeremiyah Love,betonlineag,170,2026-09-13T19:20:03+00:00,2026-09-13T19:20:36+00:00,2026-09-13T19:25:00+00:00
1edfa5ceaa1ad2cb57df1c1b908731f6,ARI@LAC,Oronde Gadsden II,betonlineag,350,2026-09-13T19:20:03+00:00,2026-09-13T19:20:36+00:00,2026-09-13T19:25:00+00:00
1edfa5ceaa1ad2cb57df1c1b908731f6,ARI@LAC,Charlie Kolar,betonlineag,350,2026-09-13T19:20:03+00:00,2026-09-13T19:20:36+00:00,2026-09-13T19:25:00+00:00
1edfa5ceaa1ad2cb57df1c1b908731f6,ARI@LAC,Elijah Higgins,betonlineag,700,2026-09-13T19:20:03+00:00,2026-09-13T19:20:36+00:00,2026-09-13T19:25:00+00:00
1edfa5ceaa1ad2cb57df1c1b908731f6,ARI@LAC,Reggie Virgil,betonlineag,1100,2026-09-13T19:20:03+00:00,2026-09-13T19:20:36+00:00,2026-09-13T19:25:00+00:00
1edfa5ceaa1ad2cb57df1c1b908731f6,ARI@LAC,Devin Duvernay,betonlineag,1100,2026-09-13T19:20:03+00:00,2026-09-13T19:20:36+00:00,2026-09-13T19:25:00+00:00
1edfa5ceaa1ad2cb57df1c1b908731f6,ARI@LAC,Alec Ingold,betonlineag,1900,2026-09-13T19:20:03+00:00,2026-09-13T19:20:36+00:00,2026-09-13T19:25:00+00:00
1edfa5ceaa1ad2cb57df1c1b908731f6,ARI@LAC,Jalen Brooks,betonlineag,1100,2026-09-13T19:20:03+00:00,2026-09-13T19:20:36+00:00,2026-09-13T19:25:00+00:00
1edfa5ceaa1ad2cb57df1c1b908731f6,ARI@LAC,Zonovan Knight,betonlineag,1000,2026-09-13T19:20:03+00:00,2026-09-13T19:20:36+00:00,2026-09-13T19:25:00+00:00
1edfa5ceaa1ad2cb57df1c1b908731f6,ARI@LAC,Derius Davis,betonlineag,1400,2026-09-13T19:20:03+00:00,2026-09-13T19:20:36+00:00,2026-09-13T19:25:00+00:00
1edfa5ceaa1ad2cb57df1c1b908731f6,ARI@LAC,Brenen Thompson,betonlineag,500,2026-09-13T19:20:03+00:00,2026-09-13T19:20:36+00:00,2026-09-13T19:25:00+00:00
1edfa5ceaa1ad2cb57df1c1b908731f6,ARI@LAC,KeAndre Lambert-Smith,betonlineag,450,2026-09-13T19:20:03+00:00,2026-09-13T19:20:36+00:00,2026-09-13T19:25:00+00:00
1edfa5ceaa1ad2cb57df1c1b908731f6,ARI@LAC,Simi Fehoko,betonlineag,1400,2026-09-13T19:20:03+00:00,2026-09-13T19:20:36+00:00,2026-09-13T19:25:00+00:00
1edfa5ceaa1ad2cb57df1c1b908731f6,ARI@LAC,No Scorer,fanatics,9000,2026-09-13T19:19:56+00:00,2026-09-13T19:20:36+00:00,2026-09-13T19:25:00+00:00
1edfa5ceaa1ad2cb57df1c1b908731f6,ARI@LAC,Quentin Johnston,fanatics,160,2026-09-13T19:19:56+00:00,2026-09-13T19:20:36+00:00,2026-09-13T19:25:00+00:00
1edfa5ceaa1ad2cb57df1c1b908731f6,ARI@LAC,Derius Davis,fanatics,1900,2026-09-13T19:19:56+00:00,2026-09-13T19:20:36+00:00,2026-09-13T19:25:00+00:00
1edfa5ceaa1ad2cb57df1c1b908731f6,ARI@LAC,Ladd McConkey,fanatics,145,2026-09-13T19:19:56+00:00,2026-09-13T19:20:36+00:00,2026-09-13T19:25:00+00:00
1edfa5ceaa1ad2cb57df1c1b908731f6,ARI@LAC,Kimani Vidal,fanatics,400,2026-09-13T19:19:56+00:00,2026-09-13T19:20:36+00:00,2026-09-13T19:25:00+00:00
1edfa5ceaa1ad2cb57df1c1b908731f6,ARI@LAC,Omarion Hampton,fanatics,-155,2026-09-13T19:19:56+00:00,2026-09-13T19:20:36+00:00,2026-09-13T19:25:00+00:00
1edfa5ceaa1ad2cb57df1c1b908731f6,ARI@LAC,Oronde Gadsden II,fanatics,600,2026-09-13T19:19:56+00:00,2026-09-13T19:20:36+00:00,2026-09-13T19:25:00+00:00
1edfa5ceaa1ad2cb57df1c1b908731f6,ARI@LAC,Tre Harris,fanatics,340,2026-09-13T19:19:56+00:00,2026-09-13T19:20:36+00:00,2026-09-13T19:25:00+00:00
1edfa5ceaa1ad2cb57df1c1b908731f6,ARI@LAC,KeAndre Lambert-Smith,fanatics,1050,2026-09-13T19:19:56+00:00,2026-09-13T19:20:36+00:00,2026-09-13T19:25:00+00:00
1edfa5ceaa1ad2cb57df1c1b908731f6,ARI@LAC,Los Angeles Chargers D/ST,fanatics,420,2026-09-13T19:19:56+00:00,2026-09-13T19:20:36+00:00,2026-09-13T19:25:00+00:00
1edfa5ceaa1ad2cb57df1c1b908731f6,ARI@LAC,Jacoby Brissett,fanatics,1050,2026-09-13T19:19:56+00:00,2026-09-13T19:20:36+00:00,2026-09-13T19:25:00+00:00
1edfa5ceaa1ad2cb57df1c1b908731f6,ARI@LAC,Trey McBride,fanatics,220,2026-09-13T19:19:56+00:00,2026-09-13T19:20:36+00:00,2026-09-13T19:25:00+00:00
1edfa5ceaa1ad2cb57df1c1b908731f6,ARI@LAC,Elijah Higgins,fanatics,1050,2026-09-13T19:19:56+00:00,2026-09-13T19:20:36+00:00,2026-09-13T19:25:00+00:00
1edfa5ceaa1ad2cb57df1c1b908731f6,ARI@LAC,Michael Wilson,fanatics,370,2026-09-13T19:19:56+00:00,2026-09-13T19:20:36+00:00,2026-09-13T19:25:00+00:00
1edfa5ceaa1ad2cb57df1c1b908731f6,ARI@LAC,Marvin Harrison Jr.,fanatics,265,2026-09-13T19:19:56+00:00,2026-09-13T19:20:36+00:00,2026-09-13T19:25:00+00:00
1edfa5ceaa1ad2cb57df1c1b908731f6,ARI@LAC,Arizona Cardinals D/ST,fanatics,650,2026-09-13T19:19:56+00:00,2026-09-13T19:20:36+00:00,2026-09-13T19:25:00+00:00
1edfa5ceaa1ad2cb57df1c1b908731f6,ARI@LAC,David Njoku,fanatics,575,2026-09-13T19:19:56+00:00,2026-09-13T19:20:36+00:00,2026-09-13T19:25:00+00:00
1edfa5ceaa1ad2cb57df1c1b908731f6,ARI@LAC,Charlie Kolar,fanatics,400,2026-09-13T19:19:56+00:00,2026-09-13T19:20:36+00:00,2026-09-13T19:25:00+00:00
1edfa5ceaa1ad2cb57df1c1b908731f6,ARI@LAC,Keaton Mitchell,fanatics,400,2026-09-13T19:19:56+00:00,2026-09-13T19:20:36+00:00,2026-09-13T19:25:00+00:00
1edfa5ceaa1ad2cb57df1c1b908731f6,ARI@LAC,Tyler Allgeier,fanatics,265,2026-09-13T19:19:56+00:00,2026-09-13T19:20:36+00:00,2026-09-13T19:25:00+00:00
1edfa5ceaa1ad2cb57df1c1b908731f6,ARI@LAC,Jeremiyah Love,fanatics,210,2026-09-13T19:19:56+00:00,2026-09-13T19:20:36+00:00,2026-09-13T19:25:00+00:00
1edfa5ceaa1ad2cb57df1c1b908731f6,ARI@LAC,Justin Herbert,fanatics,525,2026-09-13T19:19:56+00:00,2026-09-13T19:20:36+00:00,2026-09-13T19:25:00+00:00
1edfa5ceaa1ad2cb57df1c1b908731f6,ARI@LAC,Devin Duvernay,fanatics,1900,2026-09-13T19:19:56+00:00,2026-09-13T19:20:36+00:00,2026-09-13T19:25:00+00:00
1edfa5ceaa1ad2cb57df1c1b908731f6,ARI@LAC,Alec Ingold,fanatics,3000,2026-09-13T19:19:56+00:00,2026-09-13T19:20:36+00:00,2026-09-13T19:25:00+00:00
1edfa5ceaa1ad2cb57df1c1b908731f6,ARI@LAC,Kendrick Bourne,fanatics,800,2026-09-13T19:19:56+00:00,2026-09-13T19:20:36+00:00,2026-09-13T19:25:00+00:00
1edfa5ceaa1ad2cb57df1c1b908731f6,ARI@LAC,Brenen Thompson,fanatics,900,2026-09-13T19:19:56+00:00,2026-09-13T19:20:36+00:00,2026-09-13T19:25:00+00:00
1edfa5ceaa1ad2cb57df1c1b908731f6,ARI@LAC,Bam Knight,fanatics,1700,2026-09-13T19:19:56+00:00,2026-09-13T19:20:36+00:00,2026-09-13T19:25:00+00:00
1edfa5ceaa1ad2cb57df1c1b908731f6,ARI@LAC,Jalen Brooks,fanatics,4000,2026-09-13T19:19:56+00:00,2026-09-13T19:20:36+00:00,2026-09-13T19:25:00+00:00
1edfa5ceaa1ad2cb57df1c1b908731f6,ARI@LAC,Hunter Long,fanatics,2500,2026-09-13T19:19:56+00:00,2026-09-13T19:20:36+00:00,2026-09-13T19:25:00+00:00
1edfa5ceaa1ad2cb57df1c1b908731f6,ARI@LAC,Simi Fehoko,fanatics,2500,2026-09-13T19:19:56+00:00,2026-09-13T19:20:36+00:00,2026-09-13T19:25:00+00:00
1edfa5ceaa1ad2cb57df1c1b908731f6,ARI@LAC,David Njoku,betrivers,420,2026-09-13T19:20:12+00:00,2026-09-13T19:20:36+00:00,2026-09-13T19:25:00+00:00
1edfa5ceaa1ad2cb57df1c1b908731f6,ARI@LAC,Zonovan Knight,betrivers,1150,2026-09-13T19:20:12+00:00,2026-09-13T19:20:36+00:00,2026-09-13T19:25:00+00:00
1edfa5ceaa1ad2cb57df1c1b908731f6,ARI@LAC,Kendrick Bourne,betrivers,600,2026-09-13T19:20:12+00:00,2026-09-13T19:20:36+00:00,2026-09-13T19:25:00+00:00
1edfa5ceaa1ad2cb57df1c1b908731f6,ARI@LAC,Alec Ingold,betrivers,2000,2026-09-13T19:20:12+00:00,2026-09-13T19:20:36+00:00,2026-09-13T19:25:00+00:00
1edfa5ceaa1ad2cb57df1c1b908731f6,ARI@LAC,Justin Herbert,betrivers,380,2026-09-13T19:20:12+00:00,2026-09-13T19:20:36+00:00,2026-09-13T19:25:00+00:00
1edfa5ceaa1ad2cb57df1c1b908731f6,ARI@LAC,Quentin Johnston,betrivers,160,2026-09-13T19:20:12+00:00,2026-09-13T19:20:36+00:00,2026-09-13T19:25:00+00:00
1edfa5ceaa1ad2cb57df1c1b908731f6,ARI@LAC,Derius Davis,betrivers,1150,2026-09-13T19:20:12+00:00,2026-09-13T19:20:36+00:00,2026-09-13T19:25:00+00:00
1edfa5ceaa1ad2cb57df1c1b908731f6,ARI@LAC,Elijah Higgins,betrivers,1300,2026-09-13T19:20:12+00:00,2026-09-13T19:20:36+00:00,2026-09-13T19:25:00+00:00
1edfa5ceaa1ad2cb57df1c1b908731f6,ARI@LAC,Simi Fehoko,betrivers,1700,2026-09-13T19:20:12+00:00,2026-09-13T19:20:36+00:00,2026-09-13T19:25:00+00:00
1edfa5ceaa1ad2cb57df1c1b908731f6,ARI@LAC,KeAndre Lambert-Smith,betrivers,1200,2026-09-13T19:20:12+00:00,2026-09-13T19:20:36+00:00,2026-09-13T19:25:00+00:00
1edfa5ceaa1ad2cb57df1c1b908731f6,ARI@LAC,Devin Duvernay,betrivers,1500,2026-09-13T19:20:12+00:00,2026-09-13T19:20:36+00:00,2026-09-13T19:25:00+00:00
1edfa5ceaa1ad2cb57df1c1b908731f6,ARI@LAC,Omarion Hampton,betrivers,-182,2026-09-13T19:20:12+00:00,2026-09-13T19:20:36+00:00,2026-09-13T19:25:00+00:00
1edfa5ceaa1ad2cb57df1c1b908731f6,ARI@LAC,Keaton Mitchell,betrivers,270,2026-09-13T19:20:12+00:00,2026-09-13T19:20:36+00:00,2026-09-13T19:25:00+00:00
1edfa5ceaa1ad2cb57df1c1b908731f6,ARI@LAC,Marvin Harrison Jr.,betrivers,240,2026-09-13T19:20:12+00:00,2026-09-13T19:20:36+00:00,2026-09-13T19:25:00+00:00
1edfa5ceaa1ad2cb57df1c1b908731f6,ARI@LAC,Brenen Thompson,betrivers,950,2026-09-13T19:20:12+00:00,2026-09-13T19:20:36+00:00,2026-09-13T19:25:00+00:00
1edfa5ceaa1ad2cb57df1c1b908731f6,ARI@LAC,Charlie Kolar,betrivers,380,2026-09-13T19:20:12+00:00,2026-09-13T19:20:36+00:00,2026-09-13T19:25:00+00:00
1edfa5ceaa1ad2cb57df1c1b908731f6,ARI@LAC,Jacoby Brissett,betrivers,750,2026-09-13T19:20:12+00:00,2026-09-13T19:20:36+00:00,2026-09-13T19:25:00+00:00
1edfa5ceaa1ad2cb57df1c1b908731f6,ARI@LAC,Jalen Brooks,betrivers,2000,2026-09-13T19:20:12+00:00,2026-09-13T19:20:36+00:00,2026-09-13T19:25:00+00:00
1edfa5ceaa1ad2cb57df1c1b908731f6,ARI@LAC,Trey McBride,betrivers,190,2026-09-13T19:20:12+00:00,2026-09-13T19:20:36+00:00,2026-09-13T19:25:00+00:00
1edfa5ceaa1ad2cb57df1c1b908731f6,ARI@LAC,Michael Wilson,betrivers,260,2026-09-13T19:20:12+00:00,2026-09-13T19:20:36+00:00,2026-09-13T19:25:00+00:00
1edfa5ceaa1ad2cb57df1c1b908731f6,ARI@LAC,Tyler Allgeier,betrivers,225,2026-09-13T19:20:12+00:00,2026-09-13T19:20:36+00:00,2026-09-13T19:25:00+00:00
1edfa5ceaa1ad2cb57df1c1b908731f6,ARI@LAC,Hunter Long,betrivers,1800,2026-09-13T19:20:12+00:00,2026-09-13T19:20:36+00:00,2026-09-13T19:25:00+00:00
1edfa5ceaa1ad2cb57df1c1b908731f6,ARI@LAC,Oronde Gadsden II,betrivers,550,2026-09-13T19:20:12+00:00,2026-09-13T19:20:36+00:00,2026-09-13T19:25:00+00:00
1edfa5ceaa1ad2cb57df1c1b908731f6,ARI@LAC,Jeremiyah Love,betrivers,160,2026-09-13T19:20:12+00:00,2026-09-13T19:20:36+00:00,2026-09-13T19:25:00+00:00
1edfa5ceaa1ad2cb57df1c1b908731f6,ARI@LAC,Ladd McConkey,betrivers,123,2026-09-13T19:20:12+00:00,2026-09-13T19:20:36+00:00,2026-09-13T19:25:00+00:00
1edfa5ceaa1ad2cb57df1c1b908731f6,ARI@LAC,Tre Harris,betrivers,325,2026-09-13T19:20:12+00:00,2026-09-13T19:20:36+00:00,2026-09-13T19:25:00+00:00
1edfa5ceaa1ad2cb57df1c1b908731f6,ARI@LAC,Kimani Vidal,betrivers,410,2026-09-13T19:20:12+00:00,2026-09-13T19:20:36+00:00,2026-09-13T19:25:00+00:00
1edfa5ceaa1ad2cb57df1c1b908731f6,ARI@LAC,Omarion Hampton,fanduel,-150,2026-09-13T19:19:48+00:00,2026-09-13T19:20:36+00:00,2026-09-13T19:25:00+00:00
1edfa5ceaa1ad2cb57df1c1b908731f6,ARI@LAC,Ladd McConkey,fanduel,135,2026-09-13T19:19:48+00:00,2026-09-13T19:20:36+00:00,2026-09-13T19:25:00+00:00
1edfa5ceaa1ad2cb57df1c1b908731f6,ARI@LAC,Quentin Johnston,fanduel,135,2026-09-13T19:19:48+00:00,2026-09-13T19:20:36+00:00,2026-09-13T19:25:00+00:00
1edfa5ceaa1ad2cb57df1c1b908731f6,ARI@LAC,Trey McBride,fanduel,200,2026-09-13T19:19:48+00:00,2026-09-13T19:20:36+00:00,2026-09-13T19:25:00+00:00
1edfa5ceaa1ad2cb57df1c1b908731f6,ARI@LAC,Jeremiyah Love,fanduel,210,2026-09-13T19:19:48+00:00,2026-09-13T19:20:36+00:00,2026-09-13T19:25:00+00:00
1edfa5ceaa1ad2cb57df1c1b908731f6,ARI@LAC,Tyler Allgeier,fanduel,240,2026-09-13T19:19:48+00:00,2026-09-13T19:20:36+00:00,2026-09-13T19:25:00+00:00
1edfa5ceaa1ad2cb57df1c1b908731f6,ARI@LAC,Marvin Harrison Jr.,fanduel,260,2026-09-13T19:19:48+00:00,2026-09-13T19:20:36+00:00,2026-09-13T19:25:00+00:00
1edfa5ceaa1ad2cb57df1c1b908731f6,ARI@LAC,Tre Harris,fanduel,300,2026-09-13T19:19:48+00:00,2026-09-13T19:20:36+00:00,2026-09-13T19:25:00+00:00
1edfa5ceaa1ad2cb57df1c1b908731f6,ARI@LAC,Michael Wilson,fanduel,330,2026-09-13T19:19:48+00:00,2026-09-13T19:20:36+00:00,2026-09-13T19:25:00+00:00
1edfa5ceaa1ad2cb57df1c1b908731f6,ARI@LAC,Kimani Vidal,fanduel,350,2026-09-13T19:19:48+00:00,2026-09-13T19:20:36+00:00,2026-09-13T19:25:00+00:00
1edfa5ceaa1ad2cb57df1c1b908731f6,ARI@LAC,Charlie Kolar,fanduel,360,2026-09-13T19:19:48+00:00,2026-09-13T19:20:36+00:00,2026-09-13T19:25:00+00:00
1edfa5ceaa1ad2cb57df1c1b908731f6,ARI@LAC,Keaton Mitchell,fanduel,430,2026-09-13T19:19:48+00:00,2026-09-13T19:20:36+00:00,2026-09-13T19:25:00+00:00
1edfa5ceaa1ad2cb57df1c1b908731f6,ARI@LAC,Justin Herbert,fanduel,450,2026-09-13T19:19:48+00:00,2026-09-13T19:20:36+00:00,2026-09-13T19:25:00+00:00
1edfa5ceaa1ad2cb57df1c1b908731f6,ARI@LAC,David Njoku,fanduel,480,2026-09-13T19:19:48+00:00,2026-09-13T19:20:36+00:00,2026-09-13T19:25:00+00:00
1edfa5ceaa1ad2cb57df1c1b908731f6,ARI@LAC,Oronde Gadsden II,fanduel,500,2026-09-13T19:19:48+00:00,2026-09-13T19:20:36+00:00,2026-09-13T19:25:00+00:00
1edfa5ceaa1ad2cb57df1c1b908731f6,ARI@LAC,Arizona Cardinals Defense,fanduel,650,2026-09-13T19:19:48+00:00,2026-09-13T19:20:36+00:00,2026-09-13T19:25:00+00:00
1edfa5ceaa1ad2cb57df1c1b908731f6,ARI@LAC,Los Angeles Chargers Defense,fanduel,700,2026-09-13T19:19:48+00:00,2026-09-13T19:20:36+00:00,2026-09-13T19:25:00+00:00
1edfa5ceaa1ad2cb57df1c1b908731f6,ARI@LAC,Kendrick Bourne,fanduel,750,2026-09-13T19:19:48+00:00,2026-09-13T19:20:36+00:00,2026-09-13T19:25:00+00:00
1edfa5ceaa1ad2cb57df1c1b908731f6,ARI@LAC,KeAndre Lambert-Smith,fanduel,800,2026-09-13T19:19:48+00:00,2026-09-13T19:20:36+00:00,2026-09-13T19:25:00+00:00
1edfa5ceaa1ad2cb57df1c1b908731f6,ARI@LAC,Brenen Thompson,fanduel,800,2026-09-13T19:19:48+00:00,2026-09-13T19:20:36+00:00,2026-09-13T19:25:00+00:00
1edfa5ceaa1ad2cb57df1c1b908731f6,ARI@LAC,Jacoby Brissett,fanduel,950,2026-09-13T19:19:48+00:00,2026-09-13T19:20:36+00:00,2026-09-13T19:25:00+00:00
1edfa5ceaa1ad2cb57df1c1b908731f6,ARI@LAC,Elijah Higgins,fanduel,1000,2026-09-13T19:19:48+00:00,2026-09-13T19:20:36+00:00,2026-09-13T19:25:00+00:00
1edfa5ceaa1ad2cb57df1c1b908731f6,ARI@LAC,Simi Fehoko,fanduel,1900,2026-09-13T19:19:48+00:00,2026-09-13T19:20:36+00:00,2026-09-13T19:25:00+00:00
1edfa5ceaa1ad2cb57df1c1b908731f6,ARI@LAC,Hunter Long,fanduel,2000,2026-09-13T19:19:48+00:00,2026-09-13T19:20:36+00:00,2026-09-13T19:25:00+00:00
1edfa5ceaa1ad2cb57df1c1b908731f6,ARI@LAC,Derius Davis,fanduel,2200,2026-09-13T19:19:48+00:00,2026-09-13T19:20:36+00:00,2026-09-13T19:25:00+00:00
1edfa5ceaa1ad2cb57df1c1b908731f6,ARI@LAC,Bam Knight,fanduel,2200,2026-09-13T19:19:48+00:00,2026-09-13T19:20:36+00:00,2026-09-13T19:25:00+00:00
1edfa5ceaa1ad2cb57df1c1b908731f6,ARI@LAC,Devin Duvernay,fanduel,2500,2026-09-13T19:19:48+00:00,2026-09-13T19:20:36+00:00,2026-09-13T19:25:00+00:00
1edfa5ceaa1ad2cb57df1c1b908731f6,ARI@LAC,Alec Ingold,fanduel,3000,2026-09-13T19:19:48+00:00,2026-09-13T19:20:36+00:00,2026-09-13T19:25:00+00:00
1edfa5ceaa1ad2cb57df1c1b908731f6,ARI@LAC,Jalen Brooks,fanduel,3500,2026-09-13T19:19:48+00:00,2026-09-13T19:20:36+00:00,2026-09-13T19:25:00+00:00
1edfa5ceaa1ad2cb57df1c1b908731f6,ARI@LAC,Omarion Hampton,williamhill_us,-159,2026-09-13T19:20:33+00:00,2026-09-13T19:20:36+00:00,2026-09-13T19:25:00+00:00
1edfa5ceaa1ad2cb57df1c1b908731f6,ARI@LAC,Quentin Johnston,williamhill_us,135,2026-09-13T19:20:33+00:00,2026-09-13T19:20:36+00:00,2026-09-13T19:25:00+00:00
1edfa5ceaa1ad2cb57df1c1b908731f6,ARI@LAC,Ladd McConkey,williamhill_us,140,2026-09-13T19:20:33+00:00,2026-09-13T19:20:36+00:00,2026-09-13T19:25:00+00:00
1edfa5ceaa1ad2cb57df1c1b908731f6,ARI@LAC,Trey McBride,williamhill_us,187,2026-09-13T19:20:33+00:00,2026-09-13T19:20:36+00:00,2026-09-13T19:25:00+00:00
1edfa5ceaa1ad2cb57df1c1b908731f6,ARI@LAC,Jeremiyah Love,williamhill_us,200,2026-09-13T19:20:33+00:00,2026-09-13T19:20:36+00:00,2026-09-13T19:25:00+00:00
1edfa5ceaa1ad2cb57df1c1b908731f6,ARI@LAC,Tyler Allgeier,williamhill_us,230,2026-09-13T19:20:33+00:00,2026-09-13T19:20:36+00:00,2026-09-13T19:25:00+00:00
1edfa5ceaa1ad2cb57df1c1b908731f6,ARI@LAC,Marvin Harrison Jr.,williamhill_us,250,2026-09-13T19:20:33+00:00,2026-09-13T19:20:36+00:00,2026-09-13T19:25:00+00:00
1edfa5ceaa1ad2cb57df1c1b908731f6,ARI@LAC,Tre Harris,williamhill_us,290,2026-09-13T19:20:33+00:00,2026-09-13T19:20:36+00:00,2026-09-13T19:25:00+00:00
1edfa5ceaa1ad2cb57df1c1b908731f6,ARI@LAC,Michael Wilson,williamhill_us,325,2026-09-13T19:20:33+00:00,2026-09-13T19:20:36+00:00,2026-09-13T19:25:00+00:00
1edfa5ceaa1ad2cb57df1c1b908731f6,ARI@LAC,Kimani Vidal,williamhill_us,350,2026-09-13T19:20:33+00:00,2026-09-13T19:20:36+00:00,2026-09-13T19:25:00+00:00
1edfa5ceaa1ad2cb57df1c1b908731f6,ARI@LAC,Keaton Mitchell,williamhill_us,360,2026-09-13T19:20:33+00:00,2026-09-13T19:20:36+00:00,2026-09-13T19:25:00+00:00
1edfa5ceaa1ad2cb57df1c1b908731f6,ARI@LAC,Charlie Kolar,williamhill_us,360,2026-09-13T19:20:33+00:00,2026-09-13T19:20:36+00:00,2026-09-13T19:25:00+00:00
1edfa5ceaa1ad2cb57df1c1b908731f6,ARI@LAC,Justin Herbert,williamhill_us,450,2026-09-13T19:20:33+00:00,2026-09-13T19:20:36+00:00,2026-09-13T19:25:00+00:00
1edfa5ceaa1ad2cb57df1c1b908731f6,ARI@LAC,Oronde Gadsden II,williamhill_us,450,2026-09-13T19:20:33+00:00,2026-09-13T19:20:36+00:00,2026-09-13T19:25:00+00:00
1edfa5ceaa1ad2cb57df1c1b908731f6,ARI@LAC,David Njoku,williamhill_us,500,2026-09-13T19:20:33+00:00,2026-09-13T19:20:36+00:00,2026-09-13T19:25:00+00:00
1edfa5ceaa1ad2cb57df1c1b908731f6,ARI@LAC,Kendrick Bourne,williamhill_us,700,2026-09-13T19:20:33+00:00,2026-09-13T19:20:36+00:00,2026-09-13T19:25:00+00:00
1edfa5ceaa1ad2cb57df1c1b908731f6,ARI@LAC,KeAndre Lambert-Smith,williamhill_us,700,2026-09-13T19:20:33+00:00,2026-09-13T19:20:36+00:00,2026-09-13T19:25:00+00:00
1edfa5ceaa1ad2cb57df1c1b908731f6,ARI@LAC,Brenen Thompson,williamhill_us,800,2026-09-13T19:20:33+00:00,2026-09-13T19:20:36+00:00,2026-09-13T19:25:00+00:00
1edfa5ceaa1ad2cb57df1c1b908731f6,ARI@LAC,Elijah Higgins,williamhill_us,850,2026-09-13T19:20:33+00:00,2026-09-13T19:20:36+00:00,2026-09-13T19:25:00+00:00
1edfa5ceaa1ad2cb57df1c1b908731f6,ARI@LAC,Jacoby Brissett,williamhill_us,850,2026-09-13T19:20:33+00:00,2026-09-13T19:20:36+00:00,2026-09-13T19:25:00+00:00
1edfa5ceaa1ad2cb57df1c1b908731f6,ARI@LAC,Zonovan Knight,williamhill_us,1300,2026-09-13T19:20:33+00:00,2026-09-13T19:20:36+00:00,2026-09-13T19:25:00+00:00
1edfa5ceaa1ad2cb57df1c1b908731f6,ARI@LAC,Simi Fehoko,williamhill_us,1500,2026-09-13T19:20:33+00:00,2026-09-13T19:20:36+00:00,2026-09-13T19:25:00+00:00
1edfa5ceaa1ad2cb57df1c1b908731f6,ARI@LAC,Devin Duvernay,williamhill_us,1750,2026-09-13T19:20:33+00:00,2026-09-13T19:20:36+00:00,2026-09-13T19:25:00+00:00
1edfa5ceaa1ad2cb57df1c1b908731f6,ARI@LAC,Derius Davis,williamhill_us,1800,2026-09-13T19:20:33+00:00,2026-09-13T19:20:36+00:00,2026-09-13T19:25:00+00:00
1edfa5ceaa1ad2cb57df1c1b908731f6,ARI@LAC,Jalen Brooks,williamhill_us,2100,2026-09-13T19:20:33+00:00,2026-09-13T19:20:36+00:00,2026-09-13T19:25:00+00:00
1edfa5ceaa1ad2cb57df1c1b908731f6,ARI@LAC,Hunter Long,williamhill_us,2300,2026-09-13T19:20:33+00:00,2026-09-13T19:20:36+00:00,2026-09-13T19:25:00+00:00
1edfa5ceaa1ad2cb57df1c1b908731f6,ARI@LAC,Alec Ingold,williamhill_us,2500,2026-09-13T19:20:33+00:00,2026-09-13T19:20:36+00:00,2026-09-13T19:25:00+00:00
1edfa5ceaa1ad2cb57df1c1b908731f6,ARI@LAC,Quentin Johnston,betmgm,155,2026-09-13T19:19:50+00:00,2026-09-13T19:20:36+00:00,2026-09-13T19:25:00+00:00
1edfa5ceaa1ad2cb57df1c1b908731f6,ARI@LAC,Los Angeles Chargers D/ST,betmgm,400,2026-09-13T19:19:50+00:00,2026-09-13T19:20:36+00:00,2026-09-13T19:25:00+00:00
1edfa5ceaa1ad2cb57df1c1b908731f6,ARI@LAC,Arizona Cardinals D/ST,betmgm,725,2026-09-13T19:19:50+00:00,2026-09-13T19:20:36+00:00,2026-09-13T19:25:00+00:00
1edfa5ceaa1ad2cb57df1c1b908731f6,ARI@LAC,Ladd McConkey,betmgm,145,2026-09-13T19:19:50+00:00,2026-09-13T19:20:36+00:00,2026-09-13T19:25:00+00:00
1edfa5ceaa1ad2cb57df1c1b908731f6,ARI@LAC,Kimani Vidal,betmgm,575,2026-09-13T19:19:50+00:00,2026-09-13T19:20:36+00:00,2026-09-13T19:25:00+00:00
1edfa5ceaa1ad2cb57df1c1b908731f6,ARI@LAC,Tre Harris,betmgm,300,2026-09-13T19:19:50+00:00,2026-09-13T19:20:36+00:00,2026-09-13T19:25:00+00:00
1edfa5ceaa1ad2cb57df1c1b908731f6,ARI@LAC,David Njoku,betmgm,333,2026-09-13T19:19:50+00:00,2026-09-13T19:20:36+00:00,2026-09-13T19:25:00+00:00
1edfa5ceaa1ad2cb57df1c1b908731f6,ARI@LAC,Oronde Gadsden II,betmgm,500,2026-09-13T19:19:50+00:00,2026-09-13T19:20:36+00:00,2026-09-13T19:25:00+00:00
1edfa5ceaa1ad2cb57df1c1b908731f6,ARI@LAC,Omarion Hampton,betmgm,-190,2026-09-13T19:19:50+00:00,2026-09-13T19:20:36+00:00,2026-09-13T19:25:00+00:00
1edfa5ceaa1ad2cb57df1c1b908731f6,ARI@LAC,Brenen Thompson,betmgm,1150,2026-09-13T19:19:50+00:00,2026-09-13T19:20:36+00:00,2026-09-13T19:25:00+00:00
1edfa5ceaa1ad2cb57df1c1b908731f6,ARI@LAC,KeAndre Lambert-Smith,betmgm,1200,2026-09-13T19:19:50+00:00,2026-09-13T19:20:36+00:00,2026-09-13T19:25:00+00:00
1edfa5ceaa1ad2cb57df1c1b908731f6,ARI@LAC,Charlie Kolar,betmgm,375,2026-09-13T19:19:50+00:00,2026-09-13T19:20:36+00:00,2026-09-13T19:25:00+00:00
1edfa5ceaa1ad2cb57df1c1b908731f6,ARI@LAC,Keaton Mitchell,betmgm,210,2026-09-13T19:19:50+00:00,2026-09-13T19:20:36+00:00,2026-09-13T19:25:00+00:00
1edfa5ceaa1ad2cb57df1c1b908731f6,ARI@LAC,Justin Herbert,betmgm,310,2026-09-13T19:19:50+00:00,2026-09-13T19:20:36+00:00,2026-09-13T19:25:00+00:00
1edfa5ceaa1ad2cb57df1c1b908731f6,ARI@LAC,Marvin Harrison Jr.,betmgm,240,2026-09-13T19:19:50+00:00,2026-09-13T19:20:36+00:00,2026-09-13T19:25:00+00:00
1edfa5ceaa1ad2cb57df1c1b908731f6,ARI@LAC,Michael Wilson,betmgm,270,2026-09-13T19:19:50+00:00,2026-09-13T19:20:36+00:00,2026-09-13T19:25:00+00:00
1edfa5ceaa1ad2cb57df1c1b908731f6,ARI@LAC,Tyler Allgeier,betmgm,220,2026-09-13T19:19:50+00:00,2026-09-13T19:20:36+00:00,2026-09-13T19:25:00+00:00
1edfa5ceaa1ad2cb57df1c1b908731f6,ARI@LAC,Jeremiyah Love,betmgm,155,2026-09-13T19:19:50+00:00,2026-09-13T19:20:36+00:00,2026-09-13T19:25:00+00:00
1edfa5ceaa1ad2cb57df1c1b908731f6,ARI@LAC,Zonovan Knight,betmgm,1100,2026-09-13T19:19:50+00:00,2026-09-13T19:20:36+00:00,2026-09-13T19:25:00+00:00
1edfa5ceaa1ad2cb57df1c1b908731f6,ARI@LAC,Elijah Higgins,betmgm,750,2026-09-13T19:19:50+00:00,2026-09-13T19:20:36+00:00,2026-09-13T19:25:00+00:00
1edfa5ceaa1ad2cb57df1c1b908731f6,ARI@LAC,Devin Duvernay,betmgm,2500,2026-09-13T19:19:50+00:00,2026-09-13T19:20:36+00:00,2026-09-13T19:25:00+00:00
1edfa5ceaa1ad2cb57df1c1b908731f6,ARI@LAC,Jacoby Brissett,betmgm,575,2026-09-13T19:19:50+00:00,2026-09-13T19:20:36+00:00,2026-09-13T19:25:00+00:00
1edfa5ceaa1ad2cb57df1c1b908731f6,ARI@LAC,Kendrick Bourne,betmgm,525,2026-09-13T19:19:50+00:00,2026-09-13T19:20:36+00:00,2026-09-13T19:25:00+00:00
1edfa5ceaa1ad2cb57df1c1b908731f6,ARI@LAC,Reggie Virgil,betmgm,2800,2026-09-13T19:19:50+00:00,2026-09-13T19:20:36+00:00,2026-09-13T19:25:00+00:00
1edfa5ceaa1ad2cb57df1c1b908731f6,ARI@LAC,Trey McBride,betmgm,185,2026-09-13T19:19:50+00:00,2026-09-13T19:20:36+00:00,2026-09-13T19:25:00+00:00
1edfa5ceaa1ad2cb57df1c1b908731f6,ARI@LAC,Derius Davis,betmgm,1450,2026-09-13T19:19:50+00:00,2026-09-13T19:20:36+00:00,2026-09-13T19:25:00+00:00
1edfa5ceaa1ad2cb57df1c1b908731f6,ARI@LAC,Alec Ingold,betmgm,1900,2026-09-13T19:19:50+00:00,2026-09-13T19:20:36+00:00,2026-09-13T19:25:00+00:00
1edfa5ceaa1ad2cb57df1c1b908731f6,ARI@LAC,Hunter Long,betmgm,3000,2026-09-13T19:19:50+00:00,2026-09-13T19:20:36+00:00,2026-09-13T19:25:00+00:00
1edfa5ceaa1ad2cb57df1c1b908731f6,ARI@LAC,Jalen Brooks,bovada,2500,2026-09-13T19:19:27+00:00,2026-09-13T19:20:36+00:00,2026-09-13T19:25:00+00:00
1edfa5ceaa1ad2cb57df1c1b908731f6,ARI@LAC,Hunter Long,bovada,2200,2026-09-13T19:19:27+00:00,2026-09-13T19:20:36+00:00,2026-09-13T19:25:00+00:00
1edfa5ceaa1ad2cb57df1c1b908731f6,ARI@LAC,Derius Davis,bovada,2200,2026-09-13T19:19:27+00:00,2026-09-13T19:20:36+00:00,2026-09-13T19:25:00+00:00
1edfa5ceaa1ad2cb57df1c1b908731f6,ARI@LAC,Brenen Thompson,bovada,800,2026-09-13T19:19:27+00:00,2026-09-13T19:20:36+00:00,2026-09-13T19:25:00+00:00
1edfa5ceaa1ad2cb57df1c1b908731f6,ARI@LAC,KeAndre Lambert-Smith,bovada,800,2026-09-13T19:19:27+00:00,2026-09-13T19:20:36+00:00,2026-09-13T19:25:00+00:00
1edfa5ceaa1ad2cb57df1c1b908731f6,ARI@LAC,Alec Ingold,bovada,2800,2026-09-13T19:19:27+00:00,2026-09-13T19:20:36+00:00,2026-09-13T19:25:00+00:00
1edfa5ceaa1ad2cb57df1c1b908731f6,ARI@LAC,Elijah Higgins,bovada,900,2026-09-13T19:19:27+00:00,2026-09-13T19:20:36+00:00,2026-09-13T19:25:00+00:00
1edfa5ceaa1ad2cb57df1c1b908731f6,ARI@LAC,Simi Fehoko,bovada,1500,2026-09-13T19:19:27+00:00,2026-09-13T19:20:36+00:00,2026-09-13T19:25:00+00:00
1edfa5ceaa1ad2cb57df1c1b908731f6,ARI@LAC,Devin Duvernay,bovada,1800,2026-09-13T19:19:27+00:00,2026-09-13T19:20:36+00:00,2026-09-13T19:25:00+00:00
1edfa5ceaa1ad2cb57df1c1b908731f6,ARI@LAC,Tyler Allgeier,bovada,220,2026-09-13T19:19:27+00:00,2026-09-13T19:20:36+00:00,2026-09-13T19:25:00+00:00
1edfa5ceaa1ad2cb57df1c1b908731f6,ARI@LAC,Kendrick Bourne,bovada,700,2026-09-13T19:19:27+00:00,2026-09-13T19:20:36+00:00,2026-09-13T19:25:00+00:00
1edfa5ceaa1ad2cb57df1c1b908731f6,ARI@LAC,Kimani Vidal,bovada,370,2026-09-13T19:19:27+00:00,2026-09-13T19:20:36+00:00,2026-09-13T19:25:00+00:00
1edfa5ceaa1ad2cb57df1c1b908731f6,ARI@LAC,Ladd McConkey,bovada,140,2026-09-13T19:19:27+00:00,2026-09-13T19:20:36+00:00,2026-09-13T19:25:00+00:00
1edfa5ceaa1ad2cb57df1c1b908731f6,ARI@LAC,Trey McBride,bovada,185,2026-09-13T19:19:27+00:00,2026-09-13T19:20:36+00:00,2026-09-13T19:25:00+00:00
1edfa5ceaa1ad2cb57df1c1b908731f6,ARI@LAC,Michael Wilson,bovada,320,2026-09-13T19:19:27+00:00,2026-09-13T19:20:36+00:00,2026-09-13T19:25:00+00:00
1edfa5ceaa1ad2cb57df1c1b908731f6,ARI@LAC,Oronde Gadsden II,bovada,500,2026-09-13T19:19:27+00:00,2026-09-13T19:20:36+00:00,2026-09-13T19:25:00+00:00
1edfa5ceaa1ad2cb57df1c1b908731f6,ARI@LAC,Jeremiyah Love,bovada,220,2026-09-13T19:19:27+00:00,2026-09-13T19:20:36+00:00,2026-09-13T19:25:00+00:00
1edfa5ceaa1ad2cb57df1c1b908731f6,ARI@LAC,Marvin Harrison Jr.,bovada,250,2026-09-13T19:19:27+00:00,2026-09-13T19:20:36+00:00,2026-09-13T19:25:00+00:00
1edfa5ceaa1ad2cb57df1c1b908731f6,ARI@LAC,Arizona Cardinals D/ST,bovada,625,2026-09-13T19:19:27+00:00,2026-09-13T19:20:36+00:00,2026-09-13T19:25:00+00:00
1edfa5ceaa1ad2cb57df1c1b908731f6,ARI@LAC,Quentin Johnston,bovada,130,2026-09-13T19:19:27+00:00,2026-09-13T19:20:36+00:00,2026-09-13T19:25:00+00:00
1edfa5ceaa1ad2cb57df1c1b908731f6,ARI@LAC,David Njoku,bovada,525,2026-09-13T19:19:27+00:00,2026-09-13T19:20:36+00:00,2026-09-13T19:25:00+00:00
1edfa5ceaa1ad2cb57df1c1b908731f6,ARI@LAC,Keaton Mitchell,bovada,420,2026-09-13T19:19:27+00:00,2026-09-13T19:20:36+00:00,2026-09-13T19:25:00+00:00
1edfa5ceaa1ad2cb57df1c1b908731f6,ARI@LAC,Jacoby Brissett,bovada,825,2026-09-13T19:19:27+00:00,2026-09-13T19:20:36+00:00,2026-09-13T19:25:00+00:00
1edfa5ceaa1ad2cb57df1c1b908731f6,ARI@LAC,Omarion Hampton,bovada,-152,2026-09-13T19:19:27+00:00,2026-09-13T19:20:36+00:00,2026-09-13T19:25:00+00:00
1edfa5ceaa1ad2cb57df1c1b908731f6,ARI@LAC,Justin Herbert,bovada,500,2026-09-13T19:19:27+00:00,2026-09-13T19:20:36+00:00,2026-09-13T19:25:00+00:00
1edfa5ceaa1ad2cb57df1c1b908731f6,ARI@LAC,Tre Harris,bovada,285,2026-09-13T19:19:27+00:00,2026-09-13T19:20:36+00:00,2026-09-13T19:25:00+00:00
1edfa5ceaa1ad2cb57df1c1b908731f6,ARI@LAC,Los Angeles Chargers D/ST,bovada,525,2026-09-13T19:19:27+00:00,2026-09-13T19:20:36+00:00,2026-09-13T19:25:00+00:00
1edfa5ceaa1ad2cb57df1c1b908731f6,ARI@LAC,Charlie Kolar,bovada,350,2026-09-13T19:19:27+00:00,2026-09-13T19:20:36+00:00,2026-09-13T19:25:00+00:00
1edfa5ceaa1ad2cb57df1c1b908731f6,ARI@LAC,Bam Knight,bovada,1900,2026-09-13T19:19:27+00:00,2026-09-13T19:20:36+00:00,2026-09-13T19:25:00+00:00
cb77efed7e711d25a72c1a2a0a1af119,GB@MIN,MarShawn Lloyd,draftkings,130,2026-09-13T19:18:49+00:00,2026-09-13T19:20:36+00:00,2026-09-13T19:25:00+00:00
cb77efed7e711d25a72c1a2a0a1af119,GB@MIN,Jordan Mason,draftkings,155,2026-09-13T19:18:49+00:00,2026-09-13T19:20:36+00:00,2026-09-13T19:25:00+00:00
cb77efed7e711d25a72c1a2a0a1af119,GB@MIN,Justin Jefferson,draftkings,165,2026-09-13T19:18:49+00:00,2026-09-13T19:20:36+00:00,2026-09-13T19:25:00+00:00
cb77efed7e711d25a72c1a2a0a1af119,GB@MIN,Aaron Jones,draftkings,180,2026-09-13T19:18:49+00:00,2026-09-13T19:20:36+00:00,2026-09-13T19:25:00+00:00
cb77efed7e711d25a72c1a2a0a1af119,GB@MIN,Christian Watson,draftkings,195,2026-09-13T19:18:49+00:00,2026-09-13T19:20:36+00:00,2026-09-13T19:25:00+00:00
cb77efed7e711d25a72c1a2a0a1af119,GB@MIN,Tucker Kraft,draftkings,215,2026-09-13T19:18:49+00:00,2026-09-13T19:20:36+00:00,2026-09-13T19:25:00+00:00
cb77efed7e711d25a72c1a2a0a1af119,GB@MIN,Jordan Addison,draftkings,250,2026-09-13T19:18:49+00:00,2026-09-13T19:20:36+00:00,2026-09-13T19:25:00+00:00
cb77efed7e711d25a72c1a2a0a1af119,GB@MIN,Jayden Reed,draftkings,265,2026-09-13T19:18:49+00:00,2026-09-13T19:20:36+00:00,2026-09-13T19:25:00+00:00
cb77efed7e711d25a72c1a2a0a1af119,GB@MIN,Kyler Murray,draftkings,285,2026-09-13T19:18:49+00:00,2026-09-13T19:20:36+00:00,2026-09-13T19:25:00+00:00
cb77efed7e711d25a72c1a2a0a1af119,GB@MIN,Matthew Golden,draftkings,295,2026-09-13T19:18:49+00:00,2026-09-13T19:20:36+00:00,2026-09-13T19:25:00+00:00
cb77efed7e711d25a72c1a2a0a1af119,GB@MIN,Chris Brooks,draftkings,320,2026-09-13T19:18:49+00:00,2026-09-13T19:20:36+00:00,2026-09-13T19:25:00+00:00
cb77efed7e711d25a72c1a2a0a1af119,GB@MIN,Jauan Jennings,draftkings,380,2026-09-13T19:18:49+00:00,2026-09-13T19:20:36+00:00,2026-09-13T19:25:00+00:00
cb77efed7e711d25a72c1a2a0a1af119,GB@MIN,T.J. Hockenson,draftkings,425,2026-09-13T19:18:49+00:00,2026-09-13T19:20:36+00:00,2026-09-13T19:25:00+00:00
cb77efed7e711d25a72c1a2a0a1af119,GB@MIN,Minnesota Vikings D/ST,draftkings,550,2026-09-13T19:18:49+00:00,2026-09-13T19:20:36+00:00,2026-09-13T19:25:00+00:00
cb77efed7e711d25a72c1a2a0a1af119,GB@MIN,Green Bay Packers D/ST,draftkings,600,2026-09-13T19:18:49+00:00,2026-09-13T19:20:36+00:00,2026-09-13T19:25:00+00:00
cb77efed7e711d25a72c1a2a0a1af119,GB@MIN,Kaleb Johnson,draftkings,600,2026-09-13T19:18:49+00:00,2026-09-13T19:20:36+00:00,2026-09-13T19:25:00+00:00
cb77efed7e711d25a72c1a2a0a1af119,GB@MIN,Jonnu Smith,draftkings,750,2026-09-13T19:18:49+00:00,2026-09-13T19:20:36+00:00,2026-09-13T19:25:00+00:00
cb77efed7e711d25a72c1a2a0a1af119,GB@MIN,Jordan Love,draftkings,900,2026-09-13T19:18:49+00:00,2026-09-13T19:20:36+00:00,2026-09-13T19:25:00+00:00
cb77efed7e711d25a72c1a2a0a1af119,GB@MIN,Josh Oliver,draftkings,950,2026-09-13T19:18:49+00:00,2026-09-13T19:20:36+00:00,2026-09-13T19:25:00+00:00
cb77efed7e711d25a72c1a2a0a1af119,GB@MIN,Josh Whyle,draftkings,1300,2026-09-13T19:18:49+00:00,2026-09-13T19:20:36+00:00,2026-09-13T19:25:00+00:00
cb77efed7e711d25a72c1a2a0a1af119,GB@MIN,Bo Melton,draftkings,1300,2026-09-13T19:18:49+00:00,2026-09-13T19:20:36+00:00,2026-09-13T19:25:00+00:00
cb77efed7e711d25a72c1a2a0a1af119,GB@MIN,Tai Felton,draftkings,1500,2026-09-13T19:18:49+00:00,2026-09-13T19:20:36+00:00,2026-09-13T19:25:00+00:00
cb77efed7e711d25a72c1a2a0a1af119,GB@MIN,Skyy Moore,draftkings,1500,2026-09-13T19:18:49+00:00,2026-09-13T19:20:36+00:00,2026-09-13T19:25:00+00:00
cb77efed7e711d25a72c1a2a0a1af119,GB@MIN,Myles Price,draftkings,1800,2026-09-13T19:18:49+00:00,2026-09-13T19:20:36+00:00,2026-09-13T19:25:00+00:00
cb77efed7e711d25a72c1a2a0a1af119,GB@MIN,Max Bredeson,draftkings,2500,2026-09-13T19:18:49+00:00,2026-09-13T19:20:36+00:00,2026-09-13T19:25:00+00:00
cb77efed7e711d25a72c1a2a0a1af119,GB@MIN,Mark Redman,draftkings,2800,2026-09-13T19:18:49+00:00,2026-09-13T19:20:36+00:00,2026-09-13T19:25:00+00:00
cb77efed7e711d25a72c1a2a0a1af119,GB@MIN,Gavin Bartholomew,draftkings,3000,2026-09-13T19:18:49+00:00,2026-09-13T19:20:36+00:00,2026-09-13T19:25:00+00:00
cb77efed7e711d25a72c1a2a0a1af119,GB@MIN,Justin Jefferson,betonlineag,160,2026-09-13T19:19:28+00:00,2026-09-13T19:20:36+00:00,2026-09-13T19:25:00+00:00
cb77efed7e711d25a72c1a2a0a1af119,GB@MIN,Jordan Love,betonlineag,900,2026-09-13T19:19:28+00:00,2026-09-13T19:20:36+00:00,2026-09-13T19:25:00+00:00
cb77efed7e711d25a72c1a2a0a1af119,GB@MIN,Christian Watson,betonlineag,190,2026-09-13T19:19:28+00:00,2026-09-13T19:20:36+00:00,2026-09-13T19:25:00+00:00
cb77efed7e711d25a72c1a2a0a1af119,GB@MIN,T.J. Hockenson,betonlineag,350,2026-09-13T19:19:28+00:00,2026-09-13T19:20:36+00:00,2026-09-13T19:25:00+00:00
cb77efed7e711d25a72c1a2a0a1af119,GB@MIN,MarShawn Lloyd,betonlineag,100,2026-09-13T19:19:28+00:00,2026-09-13T19:20:36+00:00,2026-09-13T19:25:00+00:00
cb77efed7e711d25a72c1a2a0a1af119,GB@MIN,Aaron Jones,betonlineag,150,2026-09-13T19:19:28+00:00,2026-09-13T19:20:36+00:00,2026-09-13T19:25:00+00:00
cb77efed7e711d25a72c1a2a0a1af119,GB@MIN,Kyler Murray,betonlineag,250,2026-09-13T19:19:28+00:00,2026-09-13T19:20:36+00:00,2026-09-13T19:25:00+00:00
cb77efed7e711d25a72c1a2a0a1af119,GB@MIN,Jordan Mason,betonlineag,140,2026-09-13T19:19:28+00:00,2026-09-13T19:20:36+00:00,2026-09-13T19:25:00+00:00
cb77efed7e711d25a72c1a2a0a1af119,GB@MIN,Chris Brooks,betonlineag,300,2026-09-13T19:19:28+00:00,2026-09-13T19:20:36+00:00,2026-09-13T19:25:00+00:00
cb77efed7e711d25a72c1a2a0a1af119,GB@MIN,Matthew Golden,betonlineag,290,2026-09-13T19:19:28+00:00,2026-09-13T19:20:36+00:00,2026-09-13T19:25:00+00:00
cb77efed7e711d25a72c1a2a0a1af119,GB@MIN,Tucker Kraft,betonlineag,200,2026-09-13T19:19:28+00:00,2026-09-13T19:20:36+00:00,2026-09-13T19:25:00+00:00
cb77efed7e711d25a72c1a2a0a1af119,GB@MIN,Jayden Reed,betonlineag,260,2026-09-13T19:19:28+00:00,2026-09-13T19:20:36+00:00,2026-09-13T19:25:00+00:00
cb77efed7e711d25a72c1a2a0a1af119,GB@MIN,Jordan Addison,betonlineag,240,2026-09-13T19:19:28+00:00,2026-09-13T19:20:36+00:00,2026-09-13T19:25:00+00:00
cb77efed7e711d25a72c1a2a0a1af119,GB@MIN,Jauan Jennings,betonlineag,300,2026-09-13T19:19:28+00:00,2026-09-13T19:20:36+00:00,2026-09-13T19:25:00+00:00
cb77efed7e711d25a72c1a2a0a1af119,GB@MIN,Tai Felton,betonlineag,1000,2026-09-13T19:19:28+00:00,2026-09-13T19:20:36+00:00,2026-09-13T19:25:00+00:00
cb77efed7e711d25a72c1a2a0a1af119,GB@MIN,Josh Oliver,betonlineag,650,2026-09-13T19:19:28+00:00,2026-09-13T19:20:36+00:00,2026-09-13T19:25:00+00:00
cb77efed7e711d25a72c1a2a0a1af119,GB@MIN,Myles Price,betonlineag,1300,2026-09-13T19:19:28+00:00,2026-09-13T19:20:36+00:00,2026-09-13T19:25:00+00:00
cb77efed7e711d25a72c1a2a0a1af119,GB@MIN,Demond Claiborne,betonlineag,900,2026-09-13T19:19:28+00:00,2026-09-13T19:20:36+00:00,2026-09-13T19:25:00+00:00
cb77efed7e711d25a72c1a2a0a1af119,GB@MIN,Josh Whyle,betonlineag,1100,2026-09-13T19:19:28+00:00,2026-09-13T19:20:36+00:00,2026-09-13T19:25:00+00:00
cb77efed7e711d25a72c1a2a0a1af119,GB@MIN,Skyy Moore,betonlineag,1400,2026-09-13T19:19:28+00:00,2026-09-13T19:20:36+00:00,2026-09-13T19:25:00+00:00
cb77efed7e711d25a72c1a2a0a1af119,GB@MIN,Gavin Bartholomew,betonlineag,800,2026-09-13T19:19:28+00:00,2026-09-13T19:20:36+00:00,2026-09-13T19:25:00+00:00
cb77efed7e711d25a72c1a2a0a1af119,GB@MIN,Max Bredeson,betonlineag,650,2026-09-13T19:19:28+00:00,2026-09-13T19:20:36+00:00,2026-09-13T19:25:00+00:00
cb77efed7e711d25a72c1a2a0a1af119,GB@MIN,No Scorer,fanatics,6000,2026-09-13T19:20:37+00:00,2026-09-13T19:20:36+00:00,2026-09-13T19:25:00+00:00
cb77efed7e711d25a72c1a2a0a1af119,GB@MIN,Aaron Jones,fanatics,200,2026-09-13T19:20:37+00:00,2026-09-13T19:20:36+00:00,2026-09-13T19:25:00+00:00
cb77efed7e711d25a72c1a2a0a1af119,GB@MIN,T.J. Hockenson,fanatics,420,2026-09-13T19:20:37+00:00,2026-09-13T19:20:36+00:00,2026-09-13T19:25:00+00:00
cb77efed7e711d25a72c1a2a0a1af119,GB@MIN,Josh Oliver,fanatics,1000,2026-09-13T19:20:37+00:00,2026-09-13T19:20:36+00:00,2026-09-13T19:25:00+00:00
cb77efed7e711d25a72c1a2a0a1af119,GB@MIN,Justin Jefferson,fanatics,160,2026-09-13T19:20:37+00:00,2026-09-13T19:20:36+00:00,2026-09-13T19:25:00+00:00
cb77efed7e711d25a72c1a2a0a1af119,GB@MIN,Jordan Addison,fanatics,225,2026-09-13T19:20:37+00:00,2026-09-13T19:20:36+00:00,2026-09-13T19:25:00+00:00
cb77efed7e711d25a72c1a2a0a1af119,GB@MIN,Minnesota Vikings D/ST,fanatics,525,2026-09-13T19:20:37+00:00,2026-09-13T19:20:36+00:00,2026-09-13T19:25:00+00:00
cb77efed7e711d25a72c1a2a0a1af119,GB@MIN,Jordan Love,fanatics,900,2026-09-13T19:20:37+00:00,2026-09-13T19:20:36+00:00,2026-09-13T19:25:00+00:00
cb77efed7e711d25a72c1a2a0a1af119,GB@MIN,Christian Watson,fanatics,190,2026-09-13T19:20:37+00:00,2026-09-13T19:20:36+00:00,2026-09-13T19:25:00+00:00
cb77efed7e711d25a72c1a2a0a1af119,GB@MIN,Jayden Reed,fanatics,310,2026-09-13T19:20:37+00:00,2026-09-13T19:20:36+00:00,2026-09-13T19:25:00+00:00
cb77efed7e711d25a72c1a2a0a1af119,GB@MIN,Tucker Kraft,fanatics,230,2026-09-13T19:20:37+00:00,2026-09-13T19:20:36+00:00,2026-09-13T19:25:00+00:00
cb77efed7e711d25a72c1a2a0a1af119,GB@MIN,Matthew Golden,fanatics,310,2026-09-13T19:20:37+00:00,2026-09-13T19:20:36+00:00,2026-09-13T19:25:00+00:00
cb77efed7e711d25a72c1a2a0a1af119,GB@MIN,Green Bay Packers D/ST,fanatics,500,2026-09-13T19:20:37+00:00,2026-09-13T19:20:36+00:00,2026-09-13T19:25:00+00:00
cb77efed7e711d25a72c1a2a0a1af119,GB@MIN,Jauan Jennings,fanatics,420,2026-09-13T19:20:37+00:00,2026-09-13T19:20:36+00:00,2026-09-13T19:25:00+00:00
cb77efed7e711d25a72c1a2a0a1af119,GB@MIN,Jordan Mason,fanatics,160,2026-09-13T19:20:37+00:00,2026-09-13T19:20:36+00:00,2026-09-13T19:25:00+00:00
cb77efed7e711d25a72c1a2a0a1af119,GB@MIN,MarShawn Lloyd,fanatics,120,2026-09-13T19:20:37+00:00,2026-09-13T19:20:36+00:00,2026-09-13T19:25:00+00:00
cb77efed7e711d25a72c1a2a0a1af119,GB@MIN,Bo Melton,fanatics,1500,2026-09-13T19:20:37+00:00,2026-09-13T19:20:36+00:00,2026-09-13T19:25:00+00:00
cb77efed7e711d25a72c1a2a0a1af119,GB@MIN,Chris Brooks,fanatics,380,2026-09-13T19:20:37+00:00,2026-09-13T19:20:36+00:00,2026-09-13T19:25:00+00:00
cb77efed7e711d25a72c1a2a0a1af119,GB@MIN,Josh Whyle,fanatics,1500,2026-09-13T19:20:37+00:00,2026-09-13T19:20:36+00:00,2026-09-13T19:25:00+00:00
cb77efed7e711d25a72c1a2a0a1af119,GB@MIN,Skyy Moore,fanatics,1700,2026-09-13T19:20:37+00:00,2026-09-13T19:20:36+00:00,2026-09-13T19:25:00+00:00
cb77efed7e711d25a72c1a2a0a1af119,GB@MIN,Kyler Murray,fanatics,325,2026-09-13T19:20:37+00:00,2026-09-13T19:20:36+00:00,2026-09-13T19:25:00+00:00
cb77efed7e711d25a72c1a2a0a1af119,GB@MIN,Myles Price,fanatics,1900,2026-09-13T19:20:37+00:00,2026-09-13T19:20:36+00:00,2026-09-13T19:25:00+00:00
cb77efed7e711d25a72c1a2a0a1af119,GB@MIN,Tai Felton,fanatics,1900,2026-09-13T19:20:37+00:00,2026-09-13T19:20:36+00:00,2026-09-13T19:25:00+00:00
cb77efed7e711d25a72c1a2a0a1af119,GB@MIN,Jonnu Smith,fanatics,1000,2026-09-13T19:20:37+00:00,2026-09-13T19:20:36+00:00,2026-09-13T19:25:00+00:00
cb77efed7e711d25a72c1a2a0a1af119,GB@MIN,Kaleb Johnson,fanatics,600,2026-09-13T19:20:37+00:00,2026-09-13T19:20:36+00:00,2026-09-13T19:25:00+00:00
cb77efed7e711d25a72c1a2a0a1af119,GB@MIN,Mark Redman,fanatics,3500,2026-09-13T19:20:37+00:00,2026-09-13T19:20:36+00:00,2026-09-13T19:25:00+00:00
cb77efed7e711d25a72c1a2a0a1af119,GB@MIN,Max Bredeson,fanatics,2200,2026-09-13T19:20:37+00:00,2026-09-13T19:20:36+00:00,2026-09-13T19:25:00+00:00
cb77efed7e711d25a72c1a2a0a1af119,GB@MIN,Gavin Bartholomew,fanatics,2800,2026-09-13T19:20:37+00:00,2026-09-13T19:20:36+00:00,2026-09-13T19:25:00+00:00
cb77efed7e711d25a72c1a2a0a1af119,GB@MIN,Jordan Love,betrivers,800,2026-09-13T19:19:56+00:00,2026-09-13T19:20:36+00:00,2026-09-13T19:25:00+00:00
cb77efed7e711d25a72c1a2a0a1af119,GB@MIN,Justin Jefferson,betrivers,155,2026-09-13T19:19:56+00:00,2026-09-13T19:20:36+00:00,2026-09-13T19:25:00+00:00
cb77efed7e711d25a72c1a2a0a1af119,GB@MIN,Bo Melton,betrivers,1300,2026-09-13T19:19:56+00:00,2026-09-13T19:20:36+00:00,2026-09-13T19:25:00+00:00
cb77efed7e711d25a72c1a2a0a1af119,GB@MIN,Aaron Jones,betrivers,155,2026-09-13T19:19:56+00:00,2026-09-13T19:20:36+00:00,2026-09-13T19:25:00+00:00
cb77efed7e711d25a72c1a2a0a1af119,GB@MIN,Christian Watson,betrivers,195,2026-09-13T19:19:56+00:00,2026-09-13T19:20:36+00:00,2026-09-13T19:25:00+00:00
cb77efed7e711d25a72c1a2a0a1af119,GB@MIN,Matthew Golden,betrivers,340,2026-09-13T19:19:56+00:00,2026-09-13T19:20:36+00:00,2026-09-13T19:25:00+00:00
cb77efed7e711d25a72c1a2a0a1af119,GB@MIN,Kyler Murray,betrivers,260,2026-09-13T19:19:56+00:00,2026-09-13T19:20:36+00:00,2026-09-13T19:25:00+00:00
cb77efed7e711d25a72c1a2a0a1af119,GB@MIN,Kaleb Johnson,betrivers,360,2026-09-13T19:19:56+00:00,2026-09-13T19:20:36+00:00,2026-09-13T19:25:00+00:00
cb77efed7e711d25a72c1a2a0a1af119,GB@MIN,Jordan Mason,betrivers,140,2026-09-13T19:19:56+00:00,2026-09-13T19:20:36+00:00,2026-09-13T19:25:00+00:00
cb77efed7e711d25a72c1a2a0a1af119,GB@MIN,Gavin Bartholomew,betrivers,2400,2026-09-13T19:19:56+00:00,2026-09-13T19:20:36+00:00,2026-09-13T19:25:00+00:00
cb77efed7e711d25a72c1a2a0a1af119,GB@MIN,Mark Redman,betrivers,2200,2026-09-13T19:19:56+00:00,2026-09-13T19:20:36+00:00,2026-09-13T19:25:00+00:00
cb77efed7e711d25a72c1a2a0a1af119,GB@MIN,Max Bredeson,betrivers,1400,2026-09-13T19:19:56+00:00,2026-09-13T19:20:36+00:00,2026-09-13T19:25:00+00:00
cb77efed7e711d25a72c1a2a0a1af119,GB@MIN,Ben Yurosek,betrivers,1900,2026-09-13T19:19:56+00:00,2026-09-13T19:20:36+00:00,2026-09-13T19:25:00+00:00
cb77efed7e711d25a72c1a2a0a1af119,GB@MIN,Josh Oliver,betrivers,700,2026-09-13T19:19:56+00:00,2026-09-13T19:20:36+00:00,2026-09-13T19:25:00+00:00
cb77efed7e711d25a72c1a2a0a1af119,GB@MIN,T.J. Hockenson,betrivers,375,2026-09-13T19:19:56+00:00,2026-09-13T19:20:36+00:00,2026-09-13T19:25:00+00:00
cb77efed7e711d25a72c1a2a0a1af119,GB@MIN,Jayden Reed,betrivers,260,2026-09-13T19:19:56+00:00,2026-09-13T19:20:36+00:00,2026-09-13T19:25:00+00:00
cb77efed7e711d25a72c1a2a0a1af119,GB@MIN,Tucker Kraft,betrivers,210,2026-09-13T19:19:56+00:00,2026-09-13T19:20:36+00:00,2026-09-13T19:25:00+00:00
cb77efed7e711d25a72c1a2a0a1af119,GB@MIN,Myles Price,betrivers,1600,2026-09-13T19:19:56+00:00,2026-09-13T19:20:36+00:00,2026-09-13T19:25:00+00:00
cb77efed7e711d25a72c1a2a0a1af119,GB@MIN,Chris Brooks,betrivers,295,2026-09-13T19:19:56+00:00,2026-09-13T19:20:36+00:00,2026-09-13T19:25:00+00:00
cb77efed7e711d25a72c1a2a0a1af119,GB@MIN,Josh Whyle,betrivers,900,2026-09-13T19:19:56+00:00,2026-09-13T19:20:36+00:00,2026-09-13T19:25:00+00:00
cb77efed7e711d25a72c1a2a0a1af119,GB@MIN,Jordan Addison,betrivers,235,2026-09-13T19:19:56+00:00,2026-09-13T19:20:36+00:00,2026-09-13T19:25:00+00:00
cb77efed7e711d25a72c1a2a0a1af119,GB@MIN,Jauan Jennings,betrivers,340,2026-09-13T19:19:56+00:00,2026-09-13T19:20:36+00:00,2026-09-13T19:25:00+00:00
cb77efed7e711d25a72c1a2a0a1af119,GB@MIN,Skyy Moore,betrivers,1050,2026-09-13T19:19:56+00:00,2026-09-13T19:20:36+00:00,2026-09-13T19:25:00+00:00
cb77efed7e711d25a72c1a2a0a1af119,GB@MIN,Jonnu Smith,betrivers,800,2026-09-13T19:19:56+00:00,2026-09-13T19:20:36+00:00,2026-09-13T19:25:00+00:00
cb77efed7e711d25a72c1a2a0a1af119,GB@MIN,Tai Felton,betrivers,1050,2026-09-13T19:19:56+00:00,2026-09-13T19:20:36+00:00,2026-09-13T19:25:00+00:00
cb77efed7e711d25a72c1a2a0a1af119,GB@MIN,MarShawn Lloyd,betrivers,104,2026-09-13T19:19:56+00:00,2026-09-13T19:20:36+00:00,2026-09-13T19:25:00+00:00
cb77efed7e711d25a72c1a2a0a1af119,GB@MIN,MarShawn Lloyd,fanduel,130,2026-09-13T19:20:31+00:00,2026-09-13T19:20:36+00:00,2026-09-13T19:25:00+00:00
cb77efed7e711d25a72c1a2a0a1af119,GB@MIN,Jordan Mason,fanduel,150,2026-09-13T19:20:31+00:00,2026-09-13T19:20:36+00:00,2026-09-13T19:25:00+00:00
cb77efed7e711d25a72c1a2a0a1af119,GB@MIN,Aaron Jones,fanduel,160,2026-09-13T19:20:31+00:00,2026-09-13T19:20:36+00:00,2026-09-13T19:25:00+00:00
cb77efed7e711d25a72c1a2a0a1af119,GB@MIN,Justin Jefferson,fanduel,165,2026-09-13T19:20:31+00:00,2026-09-13T19:20:36+00:00,2026-09-13T19:25:00+00:00
cb77efed7e711d25a72c1a2a0a1af119,GB@MIN,Christian Watson,fanduel,190,2026-09-13T19:20:31+00:00,2026-09-13T19:20:36+00:00,2026-09-13T19:25:00+00:00
cb77efed7e711d25a72c1a2a0a1af119,GB@MIN,Tucker Kraft,fanduel,200,2026-09-13T19:20:31+00:00,2026-09-13T19:20:36+00:00,2026-09-13T19:25:00+00:00
cb77efed7e711d25a72c1a2a0a1af119,GB@MIN,Jordan Addison,fanduel,250,2026-09-13T19:20:31+00:00,2026-09-13T19:20:36+00:00,2026-09-13T19:25:00+00:00
cb77efed7e711d25a72c1a2a0a1af119,GB@MIN,Kyler Murray,fanduel,280,2026-09-13T19:20:31+00:00,2026-09-13T19:20:36+00:00,2026-09-13T19:25:00+00:00
cb77efed7e711d25a72c1a2a0a1af119,GB@MIN,Matthew Golden,fanduel,290,2026-09-13T19:20:31+00:00,2026-09-13T19:20:36+00:00,2026-09-13T19:25:00+00:00
cb77efed7e711d25a72c1a2a0a1af119,GB@MIN,Jayden Reed,fanduel,300,2026-09-13T19:20:31+00:00,2026-09-13T19:20:36+00:00,2026-09-13T19:25:00+00:00
cb77efed7e711d25a72c1a2a0a1af119,GB@MIN,Chris Brooks,fanduel,330,2026-09-13T19:20:31+00:00,2026-09-13T19:20:36+00:00,2026-09-13T19:25:00+00:00
cb77efed7e711d25a72c1a2a0a1af119,GB@MIN,Jauan Jennings,fanduel,360,2026-09-13T19:20:31+00:00,2026-09-13T19:20:36+00:00,2026-09-13T19:25:00+00:00
cb77efed7e711d25a72c1a2a0a1af119,GB@MIN,T.J. Hockenson,fanduel,390,2026-09-13T19:20:31+00:00,2026-09-13T19:20:36+00:00,2026-09-13T19:25:00+00:00
cb77efed7e711d25a72c1a2a0a1af119,GB@MIN,Kaleb Johnson,fanduel,600,2026-09-13T19:20:31+00:00,2026-09-13T19:20:36+00:00,2026-09-13T19:25:00+00:00
cb77efed7e711d25a72c1a2a0a1af119,GB@MIN,Green Bay Packers Defense,fanduel,700,2026-09-13T19:20:31+00:00,2026-09-13T19:20:36+00:00,2026-09-13T19:25:00+00:00
cb77efed7e711d25a72c1a2a0a1af119,GB@MIN,Minnesota Vikings Defense,fanduel,750,2026-09-13T19:20:31+00:00,2026-09-13T19:20:36+00:00,2026-09-13T19:25:00+00:00
cb77efed7e711d25a72c1a2a0a1af119,GB@MIN,Josh Oliver,fanduel,750,2026-09-13T19:20:31+00:00,2026-09-13T19:20:36+00:00,2026-09-13T19:25:00+00:00
cb77efed7e711d25a72c1a2a0a1af119,GB@MIN,Jonnu Smith,fanduel,850,2026-09-13T19:20:31+00:00,2026-09-13T19:20:36+00:00,2026-09-13T19:25:00+00:00
cb77efed7e711d25a72c1a2a0a1af119,GB@MIN,Jordan Love,fanduel,900,2026-09-13T19:20:31+00:00,2026-09-13T19:20:36+00:00,2026-09-13T19:25:00+00:00
cb77efed7e711d25a72c1a2a0a1af119,GB@MIN,Tai Felton,fanduel,1400,2026-09-13T19:20:31+00:00,2026-09-13T19:20:36+00:00,2026-09-13T19:25:00+00:00
cb77efed7e711d25a72c1a2a0a1af119,GB@MIN,Josh Whyle,fanduel,1400,2026-09-13T19:20:31+00:00,2026-09-13T19:20:36+00:00,2026-09-13T19:25:00+00:00
cb77efed7e711d25a72c1a2a0a1af119,GB@MIN,Bo Melton,fanduel,1400,2026-09-13T19:20:31+00:00,2026-09-13T19:20:36+00:00,2026-09-13T19:25:00+00:00
cb77efed7e711d25a72c1a2a0a1af119,GB@MIN,Myles Price,fanduel,1700,2026-09-13T19:20:31+00:00,2026-09-13T19:20:36+00:00,2026-09-13T19:25:00+00:00
cb77efed7e711d25a72c1a2a0a1af119,GB@MIN,Skyy Moore,fanduel,1900,2026-09-13T19:20:31+00:00,2026-09-13T19:20:36+00:00,2026-09-13T19:25:00+00:00
cb77efed7e711d25a72c1a2a0a1af119,GB@MIN,Gavin Bartholomew,fanduel,2000,2026-09-13T19:20:31+00:00,2026-09-13T19:20:36+00:00,2026-09-13T19:25:00+00:00
cb77efed7e711d25a72c1a2a0a1af119,GB@MIN,Max Bredeson,fanduel,2200,2026-09-13T19:20:31+00:00,2026-09-13T19:20:36+00:00,2026-09-13T19:25:00+00:00
cb77efed7e711d25a72c1a2a0a1af119,GB@MIN,Mark Redman,fanduel,3300,2026-09-13T19:20:31+00:00,2026-09-13T19:20:36+00:00,2026-09-13T19:25:00+00:00
cb77efed7e711d25a72c1a2a0a1af119,GB@MIN,MarShawn Lloyd,williamhill_us,123,2026-09-13T19:20:02+00:00,2026-09-13T19:20:36+00:00,2026-09-13T19:25:00+00:00
cb77efed7e711d25a72c1a2a0a1af119,GB@MIN,Jordan Mason,williamhill_us,149,2026-09-13T19:20:02+00:00,2026-09-13T19:20:36+00:00,2026-09-13T19:25:00+00:00
cb77efed7e711d25a72c1a2a0a1af119,GB@MIN,Aaron Jones,williamhill_us,160,2026-09-13T19:20:02+00:00,2026-09-13T19:20:36+00:00,2026-09-13T19:25:00+00:00
cb77efed7e711d25a72c1a2a0a1af119,GB@MIN,Justin Jefferson,williamhill_us,164,2026-09-13T19:20:02+00:00,2026-09-13T19:20:36+00:00,2026-09-13T19:25:00+00:00
cb77efed7e711d25a72c1a2a0a1af119,GB@MIN,Christian Watson,williamhill_us,193,2026-09-13T19:20:02+00:00,2026-09-13T19:20:36+00:00,2026-09-13T19:25:00+00:00
cb77efed7e711d25a72c1a2a0a1af119,GB@MIN,Tucker Kraft,williamhill_us,200,2026-09-13T19:20:02+00:00,2026-09-13T19:20:36+00:00,2026-09-13T19:25:00+00:00
cb77efed7e711d25a72c1a2a0a1af119,GB@MIN,Jordan Addison,williamhill_us,250,2026-09-13T19:20:02+00:00,2026-09-13T19:20:36+00:00,2026-09-13T19:25:00+00:00
cb77efed7e711d25a72c1a2a0a1af119,GB@MIN,Kyler Murray,williamhill_us,265,2026-09-13T19:20:02+00:00,2026-09-13T19:20:36+00:00,2026-09-13T19:25:00+00:00
cb77efed7e711d25a72c1a2a0a1af119,GB@MIN,Jayden Reed,williamhill_us,280,2026-09-13T19:20:02+00:00,2026-09-13T19:20:36+00:00,2026-09-13T19:25:00+00:00
cb77efed7e711d25a72c1a2a0a1af119,GB@MIN,Matthew Golden,williamhill_us,290,2026-09-13T19:20:02+00:00,2026-09-13T19:20:36+00:00,2026-09-13T19:25:00+00:00
cb77efed7e711d25a72c1a2a0a1af119,GB@MIN,Chris Brooks,williamhill_us,305,2026-09-13T19:20:02+00:00,2026-09-13T19:20:36+00:00,2026-09-13T19:25:00+00:00
cb77efed7e711d25a72c1a2a0a1af119,GB@MIN,Jauan Jennings,williamhill_us,340,2026-09-13T19:20:02+00:00,2026-09-13T19:20:36+00:00,2026-09-13T19:25:00+00:00
cb77efed7e711d25a72c1a2a0a1af119,GB@MIN,T.J. Hockenson,williamhill_us,380,2026-09-13T19:20:02+00:00,2026-09-13T19:20:36+00:00,2026-09-13T19:25:00+00:00
cb77efed7e711d25a72c1a2a0a1af119,GB@MIN,Kaleb Johnson,williamhill_us,550,2026-09-13T19:20:02+00:00,2026-09-13T19:20:36+00:00,2026-09-13T19:25:00+00:00
cb77efed7e711d25a72c1a2a0a1af119,GB@MIN,Josh Oliver,williamhill_us,750,2026-09-13T19:20:02+00:00,2026-09-13T19:20:36+00:00,2026-09-13T19:25:00+00:00
cb77efed7e711d25a72c1a2a0a1af119,GB@MIN,Jonnu Smith,williamhill_us,800,2026-09-13T19:20:02+00:00,2026-09-13T19:20:36+00:00,2026-09-13T19:25:00+00:00
cb77efed7e711d25a72c1a2a0a1af119,GB@MIN,Jordan Love,williamhill_us,850,2026-09-13T19:20:02+00:00,2026-09-13T19:20:36+00:00,2026-09-13T19:25:00+00:00
cb77efed7e711d25a72c1a2a0a1af119,GB@MIN,Bo Melton,williamhill_us,1200,2026-09-13T19:20:02+00:00,2026-09-13T19:20:36+00:00,2026-09-13T19:25:00+00:00
cb77efed7e711d25a72c1a2a0a1af119,GB@MIN,Josh Whyle,williamhill_us,1200,2026-09-13T19:20:02+00:00,2026-09-13T19:20:36+00:00,2026-09-13T19:25:00+00:00
cb77efed7e711d25a72c1a2a0a1af119,GB@MIN,Tai Felton,williamhill_us,1300,2026-09-13T19:20:02+00:00,2026-09-13T19:20:36+00:00,2026-09-13T19:25:00+00:00
cb77efed7e711d25a72c1a2a0a1af119,GB@MIN,Myles Price,williamhill_us,1500,2026-09-13T19:20:02+00:00,2026-09-13T19:20:36+00:00,2026-09-13T19:25:00+00:00
cb77efed7e711d25a72c1a2a0a1af119,GB@MIN,Max Bredeson,williamhill_us,1500,2026-09-13T19:20:02+00:00,2026-09-13T19:20:36+00:00,2026-09-13T19:25:00+00:00
cb77efed7e711d25a72c1a2a0a1af119,GB@MIN,Skyy Moore,williamhill_us,1600,2026-09-13T19:20:02+00:00,2026-09-13T19:20:36+00:00,2026-09-13T19:25:00+00:00
cb77efed7e711d25a72c1a2a0a1af119,GB@MIN,Gavin Bartholomew,williamhill_us,1600,2026-09-13T19:20:02+00:00,2026-09-13T19:20:36+00:00,2026-09-13T19:25:00+00:00
cb77efed7e711d25a72c1a2a0a1af119,GB@MIN,Mark Redman,williamhill_us,3000,2026-09-13T19:20:02+00:00,2026-09-13T19:20:36+00:00,2026-09-13T19:25:00+00:00
cb77efed7e711d25a72c1a2a0a1af119,GB@MIN,Jordan Addison,betmgm,210,2026-09-13T19:19:51+00:00,2026-09-13T19:20:36+00:00,2026-09-13T19:25:00+00:00
cb77efed7e711d25a72c1a2a0a1af119,GB@MIN,Max Bredeson,betmgm,1100,2026-09-13T19:19:51+00:00,2026-09-13T19:20:36+00:00,2026-09-13T19:25:00+00:00
cb77efed7e711d25a72c1a2a0a1af119,GB@MIN,Josh Oliver,betmgm,625,2026-09-13T19:19:51+00:00,2026-09-13T19:20:36+00:00,2026-09-13T19:25:00+00:00
cb77efed7e711d25a72c1a2a0a1af119,GB@MIN,Kyler Murray,betmgm,230,2026-09-13T19:19:51+00:00,2026-09-13T19:20:36+00:00,2026-09-13T19:25:00+00:00
cb77efed7e711d25a72c1a2a0a1af119,GB@MIN,Green Bay Packers D/ST,betmgm,600,2026-09-13T19:19:51+00:00,2026-09-13T19:20:36+00:00,2026-09-13T19:25:00+00:00
cb77efed7e711d25a72c1a2a0a1af119,GB@MIN,Justin Jefferson,betmgm,125,2026-09-13T19:19:51+00:00,2026-09-13T19:20:36+00:00,2026-09-13T19:25:00+00:00
cb77efed7e711d25a72c1a2a0a1af119,GB@MIN,Tai Felton,betmgm,1800,2026-09-13T19:19:51+00:00,2026-09-13T19:20:36+00:00,2026-09-13T19:25:00+00:00
cb77efed7e711d25a72c1a2a0a1af119,GB@MIN,Jauan Jennings,betmgm,390,2026-09-13T19:19:51+00:00,2026-09-13T19:20:36+00:00,2026-09-13T19:25:00+00:00
cb77efed7e711d25a72c1a2a0a1af119,GB@MIN,Jordan Mason,betmgm,155,2026-09-13T19:19:51+00:00,2026-09-13T19:20:36+00:00,2026-09-13T19:25:00+00:00
cb77efed7e711d25a72c1a2a0a1af119,GB@MIN,Demond Claiborne,betmgm,1150,2026-09-13T19:19:51+00:00,2026-09-13T19:20:36+00:00,2026-09-13T19:25:00+00:00
cb77efed7e711d25a72c1a2a0a1af119,GB@MIN,T.J. Hockenson,betmgm,375,2026-09-13T19:19:51+00:00,2026-09-13T19:20:36+00:00,2026-09-13T19:25:00+00:00
cb77efed7e711d25a72c1a2a0a1af119,GB@MIN,Aaron Jones,betmgm,165,2026-09-13T19:19:51+00:00,2026-09-13T19:20:36+00:00,2026-09-13T19:25:00+00:00
cb77efed7e711d25a72c1a2a0a1af119,GB@MIN,Myles Price,betmgm,3300,2026-09-13T19:19:51+00:00,2026-09-13T19:20:36+00:00,2026-09-13T19:25:00+00:00
cb77efed7e711d25a72c1a2a0a1af119,GB@MIN,Minnesota Vikings D/ST,betmgm,575,2026-09-13T19:19:51+00:00,2026-09-13T19:20:36+00:00,2026-09-13T19:25:00+00:00
cb77efed7e711d25a72c1a2a0a1af119,GB@MIN,Gavin Bartholomew,betmgm,2800,2026-09-13T19:19:51+00:00,2026-09-13T19:20:36+00:00,2026-09-13T19:25:00+00:00
cb77efed7e711d25a72c1a2a0a1af119,GB@MIN,Jordan Love,betmgm,575,2026-09-13T19:19:51+00:00,2026-09-13T19:20:36+00:00,2026-09-13T19:25:00+00:00
cb77efed7e711d25a72c1a2a0a1af119,GB@MIN,Christian Watson,betmgm,165,2026-09-13T19:19:51+00:00,2026-09-13T19:20:36+00:00,2026-09-13T19:25:00+00:00
cb77efed7e711d25a72c1a2a0a1af119,GB@MIN,Chris Brooks,betmgm,300,2026-09-13T19:19:51+00:00,2026-09-13T19:20:36+00:00,2026-09-13T19:25:00+00:00
cb77efed7e711d25a72c1a2a0a1af119,GB@MIN,Bo Melton,betmgm,1550,2026-09-13T19:19:51+00:00,2026-09-13T19:20:36+00:00,2026-09-13T19:25:00+00:00
cb77efed7e711d25a72c1a2a0a1af119,GB@MIN,Tucker Kraft,betmgm,195,2026-09-13T19:19:51+00:00,2026-09-13T19:20:36+00:00,2026-09-13T19:25:00+00:00
cb77efed7e711d25a72c1a2a0a1af119,GB@MIN,Matthew Golden,betmgm,230,2026-09-13T19:19:51+00:00,2026-09-13T19:20:36+00:00,2026-09-13T19:25:00+00:00
cb77efed7e711d25a72c1a2a0a1af119,GB@MIN,Skyy Moore,betmgm,1750,2026-09-13T19:19:51+00:00,2026-09-13T19:20:36+00:00,2026-09-13T19:25:00+00:00
cb77efed7e711d25a72c1a2a0a1af119,GB@MIN,Jonnu Smith,betmgm,950,2026-09-13T19:19:51+00:00,2026-09-13T19:20:36+00:00,2026-09-13T19:25:00+00:00
cb77efed7e711d25a72c1a2a0a1af119,GB@MIN,MarShawn Lloyd,betmgm,120,2026-09-13T19:19:51+00:00,2026-09-13T19:20:36+00:00,2026-09-13T19:25:00+00:00
cb77efed7e711d25a72c1a2a0a1af119,GB@MIN,Jayden Reed,betmgm,210,2026-09-13T19:19:51+00:00,2026-09-13T19:20:36+00:00,2026-09-13T19:25:00+00:00
cb77efed7e711d25a72c1a2a0a1af119,GB@MIN,Kaleb Johnson,betmgm,375,2026-09-13T19:19:51+00:00,2026-09-13T19:20:36+00:00,2026-09-13T19:25:00+00:00
cb77efed7e711d25a72c1a2a0a1af119,GB@MIN,Jonnu Smith,bovada,725,2026-09-13T19:17:01+00:00,2026-09-13T19:20:36+00:00,2026-09-13T19:25:00+00:00
cb77efed7e711d25a72c1a2a0a1af119,GB@MIN,Kaleb Johnson,bovada,600,2026-09-13T19:17:01+00:00,2026-09-13T19:20:36+00:00,2026-09-13T19:25:00+00:00
cb77efed7e711d25a72c1a2a0a1af119,GB@MIN,Chris Brooks,bovada,320,2026-09-13T19:17:01+00:00,2026-09-13T19:20:36+00:00,2026-09-13T19:25:00+00:00
cb77efed7e711d25a72c1a2a0a1af119,GB@MIN,MarShawn Lloyd,bovada,130,2026-09-13T19:17:01+00:00,2026-09-13T19:20:36+00:00,2026-09-13T19:25:00+00:00
cb77efed7e711d25a72c1a2a0a1af119,GB@MIN,Kyler Murray,bovada,285,2026-09-13T19:17:01+00:00,2026-09-13T19:20:36+00:00,2026-09-13T19:25:00+00:00
cb77efed7e711d25a72c1a2a0a1af119,GB@MIN,Josh Whyle,bovada,1300,2026-09-13T19:17:01+00:00,2026-09-13T19:20:36+00:00,2026-09-13T19:25:00+00:00
cb77efed7e711d25a72c1a2a0a1af119,GB@MIN,Jauan Jennings,bovada,380,2026-09-13T19:17:01+00:00,2026-09-13T19:20:36+00:00,2026-09-13T19:25:00+00:00
cb77efed7e711d25a72c1a2a0a1af119,GB@MIN,Jayden Reed,bovada,265,2026-09-13T19:17:01+00:00,2026-09-13T19:20:36+00:00,2026-09-13T19:25:00+00:00
cb77efed7e711d25a72c1a2a0a1af119,GB@MIN,Justin Jefferson,bovada,165,2026-09-13T19:17:01+00:00,2026-09-13T19:20:36+00:00,2026-09-13T19:25:00+00:00
cb77efed7e711d25a72c1a2a0a1af119,GB@MIN,Myles Price,bovada,1800,2026-09-13T19:17:01+00:00,2026-09-13T19:20:36+00:00,2026-09-13T19:25:00+00:00
cb77efed7e711d25a72c1a2a0a1af119,GB@MIN,Christian Watson,bovada,195,2026-09-13T19:17:01+00:00,2026-09-13T19:20:36+00:00,2026-09-13T19:25:00+00:00
cb77efed7e711d25a72c1a2a0a1af119,GB@MIN,Jordan Mason,bovada,155,2026-09-13T19:17:01+00:00,2026-09-13T19:20:36+00:00,2026-09-13T19:25:00+00:00
cb77efed7e711d25a72c1a2a0a1af119,GB@MIN,Bo Melton,bovada,1300,2026-09-13T19:17:01+00:00,2026-09-13T19:20:36+00:00,2026-09-13T19:25:00+00:00
cb77efed7e711d25a72c1a2a0a1af119,GB@MIN,Tucker Kraft,bovada,215,2026-09-13T19:17:01+00:00,2026-09-13T19:20:36+00:00,2026-09-13T19:25:00+00:00
cb77efed7e711d25a72c1a2a0a1af119,GB@MIN,Josh Oliver,bovada,900,2026-09-13T19:17:01+00:00,2026-09-13T19:20:36+00:00,2026-09-13T19:25:00+00:00
cb77efed7e711d25a72c1a2a0a1af119,GB@MIN,Skyy Moore,bovada,1500,2026-09-13T19:17:01+00:00,2026-09-13T19:20:36+00:00,2026-09-13T19:25:00+00:00
cb77efed7e711d25a72c1a2a0a1af119,GB@MIN,Jordan Love,bovada,900,2026-09-13T19:17:01+00:00,2026-09-13T19:20:36+00:00,2026-09-13T19:25:00+00:00
cb77efed7e711d25a72c1a2a0a1af119,GB@MIN,Max Bredeson,bovada,2500,2026-09-13T19:17:01+00:00,2026-09-13T19:20:36+00:00,2026-09-13T19:25:00+00:00
cb77efed7e711d25a72c1a2a0a1af119,GB@MIN,Green Bay Packers D/ST,bovada,600,2026-09-13T19:17:01+00:00,2026-09-13T19:20:36+00:00,2026-09-13T19:25:00+00:00
cb77efed7e711d25a72c1a2a0a1af119,GB@MIN,Minnesota Vikings D/ST,bovada,525,2026-09-13T19:17:01+00:00,2026-09-13T19:20:36+00:00,2026-09-13T19:25:00+00:00
cb77efed7e711d25a72c1a2a0a1af119,GB@MIN,T.J. Hockenson,bovada,420,2026-09-13T19:17:01+00:00,2026-09-13T19:20:36+00:00,2026-09-13T19:25:00+00:00
cb77efed7e711d25a72c1a2a0a1af119,GB@MIN,Matthew Golden,bovada,295,2026-09-13T19:17:01+00:00,2026-09-13T19:20:36+00:00,2026-09-13T19:25:00+00:00
cb77efed7e711d25a72c1a2a0a1af119,GB@MIN,Jordan Addison,bovada,250,2026-09-13T19:17:01+00:00,2026-09-13T19:20:36+00:00,2026-09-13T19:25:00+00:00
cb77efed7e711d25a72c1a2a0a1af119,GB@MIN,Aaron Jones,bovada,180,2026-09-13T19:17:01+00:00,2026-09-13T19:20:36+00:00,2026-09-13T19:25:00+00:00
cb77efed7e711d25a72c1a2a0a1af119,GB@MIN,Tai Felton,bovada,1500,2026-09-13T19:17:01+00:00,2026-09-13T19:20:36+00:00,2026-09-13T19:25:00+00:00
cb77efed7e711d25a72c1a2a0a1af119,GB@MIN,Mark Redman,bovada,2800,2026-09-13T19:17:01+00:00,2026-09-13T19:20:36+00:00,2026-09-13T19:25:00+00:00
cb77efed7e711d25a72c1a2a0a1af119,GB@MIN,Gavin Bartholomew,bovada,2800,2026-09-13T19:17:01+00:00,2026-09-13T19:20:36+00:00,2026-09-13T19:25:00+00:00
c5d95f48a16849ab6bebc68fbbfcb74a,MIA@LV,Ashton Jeanty,draftkings,-125,2026-09-13T19:19:38+00:00,2026-09-13T19:20:36+00:00,2026-09-13T19:25:00+00:00
c5d95f48a16849ab6bebc68fbbfcb74a,MIA@LV,De'Von Achane,draftkings,110,2026-09-13T19:19:38+00:00,2026-09-13T19:20:36+00:00,2026-09-13T19:25:00+00:00
c5d95f48a16849ab6bebc68fbbfcb74a,MIA@LV,Tre Tucker,draftkings,235,2026-09-13T19:19:38+00:00,2026-09-13T19:20:36+00:00,2026-09-13T19:25:00+00:00
c5d95f48a16849ab6bebc68fbbfcb74a,MIA@LV,Michael Mayer,draftkings,240,2026-09-13T19:19:38+00:00,2026-09-13T19:20:36+00:00,2026-09-13T19:25:00+00:00
c5d95f48a16849ab6bebc68fbbfcb74a,MIA@LV,Malik Willis,draftkings,300,2026-09-13T19:19:38+00:00,2026-09-13T19:20:36+00:00,2026-09-13T19:25:00+00:00
c5d95f48a16849ab6bebc68fbbfcb74a,MIA@LV,Jalen Nailor,draftkings,350,2026-09-13T19:19:38+00:00,2026-09-13T19:20:36+00:00,2026-09-13T19:25:00+00:00
c5d95f48a16849ab6bebc68fbbfcb74a,MIA@LV,Malik Washington,draftkings,360,2026-09-13T19:19:38+00:00,2026-09-13T19:20:36+00:00,2026-09-13T19:25:00+00:00
c5d95f48a16849ab6bebc68fbbfcb74a,MIA@LV,Mike Washington Jr.,draftkings,380,2026-09-13T19:19:38+00:00,2026-09-13T19:20:36+00:00,2026-09-13T19:25:00+00:00
c5d95f48a16849ab6bebc68fbbfcb74a,MIA@LV,Caleb Douglas,draftkings,475,2026-09-13T19:19:38+00:00,2026-09-13T19:20:36+00:00,2026-09-13T19:25:00+00:00
c5d95f48a16849ab6bebc68fbbfcb74a,MIA@LV,Ollie Gordon II,draftkings,500,2026-09-13T19:19:38+00:00,2026-09-13T19:20:36+00:00,2026-09-13T19:25:00+00:00
c5d95f48a16849ab6bebc68fbbfcb74a,MIA@LV,Greg Dulcich,draftkings,500,2026-09-13T19:19:38+00:00,2026-09-13T19:20:36+00:00,2026-09-13T19:25:00+00:00
c5d95f48a16849ab6bebc68fbbfcb74a,MIA@LV,Las Vegas Raiders D/ST,draftkings,550,2026-09-13T19:19:38+00:00,2026-09-13T19:20:36+00:00,2026-09-13T19:25:00+00:00
c5d95f48a16849ab6bebc68fbbfcb74a,MIA@LV,Miami Dolphins D/ST,draftkings,550,2026-09-13T19:19:38+00:00,2026-09-13T19:20:36+00:00,2026-09-13T19:25:00+00:00
c5d95f48a16849ab6bebc68fbbfcb74a,MIA@LV,Chris Bell,draftkings,550,2026-09-13T19:19:38+00:00,2026-09-13T19:20:36+00:00,2026-09-13T19:25:00+00:00
c5d95f48a16849ab6bebc68fbbfcb74a,MIA@LV,Jaylen Wright,draftkings,700,2026-09-13T19:19:38+00:00,2026-09-13T19:20:36+00:00,2026-09-13T19:25:00+00:00
c5d95f48a16849ab6bebc68fbbfcb74a,MIA@LV,Malik Benson,draftkings,750,2026-09-13T19:19:38+00:00,2026-09-13T19:20:36+00:00,2026-09-13T19:25:00+00:00
c5d95f48a16849ab6bebc68fbbfcb74a,MIA@LV,Jack Bech,draftkings,800,2026-09-13T19:19:38+00:00,2026-09-13T19:20:36+00:00,2026-09-13T19:25:00+00:00
c5d95f48a16849ab6bebc68fbbfcb74a,MIA@LV,Kevin Coleman Jr.,draftkings,1000,2026-09-13T19:19:38+00:00,2026-09-13T19:20:36+00:00,2026-09-13T19:25:00+00:00
c5d95f48a16849ab6bebc68fbbfcb74a,MIA@LV,Ryan Miller,draftkings,1200,2026-09-13T19:19:38+00:00,2026-09-13T19:20:36+00:00,2026-09-13T19:25:00+00:00
c5d95f48a16849ab6bebc68fbbfcb74a,MIA@LV,Will Kacmarek,draftkings,1200,2026-09-13T19:19:38+00:00,2026-09-13T19:20:36+00:00,2026-09-13T19:25:00+00:00
c5d95f48a16849ab6bebc68fbbfcb74a,MIA@LV,Ian Thomas,draftkings,1300,2026-09-13T19:19:38+00:00,2026-09-13T19:20:36+00:00,2026-09-13T19:25:00+00:00
c5d95f48a16849ab6bebc68fbbfcb74a,MIA@LV,Connor Heyward,draftkings,1300,2026-09-13T19:19:38+00:00,2026-09-13T19:20:36+00:00,2026-09-13T19:25:00+00:00
c5d95f48a16849ab6bebc68fbbfcb74a,MIA@LV,Kirk Cousins,draftkings,1700,2026-09-13T19:19:38+00:00,2026-09-13T19:20:36+00:00,2026-09-13T19:25:00+00:00
c5d95f48a16849ab6bebc68fbbfcb74a,MIA@LV,Seydou Traore,draftkings,1700,2026-09-13T19:19:38+00:00,2026-09-13T19:20:36+00:00,2026-09-13T19:25:00+00:00
c5d95f48a16849ab6bebc68fbbfcb74a,MIA@LV,Dylan Laube,draftkings,2200,2026-09-13T19:19:38+00:00,2026-09-13T19:20:36+00:00,2026-09-13T19:25:00+00:00
c5d95f48a16849ab6bebc68fbbfcb74a,MIA@LV,Dareke Young,draftkings,7000,2026-09-13T19:19:38+00:00,2026-09-13T19:20:36+00:00,2026-09-13T19:25:00+00:00
c5d95f48a16849ab6bebc68fbbfcb74a,MIA@LV,Connor Heyward,betrivers,1000,2026-09-13T19:20:17+00:00,2026-09-13T19:20:36+00:00,2026-09-13T19:25:00+00:00
c5d95f48a16849ab6bebc68fbbfcb74a,MIA@LV,Jack Bech,betrivers,650,2026-09-13T19:20:17+00:00,2026-09-13T19:20:36+00:00,2026-09-13T19:25:00+00:00
c5d95f48a16849ab6bebc68fbbfcb74a,MIA@LV,Ian Thomas,betrivers,1150,2026-09-13T19:20:17+00:00,2026-09-13T19:20:36+00:00,2026-09-13T19:25:00+00:00
c5d95f48a16849ab6bebc68fbbfcb74a,MIA@LV,Will Kacmarek,betrivers,1900,2026-09-13T19:20:17+00:00,2026-09-13T19:20:36+00:00,2026-09-13T19:25:00+00:00
c5d95f48a16849ab6bebc68fbbfcb74a,MIA@LV,Mike Washington Jr.,betrivers,275,2026-09-13T19:20:17+00:00,2026-09-13T19:20:36+00:00,2026-09-13T19:25:00+00:00
c5d95f48a16849ab6bebc68fbbfcb74a,MIA@LV,Ashton Jeanty,betrivers,-157,2026-09-13T19:20:17+00:00,2026-09-13T19:20:36+00:00,2026-09-13T19:25:00+00:00
c5d95f48a16849ab6bebc68fbbfcb74a,MIA@LV,Malik Benson,betrivers,850,2026-09-13T19:20:17+00:00,2026-09-13T19:20:36+00:00,2026-09-13T19:25:00+00:00
c5d95f48a16849ab6bebc68fbbfcb74a,MIA@LV,Dylan Laube,betrivers,1150,2026-09-13T19:20:17+00:00,2026-09-13T19:20:36+00:00,2026-09-13T19:25:00+00:00
c5d95f48a16849ab6bebc68fbbfcb74a,MIA@LV,Malik Willis,betrivers,265,2026-09-13T19:20:17+00:00,2026-09-13T19:20:36+00:00,2026-09-13T19:25:00+00:00
c5d95f48a16849ab6bebc68fbbfcb74a,MIA@LV,Greg Dulcich,betrivers,390,2026-09-13T19:20:17+00:00,2026-09-13T19:20:36+00:00,2026-09-13T19:25:00+00:00
c5d95f48a16849ab6bebc68fbbfcb74a,MIA@LV,Jaylen Wright,betrivers,440,2026-09-13T19:20:17+00:00,2026-09-13T19:20:36+00:00,2026-09-13T19:25:00+00:00
c5d95f48a16849ab6bebc68fbbfcb74a,MIA@LV,Kirk Cousins,betrivers,2500,2026-09-13T19:20:17+00:00,2026-09-13T19:20:36+00:00,2026-09-13T19:25:00+00:00
c5d95f48a16849ab6bebc68fbbfcb74a,MIA@LV,Tre Tucker,betrivers,225,2026-09-13T19:20:17+00:00,2026-09-13T19:20:36+00:00,2026-09-13T19:25:00+00:00
c5d95f48a16849ab6bebc68fbbfcb74a,MIA@LV,Dareke Young,betrivers,2500,2026-09-13T19:20:17+00:00,2026-09-13T19:20:36+00:00,2026-09-13T19:25:00+00:00
c5d95f48a16849ab6bebc68fbbfcb74a,MIA@LV,Chris Bell,betrivers,480,2026-09-13T19:20:17+00:00,2026-09-13T19:20:36+00:00,2026-09-13T19:25:00+00:00
c5d95f48a16849ab6bebc68fbbfcb74a,MIA@LV,Caleb Douglas,betrivers,500,2026-09-13T19:20:17+00:00,2026-09-13T19:20:36+00:00,2026-09-13T19:25:00+00:00
c5d95f48a16849ab6bebc68fbbfcb74a,MIA@LV,Kevin Coleman Jr.,betrivers,1300,2026-09-13T19:20:17+00:00,2026-09-13T19:20:36+00:00,2026-09-13T19:25:00+00:00
c5d95f48a16849ab6bebc68fbbfcb74a,MIA@LV,Malik Washington,betrivers,360,2026-09-13T19:20:17+00:00,2026-09-13T19:20:36+00:00,2026-09-13T19:25:00+00:00
c5d95f48a16849ab6bebc68fbbfcb74a,MIA@LV,Michael Mayer,betrivers,230,2026-09-13T19:20:17+00:00,2026-09-13T19:20:36+00:00,2026-09-13T19:25:00+00:00
c5d95f48a16849ab6bebc68fbbfcb74a,MIA@LV,Jalen Nailor,betrivers,300,2026-09-13T19:20:17+00:00,2026-09-13T19:20:36+00:00,2026-09-13T19:25:00+00:00
c5d95f48a16849ab6bebc68fbbfcb74a,MIA@LV,Ollie Gordon II,betrivers,480,2026-09-13T19:20:17+00:00,2026-09-13T19:20:36+00:00,2026-09-13T19:25:00+00:00
c5d95f48a16849ab6bebc68fbbfcb74a,MIA@LV,Seydou Traore,betrivers,2200,2026-09-13T19:20:17+00:00,2026-09-13T19:20:36+00:00,2026-09-13T19:25:00+00:00
c5d95f48a16849ab6bebc68fbbfcb74a,MIA@LV,De'Von Achane,betrivers,-114,2026-09-13T19:20:17+00:00,2026-09-13T19:20:36+00:00,2026-09-13T19:25:00+00:00
c5d95f48a16849ab6bebc68fbbfcb74a,MIA@LV,Ryan Miller,betrivers,800,2026-09-13T19:20:17+00:00,2026-09-13T19:20:36+00:00,2026-09-13T19:25:00+00:00
c5d95f48a16849ab6bebc68fbbfcb74a,MIA@LV,Ashton Jeanty,fanduel,-135,2026-09-13T19:19:58+00:00,2026-09-13T19:20:36+00:00,2026-09-13T19:25:00+00:00
c5d95f48a16849ab6bebc68fbbfcb74a,MIA@LV,De'Von Achane,fanduel,120,2026-09-13T19:19:58+00:00,2026-09-13T19:20:36+00:00,2026-09-13T19:25:00+00:00
c5d95f48a16849ab6bebc68fbbfcb74a,MIA@LV,Tre Tucker,fanduel,220,2026-09-13T19:19:58+00:00,2026-09-13T19:20:36+00:00,2026-09-13T19:25:00+00:00
c5d95f48a16849ab6bebc68fbbfcb74a,MIA@LV,Michael Mayer,fanduel,240,2026-09-13T19:19:58+00:00,2026-09-13T19:20:36+00:00,2026-09-13T19:25:00+00:00
c5d95f48a16849ab6bebc68fbbfcb74a,MIA@LV,Malik Willis,fanduel,320,2026-09-13T19:19:58+00:00,2026-09-13T19:20:36+00:00,2026-09-13T19:25:00+00:00
c5d95f48a16849ab6bebc68fbbfcb74a,MIA@LV,Mike Washington Jr.,fanduel,360,2026-09-13T19:19:58+00:00,2026-09-13T19:20:36+00:00,2026-09-13T19:25:00+00:00
c5d95f48a16849ab6bebc68fbbfcb74a,MIA@LV,Jalen Nailor,fanduel,370,2026-09-13T19:19:58+00:00,2026-09-13T19:20:36+00:00,2026-09-13T19:25:00+00:00
c5d95f48a16849ab6bebc68fbbfcb74a,MIA@LV,Malik Washington,fanduel,380,2026-09-13T19:19:58+00:00,2026-09-13T19:20:36+00:00,2026-09-13T19:25:00+00:00
c5d95f48a16849ab6bebc68fbbfcb74a,MIA@LV,Greg Dulcich,fanduel,450,2026-09-13T19:19:58+00:00,2026-09-13T19:20:36+00:00,2026-09-13T19:25:00+00:00
c5d95f48a16849ab6bebc68fbbfcb74a,MIA@LV,Caleb Douglas,fanduel,500,2026-09-13T19:19:58+00:00,2026-09-13T19:20:36+00:00,2026-09-13T19:25:00+00:00
c5d95f48a16849ab6bebc68fbbfcb74a,MIA@LV,Ollie Gordon II,fanduel,500,2026-09-13T19:19:58+00:00,2026-09-13T19:20:36+00:00,2026-09-13T19:25:00+00:00
c5d95f48a16849ab6bebc68fbbfcb74a,MIA@LV,Miami Dolphins Defense,fanduel,600,2026-09-13T19:19:58+00:00,2026-09-13T19:20:36+00:00,2026-09-13T19:25:00+00:00
c5d95f48a16849ab6bebc68fbbfcb74a,MIA@LV,Chris Bell,fanduel,600,2026-09-13T19:19:58+00:00,2026-09-13T19:20:36+00:00,2026-09-13T19:25:00+00:00
c5d95f48a16849ab6bebc68fbbfcb74a,MIA@LV,Malik Benson,fanduel,700,2026-09-13T19:19:58+00:00,2026-09-13T19:20:36+00:00,2026-09-13T19:25:00+00:00
c5d95f48a16849ab6bebc68fbbfcb74a,MIA@LV,Las Vegas Raiders Defense,fanduel,750,2026-09-13T19:19:58+00:00,2026-09-13T19:20:36+00:00,2026-09-13T19:25:00+00:00
c5d95f48a16849ab6bebc68fbbfcb74a,MIA@LV,Jaylen Wright,fanduel,750,2026-09-13T19:19:58+00:00,2026-09-13T19:20:36+00:00,2026-09-13T19:25:00+00:00
c5d95f48a16849ab6bebc68fbbfcb74a,MIA@LV,Jack Bech,fanduel,800,2026-09-13T19:19:58+00:00,2026-09-13T19:20:36+00:00,2026-09-13T19:25:00+00:00
c5d95f48a16849ab6bebc68fbbfcb74a,MIA@LV,Ian Thomas,fanduel,1100,2026-09-13T19:19:58+00:00,2026-09-13T19:20:36+00:00,2026-09-13T19:25:00+00:00
c5d95f48a16849ab6bebc68fbbfcb74a,MIA@LV,Connor Heyward,fanduel,1200,2026-09-13T19:19:58+00:00,2026-09-13T19:20:36+00:00,2026-09-13T19:25:00+00:00
c5d95f48a16849ab6bebc68fbbfcb74a,MIA@LV,Will Kacmarek,fanduel,1300,2026-09-13T19:19:58+00:00,2026-09-13T19:20:36+00:00,2026-09-13T19:25:00+00:00
c5d95f48a16849ab6bebc68fbbfcb74a,MIA@LV,Ryan Miller,fanduel,1300,2026-09-13T19:19:58+00:00,2026-09-13T19:20:36+00:00,2026-09-13T19:25:00+00:00
c5d95f48a16849ab6bebc68fbbfcb74a,MIA@LV,Kevin Coleman Jr.,fanduel,1600,2026-09-13T19:19:58+00:00,2026-09-13T19:20:36+00:00,2026-09-13T19:25:00+00:00
c5d95f48a16849ab6bebc68fbbfcb74a,MIA@LV,Kirk Cousins,fanduel,1800,2026-09-13T19:19:58+00:00,2026-09-13T19:20:36+00:00,2026-09-13T19:25:00+00:00
c5d95f48a16849ab6bebc68fbbfcb74a,MIA@LV,Seydou Traore,fanduel,2500,2026-09-13T19:19:58+00:00,2026-09-13T19:20:36+00:00,2026-09-13T19:25:00+00:00
c5d95f48a16849ab6bebc68fbbfcb74a,MIA@LV,Justin Joly,fanduel,2500,2026-09-13T19:19:58+00:00,2026-09-13T19:20:36+00:00,2026-09-13T19:25:00+00:00
c5d95f48a16849ab6bebc68fbbfcb74a,MIA@LV,Dylan Laube,fanduel,2500,2026-09-13T19:19:58+00:00,2026-09-13T19:20:36+00:00,2026-09-13T19:25:00+00:00
c5d95f48a16849ab6bebc68fbbfcb74a,MIA@LV,DJ Herman,fanduel,4000,2026-09-13T19:19:58+00:00,2026-09-13T19:20:36+00:00,2026-09-13T19:25:00+00:00
c5d95f48a16849ab6bebc68fbbfcb74a,MIA@LV,Dareke Young,fanduel,6500,2026-09-13T19:19:58+00:00,2026-09-13T19:20:36+00:00,2026-09-13T19:25:00+00:00
c5d95f48a16849ab6bebc68fbbfcb74a,MIA@LV,No Scorer,fanatics,3000,2026-09-13T19:19:48+00:00,2026-09-13T19:20:36+00:00,2026-09-13T19:25:00+00:00
c5d95f48a16849ab6bebc68fbbfcb74a,MIA@LV,Ian Thomas,fanatics,1300,2026-09-13T19:19:48+00:00,2026-09-13T19:20:36+00:00,2026-09-13T19:25:00+00:00
c5d95f48a16849ab6bebc68fbbfcb74a,MIA@LV,Michael Mayer,fanatics,265,2026-09-13T19:19:48+00:00,2026-09-13T19:20:36+00:00,2026-09-13T19:25:00+00:00
c5d95f48a16849ab6bebc68fbbfcb74a,MIA@LV,Tre Tucker,fanatics,240,2026-09-13T19:19:48+00:00,2026-09-13T19:20:36+00:00,2026-09-13T19:25:00+00:00
c5d95f48a16849ab6bebc68fbbfcb74a,MIA@LV,Dylan Laube,fanatics,1700,2026-09-13T19:19:48+00:00,2026-09-13T19:20:36+00:00,2026-09-13T19:25:00+00:00
c5d95f48a16849ab6bebc68fbbfcb74a,MIA@LV,Ashton Jeanty,fanatics,-130,2026-09-13T19:19:48+00:00,2026-09-13T19:20:36+00:00,2026-09-13T19:25:00+00:00
c5d95f48a16849ab6bebc68fbbfcb74a,MIA@LV,Jack Bech,fanatics,800,2026-09-13T19:19:48+00:00,2026-09-13T19:20:36+00:00,2026-09-13T19:25:00+00:00
c5d95f48a16849ab6bebc68fbbfcb74a,MIA@LV,Las Vegas Raiders D/ST,fanatics,475,2026-09-13T19:19:48+00:00,2026-09-13T19:20:36+00:00,2026-09-13T19:25:00+00:00
c5d95f48a16849ab6bebc68fbbfcb74a,MIA@LV,Greg Dulcich,fanatics,500,2026-09-13T19:19:48+00:00,2026-09-13T19:20:36+00:00,2026-09-13T19:25:00+00:00
c5d95f48a16849ab6bebc68fbbfcb74a,MIA@LV,De'Von Achane,fanatics,125,2026-09-13T19:19:48+00:00,2026-09-13T19:20:36+00:00,2026-09-13T19:25:00+00:00
c5d95f48a16849ab6bebc68fbbfcb74a,MIA@LV,Jaylen Wright,fanatics,800,2026-09-13T19:19:48+00:00,2026-09-13T19:20:36+00:00,2026-09-13T19:25:00+00:00
c5d95f48a16849ab6bebc68fbbfcb74a,MIA@LV,Malik Washington,fanatics,420,2026-09-13T19:19:48+00:00,2026-09-13T19:20:36+00:00,2026-09-13T19:25:00+00:00
c5d95f48a16849ab6bebc68fbbfcb74a,MIA@LV,Ollie Gordon II,fanatics,650,2026-09-13T19:19:48+00:00,2026-09-13T19:20:36+00:00,2026-09-13T19:25:00+00:00
c5d95f48a16849ab6bebc68fbbfcb74a,MIA@LV,Miami Dolphins D/ST,fanatics,525,2026-09-13T19:19:48+00:00,2026-09-13T19:20:36+00:00,2026-09-13T19:25:00+00:00
c5d95f48a16849ab6bebc68fbbfcb74a,MIA@LV,Malik Benson,fanatics,900,2026-09-13T19:19:48+00:00,2026-09-13T19:20:36+00:00,2026-09-13T19:25:00+00:00
c5d95f48a16849ab6bebc68fbbfcb74a,MIA@LV,Caleb Douglas,fanatics,500,2026-09-13T19:19:48+00:00,2026-09-13T19:20:36+00:00,2026-09-13T19:25:00+00:00
c5d95f48a16849ab6bebc68fbbfcb74a,MIA@LV,Jalen Nailor,fanatics,380,2026-09-13T19:19:48+00:00,2026-09-13T19:20:36+00:00,2026-09-13T19:25:00+00:00
c5d95f48a16849ab6bebc68fbbfcb74a,MIA@LV,Malik Willis,fanatics,310,2026-09-13T19:19:48+00:00,2026-09-13T19:20:36+00:00,2026-09-13T19:25:00+00:00
c5d95f48a16849ab6bebc68fbbfcb74a,MIA@LV,Mike Washington Jr.,fanatics,400,2026-09-13T19:19:48+00:00,2026-09-13T19:20:36+00:00,2026-09-13T19:25:00+00:00
c5d95f48a16849ab6bebc68fbbfcb74a,MIA@LV,Kirk Cousins,fanatics,1900,2026-09-13T19:19:48+00:00,2026-09-13T19:20:36+00:00,2026-09-13T19:25:00+00:00
c5d95f48a16849ab6bebc68fbbfcb74a,MIA@LV,Dareke Young,fanatics,6000,2026-09-13T19:19:48+00:00,2026-09-13T19:20:36+00:00,2026-09-13T19:25:00+00:00
c5d95f48a16849ab6bebc68fbbfcb74a,MIA@LV,Connor Heyward,fanatics,1700,2026-09-13T19:19:48+00:00,2026-09-13T19:20:36+00:00,2026-09-13T19:25:00+00:00
c5d95f48a16849ab6bebc68fbbfcb74a,MIA@LV,Seydou Traore,fanatics,2800,2026-09-13T19:19:48+00:00,2026-09-13T19:20:36+00:00,2026-09-13T19:25:00+00:00
c5d95f48a16849ab6bebc68fbbfcb74a,MIA@LV,Chris Bell,fanatics,650,2026-09-13T19:19:48+00:00,2026-09-13T19:20:36+00:00,2026-09-13T19:25:00+00:00
c5d95f48a16849ab6bebc68fbbfcb74a,MIA@LV,Ryan Miller,fanatics,1700,2026-09-13T19:19:48+00:00,2026-09-13T19:20:36+00:00,2026-09-13T19:25:00+00:00
c5d95f48a16849ab6bebc68fbbfcb74a,MIA@LV,Kevin Coleman Jr.,fanatics,1300,2026-09-13T19:19:48+00:00,2026-09-13T19:20:36+00:00,2026-09-13T19:25:00+00:00
c5d95f48a16849ab6bebc68fbbfcb74a,MIA@LV,Will Kacmarek,fanatics,1200,2026-09-13T19:19:48+00:00,2026-09-13T19:20:36+00:00,2026-09-13T19:25:00+00:00
c5d95f48a16849ab6bebc68fbbfcb74a,MIA@LV,DJ Herman,fanatics,3000,2026-09-13T19:19:48+00:00,2026-09-13T19:20:36+00:00,2026-09-13T19:25:00+00:00
c5d95f48a16849ab6bebc68fbbfcb74a,MIA@LV,Malik Washington,betonlineag,350,2026-09-13T19:18:16+00:00,2026-09-13T19:20:36+00:00,2026-09-13T19:25:00+00:00
c5d95f48a16849ab6bebc68fbbfcb74a,MIA@LV,De'Von Achane,betonlineag,110,2026-09-13T19:18:16+00:00,2026-09-13T19:20:36+00:00,2026-09-13T19:25:00+00:00
c5d95f48a16849ab6bebc68fbbfcb74a,MIA@LV,Tre Tucker,betonlineag,220,2026-09-13T19:18:16+00:00,2026-09-13T19:20:36+00:00,2026-09-13T19:25:00+00:00
c5d95f48a16849ab6bebc68fbbfcb74a,MIA@LV,Malik Willis,betonlineag,230,2026-09-13T19:18:16+00:00,2026-09-13T19:20:36+00:00,2026-09-13T19:25:00+00:00
c5d95f48a16849ab6bebc68fbbfcb74a,MIA@LV,Greg Dulcich,betonlineag,450,2026-09-13T19:18:16+00:00,2026-09-13T19:20:36+00:00,2026-09-13T19:25:00+00:00
c5d95f48a16849ab6bebc68fbbfcb74a,MIA@LV,Jalen Nailor,betonlineag,325,2026-09-13T19:18:16+00:00,2026-09-13T19:20:36+00:00,2026-09-13T19:25:00+00:00
c5d95f48a16849ab6bebc68fbbfcb74a,MIA@LV,Michael Mayer,betonlineag,220,2026-09-13T19:18:16+00:00,2026-09-13T19:20:36+00:00,2026-09-13T19:25:00+00:00
c5d95f48a16849ab6bebc68fbbfcb74a,MIA@LV,Ashton Jeanty,betonlineag,-143,2026-09-13T19:18:16+00:00,2026-09-13T19:20:36+00:00,2026-09-13T19:25:00+00:00
c5d95f48a16849ab6bebc68fbbfcb74a,MIA@LV,Caleb Douglas,betonlineag,500,2026-09-13T19:18:16+00:00,2026-09-13T19:20:36+00:00,2026-09-13T19:25:00+00:00
c5d95f48a16849ab6bebc68fbbfcb74a,MIA@LV,Kirk Cousins,betonlineag,1700,2026-09-13T19:18:16+00:00,2026-09-13T19:20:36+00:00,2026-09-13T19:25:00+00:00
c5d95f48a16849ab6bebc68fbbfcb74a,MIA@LV,Jalen Tolbert,betonlineag,800,2026-09-13T19:18:16+00:00,2026-09-13T19:20:36+00:00,2026-09-13T19:25:00+00:00
c5d95f48a16849ab6bebc68fbbfcb74a,MIA@LV,Jack Bech,betonlineag,750,2026-09-13T19:18:16+00:00,2026-09-13T19:20:36+00:00,2026-09-13T19:25:00+00:00
c5d95f48a16849ab6bebc68fbbfcb74a,MIA@LV,Mike Washington Jr.,betonlineag,350,2026-09-13T19:18:16+00:00,2026-09-13T19:20:36+00:00,2026-09-13T19:25:00+00:00
c5d95f48a16849ab6bebc68fbbfcb74a,MIA@LV,Dylan Laube,betonlineag,1900,2026-09-13T19:18:16+00:00,2026-09-13T19:20:36+00:00,2026-09-13T19:25:00+00:00
c5d95f48a16849ab6bebc68fbbfcb74a,MIA@LV,Jaylen Wright,betonlineag,450,2026-09-13T19:18:16+00:00,2026-09-13T19:20:36+00:00,2026-09-13T19:25:00+00:00
c5d95f48a16849ab6bebc68fbbfcb74a,MIA@LV,Ollie Gordon II,betonlineag,500,2026-09-13T19:18:16+00:00,2026-09-13T19:20:36+00:00,2026-09-13T19:25:00+00:00
c5d95f48a16849ab6bebc68fbbfcb74a,MIA@LV,Connor Heyward,betonlineag,750,2026-09-13T19:18:16+00:00,2026-09-13T19:20:36+00:00,2026-09-13T19:25:00+00:00
c5d95f48a16849ab6bebc68fbbfcb74a,MIA@LV,Chris Bell,betonlineag,550,2026-09-13T19:18:16+00:00,2026-09-13T19:20:36+00:00,2026-09-13T19:25:00+00:00
c5d95f48a16849ab6bebc68fbbfcb74a,MIA@LV,Malik Benson,betonlineag,700,2026-09-13T19:18:16+00:00,2026-09-13T19:20:36+00:00,2026-09-13T19:25:00+00:00
c5d95f48a16849ab6bebc68fbbfcb74a,MIA@LV,Will Kacmarek,betonlineag,1300,2026-09-13T19:18:16+00:00,2026-09-13T19:20:36+00:00,2026-09-13T19:25:00+00:00
c5d95f48a16849ab6bebc68fbbfcb74a,MIA@LV,Ian Thomas,betonlineag,800,2026-09-13T19:18:16+00:00,2026-09-13T19:20:36+00:00,2026-09-13T19:25:00+00:00
c5d95f48a16849ab6bebc68fbbfcb74a,MIA@LV,Ryan Miller,betonlineag,1300,2026-09-13T19:18:16+00:00,2026-09-13T19:20:36+00:00,2026-09-13T19:25:00+00:00
c5d95f48a16849ab6bebc68fbbfcb74a,MIA@LV,Dareke Young,betonlineag,3400,2026-09-13T19:18:16+00:00,2026-09-13T19:20:36+00:00,2026-09-13T19:25:00+00:00
c5d95f48a16849ab6bebc68fbbfcb74a,MIA@LV,Seydou Traore,betonlineag,2400,2026-09-13T19:18:16+00:00,2026-09-13T19:20:36+00:00,2026-09-13T19:25:00+00:00
c5d95f48a16849ab6bebc68fbbfcb74a,MIA@LV,Kevin Coleman Jr.,betonlineag,1400,2026-09-13T19:18:16+00:00,2026-09-13T19:20:36+00:00,2026-09-13T19:25:00+00:00
c5d95f48a16849ab6bebc68fbbfcb74a,MIA@LV,Ashton Jeanty,williamhill_us,-134,2026-09-13T19:20:18+00:00,2026-09-13T19:20:36+00:00,2026-09-13T19:25:00+00:00
c5d95f48a16849ab6bebc68fbbfcb74a,MIA@LV,De'Von Achane,williamhill_us,114,2026-09-13T19:20:18+00:00,2026-09-13T19:20:36+00:00,2026-09-13T19:25:00+00:00
c5d95f48a16849ab6bebc68fbbfcb74a,MIA@LV,Tre Tucker,williamhill_us,220,2026-09-13T19:20:18+00:00,2026-09-13T19:20:36+00:00,2026-09-13T19:25:00+00:00
c5d95f48a16849ab6bebc68fbbfcb74a,MIA@LV,Michael Mayer,williamhill_us,235,2026-09-13T19:20:18+00:00,2026-09-13T19:20:36+00:00,2026-09-13T19:25:00+00:00
c5d95f48a16849ab6bebc68fbbfcb74a,MIA@LV,Malik Willis,williamhill_us,285,2026-09-13T19:20:18+00:00,2026-09-13T19:20:36+00:00,2026-09-13T19:25:00+00:00
c5d95f48a16849ab6bebc68fbbfcb74a,MIA@LV,Mike Washington Jr.,williamhill_us,325,2026-09-13T19:20:18+00:00,2026-09-13T19:20:36+00:00,2026-09-13T19:25:00+00:00
c5d95f48a16849ab6bebc68fbbfcb74a,MIA@LV,Jalen Nailor,williamhill_us,340,2026-09-13T19:20:18+00:00,2026-09-13T19:20:36+00:00,2026-09-13T19:25:00+00:00
c5d95f48a16849ab6bebc68fbbfcb74a,MIA@LV,Malik Washington,williamhill_us,380,2026-09-13T19:20:18+00:00,2026-09-13T19:20:36+00:00,2026-09-13T19:25:00+00:00
c5d95f48a16849ab6bebc68fbbfcb74a,MIA@LV,Greg Dulcich,williamhill_us,450,2026-09-13T19:20:18+00:00,2026-09-13T19:20:36+00:00,2026-09-13T19:25:00+00:00
c5d95f48a16849ab6bebc68fbbfcb74a,MIA@LV,Ollie Gordon II,williamhill_us,500,2026-09-13T19:20:18+00:00,2026-09-13T19:20:36+00:00,2026-09-13T19:25:00+00:00
c5d95f48a16849ab6bebc68fbbfcb74a,MIA@LV,Caleb Douglas,williamhill_us,500,2026-09-13T19:20:18+00:00,2026-09-13T19:20:36+00:00,2026-09-13T19:25:00+00:00
c5d95f48a16849ab6bebc68fbbfcb74a,MIA@LV,Chris Bell,williamhill_us,550,2026-09-13T19:20:18+00:00,2026-09-13T19:20:36+00:00,2026-09-13T19:25:00+00:00
c5d95f48a16849ab6bebc68fbbfcb74a,MIA@LV,Jaylen Wright,williamhill_us,650,2026-09-13T19:20:18+00:00,2026-09-13T19:20:36+00:00,2026-09-13T19:25:00+00:00
c5d95f48a16849ab6bebc68fbbfcb74a,MIA@LV,Malik Benson,williamhill_us,700,2026-09-13T19:20:18+00:00,2026-09-13T19:20:36+00:00,2026-09-13T19:25:00+00:00
c5d95f48a16849ab6bebc68fbbfcb74a,MIA@LV,Jack Bech,williamhill_us,750,2026-09-13T19:20:18+00:00,2026-09-13T19:20:36+00:00,2026-09-13T19:25:00+00:00
c5d95f48a16849ab6bebc68fbbfcb74a,MIA@LV,Connor Heyward,williamhill_us,1000,2026-09-13T19:20:18+00:00,2026-09-13T19:20:36+00:00,2026-09-13T19:25:00+00:00
c5d95f48a16849ab6bebc68fbbfcb74a,MIA@LV,Ian Thomas,williamhill_us,1000,2026-09-13T19:20:18+00:00,2026-09-13T19:20:36+00:00,2026-09-13T19:25:00+00:00
c5d95f48a16849ab6bebc68fbbfcb74a,MIA@LV,Will Kacmarek,williamhill_us,1300,2026-09-13T19:20:18+00:00,2026-09-13T19:20:36+00:00,2026-09-13T19:25:00+00:00
c5d95f48a16849ab6bebc68fbbfcb74a,MIA@LV,Ryan Miller,williamhill_us,1500,2026-09-13T19:20:18+00:00,2026-09-13T19:20:36+00:00,2026-09-13T19:25:00+00:00
c5d95f48a16849ab6bebc68fbbfcb74a,MIA@LV,Kevin Coleman Jr.,williamhill_us,1600,2026-09-13T19:20:18+00:00,2026-09-13T19:20:36+00:00,2026-09-13T19:25:00+00:00
c5d95f48a16849ab6bebc68fbbfcb74a,MIA@LV,Kirk Cousins,williamhill_us,1750,2026-09-13T19:20:18+00:00,2026-09-13T19:20:36+00:00,2026-09-13T19:25:00+00:00
c5d95f48a16849ab6bebc68fbbfcb74a,MIA@LV,Dylan Laube,williamhill_us,2000,2026-09-13T19:20:18+00:00,2026-09-13T19:20:36+00:00,2026-09-13T19:25:00+00:00
c5d95f48a16849ab6bebc68fbbfcb74a,MIA@LV,Seydou Traore,williamhill_us,2600,2026-09-13T19:20:18+00:00,2026-09-13T19:20:36+00:00,2026-09-13T19:25:00+00:00
c5d95f48a16849ab6bebc68fbbfcb74a,MIA@LV,DJ Herman,williamhill_us,3000,2026-09-13T19:20:18+00:00,2026-09-13T19:20:36+00:00,2026-09-13T19:25:00+00:00
c5d95f48a16849ab6bebc68fbbfcb74a,MIA@LV,Dareke Young,williamhill_us,4500,2026-09-13T19:20:18+00:00,2026-09-13T19:20:36+00:00,2026-09-13T19:25:00+00:00
c5d95f48a16849ab6bebc68fbbfcb74a,MIA@LV,Connor Heyward,betmgm,950,2026-09-13T19:20:11+00:00,2026-09-13T19:20:36+00:00,2026-09-13T19:25:00+00:00
c5d95f48a16849ab6bebc68fbbfcb74a,MIA@LV,Michael Mayer,betmgm,230,2026-09-13T19:20:11+00:00,2026-09-13T19:20:36+00:00,2026-09-13T19:25:00+00:00
c5d95f48a16849ab6bebc68fbbfcb74a,MIA@LV,Las Vegas Raiders D/ST,betmgm,500,2026-09-13T19:20:11+00:00,2026-09-13T19:20:36+00:00,2026-09-13T19:25:00+00:00
c5d95f48a16849ab6bebc68fbbfcb74a,MIA@LV,Dylan Laube,betmgm,1900,2026-09-13T19:20:11+00:00,2026-09-13T19:20:36+00:00,2026-09-13T19:25:00+00:00
c5d95f48a16849ab6bebc68fbbfcb74a,MIA@LV,Will Kacmarek,betmgm,1600,2026-09-13T19:20:11+00:00,2026-09-13T19:20:36+00:00,2026-09-13T19:25:00+00:00
c5d95f48a16849ab6bebc68fbbfcb74a,MIA@LV,Tre Tucker,betmgm,210,2026-09-13T19:20:11+00:00,2026-09-13T19:20:36+00:00,2026-09-13T19:25:00+00:00
c5d95f48a16849ab6bebc68fbbfcb74a,MIA@LV,Miami Dolphins D/ST,betmgm,625,2026-09-13T19:20:11+00:00,2026-09-13T19:20:36+00:00,2026-09-13T19:25:00+00:00
c5d95f48a16849ab6bebc68fbbfcb74a,MIA@LV,Seydou Traore,betmgm,2200,2026-09-13T19:20:11+00:00,2026-09-13T19:20:36+00:00,2026-09-13T19:25:00+00:00
c5d95f48a16849ab6bebc68fbbfcb74a,MIA@LV,De'Von Achane,betmgm,-125,2026-09-13T19:20:11+00:00,2026-09-13T19:20:36+00:00,2026-09-13T19:25:00+00:00
c5d95f48a16849ab6bebc68fbbfcb74a,MIA@LV,Ollie Gordon II,betmgm,650,2026-09-13T19:20:11+00:00,2026-09-13T19:20:36+00:00,2026-09-13T19:25:00+00:00
c5d95f48a16849ab6bebc68fbbfcb74a,MIA@LV,Jalen Nailor,betmgm,270,2026-09-13T19:20:11+00:00,2026-09-13T19:20:36+00:00,2026-09-13T19:25:00+00:00
c5d95f48a16849ab6bebc68fbbfcb74a,MIA@LV,Malik Willis,betmgm,240,2026-09-13T19:20:11+00:00,2026-09-13T19:20:36+00:00,2026-09-13T19:25:00+00:00
c5d95f48a16849ab6bebc68fbbfcb74a,MIA@LV,Jack Bech,betmgm,475,2026-09-13T19:20:11+00:00,2026-09-13T19:20:36+00:00,2026-09-13T19:25:00+00:00
c5d95f48a16849ab6bebc68fbbfcb74a,MIA@LV,Malik Benson,betmgm,950,2026-09-13T19:20:11+00:00,2026-09-13T19:20:36+00:00,2026-09-13T19:25:00+00:00
c5d95f48a16849ab6bebc68fbbfcb74a,MIA@LV,Kevin Coleman Jr.,betmgm,2000,2026-09-13T19:20:11+00:00,2026-09-13T19:20:36+00:00,2026-09-13T19:25:00+00:00
c5d95f48a16849ab6bebc68fbbfcb74a,MIA@LV,Dareke Young,betmgm,3500,2026-09-13T19:20:11+00:00,2026-09-13T19:20:36+00:00,2026-09-13T19:25:00+00:00
c5d95f48a16849ab6bebc68fbbfcb74a,MIA@LV,Jalen Tolbert,betmgm,700,2026-09-13T19:20:11+00:00,2026-09-13T19:20:36+00:00,2026-09-13T19:25:00+00:00
c5d95f48a16849ab6bebc68fbbfcb74a,MIA@LV,Kirk Cousins,betmgm,1850,2026-09-13T19:20:11+00:00,2026-09-13T19:20:36+00:00,2026-09-13T19:25:00+00:00
c5d95f48a16849ab6bebc68fbbfcb74a,MIA@LV,Mike Washington Jr.,betmgm,240,2026-09-13T19:20:11+00:00,2026-09-13T19:20:36+00:00,2026-09-13T19:25:00+00:00
c5d95f48a16849ab6bebc68fbbfcb74a,MIA@LV,Ashton Jeanty,betmgm,-125,2026-09-13T19:20:11+00:00,2026-09-13T19:20:36+00:00,2026-09-13T19:25:00+00:00
c5d95f48a16849ab6bebc68fbbfcb74a,MIA@LV,Caleb Douglas,betmgm,340,2026-09-13T19:20:11+00:00,2026-09-13T19:20:36+00:00,2026-09-13T19:25:00+00:00
c5d95f48a16849ab6bebc68fbbfcb74a,MIA@LV,Chris Bell,betmgm,525,2026-09-13T19:20:11+00:00,2026-09-13T19:20:36+00:00,2026-09-13T19:25:00+00:00
c5d95f48a16849ab6bebc68fbbfcb74a,MIA@LV,Greg Dulcich,betmgm,390,2026-09-13T19:20:11+00:00,2026-09-13T19:20:36+00:00,2026-09-13T19:25:00+00:00
c5d95f48a16849ab6bebc68fbbfcb74a,MIA@LV,Jaylen Wright,betmgm,525,2026-09-13T19:20:11+00:00,2026-09-13T19:20:36+00:00,2026-09-13T19:25:00+00:00
c5d95f48a16849ab6bebc68fbbfcb74a,MIA@LV,Malik Washington,betmgm,400,2026-09-13T19:20:11+00:00,2026-09-13T19:20:36+00:00,2026-09-13T19:25:00+00:00
c5d95f48a16849ab6bebc68fbbfcb74a,MIA@LV,Ian Thomas,betmgm,950,2026-09-13T19:20:11+00:00,2026-09-13T19:20:36+00:00,2026-09-13T19:25:00+00:00
c5d95f48a16849ab6bebc68fbbfcb74a,MIA@LV,Seydou Traore,bovada,2500,2026-09-13T19:15:46+00:00,2026-09-13T19:20:36+00:00,2026-09-13T19:25:00+00:00
c5d95f48a16849ab6bebc68fbbfcb74a,MIA@LV,Ian Thomas,bovada,1200,2026-09-13T19:15:46+00:00,2026-09-13T19:20:36+00:00,2026-09-13T19:25:00+00:00
c5d95f48a16849ab6bebc68fbbfcb74a,MIA@LV,Dareke Young,bovada,7000,2026-09-13T19:15:46+00:00,2026-09-13T19:20:36+00:00,2026-09-13T19:25:00+00:00
c5d95f48a16849ab6bebc68fbbfcb74a,MIA@LV,Dylan Laube,bovada,2200,2026-09-13T19:15:46+00:00,2026-09-13T19:20:36+00:00,2026-09-13T19:25:00+00:00
c5d95f48a16849ab6bebc68fbbfcb74a,MIA@LV,Connor Heyward,bovada,1200,2026-09-13T19:15:46+00:00,2026-09-13T19:20:36+00:00,2026-09-13T19:25:00+00:00
c5d95f48a16849ab6bebc68fbbfcb74a,MIA@LV,Chris Bell,bovada,600,2026-09-13T19:15:46+00:00,2026-09-13T19:20:36+00:00,2026-09-13T19:25:00+00:00
c5d95f48a16849ab6bebc68fbbfcb74a,MIA@LV,Will Kacmarek,bovada,1400,2026-09-13T19:15:46+00:00,2026-09-13T19:20:36+00:00,2026-09-13T19:25:00+00:00
c5d95f48a16849ab6bebc68fbbfcb74a,MIA@LV,Ryan Miller,bovada,1800,2026-09-13T19:15:46+00:00,2026-09-13T19:20:36+00:00,2026-09-13T19:25:00+00:00
c5d95f48a16849ab6bebc68fbbfcb74a,MIA@LV,Mike Washington Jr.,bovada,380,2026-09-13T19:15:46+00:00,2026-09-13T19:20:36+00:00,2026-09-13T19:25:00+00:00
c5d95f48a16849ab6bebc68fbbfcb74a,MIA@LV,Malik Washington,bovada,380,2026-09-13T19:15:46+00:00,2026-09-13T19:20:36+00:00,2026-09-13T19:25:00+00:00
c5d95f48a16849ab6bebc68fbbfcb74a,MIA@LV,Malik Willis,bovada,310,2026-09-13T19:15:46+00:00,2026-09-13T19:20:36+00:00,2026-09-13T19:25:00+00:00
c5d95f48a16849ab6bebc68fbbfcb74a,MIA@LV,Malik Benson,bovada,725,2026-09-13T19:15:46+00:00,2026-09-13T19:20:36+00:00,2026-09-13T19:25:00+00:00
c5d95f48a16849ab6bebc68fbbfcb74a,MIA@LV,Las Vegas Raiders D/ST,bovada,525,2026-09-13T19:15:46+00:00,2026-09-13T19:20:36+00:00,2026-09-13T19:25:00+00:00
c5d95f48a16849ab6bebc68fbbfcb74a,MIA@LV,Kirk Cousins,bovada,1700,2026-09-13T19:15:46+00:00,2026-09-13T19:20:36+00:00,2026-09-13T19:25:00+00:00
c5d95f48a16849ab6bebc68fbbfcb74a,MIA@LV,Caleb Douglas,bovada,500,2026-09-13T19:15:46+00:00,2026-09-13T19:20:36+00:00,2026-09-13T19:25:00+00:00
c5d95f48a16849ab6bebc68fbbfcb74a,MIA@LV,Kevin Coleman Jr.,bovada,1800,2026-09-13T19:15:46+00:00,2026-09-13T19:20:36+00:00,2026-09-13T19:25:00+00:00
c5d95f48a16849ab6bebc68fbbfcb74a,MIA@LV,Jack Bech,bovada,825,2026-09-13T19:15:46+00:00,2026-09-13T19:20:36+00:00,2026-09-13T19:25:00+00:00
c5d95f48a16849ab6bebc68fbbfcb74a,MIA@LV,De'Von Achane,bovada,110,2026-09-13T19:15:46+00:00,2026-09-13T19:20:36+00:00,2026-09-13T19:25:00+00:00
c5d95f48a16849ab6bebc68fbbfcb74a,MIA@LV,Jalen Nailor,bovada,340,2026-09-13T19:15:46+00:00,2026-09-13T19:20:36+00:00,2026-09-13T19:25:00+00:00
c5d95f48a16849ab6bebc68fbbfcb74a,MIA@LV,Ashton Jeanty,bovada,-125,2026-09-13T19:15:46+00:00,2026-09-13T19:20:36+00:00,2026-09-13T19:25:00+00:00
c5d95f48a16849ab6bebc68fbbfcb74a,MIA@LV,Tre Tucker,bovada,230,2026-09-13T19:15:46+00:00,2026-09-13T19:20:36+00:00,2026-09-13T19:25:00+00:00
c5d95f48a16849ab6bebc68fbbfcb74a,MIA@LV,Michael Mayer,bovada,245,2026-09-13T19:15:46+00:00,2026-09-13T19:20:36+00:00,2026-09-13T19:25:00+00:00
c5d95f48a16849ab6bebc68fbbfcb74a,MIA@LV,Greg Dulcich,bovada,460,2026-09-13T19:15:46+00:00,2026-09-13T19:20:36+00:00,2026-09-13T19:25:00+00:00
c5d95f48a16849ab6bebc68fbbfcb74a,MIA@LV,Miami Dolphins D/ST,bovada,600,2026-09-13T19:15:46+00:00,2026-09-13T19:20:36+00:00,2026-09-13T19:25:00+00:00
c5d95f48a16849ab6bebc68fbbfcb74a,MIA@LV,Ollie Gordon II,bovada,500,2026-09-13T19:15:46+00:00,2026-09-13T19:20:36+00:00,2026-09-13T19:25:00+00:00
c5d95f48a16849ab6bebc68fbbfcb74a,MIA@LV,Jaylen Wright,bovada,725,2026-09-13T19:15:46+00:00,2026-09-13T19:20:36+00:00,2026-09-13T19:25:00+00:00
17885cb8dcade8f6c3bce14b2de805e8,WAS@PHI,Saquon Barkley,draftkings,-125,2026-09-13T19:20:06+00:00,2026-09-13T19:20:36+00:00,2026-09-13T19:25:00+00:00
17885cb8dcade8f6c3bce14b2de805e8,WAS@PHI,Jalen Hurts,draftkings,135,2026-09-13T19:20:06+00:00,2026-09-13T19:20:36+00:00,2026-09-13T19:25:00+00:00
17885cb8dcade8f6c3bce14b2de805e8,WAS@PHI,Jacory Croskey-Merritt,draftkings,160,2026-09-13T19:20:06+00:00,2026-09-13T19:20:36+00:00,2026-09-13T19:25:00+00:00
17885cb8dcade8f6c3bce14b2de805e8,WAS@PHI,DeVonta Smith,draftkings,180,2026-09-13T19:20:06+00:00,2026-09-13T19:20:36+00:00,2026-09-13T19:25:00+00:00
17885cb8dcade8f6c3bce14b2de805e8,WAS@PHI,Dallas Goedert,draftkings,210,2026-09-13T19:20:06+00:00,2026-09-13T19:20:36+00:00,2026-09-13T19:25:00+00:00
17885cb8dcade8f6c3bce14b2de805e8,WAS@PHI,Rachaad White,draftkings,245,2026-09-13T19:20:06+00:00,2026-09-13T19:20:36+00:00,2026-09-13T19:25:00+00:00
17885cb8dcade8f6c3bce14b2de805e8,WAS@PHI,Terry McLaurin,draftkings,270,2026-09-13T19:20:06+00:00,2026-09-13T19:20:36+00:00,2026-09-13T19:25:00+00:00
17885cb8dcade8f6c3bce14b2de805e8,WAS@PHI,Jayden Daniels,draftkings,270,2026-09-13T19:20:06+00:00,2026-09-13T19:20:36+00:00,2026-09-13T19:25:00+00:00
17885cb8dcade8f6c3bce14b2de805e8,WAS@PHI,Dontayvion Wicks,draftkings,350,2026-09-13T19:20:06+00:00,2026-09-13T19:20:36+00:00,2026-09-13T19:25:00+00:00
17885cb8dcade8f6c3bce14b2de805e8,WAS@PHI,Makai Lemon,draftkings,370,2026-09-13T19:20:06+00:00,2026-09-13T19:20:36+00:00,2026-09-13T19:25:00+00:00
17885cb8dcade8f6c3bce14b2de805e8,WAS@PHI,Tank Bigsby,draftkings,380,2026-09-13T19:20:06+00:00,2026-09-13T19:20:36+00:00,2026-09-13T19:25:00+00:00
17885cb8dcade8f6c3bce14b2de805e8,WAS@PHI,Stefon Diggs,draftkings,380,2026-09-13T19:20:06+00:00,2026-09-13T19:20:36+00:00,2026-09-13T19:25:00+00:00
17885cb8dcade8f6c3bce14b2de805e8,WAS@PHI,Chig Okonkwo,draftkings,425,2026-09-13T19:20:06+00:00,2026-09-13T19:20:36+00:00,2026-09-13T19:25:00+00:00
17885cb8dcade8f6c3bce14b2de805e8,WAS@PHI,Philadelphia Eagles D/ST,draftkings,500,2026-09-13T19:20:06+00:00,2026-09-13T19:20:36+00:00,2026-09-13T19:25:00+00:00
17885cb8dcade8f6c3bce14b2de805e8,WAS@PHI,Washington Commanders D/ST,draftkings,650,2026-09-13T19:20:06+00:00,2026-09-13T19:20:36+00:00,2026-09-13T19:25:00+00:00
17885cb8dcade8f6c3bce14b2de805e8,WAS@PHI,Antonio Williams,draftkings,750,2026-09-13T19:20:06+00:00,2026-09-13T19:20:36+00:00,2026-09-13T19:25:00+00:00
17885cb8dcade8f6c3bce14b2de805e8,WAS@PHI,Johnny Mundt,draftkings,800,2026-09-13T19:20:06+00:00,2026-09-13T19:20:36+00:00,2026-09-13T19:25:00+00:00
17885cb8dcade8f6c3bce14b2de805e8,WAS@PHI,Jaylin Lane,draftkings,950,2026-09-13T19:20:06+00:00,2026-09-13T19:20:36+00:00,2026-09-13T19:25:00+00:00
17885cb8dcade8f6c3bce14b2de805e8,WAS@PHI,Kaytron Allen,draftkings,950,2026-09-13T19:20:06+00:00,2026-09-13T19:20:36+00:00,2026-09-13T19:25:00+00:00
17885cb8dcade8f6c3bce14b2de805e8,WAS@PHI,Dyami Brown,draftkings,1300,2026-09-13T19:20:06+00:00,2026-09-13T19:20:36+00:00,2026-09-13T19:25:00+00:00
17885cb8dcade8f6c3bce14b2de805e8,WAS@PHI,Will Shipley,draftkings,1400,2026-09-13T19:20:06+00:00,2026-09-13T19:20:36+00:00,2026-09-13T19:25:00+00:00
17885cb8dcade8f6c3bce14b2de805e8,WAS@PHI,Darius Cooper,draftkings,2000,2026-09-13T19:20:06+00:00,2026-09-13T19:20:36+00:00,2026-09-13T19:25:00+00:00
17885cb8dcade8f6c3bce14b2de805e8,WAS@PHI,John Bates,draftkings,2000,2026-09-13T19:20:06+00:00,2026-09-13T19:20:36+00:00,2026-09-13T19:25:00+00:00
17885cb8dcade8f6c3bce14b2de805e8,WAS@PHI,E.J. Jenkins,draftkings,2200,2026-09-13T19:20:06+00:00,2026-09-13T19:20:36+00:00,2026-09-13T19:25:00+00:00
17885cb8dcade8f6c3bce14b2de805e8,WAS@PHI,Britain Covey,draftkings,2500,2026-09-13T19:20:06+00:00,2026-09-13T19:20:36+00:00,2026-09-13T19:25:00+00:00
17885cb8dcade8f6c3bce14b2de805e8,WAS@PHI,Colson Yankoff,draftkings,3000,2026-09-13T19:20:06+00:00,2026-09-13T19:20:36+00:00,2026-09-13T19:25:00+00:00
17885cb8dcade8f6c3bce14b2de805e8,WAS@PHI,Ben Sinnott,draftkings,3500,2026-09-13T19:20:06+00:00,2026-09-13T19:20:36+00:00,2026-09-13T19:25:00+00:00
17885cb8dcade8f6c3bce14b2de805e8,WAS@PHI,Saquon Barkley,fanduel,-120,2026-09-13T19:20:23+00:00,2026-09-13T19:20:36+00:00,2026-09-13T19:25:00+00:00
17885cb8dcade8f6c3bce14b2de805e8,WAS@PHI,Jalen Hurts,fanduel,120,2026-09-13T19:20:23+00:00,2026-09-13T19:20:36+00:00,2026-09-13T19:25:00+00:00
17885cb8dcade8f6c3bce14b2de805e8,WAS@PHI,Jacory Croskey-Merritt,fanduel,155,2026-09-13T19:20:23+00:00,2026-09-13T19:20:36+00:00,2026-09-13T19:25:00+00:00
17885cb8dcade8f6c3bce14b2de805e8,WAS@PHI,DeVonta Smith,fanduel,180,2026-09-13T19:20:23+00:00,2026-09-13T19:20:36+00:00,2026-09-13T19:25:00+00:00
17885cb8dcade8f6c3bce14b2de805e8,WAS@PHI,Dallas Goedert,fanduel,210,2026-09-13T19:20:23+00:00,2026-09-13T19:20:36+00:00,2026-09-13T19:25:00+00:00
17885cb8dcade8f6c3bce14b2de805e8,WAS@PHI,Rachaad White,fanduel,230,2026-09-13T19:20:23+00:00,2026-09-13T19:20:36+00:00,2026-09-13T19:25:00+00:00
17885cb8dcade8f6c3bce14b2de805e8,WAS@PHI,Jayden Daniels,fanduel,260,2026-09-13T19:20:23+00:00,2026-09-13T19:20:36+00:00,2026-09-13T19:25:00+00:00
17885cb8dcade8f6c3bce14b2de805e8,WAS@PHI,Terry McLaurin,fanduel,260,2026-09-13T19:20:23+00:00,2026-09-13T19:20:36+00:00,2026-09-13T19:25:00+00:00
17885cb8dcade8f6c3bce14b2de805e8,WAS@PHI,Dontayvion Wicks,fanduel,320,2026-09-13T19:20:23+00:00,2026-09-13T19:20:36+00:00,2026-09-13T19:25:00+00:00
17885cb8dcade8f6c3bce14b2de805e8,WAS@PHI,Stefon Diggs,fanduel,370,2026-09-13T19:20:23+00:00,2026-09-13T19:20:36+00:00,2026-09-13T19:25:00+00:00
17885cb8dcade8f6c3bce14b2de805e8,WAS@PHI,Makai Lemon,fanduel,400,2026-09-13T19:20:23+00:00,2026-09-13T19:20:36+00:00,2026-09-13T19:25:00+00:00
17885cb8dcade8f6c3bce14b2de805e8,WAS@PHI,Tank Bigsby,fanduel,400,2026-09-13T19:20:23+00:00,2026-09-13T19:20:36+00:00,2026-09-13T19:25:00+00:00
17885cb8dcade8f6c3bce14b2de805e8,WAS@PHI,Chig Okonkwo,fanduel,500,2026-09-13T19:20:23+00:00,2026-09-13T19:20:36+00:00,2026-09-13T19:25:00+00:00
17885cb8dcade8f6c3bce14b2de805e8,WAS@PHI,Washington Commanders Defense,fanduel,750,2026-09-13T19:20:23+00:00,2026-09-13T19:20:36+00:00,2026-09-13T19:25:00+00:00
17885cb8dcade8f6c3bce14b2de805e8,WAS@PHI,Antonio Williams,fanduel,800,2026-09-13T19:20:23+00:00,2026-09-13T19:20:36+00:00,2026-09-13T19:25:00+00:00
17885cb8dcade8f6c3bce14b2de805e8,WAS@PHI,Philadelphia Eagles Defense,fanduel,800,2026-09-13T19:20:23+00:00,2026-09-13T19:20:36+00:00,2026-09-13T19:25:00+00:00
17885cb8dcade8f6c3bce14b2de805e8,WAS@PHI,Kaytron Allen,fanduel,900,2026-09-13T19:20:23+00:00,2026-09-13T19:20:36+00:00,2026-09-13T19:25:00+00:00
17885cb8dcade8f6c3bce14b2de805e8,WAS@PHI,Will Shipley,fanduel,1300,2026-09-13T19:20:23+00:00,2026-09-13T19:20:36+00:00,2026-09-13T19:25:00+00:00
17885cb8dcade8f6c3bce14b2de805e8,WAS@PHI,Johnny Mundt,fanduel,1300,2026-09-13T19:20:23+00:00,2026-09-13T19:20:36+00:00,2026-09-13T19:25:00+00:00
17885cb8dcade8f6c3bce14b2de805e8,WAS@PHI,John Bates,fanduel,1800,2026-09-13T19:20:23+00:00,2026-09-13T19:20:36+00:00,2026-09-13T19:25:00+00:00
17885cb8dcade8f6c3bce14b2de805e8,WAS@PHI,Darius Cooper,fanduel,1800,2026-09-13T19:20:23+00:00,2026-09-13T19:20:36+00:00,2026-09-13T19:25:00+00:00
17885cb8dcade8f6c3bce14b2de805e8,WAS@PHI,Jaylin Lane,fanduel,2000,2026-09-13T19:20:23+00:00,2026-09-13T19:20:36+00:00,2026-09-13T19:25:00+00:00
17885cb8dcade8f6c3bce14b2de805e8,WAS@PHI,Dyami Brown,fanduel,2200,2026-09-13T19:20:23+00:00,2026-09-13T19:20:36+00:00,2026-09-13T19:25:00+00:00
17885cb8dcade8f6c3bce14b2de805e8,WAS@PHI,E.J. Jenkins,fanduel,3000,2026-09-13T19:20:23+00:00,2026-09-13T19:20:36+00:00,2026-09-13T19:25:00+00:00
17885cb8dcade8f6c3bce14b2de805e8,WAS@PHI,Britain Covey,fanduel,3000,2026-09-13T19:20:23+00:00,2026-09-13T19:20:36+00:00,2026-09-13T19:25:00+00:00
17885cb8dcade8f6c3bce14b2de805e8,WAS@PHI,Ben Sinnott,fanduel,3300,2026-09-13T19:20:23+00:00,2026-09-13T19:20:36+00:00,2026-09-13T19:25:00+00:00
17885cb8dcade8f6c3bce14b2de805e8,WAS@PHI,Colson Yankoff,fanduel,3500,2026-09-13T19:20:23+00:00,2026-09-13T19:20:36+00:00,2026-09-13T19:25:00+00:00
17885cb8dcade8f6c3bce14b2de805e8,WAS@PHI,Jaylin Lane,betrivers,850,2026-09-13T19:20:34+00:00,2026-09-13T19:20:36+00:00,2026-09-13T19:25:00+00:00
17885cb8dcade8f6c3bce14b2de805e8,WAS@PHI,E.J. Jenkins,betrivers,1200,2026-09-13T19:20:34+00:00,2026-09-13T19:20:36+00:00,2026-09-13T19:25:00+00:00
17885cb8dcade8f6c3bce14b2de805e8,WAS@PHI,Chig Okonkwo,betrivers,380,2026-09-13T19:20:34+00:00,2026-09-13T19:20:36+00:00,2026-09-13T19:25:00+00:00
17885cb8dcade8f6c3bce14b2de805e8,WAS@PHI,Jayden Daniels,betrivers,230,2026-09-13T19:20:34+00:00,2026-09-13T19:20:36+00:00,2026-09-13T19:25:00+00:00
17885cb8dcade8f6c3bce14b2de805e8,WAS@PHI,John Bates,betrivers,950,2026-09-13T19:20:34+00:00,2026-09-13T19:20:36+00:00,2026-09-13T19:25:00+00:00
17885cb8dcade8f6c3bce14b2de805e8,WAS@PHI,DeVonta Smith,betrivers,185,2026-09-13T19:20:34+00:00,2026-09-13T19:20:36+00:00,2026-09-13T19:25:00+00:00
17885cb8dcade8f6c3bce14b2de805e8,WAS@PHI,Kaytron Allen,betrivers,650,2026-09-13T19:20:34+00:00,2026-09-13T19:20:36+00:00,2026-09-13T19:25:00+00:00
17885cb8dcade8f6c3bce14b2de805e8,WAS@PHI,Antonio Williams,betrivers,1050,2026-09-13T19:20:34+00:00,2026-09-13T19:20:36+00:00,2026-09-13T19:25:00+00:00
17885cb8dcade8f6c3bce14b2de805e8,WAS@PHI,Jalen Hurts,betrivers,112,2026-09-13T19:20:34+00:00,2026-09-13T19:20:36+00:00,2026-09-13T19:25:00+00:00
17885cb8dcade8f6c3bce14b2de805e8,WAS@PHI,Terry McLaurin,betrivers,255,2026-09-13T19:20:34+00:00,2026-09-13T19:20:36+00:00,2026-09-13T19:25:00+00:00
17885cb8dcade8f6c3bce14b2de805e8,WAS@PHI,Tank Bigsby,betrivers,540,2026-09-13T19:20:34+00:00,2026-09-13T19:20:36+00:00,2026-09-13T19:25:00+00:00
17885cb8dcade8f6c3bce14b2de805e8,WAS@PHI,Saquon Barkley,betrivers,-141,2026-09-13T19:20:34+00:00,2026-09-13T19:20:36+00:00,2026-09-13T19:25:00+00:00
17885cb8dcade8f6c3bce14b2de805e8,WAS@PHI,Will Shipley,betrivers,1300,2026-09-13T19:20:34+00:00,2026-09-13T19:20:36+00:00,2026-09-13T19:25:00+00:00
17885cb8dcade8f6c3bce14b2de805e8,WAS@PHI,Rachaad White,betrivers,230,2026-09-13T19:20:34+00:00,2026-09-13T19:20:36+00:00,2026-09-13T19:25:00+00:00
17885cb8dcade8f6c3bce14b2de805e8,WAS@PHI,Stefon Diggs,betrivers,350,2026-09-13T19:20:34+00:00,2026-09-13T19:20:36+00:00,2026-09-13T19:25:00+00:00
17885cb8dcade8f6c3bce14b2de805e8,WAS@PHI,Dontayvion Wicks,betrivers,300,2026-09-13T19:20:34+00:00,2026-09-13T19:20:36+00:00,2026-09-13T19:25:00+00:00
17885cb8dcade8f6c3bce14b2de805e8,WAS@PHI,Ben Sinnott,betrivers,1900,2026-09-13T19:20:34+00:00,2026-09-13T19:20:36+00:00,2026-09-13T19:25:00+00:00
17885cb8dcade8f6c3bce14b2de805e8,WAS@PHI,Makai Lemon,betrivers,400,2026-09-13T19:20:34+00:00,2026-09-13T19:20:36+00:00,2026-09-13T19:25:00+00:00
17885cb8dcade8f6c3bce14b2de805e8,WAS@PHI,Darius Cooper,betrivers,1800,2026-09-13T19:20:34+00:00,2026-09-13T19:20:36+00:00,2026-09-13T19:25:00+00:00
17885cb8dcade8f6c3bce14b2de805e8,WAS@PHI,Johnny Mundt,betrivers,1400,2026-09-13T19:20:34+00:00,2026-09-13T19:20:36+00:00,2026-09-13T19:25:00+00:00
17885cb8dcade8f6c3bce14b2de805e8,WAS@PHI,Dyami Brown,betrivers,1400,2026-09-13T19:20:34+00:00,2026-09-13T19:20:36+00:00,2026-09-13T19:25:00+00:00
17885cb8dcade8f6c3bce14b2de805e8,WAS@PHI,Colson Yankoff,betrivers,2400,2026-09-13T19:20:34+00:00,2026-09-13T19:20:36+00:00,2026-09-13T19:25:00+00:00
17885cb8dcade8f6c3bce14b2de805e8,WAS@PHI,Dallas Goedert,betrivers,230,2026-09-13T19:20:34+00:00,2026-09-13T19:20:36+00:00,2026-09-13T19:25:00+00:00
17885cb8dcade8f6c3bce14b2de805e8,WAS@PHI,Jacory Croskey-Merritt,betrivers,145,2026-09-13T19:20:34+00:00,2026-09-13T19:20:36+00:00,2026-09-13T19:25:00+00:00
17885cb8dcade8f6c3bce14b2de805e8,WAS@PHI,Terry McLaurin,betonlineag,260,2026-09-13T19:19:35+00:00,2026-09-13T19:20:36+00:00,2026-09-13T19:25:00+00:00
17885cb8dcade8f6c3bce14b2de805e8,WAS@PHI,Dallas Goedert,betonlineag,210,2026-09-13T19:19:35+00:00,2026-09-13T19:20:36+00:00,2026-09-13T19:25:00+00:00
17885cb8dcade8f6c3bce14b2de805e8,WAS@PHI,Jalen Hurts,betonlineag,120,2026-09-13T19:19:35+00:00,2026-09-13T19:20:36+00:00,2026-09-13T19:25:00+00:00
17885cb8dcade8f6c3bce14b2de805e8,WAS@PHI,DeVonta Smith,betonlineag,170,2026-09-13T19:19:35+00:00,2026-09-13T19:20:36+00:00,2026-09-13T19:25:00+00:00
17885cb8dcade8f6c3bce14b2de805e8,WAS@PHI,Saquon Barkley,betonlineag,-143,2026-09-13T19:19:35+00:00,2026-09-13T19:20:36+00:00,2026-09-13T19:25:00+00:00
17885cb8dcade8f6c3bce14b2de805e8,WAS@PHI,Jayden Daniels,betonlineag,260,2026-09-13T19:19:35+00:00,2026-09-13T19:20:36+00:00,2026-09-13T19:25:00+00:00
17885cb8dcade8f6c3bce14b2de805e8,WAS@PHI,Tank Bigsby,betonlineag,350,2026-09-13T19:19:35+00:00,2026-09-13T19:20:36+00:00,2026-09-13T19:25:00+00:00
17885cb8dcade8f6c3bce14b2de805e8,WAS@PHI,Rachaad White,betonlineag,230,2026-09-13T19:19:35+00:00,2026-09-13T19:20:36+00:00,2026-09-13T19:25:00+00:00
17885cb8dcade8f6c3bce14b2de805e8,WAS@PHI,Chig Okonkwo,betonlineag,400,2026-09-13T19:19:35+00:00,2026-09-13T19:20:36+00:00,2026-09-13T19:25:00+00:00
17885cb8dcade8f6c3bce14b2de805e8,WAS@PHI,Jacory Croskey-Merritt,betonlineag,150,2026-09-13T19:19:35+00:00,2026-09-13T19:20:36+00:00,2026-09-13T19:25:00+00:00
17885cb8dcade8f6c3bce14b2de805e8,WAS@PHI,Treylon Burks,betonlineag,800,2026-09-13T19:19:35+00:00,2026-09-13T19:20:36+00:00,2026-09-13T19:25:00+00:00
17885cb8dcade8f6c3bce14b2de805e8,WAS@PHI,Dontayvion Wicks,betonlineag,300,2026-09-13T19:19:35+00:00,2026-09-13T19:20:36+00:00,2026-09-13T19:25:00+00:00
17885cb8dcade8f6c3bce14b2de805e8,WAS@PHI,Makai Lemon,betonlineag,350,2026-09-13T19:19:35+00:00,2026-09-13T19:20:36+00:00,2026-09-13T19:25:00+00:00
17885cb8dcade8f6c3bce14b2de805e8,WAS@PHI,Antonio Williams,betonlineag,750,2026-09-13T19:19:35+00:00,2026-09-13T19:20:36+00:00,2026-09-13T19:25:00+00:00
17885cb8dcade8f6c3bce14b2de805e8,WAS@PHI,Hollywood Brown,betonlineag,700,2026-09-13T19:19:35+00:00,2026-09-13T19:20:36+00:00,2026-09-13T19:25:00+00:00
17885cb8dcade8f6c3bce14b2de805e8,WAS@PHI,Stefon Diggs,betonlineag,350,2026-09-13T19:19:35+00:00,2026-09-13T19:20:36+00:00,2026-09-13T19:25:00+00:00
17885cb8dcade8f6c3bce14b2de805e8,WAS@PHI,Elijah Moore,betonlineag,1400,2026-09-13T19:19:35+00:00,2026-09-13T19:20:36+00:00,2026-09-13T19:25:00+00:00
17885cb8dcade8f6c3bce14b2de805e8,WAS@PHI,Luke McCaffrey,betonlineag,1300,2026-09-13T19:19:35+00:00,2026-09-13T19:20:36+00:00,2026-09-13T19:25:00+00:00
17885cb8dcade8f6c3bce14b2de805e8,WAS@PHI,Darius Cooper,betonlineag,1700,2026-09-13T19:19:35+00:00,2026-09-13T19:20:36+00:00,2026-09-13T19:25:00+00:00
17885cb8dcade8f6c3bce14b2de805e8,WAS@PHI,Will Shipley,betonlineag,1100,2026-09-13T19:19:35+00:00,2026-09-13T19:20:36+00:00,2026-09-13T19:25:00+00:00
17885cb8dcade8f6c3bce14b2de805e8,WAS@PHI,Kaytron Allen,betonlineag,900,2026-09-13T19:19:35+00:00,2026-09-13T19:20:36+00:00,2026-09-13T19:25:00+00:00
17885cb8dcade8f6c3bce14b2de805e8,WAS@PHI,Jaylin Lane,betonlineag,900,2026-09-13T19:19:35+00:00,2026-09-13T19:20:36+00:00,2026-09-13T19:25:00+00:00
17885cb8dcade8f6c3bce14b2de805e8,WAS@PHI,Johnny Mundt,betonlineag,800,2026-09-13T19:19:35+00:00,2026-09-13T19:20:36+00:00,2026-09-13T19:25:00+00:00
17885cb8dcade8f6c3bce14b2de805e8,WAS@PHI,Ben Sinnott,betonlineag,1100,2026-09-13T19:19:35+00:00,2026-09-13T19:20:36+00:00,2026-09-13T19:25:00+00:00
17885cb8dcade8f6c3bce14b2de805e8,WAS@PHI,Colson Yankoff,betonlineag,1300,2026-09-13T19:19:35+00:00,2026-09-13T19:20:36+00:00,2026-09-13T19:25:00+00:00
17885cb8dcade8f6c3bce14b2de805e8,WAS@PHI,John Bates,betonlineag,1300,2026-09-13T19:19:35+00:00,2026-09-13T19:20:36+00:00,2026-09-13T19:25:00+00:00
17885cb8dcade8f6c3bce14b2de805e8,WAS@PHI,Dyami Brown,betonlineag,900,2026-09-13T19:19:35+00:00,2026-09-13T19:20:36+00:00,2026-09-13T19:25:00+00:00
17885cb8dcade8f6c3bce14b2de805e8,WAS@PHI,E.J. Jenkins,betonlineag,1900,2026-09-13T19:19:35+00:00,2026-09-13T19:20:36+00:00,2026-09-13T19:25:00+00:00
17885cb8dcade8f6c3bce14b2de805e8,WAS@PHI,No Scorer,fanatics,6000,2026-09-13T19:20:16+00:00,2026-09-13T19:20:36+00:00,2026-09-13T19:25:00+00:00
17885cb8dcade8f6c3bce14b2de805e8,WAS@PHI,Saquon Barkley,fanatics,-115,2026-09-13T19:20:16+00:00,2026-09-13T19:20:36+00:00,2026-09-13T19:25:00+00:00
17885cb8dcade8f6c3bce14b2de805e8,WAS@PHI,Dallas Goedert,fanatics,210,2026-09-13T19:20:16+00:00,2026-09-13T19:20:36+00:00,2026-09-13T19:25:00+00:00
17885cb8dcade8f6c3bce14b2de805e8,WAS@PHI,Jalen Hurts,fanatics,130,2026-09-13T19:20:16+00:00,2026-09-13T19:20:36+00:00,2026-09-13T19:25:00+00:00
17885cb8dcade8f6c3bce14b2de805e8,WAS@PHI,DeVonta Smith,fanatics,190,2026-09-13T19:20:16+00:00,2026-09-13T19:20:36+00:00,2026-09-13T19:25:00+00:00
17885cb8dcade8f6c3bce14b2de805e8,WAS@PHI,Philadelphia Eagles D/ST,fanatics,475,2026-09-13T19:20:16+00:00,2026-09-13T19:20:36+00:00,2026-09-13T19:25:00+00:00
17885cb8dcade8f6c3bce14b2de805e8,WAS@PHI,Terry McLaurin,fanatics,300,2026-09-13T19:20:16+00:00,2026-09-13T19:20:36+00:00,2026-09-13T19:25:00+00:00
17885cb8dcade8f6c3bce14b2de805e8,WAS@PHI,Jacory Croskey-Merritt,fanatics,170,2026-09-13T19:20:16+00:00,2026-09-13T19:20:36+00:00,2026-09-13T19:25:00+00:00
17885cb8dcade8f6c3bce14b2de805e8,WAS@PHI,Washington Commanders D/ST,fanatics,650,2026-09-13T19:20:16+00:00,2026-09-13T19:20:36+00:00,2026-09-13T19:25:00+00:00
17885cb8dcade8f6c3bce14b2de805e8,WAS@PHI,Chig Okonkwo,fanatics,525,2026-09-13T19:20:16+00:00,2026-09-13T19:20:36+00:00,2026-09-13T19:25:00+00:00
17885cb8dcade8f6c3bce14b2de805e8,WAS@PHI,Dontayvion Wicks,fanatics,280,2026-09-13T19:20:16+00:00,2026-09-13T19:20:36+00:00,2026-09-13T19:25:00+00:00
17885cb8dcade8f6c3bce14b2de805e8,WAS@PHI,Johnny Mundt,fanatics,1200,2026-09-13T19:20:16+00:00,2026-09-13T19:20:36+00:00,2026-09-13T19:25:00+00:00
17885cb8dcade8f6c3bce14b2de805e8,WAS@PHI,Makai Lemon,fanatics,475,2026-09-13T19:20:16+00:00,2026-09-13T19:20:36+00:00,2026-09-13T19:25:00+00:00
17885cb8dcade8f6c3bce14b2de805e8,WAS@PHI,Tank Bigsby,fanatics,475,2026-09-13T19:20:16+00:00,2026-09-13T19:20:36+00:00,2026-09-13T19:25:00+00:00
17885cb8dcade8f6c3bce14b2de805e8,WAS@PHI,Rachaad White,fanatics,265,2026-09-13T19:20:16+00:00,2026-09-13T19:20:36+00:00,2026-09-13T19:25:00+00:00
17885cb8dcade8f6c3bce14b2de805e8,WAS@PHI,Will Shipley,fanatics,1500,2026-09-13T19:20:16+00:00,2026-09-13T19:20:36+00:00,2026-09-13T19:25:00+00:00
17885cb8dcade8f6c3bce14b2de805e8,WAS@PHI,John Bates,fanatics,1700,2026-09-13T19:20:16+00:00,2026-09-13T19:20:36+00:00,2026-09-13T19:25:00+00:00
17885cb8dcade8f6c3bce14b2de805e8,WAS@PHI,Ben Sinnott,fanatics,3500,2026-09-13T19:20:16+00:00,2026-09-13T19:20:36+00:00,2026-09-13T19:25:00+00:00
17885cb8dcade8f6c3bce14b2de805e8,WAS@PHI,Jaylin Lane,fanatics,1300,2026-09-13T19:20:16+00:00,2026-09-13T19:20:36+00:00,2026-09-13T19:25:00+00:00
17885cb8dcade8f6c3bce14b2de805e8,WAS@PHI,Antonio Williams,fanatics,900,2026-09-13T19:20:16+00:00,2026-09-13T19:20:36+00:00,2026-09-13T19:25:00+00:00
17885cb8dcade8f6c3bce14b2de805e8,WAS@PHI,Kaytron Allen,fanatics,1000,2026-09-13T19:20:16+00:00,2026-09-13T19:20:36+00:00,2026-09-13T19:25:00+00:00
17885cb8dcade8f6c3bce14b2de805e8,WAS@PHI,Jayden Daniels,fanatics,280,2026-09-13T19:20:16+00:00,2026-09-13T19:20:36+00:00,2026-09-13T19:25:00+00:00
17885cb8dcade8f6c3bce14b2de805e8,WAS@PHI,Darius Cooper,fanatics,2200,2026-09-13T19:20:16+00:00,2026-09-13T19:20:36+00:00,2026-09-13T19:25:00+00:00
17885cb8dcade8f6c3bce14b2de805e8,WAS@PHI,Colson Yankoff,fanatics,4000,2026-09-13T19:20:16+00:00,2026-09-13T19:20:36+00:00,2026-09-13T19:25:00+00:00
17885cb8dcade8f6c3bce14b2de805e8,WAS@PHI,Dyami Brown,fanatics,1900,2026-09-13T19:20:16+00:00,2026-09-13T19:20:36+00:00,2026-09-13T19:25:00+00:00
17885cb8dcade8f6c3bce14b2de805e8,WAS@PHI,Stefon Diggs,fanatics,380,2026-09-13T19:20:16+00:00,2026-09-13T19:20:36+00:00,2026-09-13T19:25:00+00:00
17885cb8dcade8f6c3bce14b2de805e8,WAS@PHI,E.J. Jenkins,fanatics,3000,2026-09-13T19:20:16+00:00,2026-09-13T19:20:36+00:00,2026-09-13T19:25:00+00:00
17885cb8dcade8f6c3bce14b2de805e8,WAS@PHI,Saquon Barkley,williamhill_us,-140,2026-09-13T19:20:02+00:00,2026-09-13T19:20:36+00:00,2026-09-13T19:25:00+00:00
17885cb8dcade8f6c3bce14b2de805e8,WAS@PHI,Jacory Croskey-Merritt,williamhill_us,125,2026-09-13T19:20:02+00:00,2026-09-13T19:20:36+00:00,2026-09-13T19:25:00+00:00
17885cb8dcade8f6c3bce14b2de805e8,WAS@PHI,Jalen Hurts,williamhill_us,125,2026-09-13T19:20:02+00:00,2026-09-13T19:20:36+00:00,2026-09-13T19:25:00+00:00
17885cb8dcade8f6c3bce14b2de805e8,WAS@PHI,DeVonta Smith,williamhill_us,179,2026-09-13T19:20:02+00:00,2026-09-13T19:20:36+00:00,2026-09-13T19:25:00+00:00
17885cb8dcade8f6c3bce14b2de805e8,WAS@PHI,Dallas Goedert,williamhill_us,210,2026-09-13T19:20:02+00:00,2026-09-13T19:20:36+00:00,2026-09-13T19:25:00+00:00
17885cb8dcade8f6c3bce14b2de805e8,WAS@PHI,Rachaad White,williamhill_us,235,2026-09-13T19:20:02+00:00,2026-09-13T19:20:36+00:00,2026-09-13T19:25:00+00:00
17885cb8dcade8f6c3bce14b2de805e8,WAS@PHI,Jayden Daniels,williamhill_us,255,2026-09-13T19:20:02+00:00,2026-09-13T19:20:36+00:00,2026-09-13T19:25:00+00:00
17885cb8dcade8f6c3bce14b2de805e8,WAS@PHI,Terry McLaurin,williamhill_us,255,2026-09-13T19:20:02+00:00,2026-09-13T19:20:36+00:00,2026-09-13T19:25:00+00:00
17885cb8dcade8f6c3bce14b2de805e8,WAS@PHI,Dontayvion Wicks,williamhill_us,305,2026-09-13T19:20:02+00:00,2026-09-13T19:20:36+00:00,2026-09-13T19:25:00+00:00
17885cb8dcade8f6c3bce14b2de805e8,WAS@PHI,Makai Lemon,williamhill_us,360,2026-09-13T19:20:02+00:00,2026-09-13T19:20:36+00:00,2026-09-13T19:25:00+00:00
17885cb8dcade8f6c3bce14b2de805e8,WAS@PHI,Stefon Diggs,williamhill_us,370,2026-09-13T19:20:02+00:00,2026-09-13T19:20:36+00:00,2026-09-13T19:25:00+00:00
17885cb8dcade8f6c3bce14b2de805e8,WAS@PHI,Tank Bigsby,williamhill_us,380,2026-09-13T19:20:02+00:00,2026-09-13T19:20:36+00:00,2026-09-13T19:25:00+00:00
17885cb8dcade8f6c3bce14b2de805e8,WAS@PHI,Chig Okonkwo,williamhill_us,425,2026-09-13T19:20:02+00:00,2026-09-13T19:20:36+00:00,2026-09-13T19:25:00+00:00
17885cb8dcade8f6c3bce14b2de805e8,WAS@PHI,Antonio Williams,williamhill_us,750,2026-09-13T19:20:02+00:00,2026-09-13T19:20:36+00:00,2026-09-13T19:25:00+00:00
17885cb8dcade8f6c3bce14b2de805e8,WAS@PHI,Johnny Mundt,williamhill_us,950,2026-09-13T19:20:02+00:00,2026-09-13T19:20:36+00:00,2026-09-13T19:25:00+00:00
17885cb8dcade8f6c3bce14b2de805e8,WAS@PHI,Jaylin Lane,williamhill_us,1000,2026-09-13T19:20:02+00:00,2026-09-13T19:20:36+00:00,2026-09-13T19:25:00+00:00
17885cb8dcade8f6c3bce14b2de805e8,WAS@PHI,Kaytron Allen,williamhill_us,1000,2026-09-13T19:20:02+00:00,2026-09-13T19:20:36+00:00,2026-09-13T19:25:00+00:00
17885cb8dcade8f6c3bce14b2de805e8,WAS@PHI,Will Shipley,williamhill_us,1100,2026-09-13T19:20:02+00:00,2026-09-13T19:20:36+00:00,2026-09-13T19:25:00+00:00
17885cb8dcade8f6c3bce14b2de805e8,WAS@PHI,Dyami Brown,williamhill_us,1300,2026-09-13T19:20:02+00:00,2026-09-13T19:20:36+00:00,2026-09-13T19:25:00+00:00
17885cb8dcade8f6c3bce14b2de805e8,WAS@PHI,John Bates,williamhill_us,1500,2026-09-13T19:20:02+00:00,2026-09-13T19:20:36+00:00,2026-09-13T19:25:00+00:00
17885cb8dcade8f6c3bce14b2de805e8,WAS@PHI,Darius Cooper,williamhill_us,1800,2026-09-13T19:20:02+00:00,2026-09-13T19:20:36+00:00,2026-09-13T19:25:00+00:00
17885cb8dcade8f6c3bce14b2de805e8,WAS@PHI,Ben Sinnott,williamhill_us,2300,2026-09-13T19:20:02+00:00,2026-09-13T19:20:36+00:00,2026-09-13T19:25:00+00:00
17885cb8dcade8f6c3bce14b2de805e8,WAS@PHI,E.J. Jenkins,williamhill_us,2300,2026-09-13T19:20:02+00:00,2026-09-13T19:20:36+00:00,2026-09-13T19:25:00+00:00
17885cb8dcade8f6c3bce14b2de805e8,WAS@PHI,Colson Yankoff,williamhill_us,2400,2026-09-13T19:20:02+00:00,2026-09-13T19:20:36+00:00,2026-09-13T19:25:00+00:00
17885cb8dcade8f6c3bce14b2de805e8,WAS@PHI,Britain Covey,williamhill_us,2500,2026-09-13T19:20:02+00:00,2026-09-13T19:20:36+00:00,2026-09-13T19:25:00+00:00
17885cb8dcade8f6c3bce14b2de805e8,WAS@PHI,Hollywood Brown,betmgm,800,2026-09-13T19:20:20+00:00,2026-09-13T19:20:36+00:00,2026-09-13T19:25:00+00:00
17885cb8dcade8f6c3bce14b2de805e8,WAS@PHI,Tank Bigsby,betmgm,450,2026-09-13T19:20:20+00:00,2026-09-13T19:20:36+00:00,2026-09-13T19:25:00+00:00
17885cb8dcade8f6c3bce14b2de805e8,WAS@PHI,Elijah Moore,betmgm,2200,2026-09-13T19:20:20+00:00,2026-09-13T19:20:36+00:00,2026-09-13T19:25:00+00:00
17885cb8dcade8f6c3bce14b2de805e8,WAS@PHI,Dallas Goedert,betmgm,195,2026-09-13T19:20:20+00:00,2026-09-13T19:20:36+00:00,2026-09-13T19:25:00+00:00
17885cb8dcade8f6c3bce14b2de805e8,WAS@PHI,Washington Commanders D/ST,betmgm,675,2026-09-13T19:20:20+00:00,2026-09-13T19:20:36+00:00,2026-09-13T19:25:00+00:00
17885cb8dcade8f6c3bce14b2de805e8,WAS@PHI,DeVonta Smith,betmgm,165,2026-09-13T19:20:20+00:00,2026-09-13T19:20:36+00:00,2026-09-13T19:25:00+00:00
17885cb8dcade8f6c3bce14b2de805e8,WAS@PHI,Johnny Mundt,betmgm,1300,2026-09-13T19:20:20+00:00,2026-09-13T19:20:36+00:00,2026-09-13T19:25:00+00:00
17885cb8dcade8f6c3bce14b2de805e8,WAS@PHI,Dontayvion Wicks,betmgm,340,2026-09-13T19:20:20+00:00,2026-09-13T19:20:36+00:00,2026-09-13T19:25:00+00:00
17885cb8dcade8f6c3bce14b2de805e8,WAS@PHI,Darius Cooper,betmgm,2500,2026-09-13T19:20:20+00:00,2026-09-13T19:20:36+00:00,2026-09-13T19:25:00+00:00
17885cb8dcade8f6c3bce14b2de805e8,WAS@PHI,Jalen Hurts,betmgm,125,2026-09-13T19:20:20+00:00,2026-09-13T19:20:36+00:00,2026-09-13T19:25:00+00:00
17885cb8dcade8f6c3bce14b2de805e8,WAS@PHI,Makai Lemon,betmgm,375,2026-09-13T19:20:20+00:00,2026-09-13T19:20:36+00:00,2026-09-13T19:25:00+00:00
17885cb8dcade8f6c3bce14b2de805e8,WAS@PHI,Philadelphia Eagles D/ST,betmgm,450,2026-09-13T19:20:20+00:00,2026-09-13T19:20:36+00:00,2026-09-13T19:25:00+00:00
17885cb8dcade8f6c3bce14b2de805e8,WAS@PHI,Will Shipley,betmgm,1350,2026-09-13T19:20:20+00:00,2026-09-13T19:20:36+00:00,2026-09-13T19:25:00+00:00
17885cb8dcade8f6c3bce14b2de805e8,WAS@PHI,Saquon Barkley,betmgm,-140,2026-09-13T19:20:20+00:00,2026-09-13T19:20:36+00:00,2026-09-13T19:25:00+00:00
17885cb8dcade8f6c3bce14b2de805e8,WAS@PHI,Dyami Brown,betmgm,2200,2026-09-13T19:20:20+00:00,2026-09-13T19:20:36+00:00,2026-09-13T19:25:00+00:00
17885cb8dcade8f6c3bce14b2de805e8,WAS@PHI,John Bates,betmgm,1650,2026-09-13T19:20:20+00:00,2026-09-13T19:20:36+00:00,2026-09-13T19:25:00+00:00
17885cb8dcade8f6c3bce14b2de805e8,WAS@PHI,Rachaad White,betmgm,240,2026-09-13T19:20:20+00:00,2026-09-13T19:20:36+00:00,2026-09-13T19:25:00+00:00
17885cb8dcade8f6c3bce14b2de805e8,WAS@PHI,Luke McCaffrey,betmgm,1650,2026-09-13T19:20:20+00:00,2026-09-13T19:20:36+00:00,2026-09-13T19:25:00+00:00
17885cb8dcade8f6c3bce14b2de805e8,WAS@PHI,Chig Okonkwo,betmgm,375,2026-09-13T19:20:20+00:00,2026-09-13T19:20:36+00:00,2026-09-13T19:25:00+00:00
17885cb8dcade8f6c3bce14b2de805e8,WAS@PHI,Stefon Diggs,betmgm,270,2026-09-13T19:20:20+00:00,2026-09-13T19:20:36+00:00,2026-09-13T19:25:00+00:00
17885cb8dcade8f6c3bce14b2de805e8,WAS@PHI,Antonio Williams,betmgm,1050,2026-09-13T19:20:20+00:00,2026-09-13T19:20:36+00:00,2026-09-13T19:25:00+00:00
17885cb8dcade8f6c3bce14b2de805e8,WAS@PHI,Terry McLaurin,betmgm,230,2026-09-13T19:20:20+00:00,2026-09-13T19:20:36+00:00,2026-09-13T19:25:00+00:00
17885cb8dcade8f6c3bce14b2de805e8,WAS@PHI,Ben Sinnott,betmgm,2500,2026-09-13T19:20:20+00:00,2026-09-13T19:20:36+00:00,2026-09-13T19:25:00+00:00
17885cb8dcade8f6c3bce14b2de805e8,WAS@PHI,Treylon Burks,betmgm,625,2026-09-13T19:20:20+00:00,2026-09-13T19:20:36+00:00,2026-09-13T19:25:00+00:00
17885cb8dcade8f6c3bce14b2de805e8,WAS@PHI,Jaylin Lane,betmgm,2000,2026-09-13T19:20:20+00:00,2026-09-13T19:20:36+00:00,2026-09-13T19:25:00+00:00
17885cb8dcade8f6c3bce14b2de805e8,WAS@PHI,Jacory Croskey-Merritt,betmgm,165,2026-09-13T19:20:20+00:00,2026-09-13T19:20:36+00:00,2026-09-13T19:25:00+00:00
17885cb8dcade8f6c3bce14b2de805e8,WAS@PHI,Kaytron Allen,betmgm,1100,2026-09-13T19:20:20+00:00,2026-09-13T19:20:36+00:00,2026-09-13T19:25:00+00:00
17885cb8dcade8f6c3bce14b2de805e8,WAS@PHI,Jayden Daniels,betmgm,230,2026-09-13T19:20:20+00:00,2026-09-13T19:20:36+00:00,2026-09-13T19:25:00+00:00
17885cb8dcade8f6c3bce14b2de805e8,WAS@PHI,Colson Yankoff,betmgm,5500,2026-09-13T19:20:20+00:00,2026-09-13T19:20:36+00:00,2026-09-13T19:25:00+00:00
17885cb8dcade8f6c3bce14b2de805e8,WAS@PHI,Britain Covey,bovada,2500,2026-09-13T19:18:56+00:00,2026-09-13T19:20:36+00:00,2026-09-13T19:25:00+00:00
17885cb8dcade8f6c3bce14b2de805e8,WAS@PHI,E.J. Jenkins,bovada,2200,2026-09-13T19:18:56+00:00,2026-09-13T19:20:36+00:00,2026-09-13T19:25:00+00:00
17885cb8dcade8f6c3bce14b2de805e8,WAS@PHI,Dyami Brown,bovada,1300,2026-09-13T19:18:56+00:00,2026-09-13T19:20:36+00:00,2026-09-13T19:25:00+00:00
17885cb8dcade8f6c3bce14b2de805e8,WAS@PHI,Ben Sinnott,bovada,3300,2026-09-13T19:18:56+00:00,2026-09-13T19:20:36+00:00,2026-09-13T19:25:00+00:00
17885cb8dcade8f6c3bce14b2de805e8,WAS@PHI,Washington Commanders D/ST,bovada,625,2026-09-13T19:18:56+00:00,2026-09-13T19:20:36+00:00,2026-09-13T19:25:00+00:00
17885cb8dcade8f6c3bce14b2de805e8,WAS@PHI,Philadelphia Eagles D/ST,bovada,500,2026-09-13T19:18:56+00:00,2026-09-13T19:20:36+00:00,2026-09-13T19:25:00+00:00
17885cb8dcade8f6c3bce14b2de805e8,WAS@PHI,Saquon Barkley,bovada,-125,2026-09-13T19:18:56+00:00,2026-09-13T19:20:36+00:00,2026-09-13T19:25:00+00:00
17885cb8dcade8f6c3bce14b2de805e8,WAS@PHI,Jacory Croskey-Merritt,bovada,160,2026-09-13T19:18:56+00:00,2026-09-13T19:20:36+00:00,2026-09-13T19:25:00+00:00
17885cb8dcade8f6c3bce14b2de805e8,WAS@PHI,Jalen Hurts,bovada,135,2026-09-13T19:18:56+00:00,2026-09-13T19:20:36+00:00,2026-09-13T19:25:00+00:00
17885cb8dcade8f6c3bce14b2de805e8,WAS@PHI,Dallas Goedert,bovada,210,2026-09-13T19:18:56+00:00,2026-09-13T19:20:36+00:00,2026-09-13T19:25:00+00:00
17885cb8dcade8f6c3bce14b2de805e8,WAS@PHI,Johnny Mundt,bovada,800,2026-09-13T19:18:56+00:00,2026-09-13T19:20:36+00:00,2026-09-13T19:25:00+00:00
17885cb8dcade8f6c3bce14b2de805e8,WAS@PHI,Terry McLaurin,bovada,270,2026-09-13T19:18:56+00:00,2026-09-13T19:20:36+00:00,2026-09-13T19:25:00+00:00
17885cb8dcade8f6c3bce14b2de805e8,WAS@PHI,Will Shipley,bovada,1400,2026-09-13T19:18:56+00:00,2026-09-13T19:20:36+00:00,2026-09-13T19:25:00+00:00
17885cb8dcade8f6c3bce14b2de805e8,WAS@PHI,Stefon Diggs,bovada,380,2026-09-13T19:18:56+00:00,2026-09-13T19:20:36+00:00,2026-09-13T19:25:00+00:00
17885cb8dcade8f6c3bce14b2de805e8,WAS@PHI,Antonio Williams,bovada,725,2026-09-13T19:18:56+00:00,2026-09-13T19:20:36+00:00,2026-09-13T19:25:00+00:00
17885cb8dcade8f6c3bce14b2de805e8,WAS@PHI,Rachaad White,bovada,245,2026-09-13T19:18:56+00:00,2026-09-13T19:20:36+00:00,2026-09-13T19:25:00+00:00
17885cb8dcade8f6c3bce14b2de805e8,WAS@PHI,Jayden Daniels,bovada,270,2026-09-13T19:18:56+00:00,2026-09-13T19:20:36+00:00,2026-09-13T19:25:00+00:00
17885cb8dcade8f6c3bce14b2de805e8,WAS@PHI,Makai Lemon,bovada,370,2026-09-13T19:18:56+00:00,2026-09-13T19:20:36+00:00,2026-09-13T19:25:00+00:00
17885cb8dcade8f6c3bce14b2de805e8,WAS@PHI,Tank Bigsby,bovada,380,2026-09-13T19:18:56+00:00,2026-09-13T19:20:36+00:00,2026-09-13T19:25:00+00:00
17885cb8dcade8f6c3bce14b2de805e8,WAS@PHI,Colson Yankoff,bovada,2800,2026-09-13T19:18:56+00:00,2026-09-13T19:20:36+00:00,2026-09-13T19:25:00+00:00
17885cb8dcade8f6c3bce14b2de805e8,WAS@PHI,Chig Okonkwo,bovada,420,2026-09-13T19:18:56+00:00,2026-09-13T19:20:36+00:00,2026-09-13T19:25:00+00:00
17885cb8dcade8f6c3bce14b2de805e8,WAS@PHI,Jaylin Lane,bovada,900,2026-09-13T19:18:56+00:00,2026-09-13T19:20:36+00:00,2026-09-13T19:25:00+00:00
17885cb8dcade8f6c3bce14b2de805e8,WAS@PHI,Darius Cooper,bovada,2000,2026-09-13T19:18:56+00:00,2026-09-13T19:20:36+00:00,2026-09-13T19:25:00+00:00
17885cb8dcade8f6c3bce14b2de805e8,WAS@PHI,Kaytron Allen,bovada,900,2026-09-13T19:18:56+00:00,2026-09-13T19:20:36+00:00,2026-09-13T19:25:00+00:00
17885cb8dcade8f6c3bce14b2de805e8,WAS@PHI,DeVonta Smith,bovada,180,2026-09-13T19:18:56+00:00,2026-09-13T19:20:36+00:00,2026-09-13T19:25:00+00:00
17885cb8dcade8f6c3bce14b2de805e8,WAS@PHI,Dontayvion Wicks,bovada,350,2026-09-13T19:18:56+00:00,2026-09-13T19:20:36+00:00,2026-09-13T19:25:00+00:00
17885cb8dcade8f6c3bce14b2de805e8,WAS@PHI,John Bates,bovada,2000,2026-09-13T19:18:56+00:00,2026-09-13T19:20:36+00:00,2026-09-13T19:25:00+00:00
3e646c7479c57f5d9752d8c7dfe7059b,DAL@NYG,Javonte Williams,draftkings,-155,2026-09-13T23:15:03+00:00,2026-09-13T23:15:36+00:00,2026-09-13T23:20:00+00:00
3e646c7479c57f5d9752d8c7dfe7059b,DAL@NYG,Cam Skattebo,draftkings,105,2026-09-13T23:15:03+00:00,2026-09-13T23:15:36+00:00,2026-09-13T23:20:00+00:00
3e646c7479c57f5d9752d8c7dfe7059b,DAL@NYG,CeeDee Lamb,draftkings,125,2026-09-13T23:15:03+00:00,2026-09-13T23:15:36+00:00,2026-09-13T23:20:00+00:00
3e646c7479c57f5d9752d8c7dfe7059b,DAL@NYG,George Pickens,draftkings,155,2026-09-13T23:15:03+00:00,2026-09-13T23:15:36+00:00,2026-09-13T23:20:00+00:00
3e646c7479c57f5d9752d8c7dfe7059b,DAL@NYG,Malik Nabers,draftkings,200,2026-09-13T23:15:03+00:00,2026-09-13T23:15:36+00:00,2026-09-13T23:20:00+00:00
3e646c7479c57f5d9752d8c7dfe7059b,DAL@NYG,Jaxson Dart,draftkings,215,2026-09-13T23:15:03+00:00,2026-09-13T23:15:36+00:00,2026-09-13T23:20:00+00:00
3e646c7479c57f5d9752d8c7dfe7059b,DAL@NYG,Jake Ferguson,draftkings,275,2026-09-13T23:15:03+00:00,2026-09-13T23:15:36+00:00,2026-09-13T23:20:00+00:00
3e646c7479c57f5d9752d8c7dfe7059b,DAL@NYG,Tyrone Tracy Jr.,draftkings,320,2026-09-13T23:15:03+00:00,2026-09-13T23:15:36+00:00,2026-09-13T23:20:00+00:00
3e646c7479c57f5d9752d8c7dfe7059b,DAL@NYG,Isaiah Likely,draftkings,340,2026-09-13T23:15:03+00:00,2026-09-13T23:15:36+00:00,2026-09-13T23:20:00+00:00
3e646c7479c57f5d9752d8c7dfe7059b,DAL@NYG,Ryan Flournoy,draftkings,370,2026-09-13T23:15:03+00:00,2026-09-13T23:15:36+00:00,2026-09-13T23:20:00+00:00
3e646c7479c57f5d9752d8c7dfe7059b,DAL@NYG,Malachi Fields,draftkings,425,2026-09-13T23:15:03+00:00,2026-09-13T23:15:36+00:00,2026-09-13T23:20:00+00:00
3e646c7479c57f5d9752d8c7dfe7059b,DAL@NYG,Emari Demercado,draftkings,475,2026-09-13T23:15:03+00:00,2026-09-13T23:15:36+00:00,2026-09-13T23:20:00+00:00
3e646c7479c57f5d9752d8c7dfe7059b,DAL@NYG,Theo Johnson,draftkings,600,2026-09-13T23:15:03+00:00,2026-09-13T23:15:36+00:00,2026-09-13T23:20:00+00:00
3e646c7479c57f5d9752d8c7dfe7059b,DAL@NYG,New York Giants D/ST,draftkings,600,2026-09-13T23:15:03+00:00,2026-09-13T23:15:36+00:00,2026-09-13T23:20:00+00:00
3e646c7479c57f5d9752d8c7dfe7059b,DAL@NYG,Dallas Cowboys D/ST,draftkings,600,2026-09-13T23:15:03+00:00,2026-09-13T23:15:36+00:00,2026-09-13T23:20:00+00:00
3e646c7479c57f5d9752d8c7dfe7059b,DAL@NYG,Darnell Mooney,draftkings,650,2026-09-13T23:15:03+00:00,2026-09-13T23:15:36+00:00,2026-09-13T23:20:00+00:00
3e646c7479c57f5d9752d8c7dfe7059b,DAL@NYG,Dak Prescott,draftkings,650,2026-09-13T23:15:03+00:00,2026-09-13T23:15:36+00:00,2026-09-13T23:20:00+00:00
3e646c7479c57f5d9752d8c7dfe7059b,DAL@NYG,KaVontae Turpin,draftkings,750,2026-09-13T23:15:03+00:00,2026-09-13T23:15:36+00:00,2026-09-13T23:20:00+00:00
3e646c7479c57f5d9752d8c7dfe7059b,DAL@NYG,Devin Singletary,draftkings,800,2026-09-13T23:15:03+00:00,2026-09-13T23:15:36+00:00,2026-09-13T23:20:00+00:00
3e646c7479c57f5d9752d8c7dfe7059b,DAL@NYG,Odell Beckham Jr.,draftkings,850,2026-09-13T23:15:03+00:00,2026-09-13T23:15:36+00:00,2026-09-13T23:20:00+00:00
3e646c7479c57f5d9752d8c7dfe7059b,DAL@NYG,Luke Schoonmaker,draftkings,1000,2026-09-13T23:15:03+00:00,2026-09-13T23:15:36+00:00,2026-09-13T23:20:00+00:00
3e646c7479c57f5d9752d8c7dfe7059b,DAL@NYG,Hunter Luepke,draftkings,1000,2026-09-13T23:15:03+00:00,2026-09-13T23:15:36+00:00,2026-09-13T23:20:00+00:00
3e646c7479c57f5d9752d8c7dfe7059b,DAL@NYG,Brevyn Spann-Ford,draftkings,1000,2026-09-13T23:15:03+00:00,2026-09-13T23:15:36+00:00,2026-09-13T23:20:00+00:00
3e646c7479c57f5d9752d8c7dfe7059b,DAL@NYG,Jonathan Mingo,draftkings,1700,2026-09-13T23:15:03+00:00,2026-09-13T23:15:36+00:00,2026-09-13T23:20:00+00:00
3e646c7479c57f5d9752d8c7dfe7059b,DAL@NYG,Patrick Ricard,draftkings,2200,2026-09-13T23:15:03+00:00,2026-09-13T23:15:36+00:00,2026-09-13T23:20:00+00:00
3e646c7479c57f5d9752d8c7dfe7059b,DAL@NYG,Braxton Berrios,draftkings,2800,2026-09-13T23:15:03+00:00,2026-09-13T23:15:36+00:00,2026-09-13T23:20:00+00:00
3e646c7479c57f5d9752d8c7dfe7059b,DAL@NYG,Chris Manhertz,draftkings,3500,2026-09-13T23:15:03+00:00,2026-09-13T23:15:36+00:00,2026-09-13T23:20:00+00:00
3e646c7479c57f5d9752d8c7dfe7059b,DAL@NYG,Javonte Williams,williamhill_us,-159,2026-09-13T23:15:04+00:00,2026-09-13T23:15:36+00:00,2026-09-13T23:20:00+00:00
3e646c7479c57f5d9752d8c7dfe7059b,DAL@NYG,Cam Skattebo,williamhill_us,100,2026-09-13T23:15:04+00:00,2026-09-13T23:15:36+00:00,2026-09-13T23:20:00+00:00
3e646c7479c57f5d9752d8c7dfe7059b,DAL@NYG,CeeDee Lamb,williamhill_us,129,2026-09-13T23:15:04+00:00,2026-09-13T23:15:36+00:00,2026-09-13T23:20:00+00:00
3e646c7479c57f5d9752d8c7dfe7059b,DAL@NYG,George Pickens,williamhill_us,149,2026-09-13T23:15:04+00:00,2026-09-13T23:15:36+00:00,2026-09-13T23:20:00+00:00
3e646c7479c57f5d9752d8c7dfe7059b,DAL@NYG,Malik Nabers,williamhill_us,193,2026-09-13T23:15:04+00:00,2026-09-13T23:15:36+00:00,2026-09-13T23:20:00+00:00
3e646c7479c57f5d9752d8c7dfe7059b,DAL@NYG,Jaxson Dart,williamhill_us,215,2026-09-13T23:15:04+00:00,2026-09-13T23:15:36+00:00,2026-09-13T23:20:00+00:00
3e646c7479c57f5d9752d8c7dfe7059b,DAL@NYG,Jake Ferguson,williamhill_us,240,2026-09-13T23:15:04+00:00,2026-09-13T23:15:36+00:00,2026-09-13T23:20:00+00:00
3e646c7479c57f5d9752d8c7dfe7059b,DAL@NYG,Tyrone Tracy Jr.,williamhill_us,300,2026-09-13T23:15:04+00:00,2026-09-13T23:15:36+00:00,2026-09-13T23:20:00+00:00
3e646c7479c57f5d9752d8c7dfe7059b,DAL@NYG,Isaiah Likely,williamhill_us,330,2026-09-13T23:15:04+00:00,2026-09-13T23:15:36+00:00,2026-09-13T23:20:00+00:00
3e646c7479c57f5d9752d8c7dfe7059b,DAL@NYG,Ryan Flournoy,williamhill_us,360,2026-09-13T23:15:04+00:00,2026-09-13T23:15:36+00:00,2026-09-13T23:20:00+00:00
3e646c7479c57f5d9752d8c7dfe7059b,DAL@NYG,Malachi Fields,williamhill_us,400,2026-09-13T23:15:04+00:00,2026-09-13T23:15:36+00:00,2026-09-13T23:20:00+00:00
3e646c7479c57f5d9752d8c7dfe7059b,DAL@NYG,Emari Demercado,williamhill_us,450,2026-09-13T23:15:04+00:00,2026-09-13T23:15:36+00:00,2026-09-13T23:20:00+00:00
3e646c7479c57f5d9752d8c7dfe7059b,DAL@NYG,Dak Prescott,williamhill_us,525,2026-09-13T23:15:04+00:00,2026-09-13T23:15:36+00:00,2026-09-13T23:20:00+00:00
3e646c7479c57f5d9752d8c7dfe7059b,DAL@NYG,Theo Johnson,williamhill_us,550,2026-09-13T23:15:04+00:00,2026-09-13T23:15:36+00:00,2026-09-13T23:20:00+00:00
3e646c7479c57f5d9752d8c7dfe7059b,DAL@NYG,Darnell Mooney,williamhill_us,625,2026-09-13T23:15:04+00:00,2026-09-13T23:15:36+00:00,2026-09-13T23:20:00+00:00
3e646c7479c57f5d9752d8c7dfe7059b,DAL@NYG,KaVontae Turpin,williamhill_us,675,2026-09-13T23:15:04+00:00,2026-09-13T23:15:36+00:00,2026-09-13T23:20:00+00:00
3e646c7479c57f5d9752d8c7dfe7059b,DAL@NYG,Brevyn Spann-Ford,williamhill_us,750,2026-09-13T23:15:04+00:00,2026-09-13T23:15:36+00:00,2026-09-13T23:20:00+00:00
3e646c7479c57f5d9752d8c7dfe7059b,DAL@NYG,Devin Singletary,williamhill_us,800,2026-09-13T23:15:04+00:00,2026-09-13T23:15:36+00:00,2026-09-13T23:20:00+00:00
3e646c7479c57f5d9752d8c7dfe7059b,DAL@NYG,Odell Beckham Jr.,williamhill_us,850,2026-09-13T23:15:04+00:00,2026-09-13T23:15:36+00:00,2026-09-13T23:20:00+00:00
3e646c7479c57f5d9752d8c7dfe7059b,DAL@NYG,Hunter Luepke,williamhill_us,850,2026-09-13T23:15:04+00:00,2026-09-13T23:15:36+00:00,2026-09-13T23:20:00+00:00
3e646c7479c57f5d9752d8c7dfe7059b,DAL@NYG,Luke Schoonmaker,williamhill_us,900,2026-09-13T23:15:04+00:00,2026-09-13T23:15:36+00:00,2026-09-13T23:20:00+00:00
3e646c7479c57f5d9752d8c7dfe7059b,DAL@NYG,Jonathan Mingo,williamhill_us,1500,2026-09-13T23:15:04+00:00,2026-09-13T23:15:36+00:00,2026-09-13T23:20:00+00:00
3e646c7479c57f5d9752d8c7dfe7059b,DAL@NYG,Braxton Berrios,williamhill_us,2100,2026-09-13T23:15:04+00:00,2026-09-13T23:15:36+00:00,2026-09-13T23:20:00+00:00
3e646c7479c57f5d9752d8c7dfe7059b,DAL@NYG,Patrick Ricard,williamhill_us,2300,2026-09-13T23:15:04+00:00,2026-09-13T23:15:36+00:00,2026-09-13T23:20:00+00:00
3e646c7479c57f5d9752d8c7dfe7059b,DAL@NYG,Chris Manhertz,williamhill_us,2600,2026-09-13T23:15:04+00:00,2026-09-13T23:15:36+00:00,2026-09-13T23:20:00+00:00
3e646c7479c57f5d9752d8c7dfe7059b,DAL@NYG,No Scorer,fanatics,7000,2026-09-13T23:14:46+00:00,2026-09-13T23:15:36+00:00,2026-09-13T23:20:00+00:00
3e646c7479c57f5d9752d8c7dfe7059b,DAL@NYG,Devin Singletary,fanatics,900,2026-09-13T23:14:46+00:00,2026-09-13T23:15:36+00:00,2026-09-13T23:20:00+00:00
3e646c7479c57f5d9752d8c7dfe7059b,DAL@NYG,Tyrone Tracy Jr.,fanatics,325,2026-09-13T23:14:46+00:00,2026-09-13T23:15:36+00:00,2026-09-13T23:20:00+00:00
3e646c7479c57f5d9752d8c7dfe7059b,DAL@NYG,Theo Johnson,fanatics,620,2026-09-13T23:14:46+00:00,2026-09-13T23:15:36+00:00,2026-09-13T23:20:00+00:00
3e646c7479c57f5d9752d8c7dfe7059b,DAL@NYG,New York Giants D/ST,fanatics,575,2026-09-13T23:14:46+00:00,2026-09-13T23:15:36+00:00,2026-09-13T23:20:00+00:00
3e646c7479c57f5d9752d8c7dfe7059b,DAL@NYG,Dak Prescott,fanatics,700,2026-09-13T23:14:46+00:00,2026-09-13T23:15:36+00:00,2026-09-13T23:20:00+00:00
3e646c7479c57f5d9752d8c7dfe7059b,DAL@NYG,CeeDee Lamb,fanatics,130,2026-09-13T23:14:46+00:00,2026-09-13T23:15:36+00:00,2026-09-13T23:20:00+00:00
3e646c7479c57f5d9752d8c7dfe7059b,DAL@NYG,Javonte Williams,fanatics,-135,2026-09-13T23:14:46+00:00,2026-09-13T23:15:36+00:00,2026-09-13T23:20:00+00:00
3e646c7479c57f5d9752d8c7dfe7059b,DAL@NYG,George Pickens,fanatics,170,2026-09-13T23:14:46+00:00,2026-09-13T23:15:36+00:00,2026-09-13T23:20:00+00:00
3e646c7479c57f5d9752d8c7dfe7059b,DAL@NYG,KaVontae Turpin,fanatics,700,2026-09-13T23:14:46+00:00,2026-09-13T23:15:36+00:00,2026-09-13T23:20:00+00:00
3e646c7479c57f5d9752d8c7dfe7059b,DAL@NYG,Jake Ferguson,fanatics,310,2026-09-13T23:14:46+00:00,2026-09-13T23:15:36+00:00,2026-09-13T23:20:00+00:00
3e646c7479c57f5d9752d8c7dfe7059b,DAL@NYG,Luke Schoonmaker,fanatics,1200,2026-09-13T23:14:46+00:00,2026-09-13T23:15:36+00:00,2026-09-13T23:20:00+00:00
3e646c7479c57f5d9752d8c7dfe7059b,DAL@NYG,Jonathan Mingo,fanatics,2500,2026-09-13T23:14:46+00:00,2026-09-13T23:15:36+00:00,2026-09-13T23:20:00+00:00
3e646c7479c57f5d9752d8c7dfe7059b,DAL@NYG,Dallas Cowboys D/ST,fanatics,500,2026-09-13T23:14:46+00:00,2026-09-13T23:15:36+00:00,2026-09-13T23:20:00+00:00
3e646c7479c57f5d9752d8c7dfe7059b,DAL@NYG,Cam Skattebo,fanatics,115,2026-09-13T23:14:46+00:00,2026-09-13T23:15:36+00:00,2026-09-13T23:20:00+00:00
3e646c7479c57f5d9752d8c7dfe7059b,DAL@NYG,Ryan Flournoy,fanatics,420,2026-09-13T23:14:46+00:00,2026-09-13T23:15:36+00:00,2026-09-13T23:20:00+00:00
3e646c7479c57f5d9752d8c7dfe7059b,DAL@NYG,Jaxson Dart,fanatics,250,2026-09-13T23:14:46+00:00,2026-09-13T23:15:36+00:00,2026-09-13T23:20:00+00:00
3e646c7479c57f5d9752d8c7dfe7059b,DAL@NYG,Malik Nabers,fanatics,210,2026-09-13T23:14:46+00:00,2026-09-13T23:15:36+00:00,2026-09-13T23:20:00+00:00
3e646c7479c57f5d9752d8c7dfe7059b,DAL@NYG,Isaiah Likely,fanatics,360,2026-09-13T23:14:46+00:00,2026-09-13T23:15:36+00:00,2026-09-13T23:20:00+00:00
3e646c7479c57f5d9752d8c7dfe7059b,DAL@NYG,Braxton Berrios,fanatics,2200,2026-09-13T23:14:46+00:00,2026-09-13T23:15:36+00:00,2026-09-13T23:20:00+00:00
3e646c7479c57f5d9752d8c7dfe7059b,DAL@NYG,Darnell Mooney,fanatics,575,2026-09-13T23:14:46+00:00,2026-09-13T23:15:36+00:00,2026-09-13T23:20:00+00:00
3e646c7479c57f5d9752d8c7dfe7059b,DAL@NYG,Malachi Fields,fanatics,420,2026-09-13T23:14:46+00:00,2026-09-13T23:15:36+00:00,2026-09-13T23:20:00+00:00
3e646c7479c57f5d9752d8c7dfe7059b,DAL@NYG,Hunter Luepke,fanatics,1050,2026-09-13T23:14:46+00:00,2026-09-13T23:15:36+00:00,2026-09-13T23:20:00+00:00
3e646c7479c57f5d9752d8c7dfe7059b,DAL@NYG,Brevyn Spann-Ford,fanatics,1050,2026-09-13T23:14:46+00:00,2026-09-13T23:15:36+00:00,2026-09-13T23:20:00+00:00
3e646c7479c57f5d9752d8c7dfe7059b,DAL@NYG,Patrick Ricard,fanatics,2800,2026-09-13T23:14:46+00:00,2026-09-13T23:15:36+00:00,2026-09-13T23:20:00+00:00
3e646c7479c57f5d9752d8c7dfe7059b,DAL@NYG,Chris Manhertz,fanatics,4500,2026-09-13T23:14:46+00:00,2026-09-13T23:15:36+00:00,2026-09-13T23:20:00+00:00
3e646c7479c57f5d9752d8c7dfe7059b,DAL@NYG,Odell Beckham Jr.,fanatics,1000,2026-09-13T23:14:46+00:00,2026-09-13T23:15:36+00:00,2026-09-13T23:20:00+00:00
3e646c7479c57f5d9752d8c7dfe7059b,DAL@NYG,Emari Demercado,fanatics,475,2026-09-13T23:14:46+00:00,2026-09-13T23:15:36+00:00,2026-09-13T23:20:00+00:00
3e646c7479c57f5d9752d8c7dfe7059b,DAL@NYG,Javonte Williams,fanduel,-140,2026-09-13T23:15:27+00:00,2026-09-13T23:15:36+00:00,2026-09-13T23:20:00+00:00
3e646c7479c57f5d9752d8c7dfe7059b,DAL@NYG,Cam Skattebo,fanduel,110,2026-09-13T23:15:27+00:00,2026-09-13T23:15:36+00:00,2026-09-13T23:20:00+00:00
3e646c7479c57f5d9752d8c7dfe7059b,DAL@NYG,CeeDee Lamb,fanduel,130,2026-09-13T23:15:27+00:00,2026-09-13T23:15:36+00:00,2026-09-13T23:20:00+00:00
3e646c7479c57f5d9752d8c7dfe7059b,DAL@NYG,George Pickens,fanduel,160,2026-09-13T23:15:27+00:00,2026-09-13T23:15:36+00:00,2026-09-13T23:20:00+00:00
3e646c7479c57f5d9752d8c7dfe7059b,DAL@NYG,Malik Nabers,fanduel,200,2026-09-13T23:15:27+00:00,2026-09-13T23:15:36+00:00,2026-09-13T23:20:00+00:00
3e646c7479c57f5d9752d8c7dfe7059b,DAL@NYG,Jaxson Dart,fanduel,220,2026-09-13T23:15:27+00:00,2026-09-13T23:15:36+00:00,2026-09-13T23:20:00+00:00
3e646c7479c57f5d9752d8c7dfe7059b,DAL@NYG,Jake Ferguson,fanduel,280,2026-09-13T23:15:27+00:00,2026-09-13T23:15:36+00:00,2026-09-13T23:20:00+00:00
3e646c7479c57f5d9752d8c7dfe7059b,DAL@NYG,Tyrone Tracy Jr.,fanduel,280,2026-09-13T23:15:27+00:00,2026-09-13T23:15:36+00:00,2026-09-13T23:20:00+00:00
3e646c7479c57f5d9752d8c7dfe7059b,DAL@NYG,Isaiah Likely,fanduel,350,2026-09-13T23:15:27+00:00,2026-09-13T23:15:36+00:00,2026-09-13T23:20:00+00:00
3e646c7479c57f5d9752d8c7dfe7059b,DAL@NYG,Ryan Flournoy,fanduel,370,2026-09-13T23:15:27+00:00,2026-09-13T23:15:36+00:00,2026-09-13T23:20:00+00:00
3e646c7479c57f5d9752d8c7dfe7059b,DAL@NYG,Malachi Fields,fanduel,420,2026-09-13T23:15:27+00:00,2026-09-13T23:15:36+00:00,2026-09-13T23:20:00+00:00
3e646c7479c57f5d9752d8c7dfe7059b,DAL@NYG,Emari Demercado,fanduel,430,2026-09-13T23:15:27+00:00,2026-09-13T23:15:36+00:00,2026-09-13T23:20:00+00:00
3e646c7479c57f5d9752d8c7dfe7059b,DAL@NYG,Theo Johnson,fanduel,550,2026-09-13T23:15:27+00:00,2026-09-13T23:15:36+00:00,2026-09-13T23:20:00+00:00
3e646c7479c57f5d9752d8c7dfe7059b,DAL@NYG,Dak Prescott,fanduel,600,2026-09-13T23:15:27+00:00,2026-09-13T23:15:36+00:00,2026-09-13T23:20:00+00:00
3e646c7479c57f5d9752d8c7dfe7059b,DAL@NYG,Darnell Mooney,fanduel,650,2026-09-13T23:15:27+00:00,2026-09-13T23:15:36+00:00,2026-09-13T23:20:00+00:00
3e646c7479c57f5d9752d8c7dfe7059b,DAL@NYG,KaVontae Turpin,fanduel,750,2026-09-13T23:15:27+00:00,2026-09-13T23:15:36+00:00,2026-09-13T23:20:00+00:00
3e646c7479c57f5d9752d8c7dfe7059b,DAL@NYG,New York Giants Defense,fanduel,800,2026-09-13T23:15:27+00:00,2026-09-13T23:15:36+00:00,2026-09-13T23:20:00+00:00
3e646c7479c57f5d9752d8c7dfe7059b,DAL@NYG,Devin Singletary,fanduel,800,2026-09-13T23:15:27+00:00,2026-09-13T23:15:36+00:00,2026-09-13T23:20:00+00:00
3e646c7479c57f5d9752d8c7dfe7059b,DAL@NYG,Brevyn Spann-Ford,fanduel,850,2026-09-13T23:15:27+00:00,2026-09-13T23:15:36+00:00,2026-09-13T23:20:00+00:00
3e646c7479c57f5d9752d8c7dfe7059b,DAL@NYG,Odell Beckham Jr.,fanduel,900,2026-09-13T23:15:27+00:00,2026-09-13T23:15:36+00:00,2026-09-13T23:20:00+00:00
3e646c7479c57f5d9752d8c7dfe7059b,DAL@NYG,Dallas Cowboys Defense,fanduel,950,2026-09-13T23:15:27+00:00,2026-09-13T23:15:36+00:00,2026-09-13T23:20:00+00:00
3e646c7479c57f5d9752d8c7dfe7059b,DAL@NYG,Hunter Luepke,fanduel,950,2026-09-13T23:15:27+00:00,2026-09-13T23:15:36+00:00,2026-09-13T23:20:00+00:00
3e646c7479c57f5d9752d8c7dfe7059b,DAL@NYG,Luke Schoonmaker,fanduel,1000,2026-09-13T23:15:27+00:00,2026-09-13T23:15:36+00:00,2026-09-13T23:20:00+00:00
3e646c7479c57f5d9752d8c7dfe7059b,DAL@NYG,Jonathan Mingo,fanduel,1700,2026-09-13T23:15:27+00:00,2026-09-13T23:15:36+00:00,2026-09-13T23:20:00+00:00
3e646c7479c57f5d9752d8c7dfe7059b,DAL@NYG,Braxton Berrios,fanduel,2000,2026-09-13T23:15:27+00:00,2026-09-13T23:15:36+00:00,2026-09-13T23:20:00+00:00
3e646c7479c57f5d9752d8c7dfe7059b,DAL@NYG,Chris Manhertz,fanduel,2700,2026-09-13T23:15:27+00:00,2026-09-13T23:15:36+00:00,2026-09-13T23:20:00+00:00
3e646c7479c57f5d9752d8c7dfe7059b,DAL@NYG,Patrick Ricard,fanduel,3500,2026-09-13T23:15:27+00:00,2026-09-13T23:15:36+00:00,2026-09-13T23:20:00+00:00
3e646c7479c57f5d9752d8c7dfe7059b,DAL@NYG,CeeDee Lamb,betonlineag,110,2026-09-13T23:14:48+00:00,2026-09-13T23:15:36+00:00,2026-09-13T23:20:00+00:00
3e646c7479c57f5d9752d8c7dfe7059b,DAL@NYG,KaVontae Turpin,betonlineag,650,2026-09-13T23:14:48+00:00,2026-09-13T23:15:36+00:00,2026-09-13T23:20:00+00:00
3e646c7479c57f5d9752d8c7dfe7059b,DAL@NYG,Luke Schoonmaker,betonlineag,650,2026-09-13T23:14:48+00:00,2026-09-13T23:15:36+00:00,2026-09-13T23:20:00+00:00
3e646c7479c57f5d9752d8c7dfe7059b,DAL@NYG,Jake Ferguson,betonlineag,180,2026-09-13T23:14:48+00:00,2026-09-13T23:15:36+00:00,2026-09-13T23:20:00+00:00
3e646c7479c57f5d9752d8c7dfe7059b,DAL@NYG,Dak Prescott,betonlineag,450,2026-09-13T23:14:48+00:00,2026-09-13T23:15:36+00:00,2026-09-13T23:20:00+00:00
3e646c7479c57f5d9752d8c7dfe7059b,DAL@NYG,Javonte Williams,betonlineag,-200,2026-09-13T23:14:48+00:00,2026-09-13T23:15:36+00:00,2026-09-13T23:20:00+00:00
3e646c7479c57f5d9752d8c7dfe7059b,DAL@NYG,Malik Nabers,betonlineag,180,2026-09-13T23:14:48+00:00,2026-09-13T23:15:36+00:00,2026-09-13T23:20:00+00:00
3e646c7479c57f5d9752d8c7dfe7059b,DAL@NYG,Theo Johnson,betonlineag,550,2026-09-13T23:14:48+00:00,2026-09-13T23:15:36+00:00,2026-09-13T23:20:00+00:00
3e646c7479c57f5d9752d8c7dfe7059b,DAL@NYG,Isaiah Likely,betonlineag,325,2026-09-13T23:14:48+00:00,2026-09-13T23:15:36+00:00,2026-09-13T23:20:00+00:00
3e646c7479c57f5d9752d8c7dfe7059b,DAL@NYG,Jaxson Dart,betonlineag,210,2026-09-13T23:14:48+00:00,2026-09-13T23:15:36+00:00,2026-09-13T23:20:00+00:00
3e646c7479c57f5d9752d8c7dfe7059b,DAL@NYG,Ryan Flournoy,betonlineag,350,2026-09-13T23:14:48+00:00,2026-09-13T23:15:36+00:00,2026-09-13T23:20:00+00:00
3e646c7479c57f5d9752d8c7dfe7059b,DAL@NYG,George Pickens,betonlineag,130,2026-09-13T23:14:48+00:00,2026-09-13T23:15:36+00:00,2026-09-13T23:20:00+00:00
3e646c7479c57f5d9752d8c7dfe7059b,DAL@NYG,Darnell Mooney,betonlineag,600,2026-09-13T23:14:48+00:00,2026-09-13T23:15:36+00:00,2026-09-13T23:20:00+00:00
3e646c7479c57f5d9752d8c7dfe7059b,DAL@NYG,Cam Skattebo,betonlineag,100,2026-09-13T23:14:48+00:00,2026-09-13T23:15:36+00:00,2026-09-13T23:20:00+00:00
3e646c7479c57f5d9752d8c7dfe7059b,DAL@NYG,Devin Singletary,betonlineag,800,2026-09-13T23:14:48+00:00,2026-09-13T23:15:36+00:00,2026-09-13T23:20:00+00:00
3e646c7479c57f5d9752d8c7dfe7059b,DAL@NYG,Malachi Fields,betonlineag,400,2026-09-13T23:14:48+00:00,2026-09-13T23:15:36+00:00,2026-09-13T23:20:00+00:00
3e646c7479c57f5d9752d8c7dfe7059b,DAL@NYG,Tyrone Tracy Jr.,betonlineag,280,2026-09-13T23:14:48+00:00,2026-09-13T23:15:36+00:00,2026-09-13T23:20:00+00:00
3e646c7479c57f5d9752d8c7dfe7059b,DAL@NYG,Najee Harris,betonlineag,350,2026-09-13T23:14:48+00:00,2026-09-13T23:15:36+00:00,2026-09-13T23:20:00+00:00
3e646c7479c57f5d9752d8c7dfe7059b,DAL@NYG,Brevyn Spann-Ford,betonlineag,550,2026-09-13T23:14:48+00:00,2026-09-13T23:15:36+00:00,2026-09-13T23:20:00+00:00
3e646c7479c57f5d9752d8c7dfe7059b,DAL@NYG,Odell Beckham Jr.,betonlineag,900,2026-09-13T23:14:48+00:00,2026-09-13T23:15:36+00:00,2026-09-13T23:20:00+00:00
3e646c7479c57f5d9752d8c7dfe7059b,DAL@NYG,Cam Brown,betonlineag,750,2026-09-13T23:14:48+00:00,2026-09-13T23:15:36+00:00,2026-09-13T23:20:00+00:00
3e646c7479c57f5d9752d8c7dfe7059b,DAL@NYG,Hunter Luepke,betonlineag,650,2026-09-13T23:14:48+00:00,2026-09-13T23:15:36+00:00,2026-09-13T23:20:00+00:00
3e646c7479c57f5d9752d8c7dfe7059b,DAL@NYG,Jonathan Mingo,betonlineag,1300,2026-09-13T23:14:48+00:00,2026-09-13T23:15:36+00:00,2026-09-13T23:20:00+00:00
3e646c7479c57f5d9752d8c7dfe7059b,DAL@NYG,Chris Manhertz,betonlineag,2400,2026-09-13T23:14:48+00:00,2026-09-13T23:15:36+00:00,2026-09-13T23:20:00+00:00
3e646c7479c57f5d9752d8c7dfe7059b,DAL@NYG,Thomas Fidone,betonlineag,3400,2026-09-13T23:14:48+00:00,2026-09-13T23:15:36+00:00,2026-09-13T23:20:00+00:00
3e646c7479c57f5d9752d8c7dfe7059b,DAL@NYG,Patrick Ricard,betonlineag,1900,2026-09-13T23:14:48+00:00,2026-09-13T23:15:36+00:00,2026-09-13T23:20:00+00:00
3e646c7479c57f5d9752d8c7dfe7059b,DAL@NYG,Dalen Cambre,betonlineag,1400,2026-09-13T23:14:48+00:00,2026-09-13T23:15:36+00:00,2026-09-13T23:20:00+00:00
3e646c7479c57f5d9752d8c7dfe7059b,DAL@NYG,Braxton Berrios,betonlineag,1900,2026-09-13T23:14:48+00:00,2026-09-13T23:15:36+00:00,2026-09-13T23:20:00+00:00
3e646c7479c57f5d9752d8c7dfe7059b,DAL@NYG,Israel Abanikanda,betonlineag,1400,2026-09-13T23:14:48+00:00,2026-09-13T23:15:36+00:00,2026-09-13T23:20:00+00:00
3e646c7479c57f5d9752d8c7dfe7059b,DAL@NYG,Brevyn Spann-Ford,betmgm,900,2026-09-13T23:14:17+00:00,2026-09-13T23:15:36+00:00,2026-09-13T23:20:00+00:00
3e646c7479c57f5d9752d8c7dfe7059b,DAL@NYG,Tyrone Tracy Jr.,betmgm,400,2026-09-13T23:14:17+00:00,2026-09-13T23:15:36+00:00,2026-09-13T23:20:00+00:00
3e646c7479c57f5d9752d8c7dfe7059b,DAL@NYG,Jaxson Dart,betmgm,210,2026-09-13T23:14:17+00:00,2026-09-13T23:15:36+00:00,2026-09-13T23:20:00+00:00
3e646c7479c57f5d9752d8c7dfe7059b,DAL@NYG,KaVontae Turpin,betmgm,500,2026-09-13T23:14:17+00:00,2026-09-13T23:15:36+00:00,2026-09-13T23:20:00+00:00
3e646c7479c57f5d9752d8c7dfe7059b,DAL@NYG,Dallas Cowboys D/ST,betmgm,525,2026-09-13T23:14:17+00:00,2026-09-13T23:15:36+00:00,2026-09-13T23:20:00+00:00
3e646c7479c57f5d9752d8c7dfe7059b,DAL@NYG,Patrick Ricard,betmgm,4000,2026-09-13T23:14:17+00:00,2026-09-13T23:15:36+00:00,2026-09-13T23:20:00+00:00
3e646c7479c57f5d9752d8c7dfe7059b,DAL@NYG,Darnell Mooney,betmgm,425,2026-09-13T23:14:17+00:00,2026-09-13T23:15:36+00:00,2026-09-13T23:20:00+00:00
3e646c7479c57f5d9752d8c7dfe7059b,DAL@NYG,Hunter Luepke,betmgm,1300,2026-09-13T23:14:17+00:00,2026-09-13T23:15:36+00:00,2026-09-13T23:20:00+00:00
3e646c7479c57f5d9752d8c7dfe7059b,DAL@NYG,Devin Singletary,betmgm,800,2026-09-13T23:14:17+00:00,2026-09-13T23:15:36+00:00,2026-09-13T23:20:00+00:00
3e646c7479c57f5d9752d8c7dfe7059b,DAL@NYG,CeeDee Lamb,betmgm,120,2026-09-13T23:14:17+00:00,2026-09-13T23:15:36+00:00,2026-09-13T23:20:00+00:00
3e646c7479c57f5d9752d8c7dfe7059b,DAL@NYG,Jake Ferguson,betmgm,240,2026-09-13T23:14:17+00:00,2026-09-13T23:15:36+00:00,2026-09-13T23:20:00+00:00
3e646c7479c57f5d9752d8c7dfe7059b,DAL@NYG,Malik Nabers,betmgm,195,2026-09-13T23:14:17+00:00,2026-09-13T23:15:36+00:00,2026-09-13T23:20:00+00:00
3e646c7479c57f5d9752d8c7dfe7059b,DAL@NYG,Isaiah Likely,betmgm,250,2026-09-13T23:14:17+00:00,2026-09-13T23:15:36+00:00,2026-09-13T23:20:00+00:00
3e646c7479c57f5d9752d8c7dfe7059b,DAL@NYG,Emari Demercado,betmgm,600,2026-09-13T23:14:17+00:00,2026-09-13T23:15:36+00:00,2026-09-13T23:20:00+00:00
3e646c7479c57f5d9752d8c7dfe7059b,DAL@NYG,Emari Demercado,betrivers,410,2026-09-13T23:14:37+00:00,2026-09-13T23:15:36+00:00,2026-09-13T23:20:00+00:00
3e646c7479c57f5d9752d8c7dfe7059b,DAL@NYG,Odell Beckham Jr.,betrivers,750,2026-09-13T23:14:37+00:00,2026-09-13T23:15:36+00:00,2026-09-13T23:20:00+00:00
3e646c7479c57f5d9752d8c7dfe7059b,DAL@NYG,Malik Nabers,betrivers,170,2026-09-13T23:14:37+00:00,2026-09-13T23:15:36+00:00,2026-09-13T23:20:00+00:00
3e646c7479c57f5d9752d8c7dfe7059b,DAL@NYG,CeeDee Lamb,betrivers,123,2026-09-13T23:14:37+00:00,2026-09-13T23:15:36+00:00,2026-09-13T23:20:00+00:00
3e646c7479c57f5d9752d8c7dfe7059b,DAL@NYG,Jonathan Mingo,betrivers,1200,2026-09-13T23:14:37+00:00,2026-09-13T23:15:36+00:00,2026-09-13T23:20:00+00:00
3e646c7479c57f5d9752d8c7dfe7059b,DAL@NYG,Braxton Berrios,betrivers,2500,2026-09-13T23:14:37+00:00,2026-09-13T23:15:36+00:00,2026-09-13T23:20:00+00:00
3e646c7479c57f5d9752d8c7dfe7059b,DAL@NYG,Patrick Ricard,betrivers,1200,2026-09-13T23:14:37+00:00,2026-09-13T23:15:36+00:00,2026-09-13T23:20:00+00:00
3e646c7479c57f5d9752d8c7dfe7059b,DAL@NYG,George Pickens,betrivers,150,2026-09-13T23:14:37+00:00,2026-09-13T23:15:36+00:00,2026-09-13T23:20:00+00:00
3e646c7479c57f5d9752d8c7dfe7059b,DAL@NYG,Darnell Mooney,betrivers,410,2026-09-13T23:14:37+00:00,2026-09-13T23:15:36+00:00,2026-09-13T23:20:00+00:00
3e646c7479c57f5d9752d8c7dfe7059b,DAL@NYG,Jake Ferguson,betrivers,280,2026-09-13T23:14:37+00:00,2026-09-13T23:15:36+00:00,2026-09-13T23:20:00+00:00
3e646c7479c57f5d9752d8c7dfe7059b,DAL@NYG,Cam Skattebo,betrivers,-103,2026-09-13T23:14:37+00:00,2026-09-13T23:15:36+00:00,2026-09-13T23:20:00+00:00
3e646c7479c57f5d9752d8c7dfe7059b,DAL@NYG,Ryan Flournoy,betrivers,380,2026-09-13T23:14:37+00:00,2026-09-13T23:15:36+00:00,2026-09-13T23:20:00+00:00
3e646c7479c57f5d9752d8c7dfe7059b,DAL@NYG,Javonte Williams,betrivers,-162,2026-09-13T23:14:37+00:00,2026-09-13T23:15:36+00:00,2026-09-13T23:20:00+00:00
3e646c7479c57f5d9752d8c7dfe7059b,DAL@NYG,Tyrone Tracy Jr.,betrivers,330,2026-09-13T23:14:37+00:00,2026-09-13T23:15:36+00:00,2026-09-13T23:20:00+00:00
3e646c7479c57f5d9752d8c7dfe7059b,DAL@NYG,Chris Manhertz,betrivers,2000,2026-09-13T23:14:37+00:00,2026-09-13T23:15:36+00:00,2026-09-13T23:20:00+00:00
3e646c7479c57f5d9752d8c7dfe7059b,DAL@NYG,Luke Schoonmaker,betrivers,1100,2026-09-13T23:14:37+00:00,2026-09-13T23:15:36+00:00,2026-09-13T23:20:00+00:00
3e646c7479c57f5d9752d8c7dfe7059b,DAL@NYG,KaVontae Turpin,betrivers,750,2026-09-13T23:14:37+00:00,2026-09-13T23:15:36+00:00,2026-09-13T23:20:00+00:00
3e646c7479c57f5d9752d8c7dfe7059b,DAL@NYG,Theo Johnson,betrivers,510,2026-09-13T23:14:37+00:00,2026-09-13T23:15:36+00:00,2026-09-13T23:20:00+00:00
3e646c7479c57f5d9752d8c7dfe7059b,DAL@NYG,Brevyn Spann-Ford,betrivers,800,2026-09-13T23:14:37+00:00,2026-09-13T23:15:36+00:00,2026-09-13T23:20:00+00:00
3e646c7479c57f5d9752d8c7dfe7059b,DAL@NYG,Dak Prescott,betrivers,575,2026-09-13T23:14:37+00:00,2026-09-13T23:15:36+00:00,2026-09-13T23:20:00+00:00
3e646c7479c57f5d9752d8c7dfe7059b,DAL@NYG,Malachi Fields,betrivers,410,2026-09-13T23:14:37+00:00,2026-09-13T23:15:36+00:00,2026-09-13T23:20:00+00:00
3e646c7479c57f5d9752d8c7dfe7059b,DAL@NYG,Jaxson Dart,betrivers,235,2026-09-13T23:14:37+00:00,2026-09-13T23:15:36+00:00,2026-09-13T23:20:00+00:00
3e646c7479c57f5d9752d8c7dfe7059b,DAL@NYG,Devin Singletary,betrivers,650,2026-09-13T23:14:37+00:00,2026-09-13T23:15:36+00:00,2026-09-13T23:20:00+00:00
3e646c7479c57f5d9752d8c7dfe7059b,DAL@NYG,Isaiah Likely,betrivers,330,2026-09-13T23:14:37+00:00,2026-09-13T23:15:36+00:00,2026-09-13T23:20:00+00:00
3e646c7479c57f5d9752d8c7dfe7059b,DAL@NYG,Hunter Luepke,betrivers,1200,2026-09-13T23:14:37+00:00,2026-09-13T23:15:36+00:00,2026-09-13T23:20:00+00:00
3e646c7479c57f5d9752d8c7dfe7059b,DAL@NYG,Patrick Ricard,bovada,2200,2026-09-13T23:15:18+00:00,2026-09-13T23:15:36+00:00,2026-09-13T23:20:00+00:00
3e646c7479c57f5d9752d8c7dfe7059b,DAL@NYG,Dallas Cowboys D/ST,bovada,600,2026-09-13T23:15:18+00:00,2026-09-13T23:15:36+00:00,2026-09-13T23:20:00+00:00
3e646c7479c57f5d9752d8c7dfe7059b,DAL@NYG,Dak Prescott,bovada,625,2026-09-13T23:15:18+00:00,2026-09-13T23:15:36+00:00,2026-09-13T23:20:00+00:00
3e646c7479c57f5d9752d8c7dfe7059b,DAL@NYG,CeeDee Lamb,bovada,125,2026-09-13T23:15:18+00:00,2026-09-13T23:15:36+00:00,2026-09-13T23:20:00+00:00
3e646c7479c57f5d9752d8c7dfe7059b,DAL@NYG,Tyrone Tracy Jr.,bovada,320,2026-09-13T23:15:18+00:00,2026-09-13T23:15:36+00:00,2026-09-13T23:20:00+00:00
3e646c7479c57f5d9752d8c7dfe7059b,DAL@NYG,Hunter Luepke,bovada,1000,2026-09-13T23:15:18+00:00,2026-09-13T23:15:36+00:00,2026-09-13T23:20:00+00:00
3e646c7479c57f5d9752d8c7dfe7059b,DAL@NYG,Darnell Mooney,bovada,625,2026-09-13T23:15:18+00:00,2026-09-13T23:15:36+00:00,2026-09-13T23:20:00+00:00
3e646c7479c57f5d9752d8c7dfe7059b,DAL@NYG,Malachi Fields,bovada,420,2026-09-13T23:15:18+00:00,2026-09-13T23:15:36+00:00,2026-09-13T23:20:00+00:00
3e646c7479c57f5d9752d8c7dfe7059b,DAL@NYG,Luke Schoonmaker,bovada,1000,2026-09-13T23:15:18+00:00,2026-09-13T23:15:36+00:00,2026-09-13T23:20:00+00:00
3e646c7479c57f5d9752d8c7dfe7059b,DAL@NYG,Isaiah Likely,bovada,340,2026-09-13T23:15:18+00:00,2026-09-13T23:15:36+00:00,2026-09-13T23:20:00+00:00
3e646c7479c57f5d9752d8c7dfe7059b,DAL@NYG,KaVontae Turpin,bovada,725,2026-09-13T23:15:18+00:00,2026-09-13T23:15:36+00:00,2026-09-13T23:20:00+00:00
3e646c7479c57f5d9752d8c7dfe7059b,DAL@NYG,Jake Ferguson,bovada,275,2026-09-13T23:15:18+00:00,2026-09-13T23:15:36+00:00,2026-09-13T23:20:00+00:00
3e646c7479c57f5d9752d8c7dfe7059b,DAL@NYG,Chris Manhertz,bovada,3300,2026-09-13T23:15:18+00:00,2026-09-13T23:15:36+00:00,2026-09-13T23:20:00+00:00
3e646c7479c57f5d9752d8c7dfe7059b,DAL@NYG,Brevyn Spann-Ford,bovada,1000,2026-09-13T23:15:18+00:00,2026-09-13T23:15:36+00:00,2026-09-13T23:20:00+00:00
3e646c7479c57f5d9752d8c7dfe7059b,DAL@NYG,Javonte Williams,bovada,-157,2026-09-13T23:15:18+00:00,2026-09-13T23:15:36+00:00,2026-09-13T23:20:00+00:00
3e646c7479c57f5d9752d8c7dfe7059b,DAL@NYG,Jonathan Mingo,bovada,1700,2026-09-13T23:15:18+00:00,2026-09-13T23:15:36+00:00,2026-09-13T23:20:00+00:00
3e646c7479c57f5d9752d8c7dfe7059b,DAL@NYG,Devin Singletary,bovada,800,2026-09-13T23:15:18+00:00,2026-09-13T23:15:36+00:00,2026-09-13T23:20:00+00:00
3e646c7479c57f5d9752d8c7dfe7059b,DAL@NYG,Cam Skattebo,bovada,105,2026-09-13T23:15:18+00:00,2026-09-13T23:15:36+00:00,2026-09-13T23:20:00+00:00
3e646c7479c57f5d9752d8c7dfe7059b,DAL@NYG,Theo Johnson,bovada,600,2026-09-13T23:15:18+00:00,2026-09-13T23:15:36+00:00,2026-09-13T23:20:00+00:00
3e646c7479c57f5d9752d8c7dfe7059b,DAL@NYG,George Pickens,bovada,155,2026-09-13T23:15:18+00:00,2026-09-13T23:15:36+00:00,2026-09-13T23:20:00+00:00
3e646c7479c57f5d9752d8c7dfe7059b,DAL@NYG,New York Giants D/ST,bovada,600,2026-09-13T23:15:18+00:00,2026-09-13T23:15:36+00:00,2026-09-13T23:20:00+00:00
3e646c7479c57f5d9752d8c7dfe7059b,DAL@NYG,Jaxson Dart,bovada,215,2026-09-13T23:15:18+00:00,2026-09-13T23:15:36+00:00,2026-09-13T23:20:00+00:00
3e646c7479c57f5d9752d8c7dfe7059b,DAL@NYG,Malik Nabers,bovada,200,2026-09-13T23:15:18+00:00,2026-09-13T23:15:36+00:00,2026-09-13T23:20:00+00:00
3e646c7479c57f5d9752d8c7dfe7059b,DAL@NYG,Ryan Flournoy,bovada,370,2026-09-13T23:15:18+00:00,2026-09-13T23:15:36+00:00,2026-09-13T23:20:00+00:00
3e646c7479c57f5d9752d8c7dfe7059b,DAL@NYG,Emari Demercado,bovada,460,2026-09-13T23:15:18+00:00,2026-09-13T23:15:36+00:00,2026-09-13T23:20:00+00:00
3e646c7479c57f5d9752d8c7dfe7059b,DAL@NYG,Odell Beckham Jr.,bovada,825,2026-09-13T23:15:18+00:00,2026-09-13T23:15:36+00:00,2026-09-13T23:20:00+00:00
3e646c7479c57f5d9752d8c7dfe7059b,DAL@NYG,Braxton Berrios,bovada,2800,2026-09-13T23:15:18+00:00,2026-09-13T23:15:36+00:00,2026-09-13T23:20:00+00:00
