event_id,game,player,player_id,position,team,opponent,kickoff,prediction_time,odds_snapshot_time,market_sportsbook,spread_quote_time,total_quote_time,best_quote_time,expected_team_td,allocation_score,player_td_opportunity_share,expected_player_td,model_atd_probability,rolling_xtd_share,rushing_xtd_share,receiving_xtd_share,goal_line_share,inside_5_carries_per_game,inside_10_carries_per_game,red_zone_target_share,end_zone_target_share,carry_share,target_share,snap_share,prior_history_games,latest_prior_game,latest_prior_available_at,best_sportsbook,best_odds,median_odds,books_quoting,raw_implied_best,raw_implied_median,edge_best,edge_median,ev_best,ev_median,diagnostic_bet_best,diagnostic_bet_median,ineligibility_reason,model_label,diagnostic_exhibition_slate
95c01d1bb797d6df14824b106c5a9130,ATL@PIT,Bijan Robinson,00-0038542,RB,ATL,PIT,2026-09-13T17:00:00+00:00,2026-09-13T16:00:00+00:00,2026-09-13T15:55:36Z,betmgm,2026-09-13T15:55:25+00:00,2026-09-13T15:55:25+00:00,2026-09-13T15:55:09+00:00,1.693453120796988,0.3428765306246566,0.2779079340846459,0.4706240582698873,0.375387647873664,0.34913516552782725,0.6021819252281918,0.13948214121302416,0.3888888888888889,0.5882352941176471,1.0,0.21311475409836064,0.04,0.6016771488469602,0.19845857418111754,,17,2025_18_NO_ATL,2026-01-05T18:00:00+00:00,fanduel,-120,-125.0,8,0.5454545454545454,0.5555555555555556,-0.1700668975808814,-0.18016790768189156,-0.3117893122316159,-0.32430223382740475,False,False,,PHASE 4.5 HIERARCHICAL BASELINE,True
95c01d1bb797d6df14824b106c5a9130,ATL@PIT,Jaylen Warren,00-0037228,RB,PIT,ATL,2026-09-13T17:00:00+00:00,2026-09-13T16:00:00+00:00,2026-09-13T15:55:36Z,betmgm,2026-09-13T15:55:25+00:00,2026-09-13T15:55:25+00:00,2026-09-13T15:55:11+00:00,2.4804275490528704,0.2553025622650989,0.24006089323631769,0.5954536530336023,0.44868759541589476,0.20695037373174813,0.36687467753203706,0.061712811848487995,0.4444444444444444,0.875,1.375,0.06578947368421052,0.0,0.5184275184275184,0.08620689655172414,,16,2025_18_BAL_PIT,2026-01-06T01:20:00+00:00,bovada,135,120.0,8,0.425531914893617,0.45454545454545453,0.023155680522277733,-0.005857859129559773,0.054415849227352764,-0.012887290085031422,False,False,,PHASE 4.5 HIERARCHICAL BASELINE,True
95c01d1bb797d6df14824b106c5a9130,ATL@PIT,Rico Dowdle,,,,,2026-09-13T17:00:00+00:00,2026-09-13T16:00:00+00:00,2026-09-13T15:55:36Z,betmgm,2026-09-13T15:55:25+00:00,2026-09-13T15:55:25+00:00,2026-09-13T15:55:11+00:00,,,,,,,,,,,,,,,,,,,,fanatics,140,132.5,8,0.4166666666666667,0.4301075268817204,,,,,False,False,no_unambiguous_prior_same_team_history,PHASE 4.5 HIERARCHICAL BASELINE,True
95c01d1bb797d6df14824b106c5a9130,ATL@PIT,DK Metcalf,00-0035640,WR,PIT,ATL,2026-09-13T17:00:00+00:00,2026-09-13T16:00:00+00:00,2026-09-13T15:55:36Z,betmgm,2026-09-13T15:55:25+00:00,2026-09-13T15:55:25+00:00,2026-09-13T15:55:11+00:00,2.4804275490528704,0.14165194565008987,0.13319526564763962,0.33038120631582074,0.28135027260611717,0.17294124628290436,0.03217184777539926,0.2945698974577358,0.027777777777777776,0.0,0.06666666666666667,0.17105263157894737,0.29411764705882354,0.004914004914004914,0.1896551724137931,,15,2025_16_PIT_DET,2025-12-22T21:25:00+00:00,fanatics,200,185.0,8,0.3333333333333333,0.3508771929824561,-0.051983060727216146,-0.06952692037633895,-0.15594918218164855,-0.198151723072566,False,False,,PHASE 4.5 HIERARCHICAL BASELINE,True
95c01d1bb797d6df14824b106c5a9130,ATL@PIT,Michael Pittman Jr.,,,,,2026-09-13T17:00:00+00:00,2026-09-13T16:00:00+00:00,2026-09-13T15:55:36Z,betmgm,2026-09-13T15:55:25+00:00,2026-09-13T15:55:25+00:00,2026-09-13T15:53:33+00:00,,,,,,,,,,,,,,,,,,,,betmgm,250,227.5,8,0.2857142857142857,0.3053435114503817,,,,,False,False,no_unambiguous_prior_same_team_history,PHASE 4.5 HIERARCHICAL BASELINE,True
95c01d1bb797d6df14824b106c5a9130,ATL@PIT,Drake London,00-0037238,WR,ATL,PIT,2026-09-13T17:00:00+00:00,2026-09-13T16:00:00+00:00,2026-09-13T15:55:36Z,betmgm,2026-09-13T15:55:25+00:00,2026-09-13T15:55:25+00:00,2026-09-13T15:55:11+00:00,1.693453120796988,0.18630837421953064,0.1510064724689429,0.2557223820630758,0.22564308567650215,0.2403017006044752,0.0,0.44030578132413983,0.0,0.0,0.0,0.2459016393442623,0.36,0.0,0.21579961464354527,,12,2025_18_NO_ATL,2026-01-05T18:00:00+00:00,fanatics,300,270.0,8,0.25,0.27027027027027023,-0.024356914323497847,-0.04462718459376808,-0.09742765729399139,-0.165120582996942,False,False,,PHASE 4.5 HIERARCHICAL BASELINE,True
95c01d1bb797d6df14824b106c5a9130,ATL@PIT,Pat Freiermuth,00-0036894,TE,PIT,ATL,2026-09-13T17:00:00+00:00,2026-09-13T16:00:00+00:00,2026-09-13T15:55:36Z,betmgm,2026-09-13T15:55:25+00:00,2026-09-13T15:55:25+00:00,2026-09-13T15:55:11+00:00,2.4804275490528704,0.05961234056789617,0.05605345907095527,0.13903654409930497,0.1298037726601632,0.07044928522815708,0.0,0.12922774304609586,0.0,0.0,0.0,0.11842105263157894,0.11764705882352941,0.0,0.10344827586206896,,15,2025_18_BAL_PIT,2026-01-06T01:20:00+00:00,fanatics,420,370.0,8,0.1923076923076923,0.2127659574468085,-0.06250391964752908,-0.0829621847866453,-0.32502038216715123,-0.3899222684972329,False,False,,PHASE 4.5 HIERARCHICAL BASELINE,True
95c01d1bb797d6df14824b106c5a9130,ATL@PIT,Kyle Pitts,00-0036970,TE,ATL,PIT,2026-09-13T17:00:00+00:00,2026-09-13T16:00:00+00:00,2026-09-13T15:55:36Z,betmgm,2026-09-13T15:55:25+00:00,2026-09-13T15:55:25+00:00,2026-09-13T15:55:11+00:00,1.693453120796988,0.09826327474991525,0.07964424871072567,0.1348738015327099,0.12617381974534783,0.11416855242163855,0.0,0.20875890530812596,0.0,0.0,0.0,0.19672131147540983,0.16,0.0,0.22736030828516376,,17,2025_18_NO_ATL,2026-01-05T18:00:00+00:00,fanatics,420,387.5,8,0.1923076923076923,0.20512820512820512,-0.06613387256234446,-0.07895438538285729,-0.3438961373241912,-0.38490262874142933,False,False,,PHASE 4.5 HIERARCHICAL BASELINE,True
95c01d1bb797d6df14824b106c5a9130,ATL@PIT,Pittsburgh Steelers D/ST,,,,,2026-09-13T17:00:00+00:00,2026-09-13T16:00:00+00:00,2026-09-13T15:55:36Z,betmgm,2026-09-13T15:55:25+00:00,2026-09-13T15:55:25+00:00,2026-09-13T15:54:41+00:00,,,,,,,,,,,,,,,,,,,,draftkings,475,430.0,4,0.17391304347826086,0.18867924528301888,,,,,False,False,no_unambiguous_prior_same_team_history,PHASE 4.5 HIERARCHICAL BASELINE,True
95c01d1bb797d6df14824b106c5a9130,ATL@PIT,Brian Robinson Jr.,,,,,2026-09-13T17:00:00+00:00,2026-09-13T16:00:00+00:00,2026-09-13T15:55:36Z,betmgm,2026-09-13T15:55:25+00:00,2026-09-13T15:55:25+00:00,2026-09-13T15:55:30+00:00,,,,,,,,,,,,,,,,,,,,betonlineag,500,500.0,8,0.16666666666666666,0.16666666666666666,,,,,False,False,no_unambiguous_prior_same_team_history,PHASE 4.5 HIERARCHICAL BASELINE,True
95c01d1bb797d6df14824b106c5a9130,ATL@PIT,Darnell Washington,00-0038558,TE,PIT,ATL,2026-09-13T17:00:00+00:00,2026-09-13T16:00:00+00:00,2026-09-13T15:55:36Z,betmgm,2026-09-13T15:55:25+00:00,2026-09-13T15:55:25+00:00,2026-09-13T15:55:11+00:00,2.4804275490528704,0.02249483381695348,0.021151882892945808,0.05246571304200291,0.05111314505820652,0.016935291925140036,0.0,0.02907369750982129,0.0,0.0,0.0,0.10526315789473684,0.058823529411764705,0.0,0.08237547892720307,,13,2025_17_PIT_CLE,2025-12-29T18:00:00+00:00,fanatics,600,537.5,8,0.14285714285714285,0.1568627450980392,-0.09174399779893633,-0.10574960003983269,-0.6422079845925543,-0.6741537002539334,False,False,,PHASE 4.5 HIERARCHICAL BASELINE,True
95c01d1bb797d6df14824b106c5a9130,ATL@PIT,Atlanta Falcons D/ST,,,,,2026-09-13T17:00:00+00:00,2026-09-13T16:00:00+00:00,2026-09-13T15:55:36Z,betmgm,2026-09-13T15:55:25+00:00,2026-09-13T15:55:25+00:00,2026-09-13T15:53:33+00:00,,,,,,,,,,,,,,,,,,,,betmgm,625,600.0,4,0.13793103448275862,0.14285714285714285,,,,,False,False,no_unambiguous_prior_same_team_history,PHASE 4.5 HIERARCHICAL BASELINE,True
95c01d1bb797d6df14824b106c5a9130,ATL@PIT,Germie Bernard,,,,,2026-09-13T17:00:00+00:00,2026-09-13T16:00:00+00:00,2026-09-13T15:55:36Z,betmgm,2026-09-13T15:55:25+00:00,2026-09-13T15:55:25+00:00,2026-09-13T15:55:09+00:00,,,,,,,,,,,,,,,,,,,,fanduel,850,637.5,8,0.10526315789473684,0.13559322033898305,,,,,False,False,no_unambiguous_prior_same_team_history,PHASE 4.5 HIERARCHICAL BASELINE,True
95c01d1bb797d6df14824b106c5a9130,ATL@PIT,Roman Wilson,00-0039739,WR,PIT,ATL,2026-09-13T17:00:00+00:00,2026-09-13T16:00:00+00:00,2026-09-13T15:55:36Z,betmgm,2026-09-13T15:55:25+00:00,2026-09-13T15:55:25+00:00,2026-09-13T15:55:11+00:00,2.4804275490528704,0.026596477486514405,0.025008656731468657,0.06203216112154137,0.06014734041059486,0.038661971252594816,0.0,0.05990810528714763,0.0,0.0,0.0,0.013157894736842105,0.029411764705882353,0.0,0.040229885057471264,,9,2025_13_BUF_PIT,2025-12-01T21:25:00+00:00,bovada,800,700.0,8,0.1111111111111111,0.125,-0.05096377070051625,-0.06485265958940514,-0.45867393630464626,-0.5188212767152411,False,False,,PHASE 4.5 HIERARCHICAL BASELINE,True
95c01d1bb797d6df14824b106c5a9130,ATL@PIT,Jahan Dotson,,,,,2026-09-13T17:00:00+00:00,2026-09-13T16:00:00+00:00,2026-09-13T15:55:36Z,betmgm,2026-09-13T15:55:25+00:00,2026-09-13T15:55:25+00:00,2026-09-13T15:55:11+00:00,,,,,,,,,,,,,,,,,,,,bovada,800,700.0,8,0.1111111111111111,0.125,,,,,False,False,no_unambiguous_prior_same_team_history,PHASE 4.5 HIERARCHICAL BASELINE,True
95c01d1bb797d6df14824b106c5a9130,ATL@PIT,Olamide Zaccheaus,,,,,2026-09-13T17:00:00+00:00,2026-09-13T16:00:00+00:00,2026-09-13T15:55:36Z,betmgm,2026-09-13T15:55:25+00:00,2026-09-13T15:55:25+00:00,2026-09-13T15:55:38+00:00,,,,,,,,,,,,,,,,,,,,betrivers,1050,875.0,8,0.08695652173913043,0.10256410256410256,,,,,False,False,no_unambiguous_prior_same_team_history,PHASE 4.5 HIERARCHICAL BASELINE,True
95c01d1bb797d6df14824b106c5a9130,ATL@PIT,Zachariah Branch,,,,,2026-09-13T17:00:00+00:00,2026-09-13T16:00:00+00:00,2026-09-13T15:55:36Z,betmgm,2026-09-13T15:55:25+00:00,2026-09-13T15:55:25+00:00,2026-09-13T15:55:11+00:00,,,,,,,,,,,,,,,,,,,,fanatics,1300,1000.0,8,0.07142857142857142,0.09090909090909091,,,,,False,False,no_unambiguous_prior_same_team_history,PHASE 4.5 HIERARCHICAL BASELINE,True
95c01d1bb797d6df14824b106c5a9130,ATL@PIT,Austin Hooper,,,,,2026-09-13T17:00:00+00:00,2026-09-13T16:00:00+00:00,2026-09-13T15:55:36Z,betmgm,2026-09-13T15:55:25+00:00,2026-09-13T15:55:25+00:00,2026-09-13T15:55:11+00:00,,,,,,,,,,,,,,,,,,,,betmgm,1200,1100.0,8,0.07692307692307693,0.08333333333333333,,,,,False,False,no_unambiguous_prior_same_team_history,PHASE 4.5 HIERARCHICAL BASELINE,True
95c01d1bb797d6df14824b106c5a9130,ATL@PIT,Eli Heidenreich,,,,,2026-09-13T17:00:00+00:00,2026-09-13T16:00:00+00:00,2026-09-13T15:55:36Z,betmgm,2026-09-13T15:55:25+00:00,2026-09-13T15:55:25+00:00,2026-09-13T15:55:09+00:00,,,,,,,,,,,,,,,,,,,,fanduel,1800,1200.0,8,0.05263157894736842,0.07692307692307693,,,,,False,False,no_unambiguous_prior_same_team_history,PHASE 4.5 HIERARCHICAL BASELINE,True
95c01d1bb797d6df14824b106c5a9130,ATL@PIT,Aaron Rodgers,00-0023459,QB,PIT,ATL,2026-09-13T17:00:00+00:00,2026-09-13T16:00:00+00:00,2026-09-13T15:55:36Z,betmgm,2026-09-13T15:55:25+00:00,2026-09-13T15:55:25+00:00,2026-09-13T15:55:38+00:00,2.4804275490528704,0.05722353154294446,0.05380726293718745,0.13346501732853122,0.12494191968847991,0.06559737049349412,0.1638756729253929,5.939924106520576e-05,0.05555555555555555,0.125,0.125,0.0,0.0,0.051597051597051594,0.0019157088122605363,,16,2025_18_BAL_PIT,2026-01-06T01:20:00+00:00,betrivers,1700,1450.0,8,0.05555555555555555,0.06451612903225806,0.06938636413292436,0.06042579065622185,1.2489545543926384,0.9365997551714387,True,True,,PHASE 4.5 HIERARCHICAL BASELINE,True
95c01d1bb797d6df14824b106c5a9130,ATL@PIT,Ben Skowronek,00-0036862,WR,PIT,ATL,2026-09-13T17:00:00+00:00,2026-09-13T16:00:00+00:00,2026-09-13T15:55:36Z,betmgm,2026-09-13T15:55:25+00:00,2026-09-13T15:55:25+00:00,2026-09-13T15:55:09+00:00,2.4804275490528704,0.01877946715532148,0.01765832516450564,0.04380019620817335,0.04285482039482931,0.026666749232970063,0.0,0.04860549641396693,0.0,0.0,0.0,0.013157894736842105,0.029411764705882353,0.0,0.011494252873563218,,16,2025_18_BAL_PIT,2025-12-08T18:00:00+00:00,fanduel,2200,1300,7,0.043478260869565216,0.07142857142857142,-0.0006234404747359062,-0.028573751033742115,-0.014339130918925913,-0.40003251447238963,False,False,,PHASE 4.5 HIERARCHICAL BASELINE,True
95c01d1bb797d6df14824b106c5a9130,ATL@PIT,Robert Tonyan,,,,,2026-09-13T17:00:00+00:00,2026-09-13T16:00:00+00:00,2026-09-13T15:55:36Z,betmgm,2026-09-13T15:55:25+00:00,2026-09-13T15:55:25+00:00,2026-09-13T15:55:11+00:00,,,,,,,,,,,,,,,,,,,,fanatics,1600,1300,7,0.058823529411764705,0.07142857142857142,,,,,False,False,no_unambiguous_prior_same_team_history,PHASE 4.5 HIERARCHICAL BASELINE,True
95c01d1bb797d6df14824b106c5a9130,ATL@PIT,Riley Nowakowski,,,,,2026-09-13T17:00:00+00:00,2026-09-13T16:00:00+00:00,2026-09-13T15:55:36Z,betmgm,2026-09-13T15:55:25+00:00,2026-09-13T15:55:25+00:00,2026-09-13T15:55:38+00:00,,,,,,,,,,,,,,,,,,,,betrivers,2000,1500,7,0.047619047619047616,0.0625,,,,,False,False,no_unambiguous_prior_same_team_history,PHASE 4.5 HIERARCHICAL BASELINE,True
95c01d1bb797d6df14824b106c5a9130,ATL@PIT,Kaden Wetjen,,,,,2026-09-13T17:00:00+00:00,2026-09-13T16:00:00+00:00,2026-09-13T15:55:36Z,betmgm,2026-09-13T15:55:25+00:00,2026-09-13T15:55:25+00:00,2026-09-13T15:55:09+00:00,,,,,,,,,,,,,,,,,,,,fanduel,1700,1550.0,8,0.05555555555555555,0.06060606060606061,,,,,False,False,no_unambiguous_prior_same_team_history,PHASE 4.5 HIERARCHICAL BASELINE,True
95c01d1bb797d6df14824b106c5a9130,ATL@PIT,Cooper Rush,,,,,2026-09-13T17:00:00+00:00,2026-09-13T16:00:00+00:00,2026-09-13T15:55:36Z,betmgm,2026-09-13T15:55:25+00:00,2026-09-13T15:55:25+00:00,2026-09-13T15:55:09+00:00,,,,,,,,,,,,,,,,,,,,fanduel,2700,2150.0,8,0.03571428571428571,0.044444444444444446,,,,,False,False,no_unambiguous_prior_same_team_history,PHASE 4.5 HIERARCHICAL BASELINE,True
95c01d1bb797d6df14824b106c5a9130,ATL@PIT,Chris Blair,,,,,2026-09-13T17:00:00+00:00,2026-09-13T16:00:00+00:00,2026-09-13T15:55:36Z,betmgm,2026-09-13T15:55:25+00:00,2026-09-13T15:55:25+00:00,2026-09-13T15:55:09+00:00,,,,,,,,,,,,,,,,,,,,fanduel,3300,2500,7,0.029411764705882353,0.038461538461538464,,,,,False,False,no_unambiguous_prior_same_team_history,PHASE 4.5 HIERARCHICAL BASELINE,True
95c01d1bb797d6df14824b106c5a9130,ATL@PIT,Charlie Woerner,00-0036429,TE,ATL,PIT,2026-09-13T17:00:00+00:00,2026-09-13T16:00:00+00:00,2026-09-13T15:55:36Z,betmgm,2026-09-13T15:55:25+00:00,2026-09-13T15:55:25+00:00,2026-09-13T15:55:11+00:00,1.693453120796988,0.00942085906192566,0.0076357850286009115,0.012930843986419133,0.012847599815419388,0.013109233961545124,0.0,0.021759637929277126,0.0,0.0,0.0,0.01639344262295082,0.0,0.0,0.017341040462427744,,7,2025_17_LA_ATL,2025-12-22T21:05:00+00:00,fanatics,6000,3450.0,8,0.01639344262295082,0.028169014084507043,-0.003545842807531433,-0.015321414269087655,-0.21629641125941734,-0.5439102065526118,False,False,,PHASE 4.5 HIERARCHICAL BASELINE,True
95c01d1bb797d6df14824b106c5a9130,ATL@PIT,No Scorer,,,,,2026-09-13T17:00:00+00:00,2026-09-13T16:00:00+00:00,2026-09-13T15:55:36Z,betmgm,2026-09-13T15:55:25+00:00,2026-09-13T15:55:25+00:00,2026-09-13T15:55:11+00:00,,,,,,,,,,,,,,,,,,,,fanatics,3500,3500,1,0.027777777777777776,0.027777777777777776,,,,,False,False,no_unambiguous_prior_same_team_history,PHASE 4.5 HIERARCHICAL BASELINE,True
95c01d1bb797d6df14824b106c5a9130,ATL@PIT,Pittsburgh Steelers Defense,,,,,2026-09-13T17:00:00+00:00,2026-09-13T16:00:00+00:00,2026-09-13T15:55:36Z,betmgm,2026-09-13T15:55:25+00:00,2026-09-13T15:55:25+00:00,2026-09-13T15:55:09+00:00,,,,,,,,,,,,,,,,,,,,fanduel,700,700,1,0.125,0.125,,,,,False,False,no_unambiguous_prior_same_team_history,PHASE 4.5 HIERARCHICAL BASELINE,True
95c01d1bb797d6df14824b106c5a9130,ATL@PIT,Atlanta Falcons Defense,,,,,2026-09-13T17:00:00+00:00,2026-09-13T16:00:00+00:00,2026-09-13T15:55:36Z,betmgm,2026-09-13T15:55:25+00:00,2026-09-13T15:55:25+00:00,2026-09-13T15:55:09+00:00,,,,,,,,,,,,,,,,,,,,fanduel,700,700,1,0.125,0.125,,,,,False,False,no_unambiguous_prior_same_team_history,PHASE 4.5 HIERARCHICAL BASELINE,True
b6cfdcbafa61ce220ba87dc2d9b80c77,BAL@IND,Jonathan Taylor,00-0036223,RB,IND,BAL,2026-09-13T17:00:00+00:00,2026-09-13T16:00:00+00:00,2026-09-13T15:55:36Z,betmgm,2026-09-13T15:55:25+00:00,2026-09-13T15:55:25+00:00,2026-09-13T15:53:44+00:00,2.3834780335898302,0.35261533304426257,0.30331257868289707,0.7229388686021722,0.5146761449926647,0.2970981033177609,0.7122213095932404,0.011012995273608184,0.7209302325581395,1.3529411764705883,2.2941176470588234,0.05194805194805195,0.0,0.7307692307692307,0.10377358490566038,,17,2025_18_IND_HOU,2026-01-05T18:00:00+00:00,fanatics,-165,-188.0,8,0.6226415094339623,0.652752124122645,-0.10796536444129767,-0.13807597912998038,-0.1733989186481446,-0.2115289618024091,False,False,,PHASE 4.5 HIERARCHICAL BASELINE,True
b6cfdcbafa61ce220ba87dc2d9b80c77,BAL@IND,Derrick Henry,00-0032764,RB,BAL,IND,2026-09-13T17:00:00+00:00,2026-09-13T16:00:00+00:00,2026-09-13T15:55:36Z,betmgm,2026-09-13T15:55:25+00:00,2026-09-13T15:55:25+00:00,2026-09-13T15:53:44+00:00,2.670934453095551,0.43820715702413493,0.36298011673410857,0.9694960995737756,0.6207258936564856,0.42420032530831026,0.7830652600132229,0.023625294707642245,0.8333333333333334,1.588235294117647,2.3529411764705883,0.037037037037037035,0.0,0.6055226824457594,0.051597051597051594,,17,2025_18_BAL_PIT,2026-01-06T01:20:00+00:00,fanatics,-175,-190.5,8,0.6363636363636364,0.6556399132321041,-0.015637742707150792,-0.03491401957561857,-0.024573595682665594,-0.05325182142054641,False,False,,PHASE 4.5 HIERARCHICAL BASELINE,True
b6cfdcbafa61ce220ba87dc2d9b80c77,BAL@IND,Zay Flowers,00-0039064,WR,BAL,IND,2026-09-13T17:00:00+00:00,2026-09-13T16:00:00+00:00,2026-09-13T15:55:36Z,betmgm,2026-09-13T15:55:25+00:00,2026-09-13T15:55:25+00:00,2026-09-13T15:53:44+00:00,2.670934453095551,0.12124669500575,0.1004322699923134,0.26824801012506433,0.2352819002491698,0.14036258901121013,0.01457536189407166,0.28076979372474203,0.0,0.0,0.0,0.2037037037037037,0.15151515151515152,0.01972386587771203,0.28992628992628994,,17,2025_18_BAL_PIT,2026-01-06T01:20:00+00:00,fanatics,175,156.5,8,0.36363636363636365,0.38986354775828463,-0.12835446338719383,-0.15458164750911482,-0.35297477431478297,-0.3965019258608794,False,False,,PHASE 4.5 HIERARCHICAL BASELINE,True
b6cfdcbafa61ce220ba87dc2d9b80c77,BAL@IND,Mark Andrews,00-0034753,TE,BAL,IND,2026-09-13T17:00:00+00:00,2026-09-13T16:00:00+00:00,2026-09-13T15:55:36Z,betmgm,2026-09-13T15:55:25+00:00,2026-09-13T15:55:25+00:00,2026-09-13T15:53:44+00:00,2.670934453095551,0.1481080928487807,0.12268237058610086,0.327676570385853,0.27940395587972267,0.15609130296243584,0.0026766794932733774,0.3273369766064272,0.047619047619047616,0.17647058823529413,0.17647058823529413,0.2777777777777778,0.30303030303030304,0.01972386587771203,0.171990171990172,,17,2025_18_BAL_PIT,2026-01-06T01:20:00+00:00,fanatics,200,177.0,8,0.3333333333333333,0.36101083032490977,-0.05392937745361065,-0.0816068744451871,-0.161788132360832,-0.22605104221316819,False,False,,PHASE 4.5 HIERARCHICAL BASELINE,True
b6cfdcbafa61ce220ba87dc2d9b80c77,BAL@IND,Tyler Warren,00-0040128,TE,IND,BAL,2026-09-13T17:00:00+00:00,2026-09-13T16:00:00+00:00,2026-09-13T15:55:36Z,betmgm,2026-09-13T15:55:25+00:00,2026-09-13T15:55:25+00:00,2026-09-13T15:55:06+00:00,2.3834780335898302,0.1262972634356257,0.10863835194723136,0.2589371254716269,0.22812844742211535,0.14251913272818922,0.0490241357441892,0.20695187440441692,0.0,0.17647058823529413,0.23529411764705882,0.2727272727272727,0.17857142857142858,0.013574660633484163,0.21132075471698114,,17,2025_18_IND_HOU,2026-01-05T18:00:00+00:00,betrivers,235,202.5,8,0.29850746268656714,0.3305785123966942,-0.07037901526445178,-0.10245006497457887,-0.23576970113591356,-0.3099114465481011,False,False,,PHASE 4.5 HIERARCHICAL BASELINE,True
b6cfdcbafa61ce220ba87dc2d9b80c77,BAL@IND,Lamar Jackson,00-0034796,QB,BAL,IND,2026-09-13T17:00:00+00:00,2026-09-13T16:00:00+00:00,2026-09-13T15:55:36Z,betmgm,2026-09-13T15:55:25+00:00,2026-09-13T15:55:25+00:00,2026-09-13T15:53:44+00:00,2.670934453095551,0.06661214160123456,0.055176832570521896,0.1473737031252917,0.13702857796735524,0.07524929873837634,0.16021170212396807,0.0,0.07142857142857142,0.07692307692307693,0.38461538461538464,0.0,0.0,0.13214990138067062,0.0,,13,2025_18_BAL_PIT,2026-01-06T01:20:00+00:00,fanatics,280,257.5,8,0.2631578947368421,0.2797202797202797,-0.12612931676948685,-0.14269170175292445,-0.4792914037240501,-0.510122833766705,False,False,,PHASE 4.5 HIERARCHICAL BASELINE,True
b6cfdcbafa61ce220ba87dc2d9b80c77,BAL@IND,Rashod Bateman,00-0036550,WR,BAL,IND,2026-09-13T17:00:00+00:00,2026-09-13T16:00:00+00:00,2026-09-13T15:55:36Z,betmgm,2026-09-13T15:55:25+00:00,2026-09-13T15:55:25+00:00,2026-09-13T15:53:44+00:00,2.670934453095551,0.06495005015777441,0.05380007243208194,0.1436964670378838,0.1338493865756332,0.07457185937524932,0.0,0.15758618501270427,0.0,0.0,0.0,0.14814814814814814,0.12121212121212122,0.0,0.09336609336609336,,13,2025_17_BAL_GB,2025-12-29T01:00:00+00:00,fanatics,325,290.0,8,0.23529411764705882,0.2564102564102564,-0.10144473107142563,-0.12256086983462319,-0.4311401070535589,-0.4779873923550305,False,False,,PHASE 4.5 HIERARCHICAL BASELINE,True
b6cfdcbafa61ce220ba87dc2d9b80c77,BAL@IND,Josh Downs,00-0038997,WR,IND,BAL,2026-09-13T17:00:00+00:00,2026-09-13T16:00:00+00:00,2026-09-13T15:55:36Z,betmgm,2026-09-13T15:55:25+00:00,2026-09-13T15:55:25+00:00,2026-09-13T15:53:44+00:00,2.3834780335898302,0.05601495852412202,0.0481829345538819,0.11484296610307392,0.10849387040304143,0.05419903492812522,0.0046508495632064115,0.0883455190302639,0.0,0.0,0.0,0.19480519480519481,0.10714285714285714,0.004524886877828055,0.1660377358490566,,16,2025_18_IND_HOU,2026-01-05T18:00:00+00:00,fanatics,325,282.5,8,0.23529411764705882,0.26143790849673204,-0.1268002472440174,-0.15294403809369062,-0.538901050787074,-0.5850109457083665,False,False,,PHASE 4.5 HIERARCHICAL BASELINE,True
b6cfdcbafa61ce220ba87dc2d9b80c77,BAL@IND,Keenan Allen,,,,,2026-09-13T17:00:00+00:00,2026-09-13T16:00:00+00:00,2026-09-13T15:55:36Z,betmgm,2026-09-13T15:55:25+00:00,2026-09-13T15:55:25+00:00,2026-09-13T15:53:44+00:00,,,,,,,,,,,,,,,,,,,,fanatics,380,325.0,8,0.20833333333333334,0.23529411764705882,,,,,False,False,no_unambiguous_prior_same_team_history,PHASE 4.5 HIERARCHICAL BASELINE,True
b6cfdcbafa61ce220ba87dc2d9b80c77,BAL@IND,Alec Pierce,00-0037664,WR,IND,BAL,2026-09-13T17:00:00+00:00,2026-09-13T16:00:00+00:00,2026-09-13T15:55:36Z,betmgm,2026-09-13T15:55:25+00:00,2026-09-13T15:55:25+00:00,2026-09-13T15:55:37+00:00,2.3834780335898302,0.1442009463364576,0.12403873791935968,0.2956436071449997,0.25594744421282034,0.18992808781365983,0.0,0.3208183794220084,0.0,0.0,0.0,0.11688311688311688,0.35714285714285715,0.0,0.15849056603773584,,15,2025_18_IND_HOU,2026-01-05T18:00:00+00:00,bovada,360,307.5,8,0.2173913043478261,0.24539877300613502,0.03855613986499423,0.010548671206685317,0.17735824337897355,0.04298583516724275,True,False,,PHASE 4.5 HIERARCHICAL BASELINE,True
b6cfdcbafa61ce220ba87dc2d9b80c77,BAL@IND,Daniel Jones,00-0035710,QB,IND,BAL,2026-09-13T17:00:00+00:00,2026-09-13T16:00:00+00:00,2026-09-13T15:55:36Z,betmgm,2026-09-13T15:55:25+00:00,2026-09-13T15:55:25+00:00,2026-09-13T15:55:06+00:00,2.3834780335898302,0.09218401083130841,0.07929482191594452,0.1889974662140712,0.17221139586880643,0.082263582481116,0.21645009551622496,0.0,0.16279069767441862,0.46153846153846156,0.7692307692307693,0.0,0.0,0.10180995475113122,0.0,,13,2025_14_IND_JAX,2025-12-08T18:00:00+00:00,betmgm,450,422.5,8,0.18181818181818182,0.19138755980861244,-0.00960678594937539,-0.019176163939806007,-0.052837322721564606,-0.10019545658548645,False,False,,PHASE 4.5 HIERARCHICAL BASELINE,True
b6cfdcbafa61ce220ba87dc2d9b80c77,BAL@IND,Ja'Kobi Lane,,,,,2026-09-13T17:00:00+00:00,2026-09-13T16:00:00+00:00,2026-09-13T15:55:36Z,betmgm,2026-09-13T15:55:25+00:00,2026-09-13T15:55:25+00:00,2026-09-13T15:55:37+00:00,,,,,,,,,,,,,,,,,,,,draftkings,450,410.0,8,0.18181818181818182,0.19607843137254904,,,,,False,False,no_unambiguous_prior_same_team_history,PHASE 4.5 HIERARCHICAL BASELINE,True
b6cfdcbafa61ce220ba87dc2d9b80c77,BAL@IND,Justice Hill,00-0034975,RB,BAL,IND,2026-09-13T17:00:00+00:00,2026-09-13T16:00:00+00:00,2026-09-13T15:55:36Z,betmgm,2026-09-13T15:55:25+00:00,2026-09-13T15:55:25+00:00,2026-09-13T15:55:37+00:00,2.670934453095551,0.03650479804668343,0.030238017896203413,0.08076376379228956,0.07758842728024075,0.038628185484171844,0.06621512861187015,0.015739816638481476,0.023809523809523808,0.1,0.1,0.018518518518518517,0.0,0.03550295857988166,0.06633906633906633,,10,2025_12_NYJ_BAL,2025-11-10T18:00:00+00:00,draftkings,550,500.0,8,0.15384615384615385,0.16666666666666666,-0.0762577265659131,-0.08907823938642591,-0.4956752226784351,-0.5344694363185555,False,False,,PHASE 4.5 HIERARCHICAL BASELINE,True
b6cfdcbafa61ce220ba87dc2d9b80c77,BAL@IND,Indianapolis Colts D/ST,,,,,2026-09-13T17:00:00+00:00,2026-09-13T16:00:00+00:00,2026-09-13T15:55:36Z,betmgm,2026-09-13T15:55:25+00:00,2026-09-13T15:55:25+00:00,2026-09-13T15:55:37+00:00,,,,,,,,,,,,,,,,,,,,bovada,600,587.5,4,0.14285714285714285,0.14545454545454545,,,,,False,False,no_unambiguous_prior_same_team_history,PHASE 4.5 HIERARCHICAL BASELINE,True
b6cfdcbafa61ce220ba87dc2d9b80c77,BAL@IND,Baltimore Ravens D/ST,,,,,2026-09-13T17:00:00+00:00,2026-09-13T16:00:00+00:00,2026-09-13T15:55:36Z,betmgm,2026-09-13T15:55:25+00:00,2026-09-13T15:55:25+00:00,2026-09-13T15:55:37+00:00,,,,,,,,,,,,,,,,,,,,bovada,600,575.0,4,0.14285714285714285,0.14814814814814814,,,,,False,False,no_unambiguous_prior_same_team_history,PHASE 4.5 HIERARCHICAL BASELINE,True
b6cfdcbafa61ce220ba87dc2d9b80c77,BAL@IND,Mo Alie-Cox,00-0033217,TE,IND,BAL,2026-09-13T17:00:00+00:00,2026-09-13T16:00:00+00:00,2026-09-13T15:55:36Z,betmgm,2026-09-13T15:55:25+00:00,2026-09-13T15:55:25+00:00,2026-09-13T15:55:06+00:00,2.3834780335898302,0.0401903637231324,0.03457093812065356,0.08239907161117105,0.07909562143825838,0.05557868500942004,0.0,0.09011801496267122,0.0,0.0,0.0,0.07792207792207792,0.03571428571428571,0.0,0.03773584905660377,,11,2025_18_IND_HOU,2026-01-05T18:00:00+00:00,betrivers,1050,825.0,8,0.08695652173913043,0.10810810810810811,-0.007860900300872053,-0.029012486669849735,-0.09040035346002862,-0.26836550169610995,False,False,,PHASE 4.5 HIERARCHICAL BASELINE,True
b6cfdcbafa61ce220ba87dc2d9b80c77,BAL@IND,Seth McGowan,,,,,2026-09-13T17:00:00+00:00,2026-09-13T16:00:00+00:00,2026-09-13T15:55:36Z,betmgm,2026-09-13T15:55:25+00:00,2026-09-13T15:55:25+00:00,2026-09-13T15:55:21+00:00,,,,,,,,,,,,,,,,,,,,fanduel,1100,800.0,8,0.08333333333333333,0.1111111111111111,,,,,False,False,no_unambiguous_prior_same_team_history,PHASE 4.5 HIERARCHICAL BASELINE,True
b6cfdcbafa61ce220ba87dc2d9b80c77,BAL@IND,Ashton Dulin,00-0035021,WR,IND,BAL,2026-09-13T17:00:00+00:00,2026-09-13T16:00:00+00:00,2026-09-13T15:55:36Z,betmgm,2026-09-13T15:55:25+00:00,2026-09-13T15:55:25+00:00,2026-09-13T15:55:37+00:00,2.3834780335898302,0.01460466987593244,0.012562641682758134,0.029942780494713994,0.02949893644947069,0.020535752600572197,0.021122636559249026,0.01994512738216075,0.0,0.0,0.0,0.012987012987012988,0.0,0.006787330316742082,0.018867924528301886,,12,2025_18_IND_HOU,2026-01-05T18:00:00+00:00,betonlineag,1100,1050.0,8,0.08333333333333333,0.08695652173913043,-0.05383439688386264,-0.057457585289659746,-0.6460127626063517,-0.6607622308310871,False,False,,PHASE 4.5 HIERARCHICAL BASELINE,True
b6cfdcbafa61ce220ba87dc2d9b80c77,BAL@IND,Durham Smythe,,,,,2026-09-13T17:00:00+00:00,2026-09-13T16:00:00+00:00,2026-09-13T15:55:36Z,betmgm,2026-09-13T15:55:25+00:00,2026-09-13T15:55:25+00:00,2026-09-13T15:55:06+00:00,,,,,,,,,,,,,,,,,,,,betmgm,1300,1000.0,8,0.07142857142857142,0.09090909090909091,,,,,False,False,no_unambiguous_prior_same_team_history,PHASE 4.5 HIERARCHICAL BASELINE,True
b6cfdcbafa61ce220ba87dc2d9b80c77,BAL@IND,Matthew Hibner,,,,,2026-09-13T17:00:00+00:00,2026-09-13T16:00:00+00:00,2026-09-13T15:55:36Z,betmgm,2026-09-13T15:55:25+00:00,2026-09-13T15:55:25+00:00,2026-09-13T15:55:06+00:00,,,,,,,,,,,,,,,,,,,,betmgm,2500,1500.0,8,0.038461538461538464,0.0625,,,,,False,False,no_unambiguous_prior_same_team_history,PHASE 4.5 HIERARCHICAL BASELINE,True
b6cfdcbafa61ce220ba87dc2d9b80c77,BAL@IND,Rasheen Ali,00-0039796,RB,BAL,IND,2026-09-13T17:00:00+00:00,2026-09-13T16:00:00+00:00,2026-09-13T15:55:36Z,betmgm,2026-09-13T15:55:25+00:00,2026-09-13T15:55:25+00:00,2026-09-13T15:53:44+00:00,2.670934453095551,0.010946952131146074,0.009067688418031138,0.024219201405654863,0.023928269988802948,0.012927914975666385,0.010042567445386933,0.015611286151957369,0.0,0.0,0.0,0.018518518518518517,0.0,0.013806706114398421,0.02702702702702703,,15,2025_18_BAL_PIT,2026-01-06T01:20:00+00:00,fanatics,1900,1500.0,8,0.05,0.0625,-0.026071730011197055,-0.038571730011197056,-0.5214346002239411,-0.6171476801791529,False,False,,PHASE 4.5 HIERARCHICAL BASELINE,True
b6cfdcbafa61ce220ba87dc2d9b80c77,BAL@IND,Chris Moore,,,,,2026-09-13T17:00:00+00:00,2026-09-13T16:00:00+00:00,2026-09-13T15:55:36Z,betmgm,2026-09-13T15:55:25+00:00,2026-09-13T15:55:25+00:00,2026-09-13T15:55:21+00:00,,,,,,,,,,,,,,,,,,,,fanduel,2000,1900,5,0.047619047619047616,0.05,,,,,False,False,no_unambiguous_prior_same_team_history,PHASE 4.5 HIERARCHICAL BASELINE,True
b6cfdcbafa61ce220ba87dc2d9b80c77,BAL@IND,Josh Cuevas,,,,,2026-09-13T17:00:00+00:00,2026-09-13T16:00:00+00:00,2026-09-13T15:55:36Z,betmgm,2026-09-13T15:55:25+00:00,2026-09-13T15:55:25+00:00,2026-09-13T15:53:44+00:00,,,,,,,,,,,,,,,,,,,,fanatics,2200,1725.0,8,0.043478260869565216,0.0547945205479452,,,,,False,False,no_unambiguous_prior_same_team_history,PHASE 4.5 HIERARCHICAL BASELINE,True
b6cfdcbafa61ce220ba87dc2d9b80c77,BAL@IND,Drew Ogletree,,,,,2026-09-13T17:00:00+00:00,2026-09-13T16:00:00+00:00,2026-09-13T15:55:36Z,betmgm,2026-09-13T15:55:25+00:00,2026-09-13T15:55:25+00:00,2026-09-13T15:53:44+00:00,,,,,,,,,,,,,,,,,,,,fanatics,2800,2000.0,8,0.034482758620689655,0.047619047619047616,,,,,False,False,no_unambiguous_prior_same_team_history,PHASE 4.5 HIERARCHICAL BASELINE,True
b6cfdcbafa61ce220ba87dc2d9b80c77,BAL@IND,Laquon Treadwell,,,,,2026-09-13T17:00:00+00:00,2026-09-13T16:00:00+00:00,2026-09-13T15:55:36Z,betmgm,2026-09-13T15:55:25+00:00,2026-09-13T15:55:25+00:00,2026-09-13T15:53:44+00:00,,,,,,,,,,,,,,,,,,,,fanatics,2500,2000,7,0.038461538461538464,0.047619047619047616,,,,,False,False,no_unambiguous_prior_same_team_history,PHASE 4.5 HIERARCHICAL BASELINE,True
b6cfdcbafa61ce220ba87dc2d9b80c77,BAL@IND,LaJohntay Wester,,,,,2026-09-13T17:00:00+00:00,2026-09-13T16:00:00+00:00,2026-09-13T15:55:36Z,betmgm,2026-09-13T15:55:25+00:00,2026-09-13T15:55:25+00:00,2026-09-13T15:53:44+00:00,,,,,,,,,,,,,,,,,,,,fanatics,2200,1575.0,8,0.043478260869565216,0.05970149253731343,,,,,False,False,no_unambiguous_prior_same_team_history,PHASE 4.5 HIERARCHICAL BASELINE,True
b6cfdcbafa61ce220ba87dc2d9b80c77,BAL@IND,Deion Burks,,,,,2026-09-13T17:00:00+00:00,2026-09-13T16:00:00+00:00,2026-09-13T15:55:36Z,betmgm,2026-09-13T15:55:25+00:00,2026-09-13T15:55:25+00:00,2026-09-13T15:53:44+00:00,,,,,,,,,,,,,,,,,,,,fanatics,3000,2200.0,8,0.03225806451612903,0.043478260869565216,,,,,False,False,no_unambiguous_prior_same_team_history,PHASE 4.5 HIERARCHICAL BASELINE,True
b6cfdcbafa61ce220ba87dc2d9b80c77,BAL@IND,No Scorer,,,,,2026-09-13T17:00:00+00:00,2026-09-13T16:00:00+00:00,2026-09-13T15:55:36Z,betmgm,2026-09-13T15:55:25+00:00,2026-09-13T15:55:25+00:00,2026-09-13T15:53:44+00:00,,,,,,,,,,,,,,,,,,,,fanatics,8000,8000,1,0.012345679012345678,0.012345679012345678,,,,,False,False,no_unambiguous_prior_same_team_history,PHASE 4.5 HIERARCHICAL BASELINE,True
b6cfdcbafa61ce220ba87dc2d9b80c77,BAL@IND,Devontez Walker,00-0039792,WR,BAL,IND,2026-09-13T17:00:00+00:00,2026-09-13T16:00:00+00:00,2026-09-13T15:55:36Z,betmgm,2026-09-13T15:55:25+00:00,2026-09-13T15:55:25+00:00,2026-09-13T15:54:57+00:00,2.670934453095551,0.06502414784337343,0.05386144976501075,0.1438604018710425,0.13399136719383276,0.10187290432446075,0.0,0.16990086849878022,0.0,0.0,0.0,0.018518518518518517,0.06060606060606061,0.0,0.019656019656019656,,8,2025_18_BAL_PIT,2026-01-06T01:20:00+00:00,betonlineag,800,800,1,0.1111111111111111,0.1111111111111111,0.02288025608272165,0.02288025608272165,0.2059223047444947,0.2059223047444947,False,False,,PHASE 4.5 HIERARCHICAL BASELINE,True
b6cfdcbafa61ce220ba87dc2d9b80c77,BAL@IND,Elijah Sarratt,,,,,2026-09-13T17:00:00+00:00,2026-09-13T16:00:00+00:00,2026-09-13T15:55:36Z,betmgm,2026-09-13T15:55:25+00:00,2026-09-13T15:55:25+00:00,2026-09-13T15:54:57+00:00,,,,,,,,,,,,,,,,,,,,betonlineag,1100,1100,1,0.08333333333333333,0.08333333333333333,,,,,False,False,no_unambiguous_prior_same_team_history,PHASE 4.5 HIERARCHICAL BASELINE,True
b6cfdcbafa61ce220ba87dc2d9b80c77,BAL@IND,DJ Giddens,00-0040179,RB,IND,BAL,2026-09-13T17:00:00+00:00,2026-09-13T16:00:00+00:00,2026-09-13T15:55:36Z,betmgm,2026-09-13T15:55:25+00:00,2026-09-13T15:55:25+00:00,2026-09-13T15:54:57+00:00,2.3834780335898302,0.04267125844841971,0.03670495359318332,0.08748545061328655,0.08376779782946937,0.05007346544918434,0.07716567796349355,0.01327473582767551,0.023255813953488372,0.2,0.2,0.012987012987012988,0.0,0.058823529411764705,0.0037735849056603774,,5,2025_18_IND_HOU,2026-01-05T18:00:00+00:00,betonlineag,1900,1900,1,0.05,0.05,0.03376779782946937,0.03376779782946937,0.6753559565893874,0.6753559565893874,True,True,,PHASE 4.5 HIERARCHICAL BASELINE,True
b6cfdcbafa61ce220ba87dc2d9b80c77,BAL@IND,Indianapolis Colts Defense,,,,,2026-09-13T17:00:00+00:00,2026-09-13T16:00:00+00:00,2026-09-13T15:55:36Z,betmgm,2026-09-13T15:55:25+00:00,2026-09-13T15:55:25+00:00,2026-09-13T15:55:21+00:00,,,,,,,,,,,,,,,,,,,,fanduel,700,700,1,0.125,0.125,,,,,False,False,no_unambiguous_prior_same_team_history,PHASE 4.5 HIERARCHICAL BASELINE,True
b6cfdcbafa61ce220ba87dc2d9b80c77,BAL@IND,Baltimore Ravens Defense,,,,,2026-09-13T17:00:00+00:00,2026-09-13T16:00:00+00:00,2026-09-13T15:55:36Z,betmgm,2026-09-13T15:55:25+00:00,2026-09-13T15:55:25+00:00,2026-09-13T15:55:21+00:00,,,,,,,,,,,,,,,,,,,,fanduel,850,850,1,0.10526315789473684,0.10526315789473684,,,,,False,False,no_unambiguous_prior_same_team_history,PHASE 4.5 HIERARCHICAL BASELINE,True
7e09efed7e12c659b82740b67ce2f9a1,BUF@HOU,David Montgomery,,,,,2026-09-13T17:00:00+00:00,2026-09-13T16:00:00+00:00,2026-09-13T15:55:36Z,betmgm,2026-09-13T15:55:25+00:00,2026-09-13T15:55:25+00:00,2026-09-13T15:55:15+00:00,,,,,,,,,,,,,,,,,,,,betmgm,105,-107.5,8,0.48780487804878053,0.5179372197309416,,,,,False,False,no_unambiguous_prior_same_team_history,PHASE 4.5 HIERARCHICAL BASELINE,True
7e09efed7e12c659b82740b67ce2f9a1,BUF@HOU,James Cook,00-0037248,RB,BUF,HOU,2026-09-13T17:00:00+00:00,2026-09-13T16:00:00+00:00,2026-09-13T15:55:36Z,betmgm,2026-09-13T15:55:25+00:00,2026-09-13T15:55:25+00:00,2026-09-13T15:55:10+00:00,2.300784476378691,0.22708698838181557,0.19121370674480428,0.43994152814927306,0.35592591981439436,0.18667015524385905,0.37209315552174493,0.038995889119526644,0.4444444444444444,0.9411764705882353,1.5294117647058822,0.043478260869565216,0.0,0.5648994515539305,0.08350730688935282,,17,2025_18_NYJ_BUF,2026-01-05T21:25:00+00:00,fanatics,110,103.0,8,0.47619047619047616,0.4926108374384237,-0.1202645563760818,-0.13668491762402935,-0.2525555683897718,-0.2774703827767795,False,False,,PHASE 4.5 HIERARCHICAL BASELINE,True
7e09efed7e12c659b82740b67ce2f9a1,BUF@HOU,Josh Allen,00-0034857,QB,BUF,HOU,2026-09-13T17:00:00+00:00,2026-09-13T16:00:00+00:00,2026-09-13T15:55:36Z,betmgm,2026-09-13T15:55:25+00:00,2026-09-13T15:55:25+00:00,2026-09-13T15:55:02+00:00,2.300784476378691,0.18277982914226035,0.1539058177552206,0.3541041163155795,0.2981981054761015,0.16676586702448304,0.37523359725498756,0.0,0.3333333333333333,1.0625,1.375,0.0,0.0,0.20475319926873858,0.0,,16,2025_17_PHI_BUF,2025-12-29T21:25:00+00:00,bovada,140,135.0,8,0.4166666666666667,0.425531914893617,-0.1184685611905652,-0.12733380941751554,-0.2843245468573564,-0.2992344521311615,False,False,,PHASE 4.5 HIERARCHICAL BASELINE,True
7e09efed7e12c659b82740b67ce2f9a1,BUF@HOU,Nico Collins,00-0036554,WR,HOU,BUF,2026-09-13T17:00:00+00:00,2026-09-13T16:00:00+00:00,2026-09-13T15:55:36Z,betmgm,2026-09-13T15:55:25+00:00,2026-09-13T15:55:25+00:00,2026-09-13T15:55:10+00:00,2.2789262521315634,0.16829180766841217,0.13691459115591803,0.3120182560850816,0.2680318347667665,0.21085383891512607,0.03934053024689232,0.2989629629082472,0.034482758620689655,0.0,0.06666666666666667,0.24,0.358974358974359,0.004210526315789474,0.21699819168173598,,15,2025_17_HOU_LAC,2025-12-28T21:30:00+00:00,fanatics,165,152.5,8,0.37735849056603776,0.39603960396039606,-0.10932665579927126,-0.12800776919362955,-0.28971563786806875,-0.32321961721391457,False,False,,PHASE 4.5 HIERARCHICAL BASELINE,True
7e09efed7e12c659b82740b67ce2f9a1,BUF@HOU,DJ Moore,,,,,2026-09-13T17:00:00+00:00,2026-09-13T16:00:00+00:00,2026-09-13T15:55:36Z,betmgm,2026-09-13T15:55:25+00:00,2026-09-13T15:55:25+00:00,2026-09-13T15:55:10+00:00,,,,,,,,,,,,,,,,,,,,betrivers,280,250.0,8,0.2631578947368421,0.2857142857142857,,,,,False,False,no_unambiguous_prior_same_team_history,PHASE 4.5 HIERARCHICAL BASELINE,True
7e09efed7e12c659b82740b67ce2f9a1,BUF@HOU,Woody Marks,00-0040583,RB,HOU,BUF,2026-09-13T17:00:00+00:00,2026-09-13T16:00:00+00:00,2026-09-13T15:55:36Z,betmgm,2026-09-13T15:55:25+00:00,2026-09-13T15:55:25+00:00,2026-09-13T15:55:10+00:00,2.2789262521315634,0.23083812199320364,0.18779943916326228,0.42798107204474284,0.34817624762721044,0.20411403240353515,0.4832444470486997,0.04484779521472184,0.41379310344827586,0.5625,0.9375,0.10666666666666667,0.05128205128205128,0.4126315789473684,0.0650994575045208,,16,2025_18_IND_HOU,2026-01-05T18:00:00+00:00,fanatics,265,255.0,8,0.273972602739726,0.28169014084507044,0.07420364488748443,0.06648610678214001,0.2708433038393181,0.2360256790765971,True,True,,PHASE 4.5 HIERARCHICAL BASELINE,True
7e09efed7e12c659b82740b67ce2f9a1,BUF@HOU,Dalton Schultz,00-0034383,TE,HOU,BUF,2026-09-13T17:00:00+00:00,2026-09-13T16:00:00+00:00,2026-09-13T15:55:36Z,betmgm,2026-09-13T15:55:25+00:00,2026-09-13T15:55:25+00:00,2026-09-13T15:55:10+00:00,2.2789262521315634,0.10629838808619407,0.08647955326518292,0.19708052420863523,0.17887548975093884,0.1417761246275981,0.0,0.2263558947505824,0.0,0.0,0.0,0.14666666666666667,0.1282051282051282,0.0,0.19168173598553345,,17,2025_18_IND_HOU,2026-01-05T18:00:00+00:00,fanatics,325,312.5,8,0.23529411764705882,0.24242424242424243,-0.05641862789611998,-0.0635487526733036,-0.2397791685585099,-0.26213860477737727,False,False,,PHASE 4.5 HIERARCHICAL BASELINE,True
7e09efed7e12c659b82740b67ce2f9a1,BUF@HOU,Dalton Kincaid,00-0038933,TE,BUF,HOU,2026-09-13T17:00:00+00:00,2026-09-13T16:00:00+00:00,2026-09-13T15:55:36Z,betmgm,2026-09-13T15:55:25+00:00,2026-09-13T15:55:25+00:00,2026-09-13T15:55:03+00:00,2.300784476378691,0.051060786533387414,0.042994635368267656,0.09892138962287245,0.09418608840195998,0.05263045904891016,0.0,0.09943185124744693,0.0,0.0,0.0,0.11594202898550725,0.16,0.0,0.1022964509394572,,12,2025_18_NYJ_BUF,2026-01-05T21:25:00+00:00,fanduel,340,322.5,8,0.22727272727272727,0.2366863905325444,-0.13308663887076727,-0.1425003021305844,-0.5855812110313761,-0.6020637765017192,False,False,,PHASE 4.5 HIERARCHICAL BASELINE,True
7e09efed7e12c659b82740b67ce2f9a1,BUF@HOU,Khalil Shakir,00-0037261,WR,BUF,HOU,2026-09-13T17:00:00+00:00,2026-09-13T16:00:00+00:00,2026-09-13T15:55:36Z,betmgm,2026-09-13T15:55:25+00:00,2026-09-13T15:55:25+00:00,2026-09-13T15:55:10+00:00,2.300784476378691,0.06225268960182971,0.052418536255302225,0.12060375449069295,0.11361488386203478,0.0676804520153873,0.0,0.12182211340573815,0.0,0.0,0.0,0.18840579710144928,0.04,0.0018281535648994515,0.19832985386221294,,16,2025_17_PHI_BUF,2025-12-29T21:25:00+00:00,fanatics,380,335.0,8,0.20833333333333334,0.2298850574712644,-0.09471844947129857,-0.11627017360922962,-0.4546485574622331,-0.5057752552001488,False,False,,PHASE 4.5 HIERARCHICAL BASELINE,True
7e09efed7e12c659b82740b67ce2f9a1,BUF@HOU,Kayshon Boutte,,,,,2026-09-13T17:00:00+00:00,2026-09-13T16:00:00+00:00,2026-09-13T15:55:36Z,betmgm,2026-09-13T15:55:25+00:00,2026-09-13T15:55:25+00:00,2026-09-13T15:55:10+00:00,,,,,,,,,,,,,,,,,,,,fanatics,420,375.0,8,0.1923076923076923,0.21052631578947367,,,,,False,False,no_unambiguous_prior_same_team_history,PHASE 4.5 HIERARCHICAL BASELINE,True
7e09efed7e12c659b82740b67ce2f9a1,BUF@HOU,Xavier Hutchinson,00-0038618,WR,HOU,BUF,2026-09-13T17:00:00+00:00,2026-09-13T16:00:00+00:00,2026-09-13T15:55:36Z,betmgm,2026-09-13T15:55:25+00:00,2026-09-13T15:55:25+00:00,2026-09-13T15:55:15+00:00,2.2789262521315634,0.0485057974599346,0.03946211951685653,0.08993126013171766,0.0860059890601878,0.055628204069634854,0.019164589250232268,0.0773814024122969,0.0,0.0,0.0,0.09333333333333334,0.10256410256410256,0.00631578947368421,0.10307414104882459,,16,2025_18_IND_HOU,2026-01-05T18:00:00+00:00,betmgm,475,445.0,8,0.17391304347826086,0.18348623853211007,-0.08790705441807306,-0.09748024947192227,-0.5054655629039202,-0.5312673596219765,False,False,,PHASE 4.5 HIERARCHICAL BASELINE,True
7e09efed7e12c659b82740b67ce2f9a1,BUF@HOU,Ray Davis,00-0039875,RB,BUF,HOU,2026-09-13T17:00:00+00:00,2026-09-13T16:00:00+00:00,2026-09-13T15:55:36Z,betmgm,2026-09-13T15:55:25+00:00,2026-09-13T15:55:25+00:00,2026-09-13T15:55:10+00:00,2.300784476378691,0.06876912177519488,0.05790555759236459,0.1332282080045647,0.1247346732380725,0.08353203116788835,0.0906087592408443,0.07692731002345524,0.037037037037037035,0.11764705882352941,0.17647058823529413,0.057971014492753624,0.0,0.10603290676416818,0.027139874739039668,,17,2025_18_NYJ_BUF,2026-01-05T21:25:00+00:00,fanatics,650,462.5,8,0.13333333333333333,0.17777777777777778,-0.008598660095260835,-0.05304310453970529,-0.06448995071445629,-0.29836746303584216,False,False,,PHASE 4.5 HIERARCHICAL BASELINE,True
7e09efed7e12c659b82740b67ce2f9a1,BUF@HOU,Jaylin Noel,00-0040138,WR,HOU,BUF,2026-09-13T17:00:00+00:00,2026-09-13T16:00:00+00:00,2026-09-13T15:55:36Z,betmgm,2026-09-13T15:55:25+00:00,2026-09-13T15:55:25+00:00,2026-09-13T15:55:10+00:00,2.2789262521315634,0.03606121773771864,0.02933777319019792,0.0668586215022236,0.06467257282380573,0.04803021914219646,0.01922176549802454,0.06774745579730025,0.0,0.0,0.0,0.06666666666666667,0.0,0.01263157894736842,0.06329113924050633,,17,2025_18_IND_HOU,2026-01-05T18:00:00+00:00,fanatics,650,550.0,8,0.13333333333333333,0.15384615384615385,-0.0686607605095276,-0.08917358102234813,-0.5149557038214571,-0.5796282766452627,False,False,,PHASE 4.5 HIERARCHICAL BASELINE,True
7e09efed7e12c659b82740b67ce2f9a1,BUF@HOU,Keon Coleman,00-0039901,WR,BUF,HOU,2026-09-13T17:00:00+00:00,2026-09-13T16:00:00+00:00,2026-09-13T15:55:36Z,betmgm,2026-09-13T15:55:25+00:00,2026-09-13T15:55:25+00:00,2026-09-13T15:55:10+00:00,2.300784476378691,0.10389895024587979,0.08748587290261299,0.20128613827677114,0.18232157101971194,0.1299382489330959,0.0,0.2463418213750413,0.0,0.0,0.0,0.13043478260869565,0.24,0.0,0.12317327766179541,,12,2025_18_NYJ_BUF,2026-01-05T21:25:00+00:00,fanatics,750,575.0,8,0.11764705882352941,0.14814814814814814,0.06467451219618253,0.0341734228715638,0.5497333536675515,0.23067060438305553,True,True,,PHASE 4.5 HIERARCHICAL BASELINE,True
7e09efed7e12c659b82740b67ce2f9a1,BUF@HOU,Houston Texans D/ST,,,,,2026-09-13T17:00:00+00:00,2026-09-13T16:00:00+00:00,2026-09-13T15:55:36Z,betmgm,2026-09-13T15:55:25+00:00,2026-09-13T15:55:25+00:00,2026-09-13T15:54:42+00:00,,,,,,,,,,,,,,,,,,,,draftkings,550,512.5,4,0.15384615384615385,0.16326530612244897,,,,,False,False,no_unambiguous_prior_same_team_history,PHASE 4.5 HIERARCHICAL BASELINE,True
7e09efed7e12c659b82740b67ce2f9a1,BUF@HOU,Buffalo Bills D/ST,,,,,2026-09-13T17:00:00+00:00,2026-09-13T16:00:00+00:00,2026-09-13T15:55:36Z,betmgm,2026-09-13T15:55:25+00:00,2026-09-13T15:55:25+00:00,2026-09-13T15:54:42+00:00,,,,,,,,,,,,,,,,,,,,draftkings,550,512.5,4,0.15384615384615385,0.16326530612244897,,,,,False,False,no_unambiguous_prior_same_team_history,PHASE 4.5 HIERARCHICAL BASELINE,True
7e09efed7e12c659b82740b67ce2f9a1,BUF@HOU,Dawson Knox,00-0035689,TE,BUF,HOU,2026-09-13T17:00:00+00:00,2026-09-13T16:00:00+00:00,2026-09-13T15:55:36Z,betmgm,2026-09-13T15:55:25+00:00,2026-09-13T15:55:25+00:00,2026-09-13T15:55:10+00:00,2.300784476378691,0.09109328916295893,0.07670314184245218,0.1764773980405868,0.16178227569593104,0.10842247256619135,0.0,0.19477211119571694,0.0,0.0,0.0,0.17391304347826086,0.24,0.0,0.1022964509394572,,16,2025_18_NYJ_BUF,2026-01-05T21:25:00+00:00,draftkings,650,612.5,8,0.13333333333333333,0.14035087719298245,0.028448942362597707,0.02143139850294859,0.21336706771948277,0.15269871433350857,True,False,,PHASE 4.5 HIERARCHICAL BASELINE,True
7e09efed7e12c659b82740b67ce2f9a1,BUF@HOU,Joshua Palmer,,,,,2026-09-13T17:00:00+00:00,2026-09-13T16:00:00+00:00,2026-09-13T15:55:36Z,betmgm,2026-09-13T15:55:25+00:00,2026-09-13T15:55:25+00:00,2026-09-13T15:55:10+00:00,,,,,,,,,,,,,,,,,,,,fanatics,1000,850.0,8,0.09090909090909091,0.10526315789473684,,,,,False,False,no_unambiguous_prior_same_team_history,PHASE 4.5 HIERARCHICAL BASELINE,True
7e09efed7e12c659b82740b67ce2f9a1,BUF@HOU,C.J. Stroud,00-0039163,QB,HOU,BUF,2026-09-13T17:00:00+00:00,2026-09-13T16:00:00+00:00,2026-09-13T15:55:36Z,betmgm,2026-09-13T15:55:25+00:00,2026-09-13T15:55:25+00:00,2026-09-13T15:55:10+00:00,2.2789262521315634,0.05840495757210858,0.04751562775544957,0.10828461147840518,0.10262784233471589,0.0637051769748324,0.14249193435289914,0.0,0.06896551724137931,0.14285714285714285,0.21428571428571427,0.0,0.0,0.10105263157894737,0.0,,14,2025_18_IND_HOU,2026-01-05T18:00:00+00:00,fanatics,1050,925.0,8,0.08695652173913043,0.0975609756097561,0.01567132059558546,0.00506686672495979,0.1802201868492328,0.05193538393083785,False,False,,PHASE 4.5 HIERARCHICAL BASELINE,True
7e09efed7e12c659b82740b67ce2f9a1,BUF@HOU,Foster Moreau,,,,,2026-09-13T17:00:00+00:00,2026-09-13T16:00:00+00:00,2026-09-13T15:55:36Z,betmgm,2026-09-13T15:55:25+00:00,2026-09-13T15:55:25+00:00,2026-09-13T15:55:10+00:00,,,,,,,,,,,,,,,,,,,,fanatics,1700,1025.0,8,0.05555555555555555,0.08888888888888889,,,,,False,False,no_unambiguous_prior_same_team_history,PHASE 4.5 HIERARCHICAL BASELINE,True
7e09efed7e12c659b82740b67ce2f9a1,BUF@HOU,Greg Dortch,,,,,2026-09-13T17:00:00+00:00,2026-09-13T16:00:00+00:00,2026-09-13T15:55:36Z,betmgm,2026-09-13T15:55:25+00:00,2026-09-13T15:55:25+00:00,2026-09-13T15:54:40+00:00,,,,,,,,,,,,,,,,,,,,betrivers,2200,1200,5,0.043478260869565216,0.07692307692307693,,,,,False,False,no_unambiguous_prior_same_team_history,PHASE 4.5 HIERARCHICAL BASELINE,True
7e09efed7e12c659b82740b67ce2f9a1,BUF@HOU,Cade Stover,00-0039359,TE,HOU,BUF,2026-09-13T17:00:00+00:00,2026-09-13T16:00:00+00:00,2026-09-13T15:55:36Z,betmgm,2026-09-13T15:55:25+00:00,2026-09-13T15:55:25+00:00,2026-09-13T15:55:10+00:00,2.2789262521315634,0.0349268570875261,0.028414908751362707,0.06475548150540338,0.06270337828153152,0.047237628925469004,0.03636382878657259,0.05390402164151803,0.0,0.0,0.16666666666666666,0.04,0.0,0.008421052631578947,0.028933092224231464,,6,2025_18_IND_HOU,2026-01-05T18:00:00+00:00,fanatics,1900,1400.0,8,0.05,0.06666666666666667,0.012703378281531522,-0.003963288385135141,0.2540675656306304,-0.05944932577702711,False,False,,PHASE 4.5 HIERARCHICAL BASELINE,True
7e09efed7e12c659b82740b67ce2f9a1,BUF@HOU,Jackson Hawes,00-0040194,TE,BUF,HOU,2026-09-13T17:00:00+00:00,2026-09-13T16:00:00+00:00,2026-09-13T15:55:36Z,betmgm,2026-09-13T15:55:25+00:00,2026-09-13T15:55:25+00:00,2026-09-13T15:55:10+00:00,2.300784476378691,0.02709222974982656,0.022812428450264436,0.052486481246868014,0.05113285153016902,0.03136595279628088,0.0,0.05686771389876894,0.0,0.0,0.0,0.043478260869565216,0.08,0.0,0.03966597077244259,,13,2025_18_NYJ_BUF,2026-01-05T21:25:00+00:00,fanatics,1500,1400.0,8,0.0625,0.06666666666666667,-0.01136714846983098,-0.015533815136497646,-0.18187437551729568,-0.23300722704746468,False,False,,PHASE 4.5 HIERARCHICAL BASELINE,True
7e09efed7e12c659b82740b67ce2f9a1,BUF@HOU,Keleki Latu,,,,,2026-09-13T17:00:00+00:00,2026-09-13T16:00:00+00:00,2026-09-13T15:55:36Z,betmgm,2026-09-13T15:55:25+00:00,2026-09-13T15:55:25+00:00,2026-09-13T15:55:03+00:00,,,,,,,,,,,,,,,,,,,,fanduel,2000,1400,7,0.047619047619047616,0.06666666666666667,,,,,False,False,no_unambiguous_prior_same_team_history,PHASE 4.5 HIERARCHICAL BASELINE,True
7e09efed7e12c659b82740b67ce2f9a1,BUF@HOU,Franklin Gore Jr.,,,,,2026-09-13T17:00:00+00:00,2026-09-13T16:00:00+00:00,2026-09-13T15:55:36Z,betmgm,2026-09-13T15:55:25+00:00,2026-09-13T15:55:25+00:00,2026-09-13T15:55:03+00:00,,,,,,,,,,,,,,,,,,,,fanduel,1900,1700,5,0.05,0.05555555555555555,,,,,False,False,no_unambiguous_prior_same_team_history,PHASE 4.5 HIERARCHICAL BASELINE,True
7e09efed7e12c659b82740b67ce2f9a1,BUF@HOU,Marlin Klein,,,,,2026-09-13T17:00:00+00:00,2026-09-13T16:00:00+00:00,2026-09-13T15:55:36Z,betmgm,2026-09-13T15:55:25+00:00,2026-09-13T15:55:25+00:00,2026-09-13T15:55:03+00:00,,,,,,,,,,,,,,,,,,,,bovada,1900,1650.0,8,0.05,0.05714285714285714,,,,,False,False,no_unambiguous_prior_same_team_history,PHASE 4.5 HIERARCHICAL BASELINE,True
7e09efed7e12c659b82740b67ce2f9a1,BUF@HOU,British Brooks,00-0039603,RB,HOU,BUF,2026-09-13T17:00:00+00:00,2026-09-13T16:00:00+00:00,2026-09-13T15:55:36Z,betmgm,2026-09-13T15:55:25+00:00,2026-09-13T15:55:25+00:00,2026-09-13T15:55:10+00:00,2.2789262521315634,0.09821608360199273,0.07990415646255072,0.18209567981693475,0.1664784145923791,0.1333492604152837,0.23776333804121974,0.0,0.06896551724137931,0.25,0.25,0.0,0.0,0.035789473684210524,0.0,,8,2025_18_IND_HOU,2026-01-05T18:00:00+00:00,fanatics,4000,2800,7,0.024390243902439025,0.034482758620689655,0.1420881706899401,0.13199565597168944,5.825614998287543,3.8278740231789943,True,True,,PHASE 4.5 HIERARCHICAL BASELINE,True
7e09efed7e12c659b82740b67ce2f9a1,BUF@HOU,Jared Wayne,,,,,2026-09-13T17:00:00+00:00,2026-09-13T16:00:00+00:00,2026-09-13T15:55:36Z,betmgm,2026-09-13T15:55:25+00:00,2026-09-13T15:55:25+00:00,2026-09-13T15:55:10+00:00,,,,,,,,,,,,,,,,,,,,fanatics,3500,2600,7,0.027777777777777776,0.037037037037037035,,,,,False,False,no_unambiguous_prior_same_team_history,PHASE 4.5 HIERARCHICAL BASELINE,True
7e09efed7e12c659b82740b67ce2f9a1,BUF@HOU,No Scorer,,,,,2026-09-13T17:00:00+00:00,2026-09-13T16:00:00+00:00,2026-09-13T15:55:36Z,betmgm,2026-09-13T15:55:25+00:00,2026-09-13T15:55:25+00:00,2026-09-13T15:55:10+00:00,,,,,,,,,,,,,,,,,,,,fanatics,5000,5000,1,0.0196078431372549,0.0196078431372549,,,,,False,False,no_unambiguous_prior_same_team_history,PHASE 4.5 HIERARCHICAL BASELINE,True
7e09efed7e12c659b82740b67ce2f9a1,BUF@HOU,Brevin Jordan,,,,,2026-09-13T17:00:00+00:00,2026-09-13T16:00:00+00:00,2026-09-13T15:55:36Z,betmgm,2026-09-13T15:55:25+00:00,2026-09-13T15:55:25+00:00,2026-09-13T15:55:18+00:00,,,,,,,,,,,,,,,,,,,,betonlineag,1300,1300,1,0.07142857142857142,0.07142857142857142,,,,,False,False,no_unambiguous_prior_same_team_history,PHASE 4.5 HIERARCHICAL BASELINE,True
7e09efed7e12c659b82740b67ce2f9a1,BUF@HOU,Houston Texans Defense,,,,,2026-09-13T17:00:00+00:00,2026-09-13T16:00:00+00:00,2026-09-13T15:55:36Z,betmgm,2026-09-13T15:55:25+00:00,2026-09-13T15:55:25+00:00,2026-09-13T15:55:03+00:00,,,,,,,,,,,,,,,,,,,,fanduel,750,750,1,0.11764705882352941,0.11764705882352941,,,,,False,False,no_unambiguous_prior_same_team_history,PHASE 4.5 HIERARCHICAL BASELINE,True
7e09efed7e12c659b82740b67ce2f9a1,BUF@HOU,Buffalo Bills Defense,,,,,2026-09-13T17:00:00+00:00,2026-09-13T16:00:00+00:00,2026-09-13T15:55:36Z,betmgm,2026-09-13T15:55:25+00:00,2026-09-13T15:55:25+00:00,2026-09-13T15:55:03+00:00,,,,,,,,,,,,,,,,,,,,fanduel,800,800,1,0.1111111111111111,0.1111111111111111,,,,,False,False,no_unambiguous_prior_same_team_history,PHASE 4.5 HIERARCHICAL BASELINE,True
fc362aff0d889ec52d358307a70c32ed,CHI@CAR,D'Andre Swift,00-0036275,RB,CHI,CAR,2026-09-13T17:00:00+00:00,2026-09-13T16:00:00+00:00,2026-09-13T15:55:36Z,betmgm,2026-09-13T15:55:24+00:00,2026-09-13T15:55:24+00:00,2026-09-13T15:54:49+00:00,2.5979148930752265,0.22310375848195768,0.1916548729142359,0.4979030486743333,0.39219614056404417,0.1626838018600349,0.4726045223736507,0.006914144938196396,0.37142857142857144,0.875,1.5,0.014925373134328358,0.0,0.4415841584158416,0.09022556390977443,,16,2025_18_DET_CHI,2026-01-05T21:25:00+00:00,draftkings,-120,-129.5,8,0.5454545454545454,0.5642664872139973,-0.15325840489050124,-0.17207034664995313,-0.2809737422992523,-0.30494518201768683,False,False,,PHASE 4.5 HIERARCHICAL BASELINE,True
fc362aff0d889ec52d358307a70c32ed,CHI@CAR,Chuba Hubbard,00-0036555,RB,CAR,CHI,2026-09-13T17:00:00+00:00,2026-09-13T16:00:00+00:00,2026-09-13T15:55:36Z,betmgm,2026-09-13T15:55:24+00:00,2026-09-13T15:55:24+00:00,2026-09-13T15:54:38+00:00,2.31831712440723,0.11983390471383304,0.10513704755135898,0.24374101774793275,0.21630943006791517,0.09944938486939568,0.23242688865983296,0.050119490690309465,0.15,0.06666666666666667,0.4666666666666667,0.08571428571428572,0.0,0.29067245119305857,0.08125,,15,2025_18_CAR_TB,2026-01-04T21:30:00+00:00,fanatics,140,126.5,8,0.4166666666666667,0.44150110375275936,-0.20035723659875151,-0.2251916736848442,-0.4808573678370036,-0.5100591408961721,False,False,,PHASE 4.5 HIERARCHICAL BASELINE,True
fc362aff0d889ec52d358307a70c32ed,CHI@CAR,Colston Loveland,00-0040126,TE,CHI,CAR,2026-09-13T17:00:00+00:00,2026-09-13T16:00:00+00:00,2026-09-13T15:55:36Z,betmgm,2026-09-13T15:55:24+00:00,2026-09-13T15:55:24+00:00,2026-09-13T15:55:33+00:00,2.5979148930752265,0.13925236484154696,0.11962323928698752,0.3107709949015664,0.267118309702954,0.19000821105450313,0.034293292532103246,0.2682722890278913,0.02857142857142857,0.0,0.0625,0.208955223880597,0.13636363636363635,0.0019801980198019802,0.15413533834586465,,16,2025_18_DET_CHI,2026-01-05T21:25:00+00:00,betrivers,190,162.5,8,0.3448275862068966,0.38095238095238093,-0.07770927650394255,-0.1138340712494269,-0.2253569018614333,-0.29881443702974564,False,False,,PHASE 4.5 HIERARCHICAL BASELINE,True
fc362aff0d889ec52d358307a70c32ed,CHI@CAR,Tetairoa McMillan,00-0040124,WR,CAR,CHI,2026-09-13T17:00:00+00:00,2026-09-13T16:00:00+00:00,2026-09-13T15:55:36Z,betmgm,2026-09-13T15:55:24+00:00,2026-09-13T15:55:24+00:00,2026-09-13T15:54:38+00:00,2.31831712440723,0.16145163359518214,0.141650629836998,0.32839108083418217,0.2799186453848599,0.2148346247813477,0.0,0.29453058089711953,0.0,0.0,0.0,0.21428571428571427,0.3235294117647059,0.0,0.25416666666666665,,17,2025_18_CAR_TB,2026-01-04T21:30:00+00:00,fanatics,180,171.5,8,0.35714285714285715,0.3683241252302026,-0.07722421175799726,-0.0884054798453427,-0.21622779292239236,-0.2400208777801054,False,False,,PHASE 4.5 HIERARCHICAL BASELINE,True
fc362aff0d889ec52d358307a70c32ed,CHI@CAR,Luther Burden III,00-0040735,WR,CHI,CAR,2026-09-13T17:00:00+00:00,2026-09-13T16:00:00+00:00,2026-09-13T15:55:36Z,betmgm,2026-09-13T15:55:24+00:00,2026-09-13T15:55:24+00:00,2026-09-13T15:54:38+00:00,2.5979148930752265,0.030493910963778927,0.02619546470300142,0.0680535878829538,0.06578959012227706,0.034215445990290916,0.008214001712067001,0.04725382010017584,0.0,0.0,0.0,0.05970149253731343,0.022727272727272728,0.011881188118811881,0.11278195488721804,,15,2025_18_DET_CHI,2026-01-05T21:25:00+00:00,fanatics,210,182.5,8,0.3225806451612903,0.35398230088495575,-0.2567910550390132,-0.2881927107626787,-0.7960522706209411,-0.8141444079045673,False,False,,PHASE 4.5 HIERARCHICAL BASELINE,True
fc362aff0d889ec52d358307a70c32ed,CHI@CAR,Rome Odunze,00-0039919,WR,CHI,CAR,2026-09-13T17:00:00+00:00,2026-09-13T16:00:00+00:00,2026-09-13T15:55:36Z,betmgm,2026-09-13T15:55:24+00:00,2026-09-13T15:55:24+00:00,2026-09-13T15:55:33+00:00,2.5979148930752265,0.12897646577632563,0.1107958392340934,0.28783816083701974,0.2501170571530605,0.16294370064459202,0.0,0.30560206664197015,0.0,0.0,0.0,0.1791044776119403,0.25,0.0,0.16917293233082706,,12,2025_13_CHI_PHI,2025-11-29T20:00:00+00:00,betrivers,250,205.0,8,0.2857142857142857,0.3278688524590164,-0.035597228561225214,-0.07775179530595594,-0.12459029996428828,-0.23714297568316556,False,False,,PHASE 4.5 HIERARCHICAL BASELINE,True
fc362aff0d889ec52d358307a70c32ed,CHI@CAR,Kyle Monangai,00-0040236,RB,CHI,CAR,2026-09-13T17:00:00+00:00,2026-09-13T16:00:00+00:00,2026-09-13T15:55:36Z,betmgm,2026-09-13T15:55:24+00:00,2026-09-13T15:55:24+00:00,2026-09-13T15:55:18+00:00,2.5979148930752265,0.20517794325285948,0.17625589504405934,0.45789781472726576,0.3673878834536739,0.16067045513745973,0.41801739150908723,0.03132497632577933,0.45714285714285713,0.5882352941176471,1.1176470588235294,0.04477611940298507,0.0,0.3346534653465347,0.05639097744360902,,17,2025_18_DET_CHI,2026-01-05T21:25:00+00:00,bovada,220,215.0,8,0.3125,0.31746031746031744,0.0548878834536739,0.04992756599335646,0.17564122705175644,0.15727183287907298,True,True,,PHASE 4.5 HIERARCHICAL BASELINE,True
fc362aff0d889ec52d358307a70c32ed,CHI@CAR,Jonathon Brooks,,,,,2026-09-13T17:00:00+00:00,2026-09-13T16:00:00+00:00,2026-09-13T15:55:36Z,betmgm,2026-09-13T15:55:24+00:00,2026-09-13T15:55:24+00:00,2026-09-13T15:54:38+00:00,,,,,,,,,,,,,,,,,,,,fanatics,240,215.0,8,0.29411764705882354,0.31746031746031744,,,,,False,False,no_unambiguous_prior_same_team_history,PHASE 4.5 HIERARCHICAL BASELINE,True
fc362aff0d889ec52d358307a70c32ed,CHI@CAR,Jalen Coker,00-0039491,WR,CAR,CHI,2026-09-13T17:00:00+00:00,2026-09-13T16:00:00+00:00,2026-09-13T15:55:36Z,betmgm,2026-09-13T15:55:24+00:00,2026-09-13T15:55:24+00:00,2026-09-13T15:54:38+00:00,2.31831712440723,0.0821788872051017,0.07210017559248555,0.16715107174882743,0.15392821586217115,0.12564978132690974,0.0,0.1722613527566895,0.0,0.0,0.0,0.04285714285714286,0.08823529411764706,0.0,0.08958333333333333,,11,2025_18_CAR_TB,2026-01-04T21:30:00+00:00,fanatics,300,277.5,8,0.25,0.26490066225165565,-0.09607178413782885,-0.1109724463894845,-0.3842871365513154,-0.41892098512030396,False,False,,PHASE 4.5 HIERARCHICAL BASELINE,True
fc362aff0d889ec52d358307a70c32ed,CHI@CAR,Darren Waller,,,,,2026-09-13T17:00:00+00:00,2026-09-13T16:00:00+00:00,2026-09-13T15:55:36Z,betmgm,2026-09-13T15:55:24+00:00,2026-09-13T15:55:24+00:00,2026-09-13T15:54:38+00:00,,,,,,,,,,,,,,,,,,,,fanatics,500,422.5,8,0.16666666666666666,0.19138755980861244,,,,,False,False,no_unambiguous_prior_same_team_history,PHASE 4.5 HIERARCHICAL BASELINE,True
fc362aff0d889ec52d358307a70c32ed,CHI@CAR,Cole Kmet,00-0036290,TE,CHI,CAR,2026-09-13T17:00:00+00:00,2026-09-13T16:00:00+00:00,2026-09-13T15:55:36Z,betmgm,2026-09-13T15:55:24+00:00,2026-09-13T15:55:24+00:00,2026-09-13T15:54:38+00:00,2.5979148930752265,0.039170062691224555,0.03364861909189394,0.08741624867024668,0.08370439058687658,0.044271524345072824,0.0,0.06652289284734708,0.0,0.0,0.0,0.08955223880597014,0.09090909090909091,0.0,0.09022556390977443,,16,2025_18_DET_CHI,2026-01-05T21:25:00+00:00,fanatics,575,475.0,8,0.14814814814814814,0.17391304347826086,-0.06444375756127156,-0.09020865289138429,-0.43499536353858315,-0.5186997541254597,False,False,,PHASE 4.5 HIERARCHICAL BASELINE,True
fc362aff0d889ec52d358307a70c32ed,CHI@CAR,Xavier Legette,00-0039342,WR,CAR,CHI,2026-09-13T17:00:00+00:00,2026-09-13T16:00:00+00:00,2026-09-13T15:55:36Z,betmgm,2026-09-13T15:55:24+00:00,2026-09-13T15:55:24+00:00,2026-09-13T15:54:55+00:00,2.31831712440723,0.08957599521320542,0.07859007591116192,0.1821967187933108,0.16656262850564058,0.10475289050493021,0.0,0.14361246341212758,0.0,0.0,0.0,0.17142857142857143,0.29411764705882354,0.0021691973969631237,0.13333333333333333,,15,2025_18_CAR_TB,2026-01-04T21:30:00+00:00,fanatics,500,450.0,8,0.16666666666666666,0.18181818181818182,-0.0001040381610260821,-0.015255553312541248,-0.0006242289661565481,-0.08390554321897681,False,False,,PHASE 4.5 HIERARCHICAL BASELINE,True
fc362aff0d889ec52d358307a70c32ed,CHI@CAR,Bryce Young,00-0039150,QB,CAR,CHI,2026-09-13T17:00:00+00:00,2026-09-13T16:00:00+00:00,2026-09-13T15:55:36Z,betmgm,2026-09-13T15:55:24+00:00,2026-09-13T15:55:24+00:00,2026-09-13T15:54:38+00:00,2.31831712440723,0.0965061156330709,0.08467026166376666,0.19629251754315125,0.17822818315621033,0.0827030866651161,0.2350094062949485,0.0,0.2,0.125,0.3125,0.0,0.0,0.11713665943600868,0.0,,16,2025_18_CAR_TB,2026-01-04T21:30:00+00:00,fanatics,525,450.0,8,0.16,0.18181818181818182,0.01822818315621033,-0.0035899986619714885,0.11392614472631468,-0.019744992640843173,False,False,,PHASE 4.5 HIERARCHICAL BASELINE,True
fc362aff0d889ec52d358307a70c32ed,CHI@CAR,Caleb Williams,00-0039918,QB,CHI,CAR,2026-09-13T17:00:00+00:00,2026-09-13T16:00:00+00:00,2026-09-13T15:55:36Z,betmgm,2026-09-13T15:55:24+00:00,2026-09-13T15:55:24+00:00,2026-09-13T15:54:38+00:00,2.5979148930752265,0.04232076480583309,0.03635519569766074,0.09444770434361724,0.09012468409125615,0.0193968192975029,0.057988906685683524,0.0,0.11428571428571428,0.11764705882352941,0.4117647058823529,0.014925373134328358,0.022727272727272728,0.15247524752475247,0.0037593984962406013,,17,2025_18_DET_CHI,2026-01-05T21:25:00+00:00,fanatics,525,487.5,8,0.16,0.1702127659574468,-0.06987531590874385,-0.08008808186619065,-0.43672072442964904,-0.47051748096387014,False,False,,PHASE 4.5 HIERARCHICAL BASELINE,True
fc362aff0d889ec52d358307a70c32ed,CHI@CAR,Tommy Tremble,00-0037005,TE,CAR,CHI,2026-09-13T17:00:00+00:00,2026-09-13T16:00:00+00:00,2026-09-13T15:55:36Z,betmgm,2026-09-13T15:55:24+00:00,2026-09-13T15:55:24+00:00,2026-09-13T15:54:38+00:00,2.31831712440723,0.027761480967374755,0.024356713999540563,0.056466587159424195,0.05490193762152279,0.032788724807089435,0.0,0.047909456514017686,0.0,0.0,0.0,0.07142857142857142,0.029411764705882353,0.0,0.07708333333333334,,15,2025_18_CAR_TB,2026-01-04T21:30:00+00:00,fanatics,650,575.0,8,0.13333333333333333,0.14814814814814814,-0.07843139571181054,-0.09324621052662535,-0.588235467838579,-0.6294119210547211,False,False,,PHASE 4.5 HIERARCHICAL BASELINE,True
fc362aff0d889ec52d358307a70c32ed,CHI@CAR,Carolina Panthers D/ST,,,,,2026-09-13T17:00:00+00:00,2026-09-13T16:00:00+00:00,2026-09-13T15:55:36Z,betmgm,2026-09-13T15:55:24+00:00,2026-09-13T15:55:24+00:00,2026-09-13T15:55:18+00:00,,,,,,,,,,,,,,,,,,,,bovada,600,587.5,4,0.14285714285714285,0.14545454545454545,,,,,False,False,no_unambiguous_prior_same_team_history,PHASE 4.5 HIERARCHICAL BASELINE,True
fc362aff0d889ec52d358307a70c32ed,CHI@CAR,Chicago Bears D/ST,,,,,2026-09-13T17:00:00+00:00,2026-09-13T16:00:00+00:00,2026-09-13T15:55:36Z,betmgm,2026-09-13T15:55:24+00:00,2026-09-13T15:55:24+00:00,2026-09-13T15:55:18+00:00,,,,,,,,,,,,,,,,,,,,bovada,600,562.5,4,0.14285714285714285,0.1509433962264151,,,,,False,False,no_unambiguous_prior_same_team_history,PHASE 4.5 HIERARCHICAL BASELINE,True
fc362aff0d889ec52d358307a70c32ed,CHI@CAR,Kalif Raymond,,,,,2026-09-13T17:00:00+00:00,2026-09-13T16:00:00+00:00,2026-09-13T15:55:36Z,betmgm,2026-09-13T15:55:24+00:00,2026-09-13T15:55:24+00:00,2026-09-13T15:55:33+00:00,,,,,,,,,,,,,,,,,,,,betrivers,850,675.0,8,0.10526315789473684,0.12903225806451613,,,,,False,False,no_unambiguous_prior_same_team_history,PHASE 4.5 HIERARCHICAL BASELINE,True
fc362aff0d889ec52d358307a70c32ed,CHI@CAR,Mitchell Evans,00-0040187,TE,CAR,CHI,2026-09-13T17:00:00+00:00,2026-09-13T16:00:00+00:00,2026-09-13T15:55:36Z,betmgm,2026-09-13T15:55:24+00:00,2026-09-13T15:55:24+00:00,2026-09-13T15:55:33+00:00,2.31831712440723,0.0564467308272414,0.04952390258228291,0.1148121114239819,0.10846636284313783,0.0853520531044608,0.001655289917289185,0.11038088205415744,0.0,0.0,0.0,0.05714285714285714,0.058823529411764705,0.0021691973969631237,0.052083333333333336,,14,2025_18_CAR_TB,2026-01-04T21:30:00+00:00,betrivers,1050,875.0,8,0.08695652173913043,0.10256410256410256,0.0215098411040074,0.0059022602790352735,0.247363172696085,0.057547037720593774,False,False,,PHASE 4.5 HIERARCHICAL BASELINE,True
fc362aff0d889ec52d358307a70c32ed,CHI@CAR,Jimmy Horn Jr.,00-0040218,WR,CAR,CHI,2026-09-13T17:00:00+00:00,2026-09-13T16:00:00+00:00,2026-09-13T15:55:36Z,betmgm,2026-09-13T15:55:24+00:00,2026-09-13T15:55:24+00:00,2026-09-13T15:54:39+00:00,2.31831712440723,0.01602471062202748,0.01405938299922882,0.032594108365712054,0.03206864489296511,0.01860633616295508,0.017227848656446363,0.019254353103991508,0.0,0.0,0.0,0.04285714285714286,0.0,0.01735357917570499,0.03125,,10,2025_18_CAR_TB,2026-01-04T21:30:00+00:00,betmgm,1300,825.0,8,0.07142857142857142,0.10810810810810811,-0.03935992653560631,-0.076039463215143,-0.5510389714984885,-0.7033650347400727,False,False,,PHASE 4.5 HIERARCHICAL BASELINE,True
fc362aff0d889ec52d358307a70c32ed,CHI@CAR,Jahdae Walker,00-0040277,WR,CHI,CAR,2026-09-13T17:00:00+00:00,2026-09-13T16:00:00+00:00,2026-09-13T15:55:36Z,betmgm,2026-09-13T15:55:24+00:00,2026-09-13T15:55:24+00:00,2026-09-13T15:54:39+00:00,2.5979148930752265,0.09519182009432035,0.08177350443034853,0.21244060501855547,0.19139165782732967,0.160112533031909,0.0,0.20434730228042775,0.0,0.0,0.0,0.029850746268656716,0.06818181818181818,0.0,0.018796992481203006,,6,2025_18_DET_CHI,2026-01-05T21:25:00+00:00,betmgm,1500,1000.0,8,0.0625,0.09090909090909091,0.12889165782732967,0.10048256691823876,2.0622665252372747,1.1053082361006266,True,True,,PHASE 4.5 HIERARCHICAL BASELINE,True
fc362aff0d889ec52d358307a70c32ed,CHI@CAR,Roschon Johnson,,,,,2026-09-13T17:00:00+00:00,2026-09-13T16:00:00+00:00,2026-09-13T15:55:36Z,betmgm,2026-09-13T15:55:24+00:00,2026-09-13T15:55:24+00:00,2026-09-13T15:54:55+00:00,,,,,,,,,,,,,,,,,,,,fanduel,1600,1100,7,0.058823529411764705,0.08333333333333333,,,,,False,False,no_unambiguous_prior_same_team_history,PHASE 4.5 HIERARCHICAL BASELINE,True
fc362aff0d889ec52d358307a70c32ed,CHI@CAR,Zavion Thomas,,,,,2026-09-13T17:00:00+00:00,2026-09-13T16:00:00+00:00,2026-09-13T15:55:36Z,betmgm,2026-09-13T15:55:24+00:00,2026-09-13T15:55:24+00:00,2026-09-13T15:54:38+00:00,,,,,,,,,,,,,,,,,,,,fanatics,1500,1100,7,0.0625,0.08333333333333333,,,,,False,False,no_unambiguous_prior_same_team_history,PHASE 4.5 HIERARCHICAL BASELINE,True
fc362aff0d889ec52d358307a70c32ed,CHI@CAR,AJ Dillon,,,,,2026-09-13T17:00:00+00:00,2026-09-13T16:00:00+00:00,2026-09-13T15:55:36Z,betmgm,2026-09-13T15:55:24+00:00,2026-09-13T15:55:24+00:00,2026-09-13T15:54:55+00:00,,,,,,,,,,,,,,,,,,,,fanduel,1800,1350.0,6,0.05263157894736842,0.06896551724137931,,,,,False,False,no_unambiguous_prior_same_team_history,PHASE 4.5 HIERARCHICAL BASELINE,True
fc362aff0d889ec52d358307a70c32ed,CHI@CAR,Brycen Tremayne,00-0038840,WR,CAR,CHI,2026-09-13T17:00:00+00:00,2026-09-13T16:00:00+00:00,2026-09-13T15:55:36Z,betmgm,2026-09-13T15:55:24+00:00,2026-09-13T15:55:24+00:00,2026-09-13T15:55:18+00:00,2.31831712440723,0.008397461128175783,0.007367566566841496,0.017080355737118823,0.01693531342654668,0.010053115680451672,0.0,0.015003734330063252,0.0,0.0,0.0,0.014285714285714285,0.0,0.0,0.0375,,15,2025_18_CAR_TB,2026-01-04T21:30:00+00:00,betmgm,2200,1600.0,8,0.043478260869565216,0.058823529411764705,-0.026542947443018536,-0.041888215985218025,-0.6104877911894264,-0.7120996717487065,False,False,,PHASE 4.5 HIERARCHICAL BASELINE,True
fc362aff0d889ec52d358307a70c32ed,CHI@CAR,Sam Roush,,,,,2026-09-13T17:00:00+00:00,2026-09-13T16:00:00+00:00,2026-09-13T15:55:36Z,betmgm,2026-09-13T15:55:24+00:00,2026-09-13T15:55:24+00:00,2026-09-13T15:55:18+00:00,,,,,,,,,,,,,,,,,,,,bovada,2800,2400.0,8,0.034482758620689655,0.04,,,,,False,False,no_unambiguous_prior_same_team_history,PHASE 4.5 HIERARCHICAL BASELINE,True
fc362aff0d889ec52d358307a70c32ed,CHI@CAR,Chicago Bears Defense,,,,,2026-09-13T17:00:00+00:00,2026-09-13T16:00:00+00:00,2026-09-13T15:55:36Z,betmgm,2026-09-13T15:55:24+00:00,2026-09-13T15:55:24+00:00,2026-09-13T15:54:55+00:00,,,,,,,,,,,,,,,,,,,,fanduel,800,800,1,0.1111111111111111,0.1111111111111111,,,,,False,False,no_unambiguous_prior_same_team_history,PHASE 4.5 HIERARCHICAL BASELINE,True
fc362aff0d889ec52d358307a70c32ed,CHI@CAR,Carolina Panthers Defense,,,,,2026-09-13T17:00:00+00:00,2026-09-13T16:00:00+00:00,2026-09-13T15:55:36Z,betmgm,2026-09-13T15:55:24+00:00,2026-09-13T15:55:24+00:00,2026-09-13T15:54:55+00:00,,,,,,,,,,,,,,,,,,,,fanduel,800,800,1,0.1111111111111111,0.1111111111111111,,,,,False,False,no_unambiguous_prior_same_team_history,PHASE 4.5 HIERARCHICAL BASELINE,True
fc362aff0d889ec52d358307a70c32ed,CHI@CAR,John Metchie III,,,,,2026-09-13T17:00:00+00:00,2026-09-13T16:00:00+00:00,2026-09-13T15:55:36Z,betmgm,2026-09-13T15:55:24+00:00,2026-09-13T15:55:24+00:00,2026-09-13T15:53:30+00:00,,,,,,,,,,,,,,,,,,,,betonlineag,1100,1025.0,2,0.08333333333333333,0.08888888888888889,,,,,False,False,no_unambiguous_prior_same_team_history,PHASE 4.5 HIERARCHICAL BASELINE,True
fc362aff0d889ec52d358307a70c32ed,CHI@CAR,Ja'Tavion Sanders,00-0039356,TE,CAR,CHI,2026-09-13T17:00:00+00:00,2026-09-13T16:00:00+00:00,2026-09-13T15:55:36Z,betmgm,2026-09-13T15:55:24+00:00,2026-09-13T15:55:24+00:00,2026-09-13T15:53:30+00:00,2.31831712440723,0.06335095526441925,0.05558136832781018,0.12885523799234797,0.12089878320813985,0.08457772976856719,0.0,0.11951473500642093,0.0,0.0,0.0,0.14285714285714285,0.08823529411764706,0.0,0.07083333333333333,,12,2025_16_TB_CAR,2025-12-22T18:00:00+00:00,betonlineag,1000,1000,1,0.09090909090909091,0.09090909090909091,0.029989692299048937,0.029989692299048937,0.32988661528953833,0.32988661528953833,True,True,,PHASE 4.5 HIERARCHICAL BASELINE,True
fc362aff0d889ec52d358307a70c32ed,CHI@CAR,Feleipe Franks,,,,,2026-09-13T17:00:00+00:00,2026-09-13T16:00:00+00:00,2026-09-13T15:55:36Z,betmgm,2026-09-13T15:55:24+00:00,2026-09-13T15:55:24+00:00,2026-09-13T15:53:30+00:00,,,,,,,,,,,,,,,,,,,,betonlineag,2900,2700.0,2,0.03333333333333333,0.03571428571428571,,,,,False,False,no_unambiguous_prior_same_team_history,PHASE 4.5 HIERARCHICAL BASELINE,True
fc362aff0d889ec52d358307a70c32ed,CHI@CAR,No Scorer,,,,,2026-09-13T17:00:00+00:00,2026-09-13T16:00:00+00:00,2026-09-13T15:55:36Z,betmgm,2026-09-13T15:55:24+00:00,2026-09-13T15:55:24+00:00,2026-09-13T15:54:38+00:00,,,,,,,,,,,,,,,,,,,,fanatics,7000,7000,1,0.014084507042253521,0.014084507042253521,,,,,False,False,no_unambiguous_prior_same_team_history,PHASE 4.5 HIERARCHICAL BASELINE,True
ed6d24ff979f9c71979fead577b0b3f7,TB@CIN,Ja'Marr Chase,00-0036900,WR,CIN,TB,2026-09-13T17:00:00+00:00,2026-09-13T16:00:00+00:00,2026-09-13T15:55:36Z,betmgm,2026-09-13T15:55:25+00:00,2026-09-13T15:55:25+00:00,2026-09-13T15:54:41+00:00,3.0661482291626463,0.13198224563917327,0.11520506587931513,0.35323580873642807,0.29758846093083774,0.16104792579508662,0.0040401508251770284,0.2153120773510083,0.0,0.0,0.0,0.27848101265822783,0.2222222222222222,0.007874015748031496,0.3042763157894737,,16,2025_18_CLE_CIN,2026-01-05T18:00:00+00:00,betmgm,-115,-124.5,8,0.5348837209302326,0.554561717352415,-0.23729525999939488,-0.25697325642157726,-0.4436389643466947,-0.4633808075472958,False,False,,PHASE 4.5 HIERARCHICAL BASELINE,True
ed6d24ff979f9c71979fead577b0b3f7,TB@CIN,Chase Brown,00-0038597,RB,CIN,TB,2026-09-13T17:00:00+00:00,2026-09-13T16:00:00+00:00,2026-09-13T15:55:36Z,betmgm,2026-09-13T15:55:25+00:00,2026-09-13T15:55:25+00:00,2026-09-13T15:55:36+00:00,3.0661482291626463,0.30000346436361924,0.26186794071168085,0.8029259226875891,0.551983816209647,0.2379382810738203,0.4536461420202137,0.16076257914956918,0.56,0.7058823529411765,1.0588235294117647,0.13924050632911392,0.06666666666666667,0.6089238845144357,0.14473684210526316,,17,2025_18_CLE_CIN,2026-01-05T18:00:00+00:00,fanatics,-120,-125.0,8,0.5454545454545454,0.5555555555555556,0.006529270755101568,-0.0035717393459085978,0.011970329717686301,-0.006429130822635409,False,False,,PHASE 4.5 HIERARCHICAL BASELINE,True
ed6d24ff979f9c71979fead577b0b3f7,TB@CIN,Bucky Irving,00-0039361,RB,TB,CIN,2026-09-13T17:00:00+00:00,2026-09-13T16:00:00+00:00,2026-09-13T15:55:36Z,betmgm,2026-09-13T15:55:25+00:00,2026-09-13T15:55:25+00:00,2026-09-13T15:55:36+00:00,2.384914370860282,0.1242472233915197,0.10585738877420643,0.2524608077493488,0.22311333982062712,0.10255056540467898,0.26304465658803106,0.030024288348376924,0.21428571428571427,0.0,0.6,0.05555555555555555,0.0,0.3665254237288136,0.06469500924214418,,10,2025_18_CAR_TB,2026-01-04T21:30:00+00:00,fanatics,120,114.5,8,0.45454545454545453,0.4662004662004663,-0.23143211472482741,-0.24308712637983917,-0.5091506523946203,-0.5214218860847549,False,False,,PHASE 4.5 HIERARCHICAL BASELINE,True
ed6d24ff979f9c71979fead577b0b3f7,TB@CIN,Tee Higgins,00-0036410,WR,CIN,TB,2026-09-13T17:00:00+00:00,2026-09-13T16:00:00+00:00,2026-09-13T15:55:36Z,betmgm,2026-09-13T15:55:25+00:00,2026-09-13T15:55:25+00:00,2026-09-13T15:55:36+00:00,3.0661482291626463,0.1381262285262769,0.12056804443633458,0.3696794959420705,0.3090442507258344,0.1881968258740856,0.0,0.2785161370382709,0.0,0.0,0.0,0.189873417721519,0.24444444444444444,0.0,0.1611842105263158,,15,2025_18_CLE_CIN,2026-01-05T18:00:00+00:00,fanatics,125,120.0,8,0.4444444444444444,0.45454545454545453,-0.13540019371861,-0.14550120381962012,-0.30465043586687257,-0.32010264840316427,False,False,,PHASE 4.5 HIERARCHICAL BASELINE,True
ed6d24ff979f9c71979fead577b0b3f7,TB@CIN,Emeka Egbuka,00-0040129,WR,TB,CIN,2026-09-13T17:00:00+00:00,2026-09-13T16:00:00+00:00,2026-09-13T15:55:36Z,betmgm,2026-09-13T15:55:25+00:00,2026-09-13T15:55:25+00:00,2026-09-13T15:55:36+00:00,2.384914370860282,0.0947953249283511,0.08076466653340596,0.19261681387325832,0.17520203526891406,0.1011431173735136,0.0,0.15234593645122313,0.0,0.0,0.0,0.19444444444444445,0.2894736842105263,0.00423728813559322,0.23475046210720887,,17,2025_18_CAR_TB,2026-01-04T21:30:00+00:00,fanatics,200,175.0,8,0.3333333333333333,0.36363636363636365,-0.15813129806441925,-0.18843432836744958,-0.47439389419325784,-0.5181944030104864,False,False,,PHASE 4.5 HIERARCHICAL BASELINE,True
ed6d24ff979f9c71979fead577b0b3f7,TB@CIN,Kenny Gainwell,,,,,2026-09-13T17:00:00+00:00,2026-09-13T16:00:00+00:00,2026-09-13T15:55:36Z,betmgm,2026-09-13T15:55:25+00:00,2026-09-13T15:55:25+00:00,2026-09-13T15:55:36+00:00,,,,,,,,,,,,,,,,,,,,fanatics,200,190.0,8,0.3333333333333333,0.3448275862068966,,,,,False,False,no_unambiguous_prior_same_team_history,PHASE 4.5 HIERARCHICAL BASELINE,True
ed6d24ff979f9c71979fead577b0b3f7,TB@CIN,Chris Godwin,00-0033921,WR,TB,CIN,2026-09-13T17:00:00+00:00,2026-09-13T16:00:00+00:00,2026-09-13T15:55:36Z,betmgm,2026-09-13T15:55:25+00:00,2026-09-13T15:55:25+00:00,2026-09-13T15:55:36+00:00,2.384914370860282,0.08141594465457407,0.06936556866595348,0.1654309415543281,0.15247160982270305,0.11487017789633185,0.0,0.1759055327291498,0.0,0.0,0.0,0.09722222222222222,0.10526315789473684,0.0,0.09426987060998152,,9,2025_18_CAR_TB,2026-01-04T21:30:00+00:00,fanatics,230,215.0,8,0.30303030303030304,0.31746031746031744,-0.1505586932076,-0.1649887076376144,-0.4968436875850799,-0.5197144290584853,False,False,,PHASE 4.5 HIERARCHICAL BASELINE,True
ed6d24ff979f9c71979fead577b0b3f7,TB@CIN,Cade Otton,00-0038129,TE,TB,CIN,2026-09-13T17:00:00+00:00,2026-09-13T16:00:00+00:00,2026-09-13T15:55:36Z,betmgm,2026-09-13T15:55:25+00:00,2026-09-13T15:55:25+00:00,2026-09-13T15:55:36+00:00,2.384914370860282,0.05922398040285904,0.050458237593817595,0.12033857596577811,0.11337980239653028,0.0782446578630304,0.0,0.11421577703372326,0.0,0.0,0.0,0.08333333333333333,0.05263157894736842,0.0,0.14972273567467653,,15,2025_18_CAR_TB,2026-01-04T21:30:00+00:00,fanatics,310,272.5,8,0.24390243902439027,0.2684563758389262,-0.13052263662785998,-0.1550765734423959,-0.5351428101742259,-0.5776602360729246,False,False,,PHASE 4.5 HIERARCHICAL BASELINE,True
ed6d24ff979f9c71979fead577b0b3f7,TB@CIN,Samaje Perine,00-0033526,RB,CIN,TB,2026-09-13T17:00:00+00:00,2026-09-13T16:00:00+00:00,2026-09-13T15:55:36Z,betmgm,2026-09-13T15:55:25+00:00,2026-09-13T15:55:25+00:00,2026-09-13T15:55:32+00:00,3.0661482291626463,0.12492288388456287,0.10904306861925014,0.33434221174937473,0.2841912178669075,0.09943823838764389,0.32015670770628507,0.004233428283874583,0.24,0.26666666666666666,0.5333333333333333,0.012658227848101266,0.0,0.2204724409448819,0.03453947368421053,,15,2025_18_CLE_CIN,2026-01-05T18:00:00+00:00,betrivers,400,335.0,8,0.2,0.2298850574712644,0.08419121786690748,0.054306160395643094,0.42095608933453743,0.23623179772104752,True,True,,PHASE 4.5 HIERARCHICAL BASELINE,True
ed6d24ff979f9c71979fead577b0b3f7,TB@CIN,Mike Gesicki,00-0034829,TE,CIN,TB,2026-09-13T17:00:00+00:00,2026-09-13T16:00:00+00:00,2026-09-13T15:55:36Z,betmgm,2026-09-13T15:55:25+00:00,2026-09-13T15:55:25+00:00,2026-09-13T15:55:36+00:00,3.0661482291626463,0.07030155750265532,0.06136503833745952,0.1881543036308994,0.17151314116127264,0.10067883285713375,0.0,0.13566480588883162,0.0,0.0,0.0,0.08860759493670886,0.1111111111111111,0.0,0.06907894736842106,,12,2025_18_CLE_CIN,2026-01-05T18:00:00+00:00,fanatics,420,340.0,8,0.1923076923076923,0.22727272727272727,-0.02079455114641965,-0.05575958611145462,-0.10813166596138224,-0.24534217889040033,False,False,,PHASE 4.5 HIERARCHICAL BASELINE,True
ed6d24ff979f9c71979fead577b0b3f7,TB@CIN,Andrei Iosivas,00-0038619,WR,CIN,TB,2026-09-13T17:00:00+00:00,2026-09-13T16:00:00+00:00,2026-09-13T15:55:36Z,betmgm,2026-09-13T15:55:25+00:00,2026-09-13T15:55:25+00:00,2026-09-13T15:54:41+00:00,3.0661482291626463,0.04510069128897279,0.03936762922911357,0.1207069866471782,0.11370638258616356,0.054571739451088695,0.0024608282491749693,0.07321591927965536,0.0,0.0,0.0,0.08860759493670886,0.08888888888888889,0.007874015748031496,0.09539473684210527,,15,2025_18_CLE_CIN,2026-01-05T18:00:00+00:00,betmgm,500,370.0,8,0.16666666666666666,0.2127659574468085,-0.0529602840805031,-0.09905957486064496,-0.31776170448301866,-0.46558000184503123,False,False,,PHASE 4.5 HIERARCHICAL BASELINE,True
ed6d24ff979f9c71979fead577b0b3f7,TB@CIN,Ted Hurst III,,,,,2026-09-13T17:00:00+00:00,2026-09-13T16:00:00+00:00,2026-09-13T15:55:36Z,betmgm,2026-09-13T15:55:25+00:00,2026-09-13T15:55:25+00:00,2026-09-13T15:55:36+00:00,,,,,,,,,,,,,,,,,,,,fanatics,525,455.0,8,0.16,0.1801801801801802,,,,,False,False,no_unambiguous_prior_same_team_history,PHASE 4.5 HIERARCHICAL BASELINE,True
ed6d24ff979f9c71979fead577b0b3f7,TB@CIN,Tez Johnson,00-0040237,WR,TB,CIN,2026-09-13T17:00:00+00:00,2026-09-13T16:00:00+00:00,2026-09-13T15:55:36Z,betmgm,2026-09-13T15:55:25+00:00,2026-09-13T15:55:25+00:00,2026-09-13T15:54:41+00:00,2.384914370860282,0.06676104316640907,0.05687973951070604,0.1356533081698722,0.12685470763978873,0.08307445070596285,0.0371822380677165,0.10214292570776969,0.0,0.0,0.0,0.09722222222222222,0.15789473684210525,0.014830508474576272,0.08133086876155268,,15,2025_18_CAR_TB,2026-01-04T21:30:00+00:00,betmgm,625,550.0,8,0.13793103448275862,0.15384615384615385,-0.011076326842969886,-0.02699144620636512,-0.08030336961153173,-0.1754444003413732,False,False,,PHASE 4.5 HIERARCHICAL BASELINE,True
ed6d24ff979f9c71979fead577b0b3f7,TB@CIN,Cincinnati Bengals D/ST,,,,,2026-09-13T17:00:00+00:00,2026-09-13T16:00:00+00:00,2026-09-13T15:55:36Z,betmgm,2026-09-13T15:55:25+00:00,2026-09-13T15:55:25+00:00,2026-09-13T15:54:29+00:00,,,,,,,,,,,,,,,,,,,,draftkings,550,525.0,4,0.15384615384615385,0.16,,,,,False,False,no_unambiguous_prior_same_team_history,PHASE 4.5 HIERARCHICAL BASELINE,True
ed6d24ff979f9c71979fead577b0b3f7,TB@CIN,Baker Mayfield,00-0034855,QB,TB,CIN,2026-09-13T17:00:00+00:00,2026-09-13T16:00:00+00:00,2026-09-13T15:55:36Z,betmgm,2026-09-13T15:55:25+00:00,2026-09-13T15:55:25+00:00,2026-09-13T15:54:29+00:00,2.384914370860282,0.038247421275062574,0.0325864195030494,0.07771582016770427,0.07477267986808737,0.04050577698938589,0.12051856984215967,0.0,0.0,0.058823529411764705,0.058823529411764705,0.0,0.0,0.11652542372881355,0.0,,17,2025_18_CAR_TB,2026-01-04T21:30:00+00:00,bovada,600,505.0,8,0.14285714285714285,0.1652892561983471,-0.06808446298905547,-0.09051657633025974,-0.47659124092338834,-0.5476252867980713,False,False,,PHASE 4.5 HIERARCHICAL BASELINE,True
ed6d24ff979f9c71979fead577b0b3f7,TB@CIN,Tampa Bay Buccaneers D/ST,,,,,2026-09-13T17:00:00+00:00,2026-09-13T16:00:00+00:00,2026-09-13T15:55:36Z,betmgm,2026-09-13T15:55:25+00:00,2026-09-13T15:55:25+00:00,2026-09-13T15:54:41+00:00,,,,,,,,,,,,,,,,,,,,betmgm,675,637.5,4,0.12903225806451613,0.13559322033898305,,,,,False,False,no_unambiguous_prior_same_team_history,PHASE 4.5 HIERARCHICAL BASELINE,True
ed6d24ff979f9c71979fead577b0b3f7,TB@CIN,Erick All,,,,,2026-09-13T17:00:00+00:00,2026-09-13T16:00:00+00:00,2026-09-13T15:55:36Z,betmgm,2026-09-13T15:55:25+00:00,2026-09-13T15:55:25+00:00,2026-09-13T15:54:29+00:00,,,,,,,,,,,,,,,,,,,,bovada,700,650.0,8,0.125,0.13333333333333333,,,,,False,False,no_unambiguous_prior_same_team_history,PHASE 4.5 HIERARCHICAL BASELINE,True
ed6d24ff979f9c71979fead577b0b3f7,TB@CIN,Joe Burrow,00-0036442,QB,CIN,TB,2026-09-13T17:00:00+00:00,2026-09-13T16:00:00+00:00,2026-09-13T15:55:36Z,betmgm,2026-09-13T15:55:25+00:00,2026-09-13T15:55:25+00:00,2026-09-13T15:55:36+00:00,3.0661482291626463,0.032688971593645796,0.028533649414245674,0.08748839862303716,0.0837704988869538,0.03203899198550043,0.10832311642942068,0.0,0.0,0.125,0.125,0.0,0.0,0.03674540682414698,0.0,,8,2025_18_CLE_CIN,2026-01-05T18:00:00+00:00,fanatics,800,712.5,8,0.1111111111111111,0.12307692307692308,-0.027340612224157304,-0.03930642418996928,-0.24606551001741583,-0.3193646965435004,False,False,,PHASE 4.5 HIERARCHICAL BASELINE,True
ed6d24ff979f9c71979fead577b0b3f7,TB@CIN,Colbie Young,,,,,2026-09-13T17:00:00+00:00,2026-09-13T16:00:00+00:00,2026-09-13T15:55:36Z,betmgm,2026-09-13T15:55:25+00:00,2026-09-13T15:55:25+00:00,2026-09-13T15:55:08+00:00,,,,,,,,,,,,,,,,,,,,bovada,800,725.0,8,0.1111111111111111,0.12121212121212122,,,,,False,False,no_unambiguous_prior_same_team_history,PHASE 4.5 HIERARCHICAL BASELINE,True
ed6d24ff979f9c71979fead577b0b3f7,TB@CIN,Tanner Hudson,00-0034613,TE,CIN,TB,2026-09-13T17:00:00+00:00,2026-09-13T16:00:00+00:00,2026-09-13T15:55:36Z,betmgm,2026-09-13T15:55:25+00:00,2026-09-13T15:55:25+00:00,2026-09-13T15:54:29+00:00,3.0661482291626463,0.03336465621851628,0.029123443074331273,0.08929679340947996,0.08542590627376913,0.042882829120481136,0.0,0.05786563317280731,0.0,0.0,0.0,0.0759493670886076,0.06666666666666667,0.0,0.039473684210526314,,10,2025_17_ARI_CIN,2025-12-29T18:00:00+00:00,bovada,900,875.0,4,0.1,0.10256410256410256,-0.014574093726230877,-0.017138196290333432,-0.14574093726230875,-0.16709741383075105,False,False,,PHASE 4.5 HIERARCHICAL BASELINE,True
ed6d24ff979f9c71979fead577b0b3f7,TB@CIN,Drew Sample,00-0035631,TE,CIN,TB,2026-09-13T17:00:00+00:00,2026-09-13T16:00:00+00:00,2026-09-13T15:55:36Z,betmgm,2026-09-13T15:55:25+00:00,2026-09-13T15:55:25+00:00,2026-09-13T15:55:32+00:00,3.0661482291626463,0.0042298503120630875,0.0036921646657922563,0.01132072415179582,0.011256885879715243,0.0030916533614227305,0.0010388202998545563,0.00380400427503766,0.0,0.0,0.0,0.012658227848101266,0.0,0.0026246719160104987,0.03289473684210526,,12,2025_18_CLE_CIN,2026-01-05T18:00:00+00:00,betrivers,1150,1000.0,8,0.08,0.09090909090909091,-0.06874311412028476,-0.07965220502937567,-0.8592889265035595,-0.8761742553231323,False,False,,PHASE 4.5 HIERARCHICAL BASELINE,True
ed6d24ff979f9c71979fead577b0b3f7,TB@CIN,Payne Durham,00-0039050,TE,TB,CIN,2026-09-13T17:00:00+00:00,2026-09-13T16:00:00+00:00,2026-09-13T15:55:36Z,betmgm,2026-09-13T15:55:25+00:00,2026-09-13T15:55:25+00:00,2026-09-13T15:55:36+00:00,2.384914370860282,0.030336081171153786,0.02584603704423621,0.06164058517658614,0.05977924465327884,0.05069567065730719,0.0,0.060496860980342425,0.0,0.0,0.0,0.013888888888888888,0.02631578947368421,0.0,0.0073937153419593345,,8,2025_18_CAR_TB,2026-01-04T21:30:00+00:00,fanatics,2500,1450.0,8,0.038461538461538464,0.06451612903225806,0.02131770619174038,-0.00473688437897922,0.5542603609852499,-0.0734217078741779,False,False,,PHASE 4.5 HIERARCHICAL BASELINE,True
ed6d24ff979f9c71979fead577b0b3f7,TB@CIN,Josh Williams,,,,,2026-09-13T17:00:00+00:00,2026-09-13T16:00:00+00:00,2026-09-13T15:55:36Z,betmgm,2026-09-13T15:55:25+00:00,2026-09-13T15:55:25+00:00,2026-09-13T15:55:08+00:00,,,,,,,,,,,,,,,,,,,,fanduel,2000,1400.0,6,0.047619047619047616,0.06666666666666667,,,,,False,False,no_unambiguous_prior_same_team_history,PHASE 4.5 HIERARCHICAL BASELINE,True
ed6d24ff979f9c71979fead577b0b3f7,TB@CIN,Dohnte Meyers,,,,,2026-09-13T17:00:00+00:00,2026-09-13T16:00:00+00:00,2026-09-13T15:55:36Z,betmgm,2026-09-13T15:55:25+00:00,2026-09-13T15:55:25+00:00,2026-09-13T15:54:29+00:00,,,,,,,,,,,,,,,,,,,,bovada,1600,1275.0,8,0.058823529411764705,0.07272727272727272,,,,,False,False,no_unambiguous_prior_same_team_history,PHASE 4.5 HIERARCHICAL BASELINE,True
ed6d24ff979f9c71979fead577b0b3f7,TB@CIN,Tahj Brooks,00-0040208,RB,CIN,TB,2026-09-13T17:00:00+00:00,2026-09-13T16:00:00+00:00,2026-09-13T15:55:36Z,betmgm,2026-09-13T15:55:25+00:00,2026-09-13T15:55:25+00:00,2026-09-13T15:55:08+00:00,3.0661482291626463,0.004823618081474015,0.0042104544907662364,0.012909877580832807,0.012826902560848846,0.0036908370306997485,0.010392900249170644,0.00023577499864765872,0.0,0.0,0.0,0.0,0.0,0.04199475065616798,0.003289473684210526,,12,2025_17_ARI_CIN,2025-12-29T18:00:00+00:00,betmgm,2500,1900.0,8,0.038461538461538464,0.05,-0.025634635900689616,-0.037173097439151155,-0.66650053341793,-0.7434619487830231,False,False,,PHASE 4.5 HIERARCHICAL BASELINE,True
ed6d24ff979f9c71979fead577b0b3f7,TB@CIN,Kameron Johnson,00-0039589,WR,TB,CIN,2026-09-13T17:00:00+00:00,2026-09-13T16:00:00+00:00,2026-09-13T15:55:36Z,betmgm,2026-09-13T15:55:25+00:00,2026-09-13T15:55:25+00:00,2026-09-13T15:55:08+00:00,2.384914370860282,0.012026209963017608,0.010246210327966819,0.02443633425802511,0.024140184220054907,0.0183809198214902,0.013906470799376253,0.02079002225707048,0.0,0.0,0.0,0.0,0.0,0.00423728813559322,0.012939001848428836,,17,2025_18_CAR_TB,2025-12-08T18:00:00+00:00,betmgm,2000,1750.0,8,0.047619047619047616,0.05405405405405406,-0.02347886339899271,-0.02991386983399915,-0.49305613137884696,-0.5534065919289842,False,False,,PHASE 4.5 HIERARCHICAL BASELINE,True
ed6d24ff979f9c71979fead577b0b3f7,TB@CIN,Ko Kieft,,,,,2026-09-13T17:00:00+00:00,2026-09-13T16:00:00+00:00,2026-09-13T15:55:36Z,betmgm,2026-09-13T15:55:25+00:00,2026-09-13T15:55:25+00:00,2026-09-13T15:54:29+00:00,,,,,,,,,,,,,,,,,,,,draftkings,3500,2400,7,0.027777777777777776,0.04,,,,,False,False,no_unambiguous_prior_same_team_history,PHASE 4.5 HIERARCHICAL BASELINE,True
ed6d24ff979f9c71979fead577b0b3f7,TB@CIN,Bauer Sharp,,,,,2026-09-13T17:00:00+00:00,2026-09-13T16:00:00+00:00,2026-09-13T15:55:36Z,betmgm,2026-09-13T15:55:25+00:00,2026-09-13T15:55:25+00:00,2026-09-13T15:54:41+00:00,,,,,,,,,,,,,,,,,,,,betmgm,4000,3150.0,8,0.024390243902439025,0.03076923076923077,,,,,False,False,no_unambiguous_prior_same_team_history,PHASE 4.5 HIERARCHICAL BASELINE,True
ed6d24ff979f9c71979fead577b0b3f7,TB@CIN,Cincinnati Bengals Defense,,,,,2026-09-13T17:00:00+00:00,2026-09-13T16:00:00+00:00,2026-09-13T15:55:36Z,betmgm,2026-09-13T15:55:25+00:00,2026-09-13T15:55:25+00:00,2026-09-13T15:55:08+00:00,,,,,,,,,,,,,,,,,,,,fanduel,600,600,1,0.14285714285714285,0.14285714285714285,,,,,False,False,no_unambiguous_prior_same_team_history,PHASE 4.5 HIERARCHICAL BASELINE,True
ed6d24ff979f9c71979fead577b0b3f7,TB@CIN,Tampa Bay Buccaneers Defense,,,,,2026-09-13T17:00:00+00:00,2026-09-13T16:00:00+00:00,2026-09-13T15:55:36Z,betmgm,2026-09-13T15:55:25+00:00,2026-09-13T15:55:25+00:00,2026-09-13T15:55:08+00:00,,,,,,,,,,,,,,,,,,,,fanduel,850,850,1,0.10526315789473684,0.10526315789473684,,,,,False,False,no_unambiguous_prior_same_team_history,PHASE 4.5 HIERARCHICAL BASELINE,True
ed6d24ff979f9c71979fead577b0b3f7,TB@CIN,Jack Endries,,,,,2026-09-13T17:00:00+00:00,2026-09-13T16:00:00+00:00,2026-09-13T15:55:36Z,betmgm,2026-09-13T15:55:25+00:00,2026-09-13T15:55:25+00:00,2026-09-13T15:54:26+00:00,,,,,,,,,,,,,,,,,,,,betonlineag,1100,1100,1,0.08333333333333333,0.08333333333333333,,,,,False,False,no_unambiguous_prior_same_team_history,PHASE 4.5 HIERARCHICAL BASELINE,True
ed6d24ff979f9c71979fead577b0b3f7,TB@CIN,Ke'Shawn Williams,00-0040534,WR,CIN,TB,2026-09-13T17:00:00+00:00,2026-09-13T16:00:00+00:00,2026-09-13T15:55:36Z,betmgm,2026-09-13T15:55:25+00:00,2026-09-13T15:55:25+00:00,2026-09-13T15:54:26+00:00,3.0661482291626463,0.003395623011664487,0.0029639817906236387,0.009088007518590999,0.009046836393824127,0.004720751219761669,0.010145741811619905,0.001012066925239831,0.0,0.0,0.0,0.0,0.0,0.005249343832020997,0.001644736842105263,,3,2025_18_CLE_CIN,2026-01-05T18:00:00+00:00,betonlineag,3400,3400,1,0.02857142857142857,0.02857142857142857,-0.019524592177604445,-0.019524592177604445,-0.6833607262161556,-0.6833607262161556,False,False,,PHASE 4.5 HIERARCHICAL BASELINE,True
ed6d24ff979f9c71979fead577b0b3f7,TB@CIN,No Scorer,,,,,2026-09-13T17:00:00+00:00,2026-09-13T16:00:00+00:00,2026-09-13T15:55:36Z,betmgm,2026-09-13T15:55:25+00:00,2026-09-13T15:55:25+00:00,2026-09-13T15:55:36+00:00,,,,,,,,,,,,,,,,,,,,fanatics,10000,10000,1,0.009900990099009901,0.009900990099009901,,,,,False,False,no_unambiguous_prior_same_team_history,PHASE 4.5 HIERARCHICAL BASELINE,True
e55c6fe19fce094ce214c8b0e5b504e9,CLE@JAX,Bhayshul Tuten,00-0040719,RB,JAX,CLE,2026-09-13T17:00:00+00:00,2026-09-13T16:00:00+00:00,2026-09-13T15:55:36Z,betmgm,2026-09-13T15:55:25+00:00,2026-09-13T15:55:25+00:00,2026-09-13T15:55:31+00:00,2.6111023564389044,0.11915610911443845,0.10122516676367863,0.26430927146756233,0.23226393592284914,0.1119480159616207,0.21837402574982645,0.017016969129907,0.21621621621621623,0.4666666666666667,0.5333333333333333,0.023529411764705882,0.0,0.16973415132924335,0.025594149908592323,,15,2025_18_TEN_JAX,2026-01-05T18:00:00+00:00,fanatics,160,140.0,8,0.3846153846153846,0.4166666666666667,-0.15235144869253545,-0.18440273074381755,-0.3961137666005923,-0.4425665537851621,False,False,,PHASE 4.5 HIERARCHICAL BASELINE,True
e55c6fe19fce094ce214c8b0e5b504e9,CLE@JAX,Chris Rodriguez Jr.,,,,,2026-09-13T17:00:00+00:00,2026-09-13T16:00:00+00:00,2026-09-13T15:55:36Z,betmgm,2026-09-13T15:55:25+00:00,2026-09-13T15:55:25+00:00,2026-09-13T15:55:31+00:00,,,,,,,,,,,,,,,,,,,,fanatics,200,165.0,8,0.3333333333333333,0.37735849056603776,,,,,False,False,no_unambiguous_prior_same_team_history,PHASE 4.5 HIERARCHICAL BASELINE,True
e55c6fe19fce094ce214c8b0e5b504e9,CLE@JAX,Quinshon Judkins,00-0040784,RB,CLE,JAX,2026-09-13T17:00:00+00:00,2026-09-13T16:00:00+00:00,2026-09-13T15:55:36Z,betmgm,2026-09-13T15:55:25+00:00,2026-09-13T15:55:25+00:00,2026-09-13T15:55:31+00:00,1.5647231848979688,0.22915139469854356,0.18396286499919942,0.2878509600245024,0.25012665498401365,0.17595988378274643,0.42201069619405407,0.017709302422181848,0.5357142857142857,0.7857142857142857,1.2857142857142858,0.01818181818181818,0.0,0.5463182897862233,0.06896551724137931,,14,2025_16_BUF_CLE,2025-12-22T18:00:00+00:00,fanatics,190,172.5,8,0.3448275862068966,0.36697247706422015,-0.09470093122288292,-0.1168458220802065,-0.27463270054636046,-0.3184048651685628,False,False,,PHASE 4.5 HIERARCHICAL BASELINE,True
e55c6fe19fce094ce214c8b0e5b504e9,CLE@JAX,Parker Washington,00-0038606,WR,JAX,CLE,2026-09-13T17:00:00+00:00,2026-09-13T16:00:00+00:00,2026-09-13T15:55:36Z,betmgm,2026-09-13T15:55:25+00:00,2026-09-13T15:55:25+00:00,2026-09-13T15:55:37+00:00,2.6111023564389044,0.1181701937681816,0.10038761469789347,0.26212233729495044,0.23058311043132376,0.1434663259228322,0.04932058857386474,0.20654052796278713,0.02702702702702703,0.0625,0.0625,0.16470588235294117,0.19047619047619047,0.014314928425357873,0.1736745886654479,,16,2025_18_TEN_JAX,2026-01-05T18:00:00+00:00,bovada,215,200.0,8,0.31746031746031744,0.3333333333333333,-0.08687720702899368,-0.10275022290200955,-0.2736632021413302,-0.3082506687060287,False,False,,PHASE 4.5 HIERARCHICAL BASELINE,True
e55c6fe19fce094ce214c8b0e5b504e9,CLE@JAX,Trevor Lawrence,00-0036971,QB,JAX,CLE,2026-09-13T17:00:00+00:00,2026-09-13T16:00:00+00:00,2026-09-13T15:55:36Z,betmgm,2026-09-13T15:55:25+00:00,2026-09-13T15:55:25+00:00,2026-09-13T15:55:31+00:00,2.6111023564389044,0.14431194903098363,0.12259548599915401,0.3201093623811638,0.2739303719718229,0.12916050983084373,0.33796781908954954,0.0,0.2702702702702703,0.5882352941176471,0.8235294117647058,0.0,0.0,0.16768916155419222,0.0,,17,2025_18_TEN_JAX,2026-01-05T18:00:00+00:00,betmgm,300,257.5,8,0.25,0.2797202797202797,0.023930371971822906,-0.00578990774845678,0.09572148788729162,-0.02069892020073305,False,False,,PHASE 4.5 HIERARCHICAL BASELINE,True
e55c6fe19fce094ce214c8b0e5b504e9,CLE@JAX,Brian Thomas Jr,00-0039893,WR,JAX,CLE,2026-09-13T17:00:00+00:00,2026-09-13T16:00:00+00:00,2026-09-13T15:55:36Z,betmgm,2026-09-13T15:55:25+00:00,2026-09-13T15:55:25+00:00,2026-09-13T15:55:31+00:00,2.6111023564389044,0.08385670959724602,0.0712377189580961,0.18600897583881712,0.16973385738658428,0.09948249516430956,0.001074174669742665,0.17571585496606512,0.02702702702702703,0.0,0.07142857142857142,0.08235294117647059,0.16666666666666666,0.006134969325153374,0.1663619744058501,,14,2025_18_TEN_JAX,2026-01-05T18:00:00+00:00,fanatics,280,262.5,8,0.2631578947368421,0.27586206896551724,-0.09342403735025781,-0.10612821157893296,-0.3550113419309797,-0.38471476697363194,False,False,,PHASE 4.5 HIERARCHICAL BASELINE,True
e55c6fe19fce094ce214c8b0e5b504e9,CLE@JAX,Brenton Strange,00-0038935,TE,JAX,CLE,2026-09-13T17:00:00+00:00,2026-09-13T16:00:00+00:00,2026-09-13T15:55:36Z,betmgm,2026-09-13T15:55:25+00:00,2026-09-13T15:55:25+00:00,2026-09-13T15:55:31+00:00,2.6111023564389044,0.06685731912644659,0.05679644399472074,0.14830132875196558,0.13782872119946016,0.08898019195819046,0.0,0.1401177168336628,0.0,0.0,0.0,0.11764705882352941,0.07142857142857142,0.0,0.10968921389396709,,12,2025_18_TEN_JAX,2026-01-05T18:00:00+00:00,fanatics,310,267.5,8,0.24390243902439027,0.272108843537415,-0.10607371782493011,-0.13428012233795483,-0.43490224308221337,-0.493479449591984,False,False,,PHASE 4.5 HIERARCHICAL BASELINE,True
e55c6fe19fce094ce214c8b0e5b504e9,CLE@JAX,Jakobi Meyers,00-0034960,WR,JAX,CLE,2026-09-13T17:00:00+00:00,2026-09-13T16:00:00+00:00,2026-09-13T15:55:36Z,betmgm,2026-09-13T15:55:25+00:00,2026-09-13T15:55:25+00:00,2026-09-13T15:55:31+00:00,2.6111023564389044,0.11627592707414568,0.09877840251881406,0.257920519582146,0.2273433592608326,0.1539610737071093,0.04879180248378941,0.21901491084512095,0.0,0.1111111111111111,0.1111111111111111,0.10588235294117647,0.16666666666666666,0.010224948875255624,0.11151736745886655,,9,2025_18_TEN_JAX,2026-01-05T18:00:00+00:00,fanatics,300,257.5,8,0.25,0.2797202797202797,-0.0226566407391674,-0.052376920459447085,-0.0906265629566696,-0.18724749064252344,False,False,,PHASE 4.5 HIERARCHICAL BASELINE,True
e55c6fe19fce094ce214c8b0e5b504e9,CLE@JAX,Harold Fannin Jr.,00-0040663,TE,CLE,JAX,2026-09-13T17:00:00+00:00,2026-09-13T16:00:00+00:00,2026-09-13T15:55:36Z,betmgm,2026-09-13T15:55:25+00:00,2026-09-13T15:55:25+00:00,2026-09-13T15:55:31+00:00,1.5647231848979688,0.15332576423375785,0.1230900073889585,0.19260178839076567,0.17518964218842925,0.19912094965218244,0.13020877994020397,0.2527842307083536,0.03571428571428571,0.0625,0.0625,0.18181818181818182,0.12,0.0166270783847981,0.2049808429118774,,16,2025_17_PIT_CLE,2025-12-29T18:00:00+00:00,fanatics,370,340.0,8,0.2127659574468085,0.22727272727272727,-0.03757631525837926,-0.052083085084298014,-0.1766086817143825,-0.22916557437091123,False,False,,PHASE 4.5 HIERARCHICAL BASELINE,True
e55c6fe19fce094ce214c8b0e5b504e9,CLE@JAX,Jerry Jeudy,00-0036407,WR,CLE,JAX,2026-09-13T17:00:00+00:00,2026-09-13T16:00:00+00:00,2026-09-13T15:55:36Z,betmgm,2026-09-13T15:55:25+00:00,2026-09-13T15:55:25+00:00,2026-09-13T15:55:31+00:00,1.5647231848979688,0.08404316482951046,0.06746989869285297,0.1055717147674242,0.10019005912777237,0.08868993090818066,0.0019577392442024287,0.15852256750741467,0.0,0.0,0.0,0.16363636363636364,0.24,0.0023752969121140144,0.20306513409961685,,17,2025_18_CLE_CIN,2026-01-05T18:00:00+00:00,fanatics,525,455.0,8,0.16,0.1801801801801802,-0.05980994087222763,-0.07999012105240783,-0.3738121304514227,-0.44394517184086335,False,False,,PHASE 4.5 HIERARCHICAL BASELINE,True
e55c6fe19fce094ce214c8b0e5b504e9,CLE@JAX,Jacksonville Jaguars D/ST,,,,,2026-09-13T17:00:00+00:00,2026-09-13T16:00:00+00:00,2026-09-13T15:55:36Z,betmgm,2026-09-13T15:55:25+00:00,2026-09-13T15:55:25+00:00,2026-09-13T15:54:49+00:00,,,,,,,,,,,,,,,,,,,,draftkings,475,442.5,4,0.17391304347826086,0.18433179723502305,,,,,False,False,no_unambiguous_prior_same_team_history,PHASE 4.5 HIERARCHICAL BASELINE,True
e55c6fe19fce094ce214c8b0e5b504e9,CLE@JAX,Denzel Boston,,,,,2026-09-13T17:00:00+00:00,2026-09-13T16:00:00+00:00,2026-09-13T15:55:36Z,betmgm,2026-09-13T15:55:25+00:00,2026-09-13T15:55:25+00:00,2026-09-13T15:55:31+00:00,,,,,,,,,,,,,,,,,,,,fanatics,525,455.0,8,0.16,0.1801801801801802,,,,,False,False,no_unambiguous_prior_same_team_history,PHASE 4.5 HIERARCHICAL BASELINE,True
e55c6fe19fce094ce214c8b0e5b504e9,CLE@JAX,KC Concepcion,,,,,2026-09-13T17:00:00+00:00,2026-09-13T16:00:00+00:00,2026-09-13T15:55:36Z,betmgm,2026-09-13T15:55:25+00:00,2026-09-13T15:55:25+00:00,2026-09-13T15:55:28+00:00,,,,,,,,,,,,,,,,,,,,draftkings,550,500.0,8,0.15384615384615385,0.16666666666666666,,,,,False,False,no_unambiguous_prior_same_team_history,PHASE 4.5 HIERARCHICAL BASELINE,True
e55c6fe19fce094ce214c8b0e5b504e9,CLE@JAX,Cleveland Browns D/ST,,,,,2026-09-13T17:00:00+00:00,2026-09-13T16:00:00+00:00,2026-09-13T15:55:36Z,betmgm,2026-09-13T15:55:25+00:00,2026-09-13T15:55:25+00:00,2026-09-13T15:55:37+00:00,,,,,,,,,,,,,,,,,,,,bovada,600,587.5,4,0.14285714285714285,0.14545454545454545,,,,,False,False,no_unambiguous_prior_same_team_history,PHASE 4.5 HIERARCHICAL BASELINE,True
e55c6fe19fce094ce214c8b0e5b504e9,CLE@JAX,Deshaun Watson,,,,,2026-09-13T17:00:00+00:00,2026-09-13T16:00:00+00:00,2026-09-13T15:55:36Z,betmgm,2026-09-13T15:55:25+00:00,2026-09-13T15:55:25+00:00,2026-09-13T15:55:28+00:00,,,,,,,,,,,,,,,,,,,,fanduel,750,612.5,8,0.11764705882352941,0.14035087719298245,,,,,False,False,no_unambiguous_prior_same_team_history,PHASE 4.5 HIERARCHICAL BASELINE,True
e55c6fe19fce094ce214c8b0e5b504e9,CLE@JAX,Dylan Sampson,00-0040162,RB,CLE,JAX,2026-09-13T17:00:00+00:00,2026-09-13T16:00:00+00:00,2026-09-13T15:55:36Z,betmgm,2026-09-13T15:55:25+00:00,2026-09-13T15:55:25+00:00,2026-09-13T15:55:37+00:00,1.5647231848979688,0.06156035745023763,0.049420688631717516,0.07732969731567187,0.07441535947611475,0.06714590136447084,0.07042534774767782,0.06563821222421135,0.0,0.0,0.06666666666666667,0.10909090909090909,0.04,0.1543942992874109,0.07662835249042145,,15,2025_18_CLE_CIN,2026-01-05T18:00:00+00:00,bovada,800,775.0,8,0.1111111111111111,0.11428571428571428,-0.03669575163499636,-0.03987035480959954,-0.33026176471496727,-0.34886560458399596,False,False,,PHASE 4.5 HIERARCHICAL BASELINE,True
e55c6fe19fce094ce214c8b0e5b504e9,CLE@JAX,Ameer Abdullah,,,,,2026-09-13T17:00:00+00:00,2026-09-13T16:00:00+00:00,2026-09-13T15:55:36Z,betmgm,2026-09-13T15:55:25+00:00,2026-09-13T15:55:25+00:00,2026-09-13T15:55:01+00:00,,,,,,,,,,,,,,,,,,,,betrivers,1300,850,7,0.07142857142857142,0.10526315789473684,,,,,False,False,no_unambiguous_prior_same_team_history,PHASE 4.5 HIERARCHICAL BASELINE,True
e55c6fe19fce094ce214c8b0e5b504e9,CLE@JAX,LeQuint Allen Jr.,00-0040238,RB,JAX,CLE,2026-09-13T17:00:00+00:00,2026-09-13T16:00:00+00:00,2026-09-13T15:55:36Z,betmgm,2026-09-13T15:55:25+00:00,2026-09-13T15:55:25+00:00,2026-09-13T15:55:28+00:00,2.6111023564389044,0.018536403277046053,0.01574699381225787,0.04111701265001537,0.040283175631543364,0.014555039168816071,0.028155578820767947,0.0026744459513984606,0.02702702702702703,0.0625,0.0625,0.023529411764705882,0.0,0.04703476482617587,0.02010968921389397,,16,2025_17_JAX_IND,2025-12-29T18:00:00+00:00,fanduel,1500,950.0,8,0.0625,0.09523809523809523,-0.022216824368456636,-0.05495491960655187,-0.3554691898953062,-0.5770266558687946,False,False,,PHASE 4.5 HIERARCHICAL BASELINE,True
e55c6fe19fce094ce214c8b0e5b504e9,CLE@JAX,Travis Hunter,,,,,2026-09-13T17:00:00+00:00,2026-09-13T16:00:00+00:00,2026-09-13T15:55:36Z,betmgm,2026-09-13T15:55:25+00:00,2026-09-13T15:55:25+00:00,2026-09-13T15:55:37+00:00,,,,,,,,,,,,,,,,,,,,bovada,1000,850.0,8,0.09090909090909091,0.10526315789473684,,,,,False,False,no_unambiguous_prior_same_team_history,PHASE 4.5 HIERARCHICAL BASELINE,True
e55c6fe19fce094ce214c8b0e5b504e9,CLE@JAX,Nate Boerkircher,,,,,2026-09-13T17:00:00+00:00,2026-09-13T16:00:00+00:00,2026-09-13T15:55:36Z,betmgm,2026-09-13T15:55:25+00:00,2026-09-13T15:55:25+00:00,2026-09-13T15:55:31+00:00,,,,,,,,,,,,,,,,,,,,fanatics,1300,1050.0,8,0.07142857142857142,0.08695652173913043,,,,,False,False,no_unambiguous_prior_same_team_history,PHASE 4.5 HIERARCHICAL BASELINE,True
e55c6fe19fce094ce214c8b0e5b504e9,CLE@JAX,Isaiah Bond,00-0040782,WR,CLE,JAX,2026-09-13T17:00:00+00:00,2026-09-13T16:00:00+00:00,2026-09-13T15:55:36Z,betmgm,2026-09-13T15:55:25+00:00,2026-09-13T15:55:25+00:00,2026-09-13T15:54:40+00:00,1.5647231848979688,0.06483295092173029,0.05204792846058901,0.08144060038819448,0.07821253795484563,0.08019695768316139,0.004479427190688468,0.14116111285587468,0.0,0.0,0.0,0.07272727272727272,0.16,0.011876484560570071,0.0842911877394636,,15,2025_18_CLE_CIN,2026-01-05T18:00:00+00:00,betmgm,1550,1300.0,8,0.06060606060606061,0.07142857142857142,0.017606477348785024,0.006783966526274207,0.290506876254953,0.09497553136783887,False,False,,PHASE 4.5 HIERARCHICAL BASELINE,True
e55c6fe19fce094ce214c8b0e5b504e9,CLE@JAX,Raheim Sanders,00-0040466,RB,CLE,JAX,2026-09-13T17:00:00+00:00,2026-09-13T16:00:00+00:00,2026-09-13T15:55:36Z,betmgm,2026-09-13T15:55:25+00:00,2026-09-13T15:55:25+00:00,2026-09-13T15:55:28+00:00,1.5647231848979688,0.24260727122588838,0.19476525003509362,0.30475370234236093,0.26269505148814626,0.3119363286454732,0.506248678146653,0.010309854892058101,0.14285714285714285,1.0,1.25,0.0,0.0,0.06413301662707839,0.007662835249042145,,4,2025_18_CLE_CIN,2026-01-05T18:00:00+00:00,fanduel,3000,1900.0,8,0.03225806451612903,0.05,0.23043698697201723,0.21269505148814627,7.143546596132534,4.253901029762925,True,True,,PHASE 4.5 HIERARCHICAL BASELINE,True
e55c6fe19fce094ce214c8b0e5b504e9,CLE@JAX,Malachi Corley,00-0039920,WR,CLE,JAX,2026-09-13T17:00:00+00:00,2026-09-13T16:00:00+00:00,2026-09-13T15:55:36Z,betmgm,2026-09-13T15:55:25+00:00,2026-09-13T15:55:25+00:00,2026-09-13T15:55:31+00:00,1.5647231848979688,0.055876454395045363,0.044857648150177225,0.07018980208057779,0.06778313358738597,0.07248234259058794,0.14253929853444422,0.01607581288325982,0.03571428571428571,0.08333333333333333,0.08333333333333333,0.01818181818181818,0.0,0.030878859857482184,0.02681992337164751,,12,2025_18_CLE_CIN,2026-01-05T18:00:00+00:00,fanatics,3000,2200.0,8,0.03225806451612903,0.043478260869565216,0.03552506907125694,0.024304872717820752,1.101277141208965,0.5590120725098773,True,False,,PHASE 4.5 HIERARCHICAL BASELINE,True
e55c6fe19fce094ce214c8b0e5b504e9,CLE@JAX,Josh Cameron,,,,,2026-09-13T17:00:00+00:00,2026-09-13T16:00:00+00:00,2026-09-13T15:55:36Z,betmgm,2026-09-13T15:55:25+00:00,2026-09-13T15:55:25+00:00,2026-09-13T15:54:40+00:00,,,,,,,,,,,,,,,,,,,,betmgm,2800,1975.0,8,0.034482758620689655,0.04819277108433735,,,,,False,False,no_unambiguous_prior_same_team_history,PHASE 4.5 HIERARCHICAL BASELINE,True
e55c6fe19fce094ce214c8b0e5b504e9,CLE@JAX,CJ Williams,,,,,2026-09-13T17:00:00+00:00,2026-09-13T16:00:00+00:00,2026-09-13T15:55:36Z,betmgm,2026-09-13T15:55:25+00:00,2026-09-13T15:55:25+00:00,2026-09-13T15:55:31+00:00,,,,,,,,,,,,,,,,,,,,fanatics,3000,2500.0,8,0.03225806451612903,0.038461538461538464,,,,,False,False,no_unambiguous_prior_same_team_history,PHASE 4.5 HIERARCHICAL BASELINE,True
e55c6fe19fce094ce214c8b0e5b504e9,CLE@JAX,Quintin Morris,00-0036590,TE,JAX,CLE,2026-09-13T17:00:00+00:00,2026-09-13T16:00:00+00:00,2026-09-13T15:55:36Z,betmgm,2026-09-13T15:55:25+00:00,2026-09-13T15:55:25+00:00,2026-09-13T15:55:31+00:00,2.6111023564389044,0.020237431164123364,0.017192046296924845,0.044890192597907205,0.043897536803252826,0.030458380006539037,0.0,0.054120576963744026,0.0,0.0,0.0,0.023529411764705882,0.0,0.0,0.016453382084095063,,11,2025_18_TEN_JAX,2026-01-05T18:00:00+00:00,fanatics,3500,2550.0,8,0.027777777777777776,0.03773584905660377,0.01611975902547505,0.006161687746649054,0.5803113249171017,0.16328472528619997,False,False,,PHASE 4.5 HIERARCHICAL BASELINE,True
e55c6fe19fce094ce214c8b0e5b504e9,CLE@JAX,Blake Whiteheart,00-0038710,TE,CLE,JAX,2026-09-13T17:00:00+00:00,2026-09-13T16:00:00+00:00,2026-09-13T15:55:36Z,betmgm,2026-09-13T15:55:25+00:00,2026-09-13T15:55:25+00:00,2026-09-13T15:54:49+00:00,1.5647231848979688,0.004094058721573331,0.003286712580939733,0.005142795377492243,0.005129593845965493,0.005706204554916533,0.0,0.011382668012087467,0.0,0.0,0.0,0.0,0.0,0.0,0.011494252873563218,,9,2025_18_CLE_CIN,2026-01-05T18:00:00+00:00,betmgm,3000,2650.0,8,0.03225806451612903,0.03636363636363636,-0.027128470670163538,-0.031234042517670868,-0.8409825907750696,-0.858936169235949,False,False,,PHASE 4.5 HIERARCHICAL BASELINE,True
e55c6fe19fce094ce214c8b0e5b504e9,CLE@JAX,Carsen Ryan,,,,,2026-09-13T17:00:00+00:00,2026-09-13T16:00:00+00:00,2026-09-13T15:55:36Z,betmgm,2026-09-13T15:55:25+00:00,2026-09-13T15:55:25+00:00,2026-09-13T15:55:31+00:00,,,,,,,,,,,,,,,,,,,,fanatics,4000,2900,7,0.024390243902439025,0.03333333333333333,,,,,False,False,no_unambiguous_prior_same_team_history,PHASE 4.5 HIERARCHICAL BASELINE,True
e55c6fe19fce094ce214c8b0e5b504e9,CLE@JAX,Tylan Wallace,,,,,2026-09-13T17:00:00+00:00,2026-09-13T16:00:00+00:00,2026-09-13T15:55:36Z,betmgm,2026-09-13T15:55:25+00:00,2026-09-13T15:55:25+00:00,2026-09-13T15:55:01+00:00,,,,,,,,,,,,,,,,,,,,betrivers,4500,3300.0,8,0.021739130434782608,0.029411764705882353,,,,,False,False,no_unambiguous_prior_same_team_history,PHASE 4.5 HIERARCHICAL BASELINE,True
e55c6fe19fce094ce214c8b0e5b504e9,CLE@JAX,Michael Burton,,,,,2026-09-13T17:00:00+00:00,2026-09-13T16:00:00+00:00,2026-09-13T15:55:36Z,betmgm,2026-09-13T15:55:25+00:00,2026-09-13T15:55:25+00:00,2026-09-13T15:55:31+00:00,,,,,,,,,,,,,,,,,,,,betmgm,5000,4000.0,8,0.0196078431372549,0.024390243902439025,,,,,False,False,no_unambiguous_prior_same_team_history,PHASE 4.5 HIERARCHICAL BASELINE,True
e55c6fe19fce094ce214c8b0e5b504e9,CLE@JAX,Jacksonville Jaguars Defense,,,,,2026-09-13T17:00:00+00:00,2026-09-13T16:00:00+00:00,2026-09-13T15:55:36Z,betmgm,2026-09-13T15:55:25+00:00,2026-09-13T15:55:25+00:00,2026-09-13T15:55:28+00:00,,,,,,,,,,,,,,,,,,,,fanduel,650,650,1,0.13333333333333333,0.13333333333333333,,,,,False,False,no_unambiguous_prior_same_team_history,PHASE 4.5 HIERARCHICAL BASELINE,True
e55c6fe19fce094ce214c8b0e5b504e9,CLE@JAX,Cleveland Browns Defense,,,,,2026-09-13T17:00:00+00:00,2026-09-13T16:00:00+00:00,2026-09-13T15:55:36Z,betmgm,2026-09-13T15:55:25+00:00,2026-09-13T15:55:25+00:00,2026-09-13T15:55:28+00:00,,,,,,,,,,,,,,,,,,,,fanduel,800,800,1,0.1111111111111111,0.1111111111111111,,,,,False,False,no_unambiguous_prior_same_team_history,PHASE 4.5 HIERARCHICAL BASELINE,True
e55c6fe19fce094ce214c8b0e5b504e9,CLE@JAX,Tanner Koziol,,,,,2026-09-13T17:00:00+00:00,2026-09-13T16:00:00+00:00,2026-09-13T15:55:36Z,betmgm,2026-09-13T15:55:25+00:00,2026-09-13T15:55:25+00:00,2026-09-13T15:55:02+00:00,,,,,,,,,,,,,,,,,,,,betonlineag,2400,2400,1,0.04,0.04,,,,,False,False,no_unambiguous_prior_same_team_history,PHASE 4.5 HIERARCHICAL BASELINE,True
e55c6fe19fce094ce214c8b0e5b504e9,CLE@JAX,No Scorer,,,,,2026-09-13T17:00:00+00:00,2026-09-13T16:00:00+00:00,2026-09-13T15:55:36Z,betmgm,2026-09-13T15:55:25+00:00,2026-09-13T15:55:25+00:00,2026-09-13T15:55:31+00:00,,,,,,,,,,,,,,,,,,,,fanatics,3000,3000,1,0.03225806451612903,0.03225806451612903,,,,,False,False,no_unambiguous_prior_same_team_history,PHASE 4.5 HIERARCHICAL BASELINE,True
c1d3fcec25aaeb06ebd2244d33d338e0,NO@DET,Jahmyr Gibbs,00-0039139,RB,DET,NO,2026-09-13T17:00:00+00:00,2026-09-13T16:00:00+00:00,2026-09-13T15:55:36Z,betmgm,2026-09-13T15:55:25+00:00,2026-09-13T15:55:25+00:00,2026-09-13T15:53:31+00:00,3.270045519117393,0.25849436126206504,0.23582607545803913,0.7711620013426012,0.5375246410258023,0.21462771830004884,0.44592816586689255,0.11913950018920734,0.358974358974359,0.5882352941176471,1.2941176470588236,0.16666666666666666,0.0,0.5497737556561086,0.1709090909090909,,17,2025_18_DET_CHI,2026-01-05T21:25:00+00:00,draftkings,-260,-292.5,8,0.7222222222222222,0.7452090592334494,-0.18469758119641988,-0.20768441820764705,-0.25573511242581215,-0.27869282536806417,False,False,,PHASE 4.5 HIERARCHICAL BASELINE,True
c1d3fcec25aaeb06ebd2244d33d338e0,NO@DET,Amon-Ra St. Brown,00-0036963,WR,DET,NO,2026-09-13T17:00:00+00:00,2026-09-13T16:00:00+00:00,2026-09-13T15:55:36Z,betmgm,2026-09-13T15:55:25+00:00,2026-09-13T15:55:25+00:00,2026-09-13T15:55:30+00:00,3.270045519117393,0.19321559458963372,0.1762718349711705,0.5764169240940766,0.4380918766822704,0.24426899400896884,0.0,0.34511104262153625,0.0,0.0,0.0,0.3888888888888889,0.36666666666666664,0.006787330316742082,0.31272727272727274,,17,2025_18_DET_CHI,2026-01-05T21:25:00+00:00,fanatics,105,-110.0,8,0.48780487804878053,0.5238095238095238,-0.049713001366510134,-0.08571764712725344,-0.10191165280134573,-0.16364278087930195,False,False,,PHASE 4.5 HIERARCHICAL BASELINE,True
c1d3fcec25aaeb06ebd2244d33d338e0,NO@DET,Travis Etienne Jr.,,,,,2026-09-13T17:00:00+00:00,2026-09-13T16:00:00+00:00,2026-09-13T15:55:36Z,betmgm,2026-09-13T15:55:25+00:00,2026-09-13T15:55:25+00:00,2026-09-13T15:55:07+00:00,,,,,,,,,,,,,,,,,,,,betrivers,110,100.0,8,0.47619047619047616,0.5,,,,,False,False,no_unambiguous_prior_same_team_history,PHASE 4.5 HIERARCHICAL BASELINE,True
c1d3fcec25aaeb06ebd2244d33d338e0,NO@DET,Chris Olave,00-0037239,WR,NO,DET,2026-09-13T17:00:00+00:00,2026-09-13T16:00:00+00:00,2026-09-13T15:55:36Z,betmgm,2026-09-13T15:55:25+00:00,2026-09-13T15:55:25+00:00,2026-09-13T15:55:07+00:00,2.175072954579007,0.21069286646779467,0.1692905580245616,0.3682193142248121,0.30803459281068907,0.2651295504396612,0.0,0.4847063186134892,0.0,0.0,0.0,0.29411764705882354,0.4375,0.0022988505747126436,0.2761061946902655,,16,2025_17_NO_TEN,2025-12-29T18:00:00+00:00,betrivers,165,152.5,8,0.37735849056603776,0.39603960396039606,-0.0693238977553487,-0.08800501114970699,-0.183708329051674,-0.2222126531530101,False,False,,PHASE 4.5 HIERARCHICAL BASELINE,True
c1d3fcec25aaeb06ebd2244d33d338e0,NO@DET,Jameson Williams,00-0037240,WR,DET,NO,2026-09-13T17:00:00+00:00,2026-09-13T16:00:00+00:00,2026-09-13T15:55:36Z,betmgm,2026-09-13T15:55:25+00:00,2026-09-13T15:55:25+00:00,2026-09-13T15:55:07+00:00,3.270045519117393,0.10448505950426867,0.0953223946804422,0.31170856959631965,0.26780511901219883,0.13695414747596835,0.039291376235527184,0.17727246116544548,0.02564102564102564,0.0,0.058823529411764705,0.1,0.13333333333333333,0.013574660633484163,0.18545454545454546,,17,2025_18_DET_CHI,2026-01-05T21:25:00+00:00,betrivers,180,170.0,8,0.35714285714285715,0.37037037037037035,-0.08933773813065832,-0.10256525135817152,-0.25014566676584327,-0.27692617866706315,False,False,,PHASE 4.5 HIERARCHICAL BASELINE,True
c1d3fcec25aaeb06ebd2244d33d338e0,NO@DET,Sam LaPorta,00-0039065,TE,DET,NO,2026-09-13T17:00:00+00:00,2026-09-13T16:00:00+00:00,2026-09-13T15:55:36Z,betmgm,2026-09-13T15:55:25+00:00,2026-09-13T15:55:25+00:00,2026-09-13T15:55:30+00:00,3.270045519117393,0.04429475856077587,0.04041039434573585,0.13214382895604038,0.12378503906718721,0.05760581455355378,0.0,0.1059331121440433,0.0,0.0,0.0,0.06666666666666667,0.03333333333333333,0.0,0.0890909090909091,,9,2025_10_DET_WAS,2025-11-10T21:25:00+00:00,fanatics,200,180.0,8,0.3333333333333333,0.35714285714285715,-0.2095482942661461,-0.23335781807566994,-0.6286448827984383,-0.6534018906118758,False,False,,PHASE 4.5 HIERARCHICAL BASELINE,True
c1d3fcec25aaeb06ebd2244d33d338e0,NO@DET,Juwan Johnson,00-0036040,TE,NO,DET,2026-09-13T17:00:00+00:00,2026-09-13T16:00:00+00:00,2026-09-13T15:55:36Z,betmgm,2026-09-13T15:55:25+00:00,2026-09-13T15:55:25+00:00,2026-09-13T15:55:07+00:00,2.175072954579007,0.044548342018889686,0.035794347506300735,0.07785531718775725,0.07490173732034308,0.0340029864641587,0.0,0.07102285952951314,0.0,0.0,0.0,0.1568627450980392,0.125,0.0,0.18053097345132743,,17,2025_18_NO_ATL,2026-01-05T18:00:00+00:00,betrivers,260,232.5,8,0.2777777777777778,0.3007518796992481,-0.2028760404574347,-0.22585014237890502,-0.7303537456467649,-0.7509517234098593,False,False,,PHASE 4.5 HIERARCHICAL BASELINE,True
c1d3fcec25aaeb06ebd2244d33d338e0,NO@DET,Isaac TeSlaa,00-0040669,WR,DET,NO,2026-09-13T17:00:00+00:00,2026-09-13T16:00:00+00:00,2026-09-13T15:55:36Z,betmgm,2026-09-13T15:55:25+00:00,2026-09-13T15:55:25+00:00,2026-09-13T15:55:30+00:00,3.270045519117393,0.10369244748154179,0.09459928961243246,0.30934398310882333,0.26607173232668657,0.13455232643393344,0.0,0.19009982765583044,0.0,0.0,0.0,0.12222222222222222,0.36666666666666664,0.0,0.04909090909090909,,14,2025_18_DET_CHI,2026-01-05T21:25:00+00:00,fanatics,450,385.0,8,0.18181818181818182,0.2061855670103093,0.08425355050850475,0.05988616531637728,0.46339452779677615,0.2904479017844297,True,True,,PHASE 4.5 HIERARCHICAL BASELINE,True
c1d3fcec25aaeb06ebd2244d33d338e0,NO@DET,Tyler Shough,00-0040743,QB,NO,DET,2026-09-13T17:00:00+00:00,2026-09-13T16:00:00+00:00,2026-09-13T15:55:36Z,betmgm,2026-09-13T15:55:25+00:00,2026-09-13T15:55:25+00:00,2026-09-13T15:55:30+00:00,2.175072954579007,0.1915713236364989,0.1539265036525764,0.3348013750876257,0.28451981557107847,0.21621829053884353,0.41481615157193186,0.0,0.34615384615384615,0.45454545454545453,0.9090909090909091,0.0,0.0,0.10344827586206896,0.0,,11,2025_18_NO_ATL,2026-01-05T18:00:00+00:00,fanatics,420,365.0,8,0.1923076923076923,0.2150537634408602,0.09221212326338618,0.06946605213021828,0.47950304096960816,0.32301714240551505,True,True,,PHASE 4.5 HIERARCHICAL BASELINE,True
c1d3fcec25aaeb06ebd2244d33d338e0,NO@DET,Devaughn Vele,00-0039424,WR,NO,DET,2026-09-13T17:00:00+00:00,2026-09-13T16:00:00+00:00,2026-09-13T15:55:36Z,betmgm,2026-09-13T15:55:25+00:00,2026-09-13T15:55:25+00:00,2026-09-13T15:55:30+00:00,2.175072954579007,0.08104028044926805,0.06511541909189707,0.14163078699286283,0.13205834731734067,0.1125782350886342,0.0,0.19933469742263354,0.0,0.0,0.0,0.0784313725490196,0.125,0.0,0.06902654867256637,,9,2025_15_CAR_NO,2025-12-15T21:25:00+00:00,fanatics,420,365.0,8,0.1923076923076923,0.2150537634408602,-0.060249344990351617,-0.08299541612351952,-0.31329659394982845,-0.38592868497436583,False,False,,PHASE 4.5 HIERARCHICAL BASELINE,True
c1d3fcec25aaeb06ebd2244d33d338e0,NO@DET,Jacob Saylors,,,,,2026-09-13T17:00:00+00:00,2026-09-13T16:00:00+00:00,2026-09-13T15:55:36Z,betmgm,2026-09-13T15:55:25+00:00,2026-09-13T15:55:25+00:00,2026-09-13T15:55:30+00:00,,,,,,,,,,,,,,,,,,,,fanatics,525,432.5,8,0.16,0.18779342723004694,,,,,False,False,no_unambiguous_prior_same_team_history,PHASE 4.5 HIERARCHICAL BASELINE,True
c1d3fcec25aaeb06ebd2244d33d338e0,NO@DET,Kendre Miller,00-0038551,RB,NO,DET,2026-09-13T17:00:00+00:00,2026-09-13T16:00:00+00:00,2026-09-13T15:55:36Z,betmgm,2026-09-13T15:55:25+00:00,2026-09-13T15:55:25+00:00,2026-09-13T15:55:30+00:00,2.175072954579007,0.042051836531737746,0.03378841909440582,0.073492276550223,0.07085667804441034,0.0330832843693357,0.14400433973426124,0.0003828526871858905,0.07692307692307693,0.0,0.2857142857142857,0.0,0.0,0.10804597701149425,0.008849557522123894,,7,2025_07_NO_CHI,2025-10-20T17:00:00+00:00,fanatics,600,500.0,8,0.14285714285714285,0.16666666666666666,-0.0720004648127325,-0.09580998862225631,-0.5040032536891276,-0.5748599317335379,False,False,,PHASE 4.5 HIERARCHICAL BASELINE,True
c1d3fcec25aaeb06ebd2244d33d338e0,NO@DET,Detroit Lions D/ST,,,,,2026-09-13T17:00:00+00:00,2026-09-13T16:00:00+00:00,2026-09-13T15:55:36Z,betmgm,2026-09-13T15:55:25+00:00,2026-09-13T15:55:25+00:00,2026-09-13T15:53:31+00:00,,,,,,,,,,,,,,,,,,,,draftkings,550,487.5,4,0.15384615384615385,0.1702127659574468,,,,,False,False,no_unambiguous_prior_same_team_history,PHASE 4.5 HIERARCHICAL BASELINE,True
c1d3fcec25aaeb06ebd2244d33d338e0,NO@DET,New Orleans Saints D/ST,,,,,2026-09-13T17:00:00+00:00,2026-09-13T16:00:00+00:00,2026-09-13T15:55:36Z,betmgm,2026-09-13T15:55:25+00:00,2026-09-13T15:55:25+00:00,2026-09-13T15:55:30+00:00,,,,,,,,,,,,,,,,,,,,draftkings,650,637.5,4,0.13333333333333333,0.13559322033898305,,,,,False,False,no_unambiguous_prior_same_team_history,PHASE 4.5 HIERARCHICAL BASELINE,True
c1d3fcec25aaeb06ebd2244d33d338e0,NO@DET,CJ Donaldson,,,,,2026-09-13T17:00:00+00:00,2026-09-13T16:00:00+00:00,2026-09-13T15:55:36Z,betmgm,2026-09-13T15:55:25+00:00,2026-09-13T15:55:25+00:00,2026-09-13T15:55:00+00:00,,,,,,,,,,,,,,,,,,,,fanduel,1400,700,5,0.06666666666666667,0.125,,,,,False,False,no_unambiguous_prior_same_team_history,PHASE 4.5 HIERARCHICAL BASELINE,True
c1d3fcec25aaeb06ebd2244d33d338e0,NO@DET,Sione Vaki,,,,,2026-09-13T17:00:00+00:00,2026-09-13T16:00:00+00:00,2026-09-13T15:55:36Z,betmgm,2026-09-13T15:55:25+00:00,2026-09-13T15:55:25+00:00,2026-09-13T15:55:00+00:00,,,,,,,,,,,,,,,,,,,,draftkings,750,700.0,8,0.11764705882352941,0.125,,,,,False,False,no_unambiguous_prior_same_team_history,PHASE 4.5 HIERARCHICAL BASELINE,True
c1d3fcec25aaeb06ebd2244d33d338e0,NO@DET,Brock Wright,00-0036754,TE,DET,NO,2026-09-13T17:00:00+00:00,2026-09-13T16:00:00+00:00,2026-09-13T15:55:36Z,betmgm,2026-09-13T15:55:25+00:00,2026-09-13T15:55:25+00:00,2026-09-13T15:53:33+00:00,3.270045519117393,0.03880904975918448,0.03540574677250165,0.11577840358442412,0.10932742871989033,0.05746721658383386,0.0,0.09728667526362035,0.0,0.0,0.0,0.022222222222222223,0.03333333333333333,0.0,0.04,,8,2025_12_NYG_DET,2025-11-24T18:00:00+00:00,betmgm,950,800.0,8,0.09523809523809523,0.1111111111111111,0.0140893334817951,-0.0017836823912207728,0.1479380015588485,-0.016053141520987024,False,False,,PHASE 4.5 HIERARCHICAL BASELINE,True
c1d3fcec25aaeb06ebd2244d33d338e0,NO@DET,Noah Fant,,,,,2026-09-13T17:00:00+00:00,2026-09-13T16:00:00+00:00,2026-09-13T15:55:36Z,betmgm,2026-09-13T15:55:25+00:00,2026-09-13T15:55:25+00:00,2026-09-13T15:55:30+00:00,,,,,,,,,,,,,,,,,,,,betrivers,800,750.0,8,0.1111111111111111,0.11764705882352941,,,,,False,False,no_unambiguous_prior_same_team_history,PHASE 4.5 HIERARCHICAL BASELINE,True
c1d3fcec25aaeb06ebd2244d33d338e0,NO@DET,Bryce Lance,,,,,2026-09-13T17:00:00+00:00,2026-09-13T16:00:00+00:00,2026-09-13T15:55:36Z,betmgm,2026-09-13T15:55:25+00:00,2026-09-13T15:55:25+00:00,2026-09-13T15:55:30+00:00,,,,,,,,,,,,,,,,,,,,fanatics,1200,1000.0,8,0.07692307692307693,0.09090909090909091,,,,,False,False,no_unambiguous_prior_same_team_history,PHASE 4.5 HIERARCHICAL BASELINE,True
c1d3fcec25aaeb06ebd2244d33d338e0,NO@DET,Barion Brown,,,,,2026-09-13T17:00:00+00:00,2026-09-13T16:00:00+00:00,2026-09-13T15:55:36Z,betmgm,2026-09-13T15:55:25+00:00,2026-09-13T15:55:25+00:00,2026-09-13T15:55:02+00:00,,,,,,,,,,,,,,,,,,,,bovada,1100,1025.0,8,0.08333333333333333,0.08888888888888889,,,,,False,False,no_unambiguous_prior_same_team_history,PHASE 4.5 HIERARCHICAL BASELINE,True
c1d3fcec25aaeb06ebd2244d33d338e0,NO@DET,Tyler Conklin,,,,,2026-09-13T17:00:00+00:00,2026-09-13T16:00:00+00:00,2026-09-13T15:55:36Z,betmgm,2026-09-13T15:55:25+00:00,2026-09-13T15:55:25+00:00,2026-09-13T15:55:00+00:00,,,,,,,,,,,,,,,,,,,,fanduel,1900,1300,7,0.05,0.07142857142857142,,,,,False,False,no_unambiguous_prior_same_team_history,PHASE 4.5 HIERARCHICAL BASELINE,True
c1d3fcec25aaeb06ebd2244d33d338e0,NO@DET,Kevin Austin,00-0037231,WR,NO,DET,2026-09-13T17:00:00+00:00,2026-09-13T16:00:00+00:00,2026-09-13T15:55:36Z,betmgm,2026-09-13T15:55:25+00:00,2026-09-13T15:55:25+00:00,2026-09-13T15:55:07+00:00,2.175072954579007,0.05305807968951335,0.042631874865693885,0.0927274380233673,0.08855810915295184,0.07770356405364263,0.0,0.13049640655831315,0.0,0.0,0.0,0.0392156862745098,0.0625,0.0,0.04070796460176991,,5,2025_18_NO_ATL,2026-01-05T18:00:00+00:00,betrivers,1700,1300,5,0.05555555555555555,0.07142857142857142,0.03300255359739629,0.017129537724380417,0.5940459647531331,0.23981352814132584,True,False,,PHASE 4.5 HIERARCHICAL BASELINE,True
c1d3fcec25aaeb06ebd2244d33d338e0,NO@DET,Jared Goff,00-0033106,QB,DET,NO,2026-09-13T17:00:00+00:00,2026-09-13T16:00:00+00:00,2026-09-13T15:55:36Z,betmgm,2026-09-13T15:55:25+00:00,2026-09-13T15:55:25+00:00,2026-09-13T15:53:33+00:00,3.270045519117393,0.013695936861772942,0.01249489166442022,0.04085886449909461,0.04003539452718415,0.009107297347806971,0.019701940698564485,0.0,0.05128205128205128,0.0,0.11764705882352941,0.0,0.0,0.042986425339366516,0.0,,17,2025_18_DET_CHI,2025-12-26T21:30:00+00:00,betmgm,2000,1600.0,8,0.047619047619047616,0.058823529411764705,-0.007583653091863464,-0.018788134884580553,-0.15925671492913285,-0.3193982930378694,False,False,,PHASE 4.5 HIERARCHICAL BASELINE,True
c1d3fcec25aaeb06ebd2244d33d338e0,NO@DET,Tay Martin,,,,,2026-09-13T17:00:00+00:00,2026-09-13T16:00:00+00:00,2026-09-13T15:55:36Z,betmgm,2026-09-13T15:55:25+00:00,2026-09-13T15:55:25+00:00,2026-09-13T15:55:07+00:00,,,,,,,,,,,,,,,,,,,,betrivers,2400,1500.0,8,0.04,0.0625,,,,,False,False,no_unambiguous_prior_same_team_history,PHASE 4.5 HIERARCHICAL BASELINE,True
c1d3fcec25aaeb06ebd2244d33d338e0,NO@DET,Jackson Meeks,,,,,2026-09-13T17:00:00+00:00,2026-09-13T16:00:00+00:00,2026-09-13T15:55:36Z,betmgm,2026-09-13T15:55:25+00:00,2026-09-13T15:55:25+00:00,2026-09-13T15:55:00+00:00,,,,,,,,,,,,,,,,,,,,fanduel,1800,1600,7,0.05263157894736842,0.058823529411764705,,,,,False,False,no_unambiguous_prior_same_team_history,PHASE 4.5 HIERARCHICAL BASELINE,True
c1d3fcec25aaeb06ebd2244d33d338e0,NO@DET,Tom Kennedy,,,,,2026-09-13T17:00:00+00:00,2026-09-13T16:00:00+00:00,2026-09-13T15:55:36Z,betmgm,2026-09-13T15:55:25+00:00,2026-09-13T15:55:25+00:00,2026-09-13T15:55:07+00:00,,,,,,,,,,,,,,,,,,,,betrivers,1700,1600.0,6,0.05555555555555555,0.058823529411764705,,,,,False,False,no_unambiguous_prior_same_team_history,PHASE 4.5 HIERARCHICAL BASELINE,True
c1d3fcec25aaeb06ebd2244d33d338e0,NO@DET,Treyton Welch,,,,,2026-09-13T17:00:00+00:00,2026-09-13T16:00:00+00:00,2026-09-13T15:55:36Z,betmgm,2026-09-13T15:55:25+00:00,2026-09-13T15:55:25+00:00,2026-09-13T15:53:31+00:00,,,,,,,,,,,,,,,,,,,,draftkings,3000,2800,5,0.03225806451612903,0.034482758620689655,,,,,False,False,no_unambiguous_prior_same_team_history,PHASE 4.5 HIERARCHICAL BASELINE,True
c1d3fcec25aaeb06ebd2244d33d338e0,NO@DET,Detroit Lions Defense,,,,,2026-09-13T17:00:00+00:00,2026-09-13T16:00:00+00:00,2026-09-13T15:55:36Z,betmgm,2026-09-13T15:55:25+00:00,2026-09-13T15:55:25+00:00,2026-09-13T15:55:00+00:00,,,,,,,,,,,,,,,,,,,,fanduel,650,650,1,0.13333333333333333,0.13333333333333333,,,,,False,False,no_unambiguous_prior_same_team_history,PHASE 4.5 HIERARCHICAL BASELINE,True
c1d3fcec25aaeb06ebd2244d33d338e0,NO@DET,New Orleans Saints Defense,,,,,2026-09-13T17:00:00+00:00,2026-09-13T16:00:00+00:00,2026-09-13T15:55:36Z,betmgm,2026-09-13T15:55:25+00:00,2026-09-13T15:55:25+00:00,2026-09-13T15:55:00+00:00,,,,,,,,,,,,,,,,,,,,fanduel,1000,1000,1,0.09090909090909091,0.09090909090909091,,,,,False,False,no_unambiguous_prior_same_team_history,PHASE 4.5 HIERARCHICAL BASELINE,True
c1d3fcec25aaeb06ebd2244d33d338e0,NO@DET,No Scorer,,,,,2026-09-13T17:00:00+00:00,2026-09-13T16:00:00+00:00,2026-09-13T15:55:36Z,betmgm,2026-09-13T15:55:25+00:00,2026-09-13T15:55:25+00:00,2026-09-13T15:55:30+00:00,,,,,,,,,,,,,,,,,,,,fanatics,10000,10000,1,0.009900990099009901,0.009900990099009901,,,,,False,False,no_unambiguous_prior_same_team_history,PHASE 4.5 HIERARCHICAL BASELINE,True
c1d3fcec25aaeb06ebd2244d33d338e0,NO@DET,Oscar Delp,,,,,2026-09-13T17:00:00+00:00,2026-09-13T16:00:00+00:00,2026-09-13T15:55:36Z,betmgm,2026-09-13T15:55:25+00:00,2026-09-13T15:55:25+00:00,2026-09-13T15:54:27+00:00,,,,,,,,,,,,,,,,,,,,betonlineag,750,750,1,0.11764705882352941,0.11764705882352941,,,,,False,False,no_unambiguous_prior_same_team_history,PHASE 4.5 HIERARCHICAL BASELINE,True
7dddb296a42e7a41a774b24bd1709ce1,NYJ@TEN,Breece Hall,00-0038120,RB,NYJ,TEN,2026-09-13T17:00:00+00:00,2026-09-13T16:00:00+00:00,2026-09-13T15:55:36Z,betmgm,2026-09-13T15:55:24+00:00,2026-09-13T15:55:24+00:00,2026-09-13T15:55:34+00:00,1.8492382600683523,0.2328168057536019,0.16733599414110997,0.3094441226523142,0.26614522388859935,0.18101257198791165,0.4407198488402837,0.03823231641103674,0.38095238095238093,0.25,0.625,0.16071428571428573,0.08333333333333333,0.5328947368421053,0.1016949152542373,,16,2025_17_NE_NYJ,2025-12-29T18:00:00+00:00,bovada,115,111.5,8,0.46511627906976744,0.47281323877068554,-0.1989710551811681,-0.2066680148820862,-0.4277877686395114,-0.43710285147561234,False,False,,PHASE 4.5 HIERARCHICAL BASELINE,True
7dddb296a42e7a41a774b24bd1709ce1,NYJ@TEN,Tony Pollard,00-0035261,RB,TEN,NYJ,2026-09-13T17:00:00+00:00,2026-09-13T16:00:00+00:00,2026-09-13T15:55:36Z,betmgm,2026-09-13T15:55:24+00:00,2026-09-13T15:55:24+00:00,2026-09-13T15:52:31+00:00,2.0330759937575364,0.17431801873458355,0.16019954837985678,0.3256978560218859,0.2779766905270589,0.09202183409433211,0.3000637501663343,0.019046929864825556,0.42857142857142855,0.23529411764705882,0.7058823529411765,0.0196078431372549,0.0,0.6402116402116402,0.07735849056603773,,17,2025_18_TEN_JAX,2026-01-05T18:00:00+00:00,fanatics,150,141.5,8,0.4,0.41407867494824013,-0.1220233094729411,-0.1361019844211812,-0.3050582736823527,-0.32868629237715274,False,False,,PHASE 4.5 HIERARCHICAL BASELINE,True
7dddb296a42e7a41a774b24bd1709ce1,NYJ@TEN,Garrett Wilson,00-0037740,WR,NYJ,TEN,2026-09-13T17:00:00+00:00,2026-09-13T16:00:00+00:00,2026-09-13T15:55:36Z,betmgm,2026-09-13T15:55:24+00:00,2026-09-13T15:55:24+00:00,2026-09-13T15:55:30+00:00,1.8492382600683523,0.10047327512042298,0.07221469825800632,0.1335421829579967,0.1250094414908513,0.14758936091652727,0.0,0.23831543398357813,0.0,0.0,0.0,0.07142857142857142,0.08333333333333333,0.0,0.125,,7,2025_10_CLE_NYJ,2025-11-10T18:00:00+00:00,fanatics,240,232.5,8,0.29411764705882354,0.3007518796992481,-0.16910820556797224,-0.1757424382083968,-0.5749678989311056,-0.5843436070429193,False,False,,PHASE 4.5 HIERARCHICAL BASELINE,True
7dddb296a42e7a41a774b24bd1709ce1,NYJ@TEN,Tyjae Spears,00-0039032,RB,TEN,NYJ,2026-09-13T17:00:00+00:00,2026-09-13T16:00:00+00:00,2026-09-13T15:55:36Z,betmgm,2026-09-13T15:55:24+00:00,2026-09-13T15:55:24+00:00,2026-09-13T15:55:34+00:00,2.0330759937575364,0.14381463241329334,0.13216671076387074,0.2687049668279214,0.23563126348263225,0.1279927327888379,0.28327997398724464,0.0735225963448145,0.17857142857142858,0.15384615384615385,0.38461538461538464,0.13725490196078433,0.0,0.19047619047619047,0.09433962264150944,,13,2025_18_TEN_JAX,2026-01-05T18:00:00+00:00,bovada,265,257.5,8,0.273972602739726,0.2797202797202797,-0.038341339257093765,-0.04408901623764744,-0.13994588828839227,-0.15761823304958966,False,False,,PHASE 4.5 HIERARCHICAL BASELINE,True
7dddb296a42e7a41a774b24bd1709ce1,NYJ@TEN,Carnell Tate,,,,,2026-09-13T17:00:00+00:00,2026-09-13T16:00:00+00:00,2026-09-13T15:55:36Z,betmgm,2026-09-13T15:55:24+00:00,2026-09-13T15:55:24+00:00,2026-09-13T15:52:31+00:00,,,,,,,,,,,,,,,,,,,,fanatics,325,287.5,8,0.23529411764705882,0.25806451612903225,,,,,False,False,no_unambiguous_prior_same_team_history,PHASE 4.5 HIERARCHICAL BASELINE,True
7dddb296a42e7a41a774b24bd1709ce1,NYJ@TEN,Braelon Allen,00-0039794,RB,NYJ,TEN,2026-09-13T17:00:00+00:00,2026-09-13T16:00:00+00:00,2026-09-13T15:55:36Z,betmgm,2026-09-13T15:55:24+00:00,2026-09-13T15:55:24+00:00,2026-09-13T15:52:31+00:00,1.8492382600683523,0.1137219446260407,0.08173711772250089,0.15115140536015964,0.14028247703639474,0.1434046291590452,0.16795717774946922,0.12758080390404813,0.09523809523809523,0.0,0.75,0.03571428571428571,0.0,0.039473684210526314,0.006355932203389831,,4,2025_04_NYJ_MIA,2025-09-30T23:15:00+00:00,fanatics,340,330.0,8,0.22727272727272727,0.23255813953488372,-0.08699025023633253,-0.09227566249848898,-0.38275710103986316,-0.3967853487435027,False,False,,PHASE 4.5 HIERARCHICAL BASELINE,True
7dddb296a42e7a41a774b24bd1709ce1,NYJ@TEN,Wan'Dale Robinson,,,,,2026-09-13T17:00:00+00:00,2026-09-13T16:00:00+00:00,2026-09-13T15:55:36Z,betmgm,2026-09-13T15:55:24+00:00,2026-09-13T15:55:24+00:00,2026-09-13T15:52:31+00:00,,,,,,,,,,,,,,,,,,,,fanatics,380,360.0,8,0.20833333333333334,0.2173913043478261,,,,,False,False,no_unambiguous_prior_same_team_history,PHASE 4.5 HIERARCHICAL BASELINE,True
7dddb296a42e7a41a774b24bd1709ce1,NYJ@TEN,Adonai Mitchell,00-0039890,WR,NYJ,TEN,2026-09-13T17:00:00+00:00,2026-09-13T16:00:00+00:00,2026-09-13T15:55:36Z,betmgm,2026-09-13T15:55:24+00:00,2026-09-13T15:55:24+00:00,2026-09-13T15:55:30+00:00,1.8492382600683523,0.18954224062263425,0.13623260212533556,0.25192654011883964,0.22269816352776753,0.28785423386574327,0.006439272437859926,0.4223003806606712,0.0,0.0,0.0,0.14285714285714285,0.20833333333333334,0.0021929824561403508,0.1228813559322034,,8,2025_18_NYJ_BUF,2026-01-05T21:25:00+00:00,fanduel,430,400.0,8,0.18867924528301888,0.2,0.03401891824474865,0.022698163527767518,0.1803002666971678,0.11349081763883762,True,False,,PHASE 4.5 HIERARCHICAL BASELINE,True
7dddb296a42e7a41a774b24bd1709ce1,NYJ@TEN,Gunnar Helm,00-0040584,TE,TEN,NYJ,2026-09-13T17:00:00+00:00,2026-09-13T16:00:00+00:00,2026-09-13T15:55:36Z,betmgm,2026-09-13T15:55:24+00:00,2026-09-13T15:55:24+00:00,2026-09-13T15:55:25+00:00,2.0330759937575364,0.057707857111257206,0.053033947461672296,0.10782204543852437,0.10221265243047355,0.06109243844696916,0.0,0.08854444018767525,0.0,0.0,0.0,0.1568627450980392,0.19047619047619047,0.0,0.10377358490566038,,16,2025_17_NO_TEN,2025-12-29T18:00:00+00:00,betrivers,525,467.5,8,0.16,0.1762114537444934,-0.05778734756952646,-0.07399880131401985,-0.3611709223095403,-0.41994319745706266,False,False,,PHASE 4.5 HIERARCHICAL BASELINE,True
7dddb296a42e7a41a774b24bd1709ce1,NYJ@TEN,Mason Taylor,00-0040736,TE,NYJ,TEN,2026-09-13T17:00:00+00:00,2026-09-13T16:00:00+00:00,2026-09-13T15:55:36Z,betmgm,2026-09-13T15:55:24+00:00,2026-09-13T15:55:24+00:00,2026-09-13T15:54:25+00:00,1.8492382600683523,0.09747489062507342,0.07005962337532103,0.12955693603162272,0.12151543043291041,0.13868140182684324,0.0,0.1987299233360057,0.0,0.0,0.0,0.14285714285714285,0.08333333333333333,0.0,0.13771186440677965,,13,2025_14_MIA_NYJ,2025-12-08T18:00:00+00:00,betmgm,525,500.0,8,0.16,0.16666666666666666,-0.038484569567089594,-0.04515123623375625,-0.24052855979430998,-0.27090741740253754,False,False,,PHASE 4.5 HIERARCHICAL BASELINE,True
7dddb296a42e7a41a774b24bd1709ce1,NYJ@TEN,Tennessee Titans D/ST,,,,,2026-09-13T17:00:00+00:00,2026-09-13T16:00:00+00:00,2026-09-13T15:55:36Z,betmgm,2026-09-13T15:55:24+00:00,2026-09-13T15:55:24+00:00,2026-09-13T15:55:34+00:00,,,,,,,,,,,,,,,,,,,,bovada,500,487.5,4,0.16666666666666666,0.1702127659574468,,,,,False,False,no_unambiguous_prior_same_team_history,PHASE 4.5 HIERARCHICAL BASELINE,True
7dddb296a42e7a41a774b24bd1709ce1,NYJ@TEN,New York Jets D/ST,,,,,2026-09-13T17:00:00+00:00,2026-09-13T16:00:00+00:00,2026-09-13T15:55:36Z,betmgm,2026-09-13T15:55:24+00:00,2026-09-13T15:55:24+00:00,2026-09-13T15:52:31+00:00,,,,,,,,,,,,,,,,,,,,fanatics,550,512.5,4,0.15384615384615385,0.16326530612244897,,,,,False,False,no_unambiguous_prior_same_team_history,PHASE 4.5 HIERARCHICAL BASELINE,True
7dddb296a42e7a41a774b24bd1709ce1,NYJ@TEN,Calvin Ridley,00-0034837,WR,TEN,NYJ,2026-09-13T17:00:00+00:00,2026-09-13T16:00:00+00:00,2026-09-13T15:55:36Z,betmgm,2026-09-13T15:55:24+00:00,2026-09-13T15:55:24+00:00,2026-09-13T15:52:31+00:00,2.0330759937575364,0.06041369810756649,0.055520635348232414,0.11287767088465742,0.1067400748708549,0.08970697642643427,0.0,0.1462932328102902,0.0,0.0,0.0,0.0392156862745098,0.047619047619047616,0.0,0.06792452830188679,,7,2025_11_HOU_TEN,2025-11-17T18:00:00+00:00,fanatics,525,470.0,8,0.16,0.17543859649122806,-0.0532599251291451,-0.06869852162037315,-0.3328745320571569,-0.39158157323612697,False,False,,PHASE 4.5 HIERARCHICAL BASELINE,True
7dddb296a42e7a41a774b24bd1709ce1,NYJ@TEN,Cam Ward,00-0040676,QB,TEN,NYJ,2026-09-13T17:00:00+00:00,2026-09-13T16:00:00+00:00,2026-09-13T15:55:36Z,betmgm,2026-09-13T15:55:24+00:00,2026-09-13T15:55:24+00:00,2026-09-13T15:55:34+00:00,2.0330759937575364,0.09616446760863724,0.08837585691327446,0.17967483311812932,0.1644581422157554,0.06620679038179109,0.25495369828709735,0.0,0.25,0.11764705882352941,0.47058823529411764,0.0,0.0,0.10317460317460317,0.0,,17,2025_18_TEN_JAX,2026-01-05T18:00:00+00:00,betonlineag,750,750.0,8,0.11764705882352941,0.11764705882352941,0.04681108339222598,0.04681108339222598,0.3978942088339208,0.3978942088339208,True,True,,PHASE 4.5 HIERARCHICAL BASELINE,True
7dddb296a42e7a41a774b24bd1709ce1,NYJ@TEN,Isaiah Williams,00-0039451,WR,NYJ,TEN,2026-09-13T17:00:00+00:00,2026-09-13T16:00:00+00:00,2026-09-13T15:55:36Z,betmgm,2026-09-13T15:55:24+00:00,2026-09-13T15:55:24+00:00,2026-09-13T15:52:31+00:00,1.8492382600683523,0.020343992028338555,0.014622149461425558,0.027039838228505995,0.026677534690828945,0.025657124238196834,0.010363361971092985,0.03413016762333829,0.0,0.0,0.0,0.017857142857142856,0.0,0.006578947368421052,0.07627118644067797,,15,2025_18_NYJ_BUF,2026-01-05T21:25:00+00:00,fanatics,1000,800.0,8,0.09090909090909091,0.1111111111111111,-0.06423155621826196,-0.08443357642028215,-0.7065471184008816,-0.7599021877825395,False,False,,PHASE 4.5 HIERARCHICAL BASELINE,True
7dddb296a42e7a41a774b24bd1709ce1,NYJ@TEN,Elic Ayomanor,00-0040170,WR,TEN,NYJ,2026-09-13T17:00:00+00:00,2026-09-13T16:00:00+00:00,2026-09-13T15:55:36Z,betmgm,2026-09-13T15:55:24+00:00,2026-09-13T15:55:24+00:00,2026-09-13T15:52:31+00:00,2.0330759937575364,0.10955028393170733,0.10067752110850953,0.20468505127672837,0.1850960710485903,0.13621831057639552,0.0,0.20789329221627137,0.0,0.0,0.0,0.1568627450980392,0.2857142857142857,0.0,0.16792452830188678,,16,2025_18_TEN_JAX,2026-01-05T18:00:00+00:00,fanatics,1200,850.0,8,0.07692307692307693,0.10526315789473684,0.10817299412551337,0.07983291315385346,1.406248923631674,0.7584126749616078,True,True,,PHASE 4.5 HIERARCHICAL BASELINE,True
7dddb296a42e7a41a774b24bd1709ce1,NYJ@TEN,Kenyon Sadiq,,,,,2026-09-13T17:00:00+00:00,2026-09-13T16:00:00+00:00,2026-09-13T15:55:36Z,betmgm,2026-09-13T15:55:24+00:00,2026-09-13T15:55:24+00:00,2026-09-13T15:55:30+00:00,,,,,,,,,,,,,,,,,,,,fanatics,900,812.5,8,0.1,0.1095890410958904,,,,,False,False,no_unambiguous_prior_same_team_history,PHASE 4.5 HIERARCHICAL BASELINE,True
7dddb296a42e7a41a774b24bd1709ce1,NYJ@TEN,Chimere Dike,00-0040705,WR,TEN,NYJ,2026-09-13T17:00:00+00:00,2026-09-13T16:00:00+00:00,2026-09-13T15:55:36Z,betmgm,2026-09-13T15:55:24+00:00,2026-09-13T15:55:24+00:00,2026-09-13T15:55:30+00:00,2.0330759937575364,0.19383828518835736,0.17813881761231867,0.3621697536439573,0.3038358185958203,0.24230085527995282,0.13965616015241525,0.2783055553809004,0.07142857142857142,0.11764705882352941,0.11764705882352941,0.27450980392156865,0.19047619047619047,0.0291005291005291,0.13962264150943396,,17,2025_18_TEN_JAX,2026-01-05T18:00:00+00:00,betmgm,1000,900.0,8,0.09090909090909091,0.1,0.2129267276867294,0.2038358185958203,2.3421940045540235,2.038358185958203,True,True,,PHASE 4.5 HIERARCHICAL BASELINE,True
7dddb296a42e7a41a774b24bd1709ce1,NYJ@TEN,Daniel Bellinger,,,,,2026-09-13T17:00:00+00:00,2026-09-13T16:00:00+00:00,2026-09-13T15:55:36Z,betmgm,2026-09-13T15:55:24+00:00,2026-09-13T15:55:24+00:00,2026-09-13T15:55:30+00:00,,,,,,,,,,,,,,,,,,,,fanduel,1100,900.0,8,0.08333333333333333,0.1,,,,,False,False,no_unambiguous_prior_same_team_history,PHASE 4.5 HIERARCHICAL BASELINE,True
7dddb296a42e7a41a774b24bd1709ce1,NYJ@TEN,Isaiah Davis,00-0039798,RB,NYJ,TEN,2026-09-13T17:00:00+00:00,2026-09-13T16:00:00+00:00,2026-09-13T15:55:36Z,betmgm,2026-09-13T15:55:24+00:00,2026-09-13T15:55:24+00:00,2026-09-13T15:54:25+00:00,1.8492382600683523,0.029994426344593827,0.02155835415239244,0.03986653332270754,0.039082318915833546,0.03024854496608392,0.07493585402094866,0.005680633411093897,0.0,0.0,0.0625,0.017857142857142856,0.0,0.09429824561403509,0.059322033898305086,,16,2025_17_NE_NYJ,2025-12-29T18:00:00+00:00,betmgm,950,900.0,8,0.09523809523809523,0.1,-0.05615577632226169,-0.06091768108416646,-0.5896356513837477,-0.6091768108416645,False,False,,PHASE 4.5 HIERARCHICAL BASELINE,True
7dddb296a42e7a41a774b24bd1709ce1,NYJ@TEN,Julius Chestnut,00-0037594,RB,TEN,NYJ,2026-09-13T17:00:00+00:00,2026-09-13T16:00:00+00:00,2026-09-13T15:55:36Z,betmgm,2026-09-13T15:55:24+00:00,2026-09-13T15:55:24+00:00,2026-09-13T15:55:30+00:00,2.0330759937575364,0.049360614001068226,0.045362769311665885,0.092225957297909,0.08810092398712364,0.04405680116769407,0.10968673244921386,0.0016117663260325251,0.07142857142857142,0.125,0.125,0.0,0.0,0.0291005291005291,0.0037735849056603774,,16,2025_18_TEN_JAX,2025-12-22T18:00:00+00:00,fanatics,2200,1200,7,0.043478260869565216,0.07692307692307693,0.04462266311755843,0.011177847064046717,1.0263212517038438,0.14531201183260745,True,False,,PHASE 4.5 HIERARCHICAL BASELINE,True
7dddb296a42e7a41a774b24bd1709ce1,NYJ@TEN,Geno Smith,,,,,2026-09-13T17:00:00+00:00,2026-09-13T16:00:00+00:00,2026-09-13T15:55:36Z,betmgm,2026-09-13T15:55:24+00:00,2026-09-13T15:55:24+00:00,2026-09-13T15:55:34+00:00,,,,,,,,,,,,,,,,,,,,bovada,1200,1150.0,8,0.07692307692307693,0.08,,,,,False,False,no_unambiguous_prior_same_team_history,PHASE 4.5 HIERARCHICAL BASELINE,True
7dddb296a42e7a41a774b24bd1709ce1,NYJ@TEN,Omar Cooper Jr.,,,,,2026-09-13T17:00:00+00:00,2026-09-13T16:00:00+00:00,2026-09-13T15:55:36Z,betmgm,2026-09-13T15:55:24+00:00,2026-09-13T15:55:24+00:00,2026-09-13T15:55:34+00:00,,,,,,,,,,,,,,,,,,,,bovada,1300,1150.0,8,0.07142857142857142,0.08,,,,,False,False,no_unambiguous_prior_same_team_history,PHASE 4.5 HIERARCHICAL BASELINE,True
7dddb296a42e7a41a774b24bd1709ce1,NYJ@TEN,Jeremy Ruckert,00-0037805,TE,NYJ,TEN,2026-09-13T17:00:00+00:00,2026-09-13T16:00:00+00:00,2026-09-13T15:55:36Z,betmgm,2026-09-13T15:55:24+00:00,2026-09-13T15:55:24+00:00,2026-09-13T15:55:30+00:00,1.8492382600683523,0.0320388500338404,0.023027774151427104,0.042583841005032035,0.04168988353057579,0.03833352034796156,0.0,0.05688881729220154,0.0,0.0,0.0,0.05357142857142857,0.08333333333333333,0.0,0.0614406779661017,,14,2025_17_NE_NYJ,2025-12-29T18:00:00+00:00,fanduel,2000,1850.0,8,0.047619047619047616,0.05128205128205128,-0.005929164088471828,-0.009592167751475492,-0.12451244585790844,-0.18704727115377207,False,False,,PHASE 4.5 HIERARCHICAL BASELINE,True
7dddb296a42e7a41a774b24bd1709ce1,NYJ@TEN,Jelani Woods,,,,,2026-09-13T17:00:00+00:00,2026-09-13T16:00:00+00:00,2026-09-13T15:55:36Z,betmgm,2026-09-13T15:55:24+00:00,2026-09-13T15:55:24+00:00,2026-09-13T15:55:30+00:00,,,,,,,,,,,,,,,,,,,,fanatics,3000,2200.0,8,0.03225806451612903,0.043478260869565216,,,,,False,False,no_unambiguous_prior_same_team_history,PHASE 4.5 HIERARCHICAL BASELINE,True
7dddb296a42e7a41a774b24bd1709ce1,NYJ@TEN,David Martin-Robinson,00-0039648,TE,TEN,NYJ,2026-09-13T17:00:00+00:00,2026-09-13T16:00:00+00:00,2026-09-13T15:55:36Z,betmgm,2026-09-13T15:55:24+00:00,2026-09-13T15:55:24+00:00,2026-09-13T15:55:30+00:00,2.0330759937575364,0.07725117375001449,0.07099439998460084,0.1443370102999124,0.1344040158639738,0.13186081096115587,0.0,0.1651739350791254,0.0,0.0,0.0,0.0196078431372549,0.047619047619047616,0.0,0.011320754716981131,,11,2025_18_TEN_JAX,2026-01-05T18:00:00+00:00,fanduel,4000,2800.0,8,0.024390243902439025,0.034482758620689655,0.11001377196153478,0.09992125724328414,4.510564650422926,2.89771646005524,True,True,,PHASE 4.5 HIERARCHICAL BASELINE,True
7dddb296a42e7a41a774b24bd1709ce1,NYJ@TEN,Arian Smith,00-0040582,WR,NYJ,TEN,2026-09-13T17:00:00+00:00,2026-09-13T16:00:00+00:00,2026-09-13T15:55:36Z,betmgm,2026-09-13T15:55:24+00:00,2026-09-13T15:55:24+00:00,2026-09-13T15:55:30+00:00,1.8492382600683523,0.046716501344251815,0.0335772676286447,0.062092367967444335,0.06020392427145726,0.07081467845139638,0.006175450874263538,0.09485645682009775,0.0,0.0,0.0,0.0,0.08333333333333333,0.008771929824561403,0.03389830508474576,,13,2025_18_NYJ_BUF,2026-01-05T21:25:00+00:00,fanatics,4000,2800,7,0.024390243902439025,0.034482758620689655,0.03581368036901823,0.025721165650767604,1.4683608951297478,0.7459138038722606,True,True,,PHASE 4.5 HIERARCHICAL BASELINE,True
7dddb296a42e7a41a774b24bd1709ce1,NYJ@TEN,Kylen Granson,,,,,2026-09-13T17:00:00+00:00,2026-09-13T16:00:00+00:00,2026-09-13T15:55:36Z,betmgm,2026-09-13T15:55:24+00:00,2026-09-13T15:55:24+00:00,2026-09-13T15:55:34+00:00,,,,,,,,,,,,,,,,,,,,draftkings,3000,2800,7,0.03225806451612903,0.034482758620689655,,,,,False,False,no_unambiguous_prior_same_team_history,PHASE 4.5 HIERARCHICAL BASELINE,True
7dddb296a42e7a41a774b24bd1709ce1,NYJ@TEN,Andrew Beck,,,,,2026-09-13T17:00:00+00:00,2026-09-13T16:00:00+00:00,2026-09-13T15:55:36Z,betmgm,2026-09-13T15:55:24+00:00,2026-09-13T15:55:24+00:00,2026-09-13T15:52:31+00:00,,,,,,,,,,,,,,,,,,,,fanatics,6000,3000.0,8,0.01639344262295082,0.03225806451612903,,,,,False,False,no_unambiguous_prior_same_team_history,PHASE 4.5 HIERARCHICAL BASELINE,True
7dddb296a42e7a41a774b24bd1709ce1,NYJ@TEN,New York Jets Defense,,,,,2026-09-13T17:00:00+00:00,2026-09-13T16:00:00+00:00,2026-09-13T15:55:36Z,betmgm,2026-09-13T15:55:24+00:00,2026-09-13T15:55:24+00:00,2026-09-13T15:55:30+00:00,,,,,,,,,,,,,,,,,,,,fanduel,700,700,1,0.125,0.125,,,,,False,False,no_unambiguous_prior_same_team_history,PHASE 4.5 HIERARCHICAL BASELINE,True
7dddb296a42e7a41a774b24bd1709ce1,NYJ@TEN,Tennessee Titans Defense,,,,,2026-09-13T17:00:00+00:00,2026-09-13T16:00:00+00:00,2026-09-13T15:55:36Z,betmgm,2026-09-13T15:55:24+00:00,2026-09-13T15:55:24+00:00,2026-09-13T15:55:30+00:00,,,,,,,,,,,,,,,,,,,,fanduel,750,750,1,0.11764705882352941,0.11764705882352941,,,,,False,False,no_unambiguous_prior_same_team_history,PHASE 4.5 HIERARCHICAL BASELINE,True
7dddb296a42e7a41a774b24bd1709ce1,NYJ@TEN,Nicholas Singleton,,,,,2026-09-13T17:00:00+00:00,2026-09-13T16:00:00+00:00,2026-09-13T15:55:36Z,betmgm,2026-09-13T15:55:24+00:00,2026-09-13T15:55:24+00:00,2026-09-13T15:54:33+00:00,,,,,,,,,,,,,,,,,,,,betonlineag,1400,1400,1,0.06666666666666667,0.06666666666666667,,,,,False,False,no_unambiguous_prior_same_team_history,PHASE 4.5 HIERARCHICAL BASELINE,True
7dddb296a42e7a41a774b24bd1709ce1,NYJ@TEN,Kene Nwangwu,,,,,2026-09-13T17:00:00+00:00,2026-09-13T16:00:00+00:00,2026-09-13T15:55:36Z,betmgm,2026-09-13T15:55:24+00:00,2026-09-13T15:55:24+00:00,2026-09-13T15:54:33+00:00,,,,,,,,,,,,,,,,,,,,betonlineag,2900,2900,1,0.03333333333333333,0.03333333333333333,,,,,False,False,no_unambiguous_prior_same_team_history,PHASE 4.5 HIERARCHICAL BASELINE,True
7dddb296a42e7a41a774b24bd1709ce1,NYJ@TEN,No Scorer,,,,,2026-09-13T17:00:00+00:00,2026-09-13T16:00:00+00:00,2026-09-13T15:55:36Z,betmgm,2026-09-13T15:55:24+00:00,2026-09-13T15:55:24+00:00,2026-09-13T15:52:31+00:00,,,,,,,,,,,,,,,,,,,,fanatics,2500,2500,1,0.038461538461538464,0.038461538461538464,,,,,False,False,no_unambiguous_prior_same_team_history,PHASE 4.5 HIERARCHICAL BASELINE,True
1edfa5ceaa1ad2cb57df1c1b908731f6,ARI@LAC,Omarion Hampton,00-0040666,RB,LAC,ARI,2026-09-13T20:25:00+00:00,2026-09-13T19:25:00+00:00,2026-09-13T19:20:36Z,betmgm,2026-09-13T19:20:07+00:00,2026-09-13T19:20:07+00:00,2026-09-13T19:20:37+00:00,3.2144836876392673,0.27132751226578955,0.23126000797377924,0.7433815232350403,0.5244967315151012,0.24507775068373255,0.647262440783793,0.04706598423781878,0.46153846153846156,0.8888888888888888,1.6666666666666667,0.02531645569620253,0.0,0.26609442060085836,0.06433823529411764,,9,2025_17_HOU_LAC,2025-12-28T21:30:00+00:00,draftkings,-150,-157.0,8,0.6000000000000001,0.610856363861693,-0.07550326848489886,-0.08635963234659172,-0.12583878080816469,-0.14137469535497027,False,False,,PHASE 4.5 HIERARCHICAL BASELINE,True
1edfa5ceaa1ad2cb57df1c1b908731f6,ARI@LAC,Quentin Johnston,00-0038544,WR,LAC,ARI,2026-09-13T20:25:00+00:00,2026-09-13T19:25:00+00:00,2026-09-13T19:20:36Z,betmgm,2026-09-13T19:20:07+00:00,2026-09-13T19:20:07+00:00,2026-09-13T19:20:12+00:00,3.2144836876392673,0.10517563119142305,0.08964412456687874,0.28815957611293425,0.2503580422558179,0.13316873090466766,0.0,0.21833461243706082,0.0,0.0,0.0,0.189873417721519,0.18604651162790697,0.004291845493562232,0.15441176470588236,,13,2025_17_HOU_LAC,2025-12-28T21:30:00+00:00,betrivers,160,135.0,8,0.3846153846153846,0.425531914893617,-0.13425734235956666,-0.1751738726377991,-0.3490690901348734,-0.41165860069882787,False,False,,PHASE 4.5 HIERARCHICAL BASELINE,True
1edfa5ceaa1ad2cb57df1c1b908731f6,ARI@LAC,Ladd McConkey,00-0039915,WR,LAC,ARI,2026-09-13T20:25:00+00:00,2026-09-13T19:25:00+00:00,2026-09-13T19:20:36Z,betmgm,2026-09-13T19:20:07+00:00,2026-09-13T19:20:07+00:00,2026-09-13T19:19:56+00:00,3.2144836876392673,0.11473743685777661,0.09779391828362695,0.31435695507304634,0.26974168777892676,0.13645410751140344,0.0,0.23744884740093497,0.0,0.0,0.0,0.189873417721519,0.27906976744186046,0.0,0.1948529411764706,,16,2025_17_HOU_LAC,2025-12-28T21:30:00+00:00,betmgm,145,140.0,8,0.4081632653061224,0.4166666666666667,-0.13842157752719564,-0.14692497888773992,-0.3391328649416294,-0.35261994933057583,False,False,,PHASE 4.5 HIERARCHICAL BASELINE,True
1edfa5ceaa1ad2cb57df1c1b908731f6,ARI@LAC,Trey McBride,00-0037744,TE,ARI,LAC,2026-09-13T20:25:00+00:00,2026-09-13T19:25:00+00:00,2026-09-13T19:20:36Z,betmgm,2026-09-13T19:20:07+00:00,2026-09-13T19:20:07+00:00,2026-09-13T19:19:56+00:00,1.926304091879889,0.1746510353247415,0.11857395390482348,0.2284094925972388,0.20420168041581654,0.22586016850785623,0.0,0.2830709839599761,0.0,0.0,0.0,0.3235294117647059,0.375,0.0,0.2739059967585089,,17,2025_18_ARI_LA,2026-01-05T21:25:00+00:00,fanatics,220,186.0,8,0.3125,0.34965034965034963,-0.10829831958418346,-0.1454486692345331,-0.34655462266938697,-0.41598319401076467,False,False,,PHASE 4.5 HIERARCHICAL BASELINE,True
1edfa5ceaa1ad2cb57df1c1b908731f6,ARI@LAC,Tyler Allgeier,,,,,2026-09-13T20:25:00+00:00,2026-09-13T19:25:00+00:00,2026-09-13T19:20:36Z,betmgm,2026-09-13T19:20:07+00:00,2026-09-13T19:20:07+00:00,2026-09-13T19:19:56+00:00,,,,,,,,,,,,,,,,,,,,fanatics,265,222.5,8,0.273972602739726,0.31007751937984496,,,,,False,False,no_unambiguous_prior_same_team_history,PHASE 4.5 HIERARCHICAL BASELINE,True
1edfa5ceaa1ad2cb57df1c1b908731f6,ARI@LAC,Jeremiyah Love,,,,,2026-09-13T20:25:00+00:00,2026-09-13T19:25:00+00:00,2026-09-13T19:20:36Z,betmgm,2026-09-13T19:20:07+00:00,2026-09-13T19:20:07+00:00,2026-09-13T19:20:37+00:00,,,,,,,,,,,,,,,,,,,,bovada,220,205.0,8,0.3125,0.3278688524590164,,,,,False,False,no_unambiguous_prior_same_team_history,PHASE 4.5 HIERARCHICAL BASELINE,True
1edfa5ceaa1ad2cb57df1c1b908731f6,ARI@LAC,Marvin Harrison Jr.,00-0039849,WR,ARI,LAC,2026-09-13T20:25:00+00:00,2026-09-13T19:25:00+00:00,2026-09-13T19:20:36Z,betmgm,2026-09-13T19:20:07+00:00,2026-09-13T19:20:07+00:00,2026-09-13T19:19:56+00:00,1.926304091879889,0.11045824650418509,0.07499223239668625,0.1444578441249443,0.1345086028187211,0.15043293106759392,0.0,0.21624370469973725,0.0,0.0,0.0,0.09803921568627451,0.2708333333333333,0.0,0.11831442463533225,,12,2025_17_ARI_CIN,2025-12-29T18:00:00+00:00,fanatics,265,250.0,8,0.273972602739726,0.2857142857142857,-0.13946399992100492,-0.1512056828955646,-0.509043599711668,-0.5292198901344762,False,False,,PHASE 4.5 HIERARCHICAL BASELINE,True
1edfa5ceaa1ad2cb57df1c1b908731f6,ARI@LAC,Tre Harris,00-0040727,WR,LAC,ARI,2026-09-13T20:25:00+00:00,2026-09-13T19:25:00+00:00,2026-09-13T19:20:36Z,betmgm,2026-09-13T19:20:07+00:00,2026-09-13T19:20:07+00:00,2026-09-13T19:19:56+00:00,3.2144836876392673,0.03518047147338963,0.02998529727235187,0.09638724895098931,0.09188771755989308,0.04239250030186516,0.015400350189896555,0.060788463665243576,0.0,0.0,0.0,0.06329113924050633,0.046511627906976744,0.004291845493562232,0.07904411764705882,,16,2025_18_LAC_DEN,2026-01-05T21:25:00+00:00,fanatics,340,295.0,8,0.22727272727272727,0.2531645569620253,-0.13538500971283418,-0.1612768394021322,-0.5956940427364704,-0.6370435156384223,False,False,,PHASE 4.5 HIERARCHICAL BASELINE,True
1edfa5ceaa1ad2cb57df1c1b908731f6,ARI@LAC,Michael Wilson,00-0038559,WR,ARI,LAC,2026-09-13T20:25:00+00:00,2026-09-13T19:25:00+00:00,2026-09-13T19:20:36Z,betmgm,2026-09-13T19:20:07+00:00,2026-09-13T19:20:07+00:00,2026-09-13T19:19:56+00:00,1.926304091879889,0.1645556176179312,0.11171998025621903,0.21520665511229514,0.1936252185135353,0.24431822357197588,0.0,0.3062044999026335,0.0,0.0,0.0,0.1568627450980392,0.20833333333333334,0.0,0.20421393841166938,,17,2025_18_ARI_LA,2026-01-05T21:25:00+00:00,fanatics,370,320.0,8,0.2127659574468085,0.23809523809523808,-0.0191407389332732,-0.04447001958170277,-0.08996147298638402,-0.18677408224315162,False,False,,PHASE 4.5 HIERARCHICAL BASELINE,True
1edfa5ceaa1ad2cb57df1c1b908731f6,ARI@LAC,Charlie Kolar,,,,,2026-09-13T20:25:00+00:00,2026-09-13T19:25:00+00:00,2026-09-13T19:20:36Z,betmgm,2026-09-13T19:20:07+00:00,2026-09-13T19:20:07+00:00,2026-09-13T19:19:56+00:00,,,,,,,,,,,,,,,,,,,,fanatics,400,360.0,8,0.2,0.2173913043478261,,,,,False,False,no_unambiguous_prior_same_team_history,PHASE 4.5 HIERARCHICAL BASELINE,True
1edfa5ceaa1ad2cb57df1c1b908731f6,ARI@LAC,Kimani Vidal,00-0039391,RB,LAC,ARI,2026-09-13T20:25:00+00:00,2026-09-13T19:25:00+00:00,2026-09-13T19:20:36Z,betmgm,2026-09-13T19:20:07+00:00,2026-09-13T19:20:07+00:00,2026-09-13T19:19:50+00:00,3.2144836876392673,0.18996145349356203,0.16190944619946246,0.5204552736828796,0.4057500599842135,0.17767076573947074,0.33664350394705506,0.0493102741695275,0.34615384615384615,0.5384615384615384,0.8461538461538461,0.0759493670886076,0.0,0.33261802575107297,0.04044117647058824,,13,2025_18_LAC_DEN,2026-01-05T21:25:00+00:00,betmgm,575,370.0,8,0.14814814814814814,0.2127659574468085,0.25760191183606534,0.19298410253740497,1.7388129048934409,0.9070252819258033,True,True,,PHASE 4.5 HIERARCHICAL BASELINE,True
1edfa5ceaa1ad2cb57df1c1b908731f6,ARI@LAC,Keaton Mitchell,,,,,2026-09-13T20:25:00+00:00,2026-09-13T19:25:00+00:00,2026-09-13T19:20:36Z,betmgm,2026-09-13T19:20:07+00:00,2026-09-13T19:20:07+00:00,2026-09-13T19:19:48+00:00,,,,,,,,,,,,,,,,,,,,fanduel,430,380.0,8,0.18867924528301888,0.20833333333333334,,,,,False,False,no_unambiguous_prior_same_team_history,PHASE 4.5 HIERARCHICAL BASELINE,True
1edfa5ceaa1ad2cb57df1c1b908731f6,ARI@LAC,Justin Herbert,00-0036355,QB,LAC,ARI,2026-09-13T20:25:00+00:00,2026-09-13T19:25:00+00:00,2026-09-13T19:20:36Z,betmgm,2026-09-13T19:20:07+00:00,2026-09-13T19:20:07+00:00,2026-09-13T19:19:56+00:00,3.2144836876392673,0.10754251704071888,0.09166148740564971,0.2946443560502131,0.25520357728884824,0.12208254423706466,0.2870284080989985,0.0,0.11538461538461539,0.1875,0.375,0.0,0.0,0.1781115879828326,0.0,,16,2025_17_HOU_LAC,2025-12-28T21:30:00+00:00,fanatics,525,450.0,8,0.16,0.18181818181818182,0.09520357728884823,0.07338539547066641,0.5950223580553016,0.40361967508866536,True,True,,PHASE 4.5 HIERARCHICAL BASELINE,True
1edfa5ceaa1ad2cb57df1c1b908731f6,ARI@LAC,Oronde Gadsden II,00-0040189,TE,LAC,ARI,2026-09-13T20:25:00+00:00,2026-09-13T19:25:00+00:00,2026-09-13T19:20:36Z,betmgm,2026-09-13T19:20:07+00:00,2026-09-13T19:20:07+00:00,2026-09-13T19:19:56+00:00,3.2144836876392673,0.10067095240615458,0.08580466117040603,0.2758176836556846,0.2410487126272504,0.13147813455955554,0.0,0.2210844436683086,0.0,0.0,0.0,0.189873417721519,0.13953488372093023,0.0,0.12683823529411764,,15,2025_18_LAC_DEN,2026-01-05T21:25:00+00:00,fanatics,600,500.0,8,0.14285714285714285,0.16666666666666666,0.09819156977010754,0.07438204596058373,0.6873409883907526,0.4462922757635024,True,True,,PHASE 4.5 HIERARCHICAL BASELINE,True
1edfa5ceaa1ad2cb57df1c1b908731f6,ARI@LAC,David Njoku,,,,,2026-09-13T20:25:00+00:00,2026-09-13T19:25:00+00:00,2026-09-13T19:20:36Z,betmgm,2026-09-13T19:20:07+00:00,2026-09-13T19:20:07+00:00,2026-09-13T19:19:56+00:00,,,,,,,,,,,,,,,,,,,,fanatics,575,500.0,8,0.14814814814814814,0.16666666666666666,,,,,False,False,no_unambiguous_prior_same_team_history,PHASE 4.5 HIERARCHICAL BASELINE,True
1edfa5ceaa1ad2cb57df1c1b908731f6,ARI@LAC,Los Angeles Chargers D/ST,,,,,2026-09-13T20:25:00+00:00,2026-09-13T19:25:00+00:00,2026-09-13T19:20:36Z,betmgm,2026-09-13T19:20:07+00:00,2026-09-13T19:20:07+00:00,2026-09-13T19:20:37+00:00,,,,,,,,,,,,,,,,,,,,draftkings,550,472.5,4,0.15384615384615385,0.17467248908296945,,,,,False,False,no_unambiguous_prior_same_team_history,PHASE 4.5 HIERARCHICAL BASELINE,True
1edfa5ceaa1ad2cb57df1c1b908731f6,ARI@LAC,Arizona Cardinals D/ST,,,,,2026-09-13T20:25:00+00:00,2026-09-13T19:25:00+00:00,2026-09-13T19:20:36Z,betmgm,2026-09-13T19:20:07+00:00,2026-09-13T19:20:07+00:00,2026-09-13T19:19:50+00:00,,,,,,,,,,,,,,,,,,,,betmgm,725,650.0,4,0.12121212121212122,0.13333333333333333,,,,,False,False,no_unambiguous_prior_same_team_history,PHASE 4.5 HIERARCHICAL BASELINE,True
1edfa5ceaa1ad2cb57df1c1b908731f6,ARI@LAC,Kendrick Bourne,,,,,2026-09-13T20:25:00+00:00,2026-09-13T19:25:00+00:00,2026-09-13T19:20:36Z,betmgm,2026-09-13T19:20:07+00:00,2026-09-13T19:20:07+00:00,2026-09-13T19:19:56+00:00,,,,,,,,,,,,,,,,,,,,fanatics,800,700.0,8,0.1111111111111111,0.125,,,,,False,False,no_unambiguous_prior_same_team_history,PHASE 4.5 HIERARCHICAL BASELINE,True
1edfa5ceaa1ad2cb57df1c1b908731f6,ARI@LAC,KeAndre Lambert-Smith,00-0040184,WR,LAC,ARI,2026-09-13T20:25:00+00:00,2026-09-13T19:25:00+00:00,2026-09-13T19:20:36Z,betmgm,2026-09-13T19:20:07+00:00,2026-09-13T19:20:07+00:00,2026-09-13T19:20:12+00:00,3.2144836876392673,0.026608518566403384,0.022679182676502815,0.07290186276260936,0.07030793704027169,0.03866382769064253,0.0,0.053117069541508334,0.0,0.0,0.0,0.02531645569620253,0.046511627906976744,0.0,0.022058823529411766,,10,2025_18_LAC_DEN,2026-01-05T21:25:00+00:00,betmgm,1200,800.0,8,0.07692307692307693,0.1111111111111111,-0.006615139882805238,-0.040803174070839415,-0.085996818476468,-0.36722856663755477,False,False,,PHASE 4.5 HIERARCHICAL BASELINE,True
1edfa5ceaa1ad2cb57df1c1b908731f6,ARI@LAC,Brenen Thompson,,,,,2026-09-13T20:25:00+00:00,2026-09-13T19:25:00+00:00,2026-09-13T19:20:36Z,betmgm,2026-09-13T19:20:07+00:00,2026-09-13T19:20:07+00:00,2026-09-13T19:19:50+00:00,,,,,,,,,,,,,,,,,,,,betmgm,1150,800.0,8,0.08,0.1111111111111111,,,,,False,False,no_unambiguous_prior_same_team_history,PHASE 4.5 HIERARCHICAL BASELINE,True
1edfa5ceaa1ad2cb57df1c1b908731f6,ARI@LAC,Jacoby Brissett,00-0033119,QB,ARI,LAC,2026-09-13T20:25:00+00:00,2026-09-13T19:25:00+00:00,2026-09-13T19:20:36Z,betmgm,2026-09-13T19:20:07+00:00,2026-09-13T19:20:07+00:00,2026-09-13T19:19:56+00:00,1.926304091879889,0.06083650110278348,0.04130307309131818,0.07956227870302035,0.07647949748154066,0.04668708391131498,0.20583924353814415,0.0,0.11538461538461539,0.21428571428571427,0.35714285714285715,0.0,0.0,0.10382513661202186,0.0,,14,2025_18_ARI_LA,2026-01-05T21:25:00+00:00,fanatics,1050,837.5,8,0.08695652173913043,0.10666666666666667,-0.01047702425758977,-0.03018716918512601,-0.12048577896228241,-0.28300471111055625,False,False,,PHASE 4.5 HIERARCHICAL BASELINE,True
1edfa5ceaa1ad2cb57df1c1b908731f6,ARI@LAC,Elijah Higgins,00-0039041,TE,ARI,LAC,2026-09-13T20:25:00+00:00,2026-09-13T19:25:00+00:00,2026-09-13T19:20:36Z,betmgm,2026-09-13T19:20:07+00:00,2026-09-13T19:20:07+00:00,2026-09-13T19:20:12+00:00,1.926304091879889,0.02351898209368367,0.0159674902211688,0.030758241750089572,0.030290019872318694,0.030696422179173958,0.0,0.03724219973547469,0.0,0.0,0.0,0.049019607843137254,0.020833333333333332,0.0,0.059967585089141004,,17,2025_18_ARI_LA,2026-01-05T21:25:00+00:00,betrivers,1300,925.0,8,0.07142857142857142,0.0975609756097561,-0.041138551556252734,-0.06727095573743741,-0.5759397217875383,-0.6895272963087333,False,False,,PHASE 4.5 HIERARCHICAL BASELINE,True
1edfa5ceaa1ad2cb57df1c1b908731f6,ARI@LAC,Simi Fehoko,,,,,2026-09-13T20:25:00+00:00,2026-09-13T19:25:00+00:00,2026-09-13T19:20:36Z,betmgm,2026-09-13T19:20:07+00:00,2026-09-13T19:20:07+00:00,2026-09-13T19:19:56+00:00,,,,,,,,,,,,,,,,,,,,fanatics,2500,1500,7,0.038461538461538464,0.0625,,,,,False,False,no_unambiguous_prior_same_team_history,PHASE 4.5 HIERARCHICAL BASELINE,True
1edfa5ceaa1ad2cb57df1c1b908731f6,ARI@LAC,Devin Duvernay,,,,,2026-09-13T20:25:00+00:00,2026-09-13T19:25:00+00:00,2026-09-13T19:20:36Z,betmgm,2026-09-13T19:20:07+00:00,2026-09-13T19:20:07+00:00,2026-09-13T19:19:50+00:00,,,,,,,,,,,,,,,,,,,,betmgm,2500,1800.0,8,0.038461538461538464,0.05263157894736842,,,,,False,False,no_unambiguous_prior_same_team_history,PHASE 4.5 HIERARCHICAL BASELINE,True
1edfa5ceaa1ad2cb57df1c1b908731f6,ARI@LAC,Zonovan Knight,,,,,2026-09-13T20:25:00+00:00,2026-09-13T19:25:00+00:00,2026-09-13T19:20:36Z,betmgm,2026-09-13T19:20:07+00:00,2026-09-13T19:20:07+00:00,2026-09-13T19:20:37+00:00,,,,,,,,,,,,,,,,,,,,draftkings,1900,1150,5,0.05,0.08,,,,,False,False,no_unambiguous_prior_same_team_history,PHASE 4.5 HIERARCHICAL BASELINE,True
1edfa5ceaa1ad2cb57df1c1b908731f6,ARI@LAC,Derius Davis,00-0038573,WR,LAC,ARI,2026-09-13T20:25:00+00:00,2026-09-13T19:25:00+00:00,2026-09-13T19:20:36Z,betmgm,2026-09-13T19:20:07+00:00,2026-09-13T19:20:07+00:00,2026-09-13T19:20:37+00:00,3.2144836876392673,0.01630689503873341,0.01389882155773023,0.044677535174732816,0.04369419289660944,0.024589374324746224,0.015965892579175876,0.026852724617575395,0.0,0.0,0.0,0.0,0.023255813953488372,0.004291845493562232,0.0055147058823529415,,11,2025_18_LAC_DEN,2026-01-05T21:25:00+00:00,bovada,2200,1850.0,8,0.043478260869565216,0.05128205128205128,0.00021593202704422304,-0.007587858385441841,0.004966436622017012,-0.14796323851611592,False,False,,PHASE 4.5 HIERARCHICAL BASELINE,True
1edfa5ceaa1ad2cb57df1c1b908731f6,ARI@LAC,Hunter Long,,,,,2026-09-13T20:25:00+00:00,2026-09-13T19:25:00+00:00,2026-09-13T19:20:36Z,betmgm,2026-09-13T19:20:07+00:00,2026-09-13T19:20:07+00:00,2026-09-13T19:19:50+00:00,,,,,,,,,,,,,,,,,,,,betmgm,3000,2200,7,0.03225806451612903,0.043478260869565216,,,,,False,False,no_unambiguous_prior_same_team_history,PHASE 4.5 HIERARCHICAL BASELINE,True
1edfa5ceaa1ad2cb57df1c1b908731f6,ARI@LAC,Jalen Brooks,,,,,2026-09-13T20:25:00+00:00,2026-09-13T19:25:00+00:00,2026-09-13T19:20:36Z,betmgm,2026-09-13T19:20:07+00:00,2026-09-13T19:20:07+00:00,2026-09-13T19:19:56+00:00,,,,,,,,,,,,,,,,,,,,fanatics,4000,2500,7,0.024390243902439025,0.038461538461538464,,,,,False,False,no_unambiguous_prior_same_team_history,PHASE 4.5 HIERARCHICAL BASELINE,True
1edfa5ceaa1ad2cb57df1c1b908731f6,ARI@LAC,Alec Ingold,,,,,2026-09-13T20:25:00+00:00,2026-09-13T19:25:00+00:00,2026-09-13T19:20:36Z,betmgm,2026-09-13T19:20:07+00:00,2026-09-13T19:20:07+00:00,2026-09-13T19:20:37+00:00,,,,,,,,,,,,,,,,,,,,draftkings,3000,2650.0,8,0.03225806451612903,0.03636363636363636,,,,,False,False,no_unambiguous_prior_same_team_history,PHASE 4.5 HIERARCHICAL BASELINE,True
1edfa5ceaa1ad2cb57df1c1b908731f6,ARI@LAC,Reggie Virgil,,,,,2026-09-13T20:25:00+00:00,2026-09-13T19:25:00+00:00,2026-09-13T19:20:36Z,betmgm,2026-09-13T19:20:07+00:00,2026-09-13T19:20:07+00:00,2026-09-13T19:19:50+00:00,,,,,,,,,,,,,,,,,,,,betmgm,2800,1950.0,2,0.034482758620689655,0.04878048780487805,,,,,False,False,no_unambiguous_prior_same_team_history,PHASE 4.5 HIERARCHICAL BASELINE,True
1edfa5ceaa1ad2cb57df1c1b908731f6,ARI@LAC,No Scorer,,,,,2026-09-13T20:25:00+00:00,2026-09-13T19:25:00+00:00,2026-09-13T19:20:36Z,betmgm,2026-09-13T19:20:07+00:00,2026-09-13T19:20:07+00:00,2026-09-13T19:19:56+00:00,,,,,,,,,,,,,,,,,,,,fanatics,9000,9000,1,0.01098901098901099,0.01098901098901099,,,,,False,False,no_unambiguous_prior_same_team_history,PHASE 4.5 HIERARCHICAL BASELINE,True
1edfa5ceaa1ad2cb57df1c1b908731f6,ARI@LAC,Bam Knight,00-0037157,RB,ARI,LAC,2026-09-13T20:25:00+00:00,2026-09-13T19:25:00+00:00,2026-09-13T19:20:36Z,betmgm,2026-09-13T19:20:07+00:00,2026-09-13T19:20:07+00:00,2026-09-13T19:19:48+00:00,1.926304091879889,0.21286613863710183,0.14451892405746228,0.2783873947659685,0.24299649449239252,0.20553086303010168,0.4897236002976525,0.08623409628473244,0.38461538461538464,0.5833333333333334,1.0833333333333333,0.058823529411764705,0.020833333333333332,0.22404371584699453,0.050243111831442464,,12,2025_15_ARI_HOU,2025-12-15T18:00:00+00:00,fanduel,2200,1900,3,0.043478260869565216,0.05,0.1995182336228273,0.19299649449239253,4.588919373325028,3.8599298898478507,True,True,,PHASE 4.5 HIERARCHICAL BASELINE,True
1edfa5ceaa1ad2cb57df1c1b908731f6,ARI@LAC,Arizona Cardinals Defense,,,,,2026-09-13T20:25:00+00:00,2026-09-13T19:25:00+00:00,2026-09-13T19:20:36Z,betmgm,2026-09-13T19:20:07+00:00,2026-09-13T19:20:07+00:00,2026-09-13T19:19:48+00:00,,,,,,,,,,,,,,,,,,,,fanduel,650,650,1,0.13333333333333333,0.13333333333333333,,,,,False,False,no_unambiguous_prior_same_team_history,PHASE 4.5 HIERARCHICAL BASELINE,True
1edfa5ceaa1ad2cb57df1c1b908731f6,ARI@LAC,Los Angeles Chargers Defense,,,,,2026-09-13T20:25:00+00:00,2026-09-13T19:25:00+00:00,2026-09-13T19:20:36Z,betmgm,2026-09-13T19:20:07+00:00,2026-09-13T19:20:07+00:00,2026-09-13T19:19:48+00:00,,,,,,,,,,,,,,,,,,,,fanduel,700,700,1,0.125,0.125,,,,,False,False,no_unambiguous_prior_same_team_history,PHASE 4.5 HIERARCHICAL BASELINE,True
cb77efed7e711d25a72c1a2a0a1af119,GB@MIN,MarShawn Lloyd,,,,,2026-09-13T20:25:00+00:00,2026-09-13T19:25:00+00:00,2026-09-13T19:20:36Z,betmgm,2026-09-13T19:20:07+00:00,2026-09-13T19:20:07+00:00,2026-09-13T19:20:31+00:00,,,,,,,,,,,,,,,,,,,,bovada,130,121.5,8,0.4347826086956522,0.4514672686230249,,,,,False,False,no_unambiguous_prior_same_team_history,PHASE 4.5 HIERARCHICAL BASELINE,True
cb77efed7e711d25a72c1a2a0a1af119,GB@MIN,Jordan Mason,00-0037525,RB,MIN,GB,2026-09-13T20:25:00+00:00,2026-09-13T19:25:00+00:00,2026-09-13T19:20:36Z,betmgm,2026-09-13T19:20:07+00:00,2026-09-13T19:20:07+00:00,2026-09-13T19:20:37+00:00,2.533660313560583,0.1360118456764962,0.1381357499077258,0.34998906742513486,0.29530420618387637,0.05636009198670734,0.19521629016658562,0.0010147590814476636,0.36363636363636365,0.4375,0.5625,0.0136986301369863,0.0,0.3878048780487805,0.03418803418803419,,16,2025_18_GB_MIN,2026-01-05T18:00:00+00:00,fanatics,160,152.5,8,0.3846153846153846,0.39603960396039606,-0.08931117843150821,-0.10073539777651969,-0.23220906392192142,-0.25435687938571216,False,False,,PHASE 4.5 HIERARCHICAL BASELINE,True
cb77efed7e711d25a72c1a2a0a1af119,GB@MIN,Justin Jefferson,00-0036322,WR,MIN,GB,2026-09-13T20:25:00+00:00,2026-09-13T19:25:00+00:00,2026-09-13T19:20:36Z,betmgm,2026-09-13T19:20:07+00:00,2026-09-13T19:20:07+00:00,2026-09-13T19:20:31+00:00,2.533660313560583,0.16725881815843166,0.16987066207416013,0.4303945549355604,0.34974751622374667,0.20412289581313717,0.0012888098638916946,0.311730229580779,0.0,0.0,0.0,0.2465753424657534,0.42105263157894735,0.004878048780487805,0.30128205128205127,,17,2025_18_GB_MIN,2026-01-05T18:00:00+00:00,bovada,165,162.0,8,0.37735849056603776,0.38167938931297707,-0.027610974342291095,-0.0319318730892304,-0.0731690820070714,-0.08366150749378365,False,False,,PHASE 4.5 HIERARCHICAL BASELINE,True
cb77efed7e711d25a72c1a2a0a1af119,GB@MIN,Aaron Jones,00-0033293,RB,MIN,GB,2026-09-13T20:25:00+00:00,2026-09-13T19:25:00+00:00,2026-09-13T19:20:36Z,betmgm,2026-09-13T19:20:07+00:00,2026-09-13T19:20:07+00:00,2026-09-13T19:20:37+00:00,2.533660313560583,0.18631557712433996,0.1892250034366597,0.47943188154082966,0.3808649660490072,0.16260957714959978,0.4106647983665211,0.05276885364644689,0.2727272727272727,0.25,0.5,0.0684931506849315,0.0,0.32195121951219513,0.0876068376068376,,12,2025_17_DET_MIN,2025-12-26T21:30:00+00:00,fanatics,200,162.5,8,0.3333333333333333,0.38095238095238093,0.0475316327156739,-8.741490337371705e-05,0.14259489814702153,-0.00022946412135604888,True,False,,PHASE 4.5 HIERARCHICAL BASELINE,True
cb77efed7e711d25a72c1a2a0a1af119,GB@MIN,Christian Watson,00-0038124,WR,GB,MIN,2026-09-13T20:25:00+00:00,2026-09-13T19:25:00+00:00,2026-09-13T19:20:36Z,betmgm,2026-09-13T19:20:07+00:00,2026-09-13T19:20:07+00:00,2026-09-13T19:19:56+00:00,2.1874314007296785,0.1544430275064038,0.12953116786633073,0.28334054396399894,0.24673677506783445,0.22556684319701656,0.019320326394247345,0.36612991068773343,0.0,0.0,0.0,0.08955223880597014,0.2,0.0020325203252032522,0.11956521739130435,,10,2025_17_BAL_GB,2025-12-29T01:00:00+00:00,betrivers,195,191.5,8,0.3389830508474576,0.34305317324185247,-0.09224627577962316,-0.09631639817401802,-0.27212651354988837,-0.2807623006772626,False,False,,PHASE 4.5 HIERARCHICAL BASELINE,True
cb77efed7e711d25a72c1a2a0a1af119,GB@MIN,Tucker Kraft,00-0038996,TE,GB,MIN,2026-09-13T20:25:00+00:00,2026-09-13T19:25:00+00:00,2026-09-13T19:20:36Z,betmgm,2026-09-13T19:20:07+00:00,2026-09-13T19:20:07+00:00,2026-09-13T19:20:37+00:00,2.1874314007296785,0.07785630341448317,0.06529798120290825,0.1428348544874978,0.13310277873942994,0.10038458797196023,0.00044267014478163827,0.17537254486080445,0.0,0.0,0.0,0.1791044776119403,0.08,0.0020325203252032522,0.09565217391304348,,8,2025_09_CAR_GB,2025-11-03T18:00:00+00:00,fanatics,230,205.0,8,0.30303030303030304,0.3278688524590164,-0.1699275242908731,-0.19476607371958649,-0.5607608301598812,-0.5940365248447388,False,False,,PHASE 4.5 HIERARCHICAL BASELINE,True
cb77efed7e711d25a72c1a2a0a1af119,GB@MIN,Jordan Addison,00-0038994,WR,MIN,GB,2026-09-13T20:25:00+00:00,2026-09-13T19:25:00+00:00,2026-09-13T19:20:36Z,betmgm,2026-09-13T19:20:07+00:00,2026-09-13T19:20:07+00:00,2026-09-13T19:20:31+00:00,2.533660313560583,0.13639113041297615,0.1385209573963943,0.3509650523516606,0.29599164313780657,0.18210824384520144,0.0009271324004950335,0.2782282635173455,0.0,0.0,0.0,0.1780821917808219,0.2631578947368421,0.004878048780487805,0.16880341880341881,,14,2025_18_GB_MIN,2026-01-05T18:00:00+00:00,bovada,250,245.0,8,0.2857142857142857,0.2898550724637681,0.010277357423520872,0.006136570674038444,0.03597075098232305,0.021171168825432796,False,False,,PHASE 4.5 HIERARCHICAL BASELINE,True
cb77efed7e711d25a72c1a2a0a1af119,GB@MIN,Jayden Reed,00-0039146,WR,GB,MIN,2026-09-13T20:25:00+00:00,2026-09-13T19:25:00+00:00,2026-09-13T19:20:36Z,betmgm,2026-09-13T19:20:07+00:00,2026-09-13T19:20:07+00:00,2026-09-13T19:20:37+00:00,2.1874314007296785,0.04422348192216733,0.03709017721927512,0.08113221830807099,0.07792823138459576,0.062404507852247125,0.0046973379069713906,0.09552718141755627,0.0,0.0,0.0,0.05970149253731343,0.04,0.006097560975609756,0.04782608695652174,,5,2025_17_BAL_GB,2025-12-29T01:00:00+00:00,fanatics,310,265.0,8,0.24390243902439027,0.273972602739726,-0.1659742076397945,-0.19604437135513025,-0.6804942513231574,-0.7155619554462255,False,False,,PHASE 4.5 HIERARCHICAL BASELINE,True
cb77efed7e711d25a72c1a2a0a1af119,GB@MIN,Kyler Murray,,,,,2026-09-13T20:25:00+00:00,2026-09-13T19:25:00+00:00,2026-09-13T19:20:36Z,betmgm,2026-09-13T19:20:07+00:00,2026-09-13T19:20:07+00:00,2026-09-13T19:20:37+00:00,,,,,,,,,,,,,,,,,,,,fanatics,325,272.5,8,0.23529411764705882,0.2684563758389262,,,,,False,False,no_unambiguous_prior_same_team_history,PHASE 4.5 HIERARCHICAL BASELINE,True
cb77efed7e711d25a72c1a2a0a1af119,GB@MIN,Matthew Golden,00-0040667,WR,GB,MIN,2026-09-13T20:25:00+00:00,2026-09-13T19:25:00+00:00,2026-09-13T19:20:36Z,betmgm,2026-09-13T19:20:07+00:00,2026-09-13T19:20:07+00:00,2026-09-13T19:19:56+00:00,2.1874314007296785,0.031609572240401757,0.02651090744698473,0.05799079141137267,0.05634136283901735,0.033535142047664925,0.01491875110541494,0.046471954205358657,0.0,0.0,0.0,0.029850746268656716,0.08,0.02032520325203252,0.09565217391304348,,14,2025_18_GB_MIN,2026-01-05T18:00:00+00:00,betrivers,340,292.5,8,0.22727272727272727,0.25477707006369427,-0.17093136443370993,-0.1984357072246769,-0.7520980035083237,-0.7788601508568569,False,False,,PHASE 4.5 HIERARCHICAL BASELINE,True
cb77efed7e711d25a72c1a2a0a1af119,GB@MIN,Chris Brooks,00-0038685,RB,GB,MIN,2026-09-13T20:25:00+00:00,2026-09-13T19:25:00+00:00,2026-09-13T19:20:36Z,betmgm,2026-09-13T19:20:07+00:00,2026-09-13T19:20:07+00:00,2026-09-13T19:20:37+00:00,2.1874314007296785,0.01920287764555428,0.016105428700688772,0.03522952046209961,0.03461618451185052,0.018431403155180402,0.02928341926838925,0.010840782269665863,0.0,0.0,0.058823529411764705,0.04477611940298507,0.0,0.054878048780487805,0.03695652173913044,,17,2025_18_GB_MIN,2026-01-05T18:00:00+00:00,fanatics,380,312.5,8,0.20833333333333334,0.24242424242424243,-0.17371714882148281,-0.2078080579123919,-0.8338423143431175,-0.8572082388886166,False,False,,PHASE 4.5 HIERARCHICAL BASELINE,True
cb77efed7e711d25a72c1a2a0a1af119,GB@MIN,Jauan Jennings,,,,,2026-09-13T20:25:00+00:00,2026-09-13T19:25:00+00:00,2026-09-13T19:20:36Z,betmgm,2026-09-13T19:20:07+00:00,2026-09-13T19:20:07+00:00,2026-09-13T19:20:37+00:00,,,,,,,,,,,,,,,,,,,,fanatics,420,370.0,8,0.1923076923076923,0.21276595744680854,,,,,False,False,no_unambiguous_prior_same_team_history,PHASE 4.5 HIERARCHICAL BASELINE,True
cb77efed7e711d25a72c1a2a0a1af119,GB@MIN,T.J. Hockenson,00-0035229,TE,MIN,GB,2026-09-13T20:25:00+00:00,2026-09-13T19:25:00+00:00,2026-09-13T19:20:36Z,betmgm,2026-09-13T19:20:07+00:00,2026-09-13T19:20:07+00:00,2026-09-13T19:18:49+00:00,2.533660313560583,0.07286738709204085,0.07400525380500006,0.18750417456070698,0.17097434264475764,0.0922472715083928,0.008342737341120114,0.12486730392725666,0.0,0.0,0.0,0.1506849315068493,0.10526315789473684,0.0024390243902439024,0.14102564102564102,,15,2025_16_MIN_NYG,2025-12-22T18:00:00+00:00,draftkings,425,385.0,8,0.19047619047619047,0.2061855670103093,-0.019501847831432828,-0.03521122436555166,-0.1023847011150224,-0.17077443817292548,False,False,,PHASE 4.5 HIERARCHICAL BASELINE,True
cb77efed7e711d25a72c1a2a0a1af119,GB@MIN,Minnesota Vikings D/ST,,,,,2026-09-13T20:25:00+00:00,2026-09-13T19:25:00+00:00,2026-09-13T19:20:36Z,betmgm,2026-09-13T19:20:07+00:00,2026-09-13T19:20:07+00:00,2026-09-13T19:19:51+00:00,,,,,,,,,,,,,,,,,,,,betmgm,575,537.5,4,0.14814814814814814,0.1568627450980392,,,,,False,False,no_unambiguous_prior_same_team_history,PHASE 4.5 HIERARCHICAL BASELINE,True
cb77efed7e711d25a72c1a2a0a1af119,GB@MIN,Green Bay Packers D/ST,,,,,2026-09-13T20:25:00+00:00,2026-09-13T19:25:00+00:00,2026-09-13T19:20:36Z,betmgm,2026-09-13T19:20:07+00:00,2026-09-13T19:20:07+00:00,2026-09-13T19:19:51+00:00,,,,,,,,,,,,,,,,,,,,betmgm,600,600.0,4,0.14285714285714285,0.14285714285714285,,,,,False,False,no_unambiguous_prior_same_team_history,PHASE 4.5 HIERARCHICAL BASELINE,True
cb77efed7e711d25a72c1a2a0a1af119,GB@MIN,Kaleb Johnson,,,,,2026-09-13T20:25:00+00:00,2026-09-13T19:25:00+00:00,2026-09-13T19:20:36Z,betmgm,2026-09-13T19:20:07+00:00,2026-09-13T19:20:07+00:00,2026-09-13T19:20:37+00:00,,,,,,,,,,,,,,,,,,,,bovada,600,600,7,0.14285714285714285,0.14285714285714285,,,,,False,False,no_unambiguous_prior_same_team_history,PHASE 4.5 HIERARCHICAL BASELINE,True
cb77efed7e711d25a72c1a2a0a1af119,GB@MIN,Jonnu Smith,,,,,2026-09-13T20:25:00+00:00,2026-09-13T19:25:00+00:00,2026-09-13T19:20:36Z,betmgm,2026-09-13T19:20:07+00:00,2026-09-13T19:20:07+00:00,2026-09-13T19:20:37+00:00,,,,,,,,,,,,,,,,,,,,fanatics,1000,800,7,0.09090909090909091,0.1111111111111111,,,,,False,False,no_unambiguous_prior_same_team_history,PHASE 4.5 HIERARCHICAL BASELINE,True
cb77efed7e711d25a72c1a2a0a1af119,GB@MIN,Jordan Love,00-0036264,QB,GB,MIN,2026-09-13T20:25:00+00:00,2026-09-13T19:25:00+00:00,2026-09-13T19:20:36Z,betmgm,2026-09-13T19:20:07+00:00,2026-09-13T19:20:07+00:00,2026-09-13T19:20:37+00:00,2.1874314007296785,0.0304472484279864,0.02553606796544993,0.055858396918792415,0.054326963374404694,0.025454367157027123,0.06451580708199176,0.0,0.029411764705882353,0.13333333333333333,0.2,0.0,0.0,0.09552845528455285,0.0,,15,2025_16_GB_CHI,2025-12-22T01:20:00+00:00,betonlineag,900,900.0,8,0.1,0.1,-0.04567303662559531,-0.04567303662559531,-0.4567303662559531,-0.4567303662559531,False,False,,PHASE 4.5 HIERARCHICAL BASELINE,True
cb77efed7e711d25a72c1a2a0a1af119,GB@MIN,Josh Oliver,00-0035249,TE,MIN,GB,2026-09-13T20:25:00+00:00,2026-09-13T19:25:00+00:00,2026-09-13T19:20:36Z,betmgm,2026-09-13T19:20:07+00:00,2026-09-13T19:20:07+00:00,2026-09-13T19:20:37+00:00,2.533660313560583,0.028181615150896885,0.02862168749433261,0.07251763371152378,0.0699506537061962,0.03811264003775279,0.0,0.057620092642359344,0.0,0.0,0.0,0.0821917808219178,0.0,0.0,0.0405982905982906,,12,2025_18_GB_MIN,2026-01-05T18:00:00+00:00,fanatics,1000,750.0,8,0.09090909090909091,0.11764705882352941,-0.02095843720289471,-0.04769640511733321,-0.23054280923184178,-0.4054194434973323,False,False,,PHASE 4.5 HIERARCHICAL BASELINE,True
cb77efed7e711d25a72c1a2a0a1af119,GB@MIN,Josh Whyle,00-0038589,TE,GB,MIN,2026-09-13T20:25:00+00:00,2026-09-13T19:25:00+00:00,2026-09-13T19:20:36Z,betmgm,2026-09-13T19:20:07+00:00,2026-09-13T19:20:07+00:00,2026-09-13T19:20:37+00:00,2.1874314007296785,0.03932034201857242,0.03297792010945951,0.07213693797818645,0.06959652048404263,0.058942678979301,0.0,0.11255613109926697,0.0,0.0,0.0,0.014925373134328358,0.04,0.0,0.013043478260869565,,6,2025_18_GB_MIN,2026-01-05T18:00:00+00:00,fanatics,1500,1300,7,0.0625,0.07142857142857142,0.007096520484042634,-0.0018320509445287902,0.11354432774468215,-0.02564871322340312,False,False,,PHASE 4.5 HIERARCHICAL BASELINE,True
cb77efed7e711d25a72c1a2a0a1af119,GB@MIN,Bo Melton,00-0037091,WR,GB,MIN,2026-09-13T20:25:00+00:00,2026-09-13T19:25:00+00:00,2026-09-13T19:20:36Z,betmgm,2026-09-13T19:20:07+00:00,2026-09-13T19:20:07+00:00,2026-09-13T19:19:51+00:00,2.1874314007296785,0.021149209351406868,0.017737814590714787,0.03880025261605057,0.038057164477738104,0.032522159645726766,0.005565487281377927,0.04920416094054799,0.0,0.0,0.0,0.0,0.0,0.01016260162601626,0.02826086956521739,,13,2025_18_GB_MIN,2026-01-05T18:00:00+00:00,betmgm,1550,1300,7,0.06060606060606061,0.07142857142857142,-0.022548896128322504,-0.03337140695083332,-0.3720567861173213,-0.46719969731166655,False,False,,PHASE 4.5 HIERARCHICAL BASELINE,True
cb77efed7e711d25a72c1a2a0a1af119,GB@MIN,Tai Felton,00-0040154,WR,MIN,GB,2026-09-13T20:25:00+00:00,2026-09-13T19:25:00+00:00,2026-09-13T19:20:36Z,betmgm,2026-09-13T19:20:07+00:00,2026-09-13T19:20:07+00:00,2026-09-13T19:20:37+00:00,2.533660313560583,0.0009604132404045582,0.0009754106528349129,0.0024713592605120384,0.0024683079663470613,0.0011237795935493179,0.0,0.00155744337988124,0.0,0.0,0.0,0.0,0.0,0.0,0.00641025641025641,,12,2025_18_GB_MIN,2025-12-22T18:00:00+00:00,fanatics,1900,1450.0,8,0.05,0.06451612903225806,-0.04753169203365294,-0.062047821065911,-0.9506338406730588,-0.9617412265216205,False,False,,PHASE 4.5 HIERARCHICAL BASELINE,True
cb77efed7e711d25a72c1a2a0a1af119,GB@MIN,Skyy Moore,,,,,2026-09-13T20:25:00+00:00,2026-09-13T19:25:00+00:00,2026-09-13T19:20:36Z,betmgm,2026-09-13T19:20:07+00:00,2026-09-13T19:20:07+00:00,2026-09-13T19:20:31+00:00,,,,,,,,,,,,,,,,,,,,fanduel,1900,1550.0,8,0.05,0.06060606060606061,,,,,False,False,no_unambiguous_prior_same_team_history,PHASE 4.5 HIERARCHICAL BASELINE,True
cb77efed7e711d25a72c1a2a0a1af119,GB@MIN,Myles Price,,,,,2026-09-13T20:25:00+00:00,2026-09-13T19:25:00+00:00,2026-09-13T19:20:36Z,betmgm,2026-09-13T19:20:07+00:00,2026-09-13T19:20:07+00:00,2026-09-13T19:19:51+00:00,,,,,,,,,,,,,,,,,,,,betmgm,3300,1750.0,8,0.029411764705882353,0.05405405405405406,,,,,False,False,no_unambiguous_prior_same_team_history,PHASE 4.5 HIERARCHICAL BASELINE,True
cb77efed7e711d25a72c1a2a0a1af119,GB@MIN,Max Bredeson,,,,,2026-09-13T20:25:00+00:00,2026-09-13T19:25:00+00:00,2026-09-13T19:20:36Z,betmgm,2026-09-13T19:20:07+00:00,2026-09-13T19:20:07+00:00,2026-09-13T19:18:49+00:00,,,,,,,,,,,,,,,,,,,,bovada,2500,1850.0,8,0.038461538461538464,0.05128205128205128,,,,,False,False,no_unambiguous_prior_same_team_history,PHASE 4.5 HIERARCHICAL BASELINE,True
cb77efed7e711d25a72c1a2a0a1af119,GB@MIN,Mark Redman,,,,,2026-09-13T20:25:00+00:00,2026-09-13T19:25:00+00:00,2026-09-13T19:20:36Z,betmgm,2026-09-13T19:20:07+00:00,2026-09-13T19:20:07+00:00,2026-09-13T19:20:37+00:00,,,,,,,,,,,,,,,,,,,,fanatics,3500,2900.0,6,0.027777777777777776,0.03333333333333333,,,,,False,False,no_unambiguous_prior_same_team_history,PHASE 4.5 HIERARCHICAL BASELINE,True
cb77efed7e711d25a72c1a2a0a1af119,GB@MIN,Gavin Bartholomew,,,,,2026-09-13T20:25:00+00:00,2026-09-13T19:25:00+00:00,2026-09-13T19:20:36Z,betmgm,2026-09-13T19:20:07+00:00,2026-09-13T19:20:07+00:00,2026-09-13T19:18:49+00:00,,,,,,,,,,,,,,,,,,,,draftkings,3000,2600.0,8,0.03225806451612903,0.037037037037037035,,,,,False,False,no_unambiguous_prior_same_team_history,PHASE 4.5 HIERARCHICAL BASELINE,True
cb77efed7e711d25a72c1a2a0a1af119,GB@MIN,Demond Claiborne,,,,,2026-09-13T20:25:00+00:00,2026-09-13T19:25:00+00:00,2026-09-13T19:20:36Z,betmgm,2026-09-13T19:20:07+00:00,2026-09-13T19:20:07+00:00,2026-09-13T19:19:51+00:00,,,,,,,,,,,,,,,,,,,,betmgm,1150,1025.0,2,0.08,0.08888888888888889,,,,,False,False,no_unambiguous_prior_same_team_history,PHASE 4.5 HIERARCHICAL BASELINE,True
cb77efed7e711d25a72c1a2a0a1af119,GB@MIN,No Scorer,,,,,2026-09-13T20:25:00+00:00,2026-09-13T19:25:00+00:00,2026-09-13T19:20:36Z,betmgm,2026-09-13T19:20:07+00:00,2026-09-13T19:20:07+00:00,2026-09-13T19:20:37+00:00,,,,,,,,,,,,,,,,,,,,fanatics,6000,6000,1,0.01639344262295082,0.01639344262295082,,,,,False,False,no_unambiguous_prior_same_team_history,PHASE 4.5 HIERARCHICAL BASELINE,True
cb77efed7e711d25a72c1a2a0a1af119,GB@MIN,Ben Yurosek,,,,,2026-09-13T20:25:00+00:00,2026-09-13T19:25:00+00:00,2026-09-13T19:20:36Z,betmgm,2026-09-13T19:20:07+00:00,2026-09-13T19:20:07+00:00,2026-09-13T19:19:56+00:00,,,,,,,,,,,,,,,,,,,,betrivers,1900,1900,1,0.05,0.05,,,,,False,False,no_unambiguous_prior_same_team_history,PHASE 4.5 HIERARCHICAL BASELINE,True
cb77efed7e711d25a72c1a2a0a1af119,GB@MIN,Green Bay Packers Defense,,,,,2026-09-13T20:25:00+00:00,2026-09-13T19:25:00+00:00,2026-09-13T19:20:36Z,betmgm,2026-09-13T19:20:07+00:00,2026-09-13T19:20:07+00:00,2026-09-13T19:20:31+00:00,,,,,,,,,,,,,,,,,,,,fanduel,700,700,1,0.125,0.125,,,,,False,False,no_unambiguous_prior_same_team_history,PHASE 4.5 HIERARCHICAL BASELINE,True
cb77efed7e711d25a72c1a2a0a1af119,GB@MIN,Minnesota Vikings Defense,,,,,2026-09-13T20:25:00+00:00,2026-09-13T19:25:00+00:00,2026-09-13T19:20:36Z,betmgm,2026-09-13T19:20:07+00:00,2026-09-13T19:20:07+00:00,2026-09-13T19:20:31+00:00,,,,,,,,,,,,,,,,,,,,fanduel,750,750,1,0.11764705882352941,0.11764705882352941,,,,,False,False,no_unambiguous_prior_same_team_history,PHASE 4.5 HIERARCHICAL BASELINE,True
c5d95f48a16849ab6bebc68fbbfcb74a,MIA@LV,Ashton Jeanty,00-0040122,RB,LV,MIA,2026-09-13T20:25:00+00:00,2026-09-13T19:25:00+00:00,2026-09-13T19:20:36Z,betmgm,2026-09-13T19:20:07+00:00,2026-09-13T19:20:07+00:00,2026-09-13T19:20:11+00:00,2.264036573083446,0.3597581763194395,0.32357006094960883,0.7325744519447541,0.5193300658172331,0.2222651488650753,0.6024220965107014,0.07728577638722108,0.8571428571428571,0.5882352941176471,0.9411764705882353,0.16666666666666666,0.0,0.7208672086720868,0.14777327935222673,,17,2025_18_KC_LV,2026-01-05T21:25:00+00:00,betmgm,-125,-132.0,8,0.5555555555555556,0.5689092096668844,-0.036225489738322514,-0.04957914384965134,-0.06520588152898044,-0.08714772587120112,False,False,,PHASE 4.5 HIERARCHICAL BASELINE,True
c5d95f48a16849ab6bebc68fbbfcb74a,MIA@LV,De'Von Achane,00-0039040,RB,MIA,LV,2026-09-13T20:25:00+00:00,2026-09-13T19:25:00+00:00,2026-09-13T19:20:36Z,betmgm,2026-09-13T19:20:07+00:00,2026-09-13T19:20:07+00:00,2026-09-13T19:19:48+00:00,1.8553091517128903,0.2660515271830904,0.1953273251663254,0.3623925739606831,0.30399092083860685,0.2467006412482439,0.3945658089796566,0.1279148150521079,0.4230769230769231,0.3125,0.6875,0.171875,0.07407407407407407,0.5509259259259259,0.18398268398268397,,16,2025_17_TB_MIA,2025-12-29T18:00:00+00:00,fanatics,125,110.0,8,0.4444444444444444,0.47619047619047616,-0.14045352360583757,-0.17219955535186932,-0.3160204281131346,-0.3616190662389256,False,False,,PHASE 4.5 HIERARCHICAL BASELINE,True
c5d95f48a16849ab6bebc68fbbfcb74a,MIA@LV,Tre Tucker,00-0038563,WR,LV,MIA,2026-09-13T20:25:00+00:00,2026-09-13T19:25:00+00:00,2026-09-13T19:20:36Z,betmgm,2026-09-13T19:20:07+00:00,2026-09-13T19:20:07+00:00,2026-09-13T19:19:48+00:00,2.264036573083446,0.13829823508034966,0.12438680007772224,0.28161626458478195,0.2454368183998025,0.18918705406084452,0.009056747616390536,0.2578828360379886,0.0,0.0,0.0,0.16666666666666666,0.22580645161290322,0.02981029810298103,0.1862348178137652,,17,2025_18_KC_LV,2026-01-05T21:25:00+00:00,fanatics,240,222.5,8,0.29411764705882354,0.31007751937984496,-0.04868082865902104,-0.06464070098004246,-0.16551481744067154,-0.2084662606606369,False,False,,PHASE 4.5 HIERARCHICAL BASELINE,True
c5d95f48a16849ab6bebc68fbbfcb74a,MIA@LV,Michael Mayer,00-0039066,TE,LV,MIA,2026-09-13T20:25:00+00:00,2026-09-13T19:25:00+00:00,2026-09-13T19:20:36Z,betmgm,2026-09-13T19:20:07+00:00,2026-09-13T19:20:07+00:00,2026-09-13T19:19:48+00:00,2.264036573083446,0.06747746341407404,0.06068989778909204,0.13740414821120056,0.12838210787262738,0.09814579089809689,0.0,0.13704313631304998,0.0,0.0,0.0,0.1,0.03225806451612903,0.0,0.10121457489878542,,13,2025_18_KC_LV,2026-01-05T21:25:00+00:00,fanatics,265,237.5,8,0.273972602739726,0.2962962962962963,-0.14559049486709863,-0.1679141884236689,-0.53140530626491,-0.5667103859298825,False,False,,PHASE 4.5 HIERARCHICAL BASELINE,True
c5d95f48a16849ab6bebc68fbbfcb74a,MIA@LV,Malik Willis,,,,,2026-09-13T20:25:00+00:00,2026-09-13T19:25:00+00:00,2026-09-13T19:20:36Z,betmgm,2026-09-13T19:20:07+00:00,2026-09-13T19:20:07+00:00,2026-09-13T19:19:58+00:00,,,,,,,,,,,,,,,,,,,,fanduel,320,292.5,8,0.23809523809523808,0.25477707006369427,,,,,False,False,no_unambiguous_prior_same_team_history,PHASE 4.5 HIERARCHICAL BASELINE,True
c5d95f48a16849ab6bebc68fbbfcb74a,MIA@LV,Jalen Nailor,,,,,2026-09-13T20:25:00+00:00,2026-09-13T19:25:00+00:00,2026-09-13T19:20:36Z,betmgm,2026-09-13T19:20:07+00:00,2026-09-13T19:20:07+00:00,2026-09-13T19:19:48+00:00,,,,,,,,,,,,,,,,,,,,fanatics,380,340.0,8,0.20833333333333334,0.22727272727272727,,,,,False,False,no_unambiguous_prior_same_team_history,PHASE 4.5 HIERARCHICAL BASELINE,True
c5d95f48a16849ab6bebc68fbbfcb74a,MIA@LV,Malik Washington,00-0039880,WR,MIA,LV,2026-09-13T20:25:00+00:00,2026-09-13T19:25:00+00:00,2026-09-13T19:20:36Z,betmgm,2026-09-13T19:20:07+00:00,2026-09-13T19:20:07+00:00,2026-09-13T19:19:48+00:00,1.8553091517128903,0.09799100063298932,0.07194215438891875,0.13347493743170263,0.12495060031186117,0.12384820124536935,0.0371849950825834,0.19937229781236998,0.0,0.0,0.058823529411764705,0.171875,0.07407407407407407,0.03935185185185185,0.1406926406926407,,17,2025_18_MIA_NE,2026-01-05T21:25:00+00:00,fanatics,420,380.0,8,0.1923076923076923,0.20833333333333334,-0.06735709199583112,-0.08338273302147217,-0.35025687837832187,-0.4002371185030664,False,False,,PHASE 4.5 HIERARCHICAL BASELINE,True
c5d95f48a16849ab6bebc68fbbfcb74a,MIA@LV,Mike Washington Jr.,,,,,2026-09-13T20:25:00+00:00,2026-09-13T19:25:00+00:00,2026-09-13T19:20:36Z,betmgm,2026-09-13T19:20:07+00:00,2026-09-13T19:20:07+00:00,2026-09-13T19:19:48+00:00,,,,,,,,,,,,,,,,,,,,fanatics,400,355.0,8,0.2,0.21978021978021978,,,,,False,False,no_unambiguous_prior_same_team_history,PHASE 4.5 HIERARCHICAL BASELINE,True
c5d95f48a16849ab6bebc68fbbfcb74a,MIA@LV,Caleb Douglas,,,,,2026-09-13T20:25:00+00:00,2026-09-13T19:25:00+00:00,2026-09-13T19:20:36Z,betmgm,2026-09-13T19:20:07+00:00,2026-09-13T19:20:07+00:00,2026-09-13T19:20:18+00:00,,,,,,,,,,,,,,,,,,,,betonlineag,500,500.0,8,0.16666666666666666,0.16666666666666666,,,,,False,False,no_unambiguous_prior_same_team_history,PHASE 4.5 HIERARCHICAL BASELINE,True
c5d95f48a16849ab6bebc68fbbfcb74a,MIA@LV,Ollie Gordon II,00-0040198,RB,MIA,LV,2026-09-13T20:25:00+00:00,2026-09-13T19:25:00+00:00,2026-09-13T19:20:36Z,betmgm,2026-09-13T19:20:07+00:00,2026-09-13T19:20:07+00:00,2026-09-13T19:20:11+00:00,1.8553091517128903,0.16537329652289956,0.12141228432613405,0.22525732224064401,0.20168923078872203,0.15446402030076412,0.3181726314146913,0.005262569642093222,0.34615384615384615,0.35294117647058826,0.7058823529411765,0.03125,0.0,0.16203703703703703,0.01948051948051948,,17,2025_18_MIA_NE,2026-01-05T21:25:00+00:00,betmgm,650,500.0,8,0.13333333333333333,0.16666666666666666,0.0683558974553887,0.03502256412205537,0.5126692309154153,0.21013538473233218,True,True,,PHASE 4.5 HIERARCHICAL BASELINE,True
c5d95f48a16849ab6bebc68fbbfcb74a,MIA@LV,Greg Dulcich,00-0037252,TE,MIA,LV,2026-09-13T20:25:00+00:00,2026-09-13T19:25:00+00:00,2026-09-13T19:20:36Z,betmgm,2026-09-13T19:20:07+00:00,2026-09-13T19:20:07+00:00,2026-09-13T19:19:48+00:00,1.8553091517128903,0.08397699754554826,0.06165347923292639,0.11438626425578896,0.10808662491898467,0.10018420186257017,0.043439115126369374,0.14963565421615208,0.038461538461538464,0.1111111111111111,0.1111111111111111,0.09375,0.07407407407407407,0.0023148148148148147,0.07142857142857142,,9,2025_18_MIA_NE,2026-01-05T21:25:00+00:00,draftkings,500,450.0,8,0.16666666666666666,0.18181818181818182,-0.058580041747681985,-0.07373155689919715,-0.351480250486092,-0.40552356294558434,False,False,,PHASE 4.5 HIERARCHICAL BASELINE,True
c5d95f48a16849ab6bebc68fbbfcb74a,MIA@LV,Las Vegas Raiders D/ST,,,,,2026-09-13T20:25:00+00:00,2026-09-13T19:25:00+00:00,2026-09-13T19:20:36Z,betmgm,2026-09-13T19:20:07+00:00,2026-09-13T19:20:07+00:00,2026-09-13T19:19:38+00:00,,,,,,,,,,,,,,,,,,,,draftkings,550,512.5,4,0.15384615384615385,0.16326530612244897,,,,,False,False,no_unambiguous_prior_same_team_history,PHASE 4.5 HIERARCHICAL BASELINE,True
c5d95f48a16849ab6bebc68fbbfcb74a,MIA@LV,Miami Dolphins D/ST,,,,,2026-09-13T20:25:00+00:00,2026-09-13T19:25:00+00:00,2026-09-13T19:20:36Z,betmgm,2026-09-13T19:20:07+00:00,2026-09-13T19:20:07+00:00,2026-09-13T19:20:11+00:00,,,,,,,,,,,,,,,,,,,,betmgm,625,575.0,4,0.13793103448275862,0.14814814814814814,,,,,False,False,no_unambiguous_prior_same_team_history,PHASE 4.5 HIERARCHICAL BASELINE,True
c5d95f48a16849ab6bebc68fbbfcb74a,MIA@LV,Chris Bell,,,,,2026-09-13T20:25:00+00:00,2026-09-13T19:25:00+00:00,2026-09-13T19:20:36Z,betmgm,2026-09-13T19:20:07+00:00,2026-09-13T19:20:07+00:00,2026-09-13T19:19:48+00:00,,,,,,,,,,,,,,,,,,,,fanatics,650,550.0,8,0.13333333333333333,0.15384615384615385,,,,,False,False,no_unambiguous_prior_same_team_history,PHASE 4.5 HIERARCHICAL BASELINE,True
c5d95f48a16849ab6bebc68fbbfcb74a,MIA@LV,Jaylen Wright,00-0039874,RB,MIA,LV,2026-09-13T20:25:00+00:00,2026-09-13T19:25:00+00:00,2026-09-13T19:20:36Z,betmgm,2026-09-13T19:20:07+00:00,2026-09-13T19:20:07+00:00,2026-09-13T19:19:48+00:00,1.8553091517128903,0.1403129471552584,0.10301370168486113,0.19112226348774444,0.17396841152596063,0.1346747942643811,0.28797246132489335,0.001080985274360052,0.15384615384615385,0.4444444444444444,0.6666666666666666,0.0,0.0,0.16203703703703703,0.01948051948051948,,9,2025_18_MIA_NE,2026-01-05T21:25:00+00:00,fanatics,800,675.0,8,0.1111111111111111,0.12903225806451613,0.06285730041484952,0.0449361534614445,0.5657157037336455,0.3482551893261949,True,True,,PHASE 4.5 HIERARCHICAL BASELINE,True
c5d95f48a16849ab6bebc68fbbfcb74a,MIA@LV,Malik Benson,,,,,2026-09-13T20:25:00+00:00,2026-09-13T19:25:00+00:00,2026-09-13T19:20:36Z,betmgm,2026-09-13T19:20:07+00:00,2026-09-13T19:20:07+00:00,2026-09-13T19:20:11+00:00,,,,,,,,,,,,,,,,,,,,betmgm,950,737.5,8,0.09523809523809523,0.11940298507462686,,,,,False,False,no_unambiguous_prior_same_team_history,PHASE 4.5 HIERARCHICAL BASELINE,True
c5d95f48a16849ab6bebc68fbbfcb74a,MIA@LV,Jack Bech,00-0040729,WR,LV,MIA,2026-09-13T20:25:00+00:00,2026-09-13T19:25:00+00:00,2026-09-13T19:20:36Z,betmgm,2026-09-13T19:20:07+00:00,2026-09-13T19:20:07+00:00,2026-09-13T19:15:46+00:00,2.264036573083446,0.03538920755965748,0.03182940319574324,0.07206293293458181,0.06952766338611631,0.05074483102669352,0.0,0.07414481895813398,0.0,0.0,0.0,0.06666666666666667,0.0,0.0,0.058704453441295545,,14,2025_18_KC_LV,2026-01-05T21:25:00+00:00,bovada,825,775.0,8,0.10810810810810811,0.11428571428571428,-0.038580444721991805,-0.04475805089959797,-0.3568691136784241,-0.3916329453714823,False,False,,PHASE 4.5 HIERARCHICAL BASELINE,True
c5d95f48a16849ab6bebc68fbbfcb74a,MIA@LV,Kevin Coleman Jr.,,,,,2026-09-13T20:25:00+00:00,2026-09-13T19:25:00+00:00,2026-09-13T19:20:36Z,betmgm,2026-09-13T19:20:07+00:00,2026-09-13T19:20:07+00:00,2026-09-13T19:20:11+00:00,,,,,,,,,,,,,,,,,,,,betmgm,2000,1500.0,8,0.047619047619047616,0.0625,,,,,False,False,no_unambiguous_prior_same_team_history,PHASE 4.5 HIERARCHICAL BASELINE,True
c5d95f48a16849ab6bebc68fbbfcb74a,MIA@LV,Ryan Miller,,,,,2026-09-13T20:25:00+00:00,2026-09-13T19:25:00+00:00,2026-09-13T19:20:36Z,betmgm,2026-09-13T19:20:07+00:00,2026-09-13T19:20:07+00:00,2026-09-13T19:15:46+00:00,,,,,,,,,,,,,,,,,,,,bovada,1800,1300,7,0.05263157894736842,0.07142857142857142,,,,,False,False,no_unambiguous_prior_same_team_history,PHASE 4.5 HIERARCHICAL BASELINE,True
c5d95f48a16849ab6bebc68fbbfcb74a,MIA@LV,Will Kacmarek,,,,,2026-09-13T20:25:00+00:00,2026-09-13T19:25:00+00:00,2026-09-13T19:20:36Z,betmgm,2026-09-13T19:20:07+00:00,2026-09-13T19:20:07+00:00,2026-09-13T19:20:17+00:00,,,,,,,,,,,,,,,,,,,,betrivers,1900,1300.0,8,0.05,0.07142857142857142,,,,,False,False,no_unambiguous_prior_same_team_history,PHASE 4.5 HIERARCHICAL BASELINE,True
c5d95f48a16849ab6bebc68fbbfcb74a,MIA@LV,Ian Thomas,00-0034365,TE,LV,MIA,2026-09-13T20:25:00+00:00,2026-09-13T19:25:00+00:00,2026-09-13T19:20:36Z,betmgm,2026-09-13T19:20:07+00:00,2026-09-13T19:20:07+00:00,2026-09-13T19:19:48+00:00,2.264036573083446,0.005180519424929643,0.0046594103940162225,0.010549075541057877,0.010493629184216155,0.006763057652859567,0.0,0.009619360165116652,0.0,0.0,0.0,0.0,0.0,0.0,0.02631578947368421,,9,2025_14_DEN_LV,2025-12-08T21:05:00+00:00,draftkings,1300,1125.0,8,0.07142857142857142,0.08163265306122448,-0.06093494224435527,-0.07113902387700832,-0.8530891914209738,-0.8714530424933521,False,False,,PHASE 4.5 HIERARCHICAL BASELINE,True
c5d95f48a16849ab6bebc68fbbfcb74a,MIA@LV,Connor Heyward,,,,,2026-09-13T20:25:00+00:00,2026-09-13T19:25:00+00:00,2026-09-13T19:20:36Z,betmgm,2026-09-13T19:20:07+00:00,2026-09-13T19:20:07+00:00,2026-09-13T19:19:48+00:00,,,,,,,,,,,,,,,,,,,,fanatics,1700,1100.0,8,0.05555555555555555,0.08333333333333333,,,,,False,False,no_unambiguous_prior_same_team_history,PHASE 4.5 HIERARCHICAL BASELINE,True
c5d95f48a16849ab6bebc68fbbfcb74a,MIA@LV,Kirk Cousins,,,,,2026-09-13T20:25:00+00:00,2026-09-13T19:25:00+00:00,2026-09-13T19:20:36Z,betmgm,2026-09-13T19:20:07+00:00,2026-09-13T19:20:07+00:00,2026-09-13T19:20:17+00:00,,,,,,,,,,,,,,,,,,,,betrivers,2500,1775.0,8,0.038461538461538464,0.05333333333333334,,,,,False,False,no_unambiguous_prior_same_team_history,PHASE 4.5 HIERARCHICAL BASELINE,True
c5d95f48a16849ab6bebc68fbbfcb74a,MIA@LV,Seydou Traore,,,,,2026-09-13T20:25:00+00:00,2026-09-13T19:25:00+00:00,2026-09-13T19:20:36Z,betmgm,2026-09-13T19:20:07+00:00,2026-09-13T19:20:07+00:00,2026-09-13T19:19:48+00:00,,,,,,,,,,,,,,,,,,,,fanatics,2800,2450.0,8,0.034482758620689655,0.0392156862745098,,,,,False,False,no_unambiguous_prior_same_team_history,PHASE 4.5 HIERARCHICAL BASELINE,True
c5d95f48a16849ab6bebc68fbbfcb74a,MIA@LV,Dylan Laube,00-0039407,RB,LV,MIA,2026-09-13T20:25:00+00:00,2026-09-13T19:25:00+00:00,2026-09-13T19:20:36Z,betmgm,2026-09-13T19:20:07+00:00,2026-09-13T19:20:07+00:00,2026-09-13T19:19:58+00:00,2.264036573083446,0.006683366567503807,0.0060110859736947474,0.013609318488393826,0.013517130393111495,0.00477602900398565,0.037520515962707675,0.0014038848541077745,0.0,0.0,0.0,0.0,0.0,0.018970189701897018,0.008097165991902834,,17,2025_18_KC_LV,2025-12-15T18:00:00+00:00,fanduel,2500,1950.0,8,0.038461538461538464,0.04878048780487805,-0.024944408068426967,-0.035263357411766554,-0.6485546097791011,-0.7228988269412143,False,False,,PHASE 4.5 HIERARCHICAL BASELINE,True
c5d95f48a16849ab6bebc68fbbfcb74a,MIA@LV,Dareke Young,,,,,2026-09-13T20:25:00+00:00,2026-09-13T19:25:00+00:00,2026-09-13T19:20:36Z,betmgm,2026-09-13T19:20:07+00:00,2026-09-13T19:20:07+00:00,2026-09-13T19:19:38+00:00,,,,,,,,,,,,,,,,,,,,bovada,7000,5250.0,8,0.014084507042253521,0.018691588785046728,,,,,False,False,no_unambiguous_prior_same_team_history,PHASE 4.5 HIERARCHICAL BASELINE,True
c5d95f48a16849ab6bebc68fbbfcb74a,MIA@LV,Miami Dolphins Defense,,,,,2026-09-13T20:25:00+00:00,2026-09-13T19:25:00+00:00,2026-09-13T19:20:36Z,betmgm,2026-09-13T19:20:07+00:00,2026-09-13T19:20:07+00:00,2026-09-13T19:19:58+00:00,,,,,,,,,,,,,,,,,,,,fanduel,600,600,1,0.14285714285714285,0.14285714285714285,,,,,False,False,no_unambiguous_prior_same_team_history,PHASE 4.5 HIERARCHICAL BASELINE,True
c5d95f48a16849ab6bebc68fbbfcb74a,MIA@LV,Las Vegas Raiders Defense,,,,,2026-09-13T20:25:00+00:00,2026-09-13T19:25:00+00:00,2026-09-13T19:20:36Z,betmgm,2026-09-13T19:20:07+00:00,2026-09-13T19:20:07+00:00,2026-09-13T19:19:58+00:00,,,,,,,,,,,,,,,,,,,,fanduel,750,750,1,0.11764705882352941,0.11764705882352941,,,,,False,False,no_unambiguous_prior_same_team_history,PHASE 4.5 HIERARCHICAL BASELINE,True
c5d95f48a16849ab6bebc68fbbfcb74a,MIA@LV,Justin Joly,,,,,2026-09-13T20:25:00+00:00,2026-09-13T19:25:00+00:00,2026-09-13T19:20:36Z,betmgm,2026-09-13T19:20:07+00:00,2026-09-13T19:20:07+00:00,2026-09-13T19:19:58+00:00,,,,,,,,,,,,,,,,,,,,fanduel,2500,2500,1,0.038461538461538464,0.038461538461538464,,,,,False,False,no_unambiguous_prior_same_team_history,PHASE 4.5 HIERARCHICAL BASELINE,True
c5d95f48a16849ab6bebc68fbbfcb74a,MIA@LV,DJ Herman,,,,,2026-09-13T20:25:00+00:00,2026-09-13T19:25:00+00:00,2026-09-13T19:20:36Z,betmgm,2026-09-13T19:20:07+00:00,2026-09-13T19:20:07+00:00,2026-09-13T19:19:58+00:00,,,,,,,,,,,,,,,,,,,,fanduel,4000,3000,3,0.024390243902439025,0.03225806451612903,,,,,False,False,no_unambiguous_prior_same_team_history,PHASE 4.5 HIERARCHICAL BASELINE,True
c5d95f48a16849ab6bebc68fbbfcb74a,MIA@LV,No Scorer,,,,,2026-09-13T20:25:00+00:00,2026-09-13T19:25:00+00:00,2026-09-13T19:20:36Z,betmgm,2026-09-13T19:20:07+00:00,2026-09-13T19:20:07+00:00,2026-09-13T19:19:48+00:00,,,,,,,,,,,,,,,,,,,,fanatics,3000,3000,1,0.03225806451612903,0.03225806451612903,,,,,False,False,no_unambiguous_prior_same_team_history,PHASE 4.5 HIERARCHICAL BASELINE,True
c5d95f48a16849ab6bebc68fbbfcb74a,MIA@LV,Jalen Tolbert,,,,,2026-09-13T20:25:00+00:00,2026-09-13T19:25:00+00:00,2026-09-13T19:20:36Z,betmgm,2026-09-13T19:20:07+00:00,2026-09-13T19:20:07+00:00,2026-09-13T19:18:16+00:00,,,,,,,,,,,,,,,,,,,,betonlineag,800,750.0,2,0.1111111111111111,0.11764705882352941,,,,,False,False,no_unambiguous_prior_same_team_history,PHASE 4.5 HIERARCHICAL BASELINE,True
17885cb8dcade8f6c3bce14b2de805e8,WAS@PHI,Saquon Barkley,00-0034844,RB,PHI,WAS,2026-09-13T20:25:00+00:00,2026-09-13T19:25:00+00:00,2026-09-13T19:20:36Z,betmgm,2026-09-13T19:20:07+00:00,2026-09-13T19:20:07+00:00,2026-09-13T19:20:16+00:00,2.6977228605613743,0.27803226886400706,0.2538237647017169,0.6847461725895729,0.4957818022673539,0.23982351523586712,0.4511181590292781,0.05439375930920288,0.4857142857142857,0.875,1.5,0.11864406779661017,0.047619047619047616,0.5857740585774058,0.10775862068965517,,16,2025_17_PHI_BUF,2025-12-29T21:25:00+00:00,fanatics,-115,-132.5,8,0.5348837209302326,0.5691056910569106,-0.03910191866287871,-0.07332388878955665,-0.07310358706538189,-0.12884054744450668,False,False,,PHASE 4.5 HIERARCHICAL BASELINE,True
17885cb8dcade8f6c3bce14b2de805e8,WAS@PHI,Jalen Hurts,00-0036389,QB,PHI,WAS,2026-09-13T20:25:00+00:00,2026-09-13T19:25:00+00:00,2026-09-13T19:20:36Z,betmgm,2026-09-13T19:20:07+00:00,2026-09-13T19:20:07+00:00,2026-09-13T19:20:06+00:00,2.6977228605613743,0.1610417051673228,0.14701966806431183,0.39661831948923904,0.3274093085939915,0.14363186567026587,0.30729839126384156,0.0,0.3142857142857143,0.75,0.9375,0.0,0.0,0.2196652719665272,0.0,,16,2025_17_PHI_BUF,2025-12-29T21:25:00+00:00,bovada,135,125.0,8,0.425531914893617,0.4444444444444444,-0.09812260629962555,-0.11703513585045294,-0.23058812480412005,-0.26332905566351916,False,False,,PHASE 4.5 HIERARCHICAL BASELINE,True
17885cb8dcade8f6c3bce14b2de805e8,WAS@PHI,Jacory Croskey-Merritt,00-0040242,RB,WAS,PHI,2026-09-13T20:25:00+00:00,2026-09-13T19:25:00+00:00,2026-09-13T19:20:36Z,betmgm,2026-09-13T19:20:07+00:00,2026-09-13T19:20:07+00:00,2026-09-13T19:20:16+00:00,1.8904733826866609,0.1889447719799403,0.13287083003644706,0.25118876751938646,0.22212447993331702,0.18895156673760405,0.3380207269056557,4.926336724041303e-05,0.358974358974359,0.7058823529411765,1.1764705882352942,0.02127659574468085,0.0,0.3615702479338843,0.03009259259259259,,17,2025_18_WAS_PHI,2026-01-05T21:25:00+00:00,fanatics,170,157.5,8,0.37037037037037035,0.3883495145631068,-0.14824589043705333,-0.16622503462978977,-0.400263904180044,-0.4280294641717086,False,False,,PHASE 4.5 HIERARCHICAL BASELINE,True
17885cb8dcade8f6c3bce14b2de805e8,WAS@PHI,DeVonta Smith,00-0036912,WR,PHI,WAS,2026-09-13T20:25:00+00:00,2026-09-13T19:25:00+00:00,2026-09-13T19:20:36Z,betmgm,2026-09-13T19:20:07+00:00,2026-09-13T19:20:07+00:00,2026-09-13T19:20:16+00:00,2.6977228605613743,0.11193891670911231,0.10219230081396144,0.27568650607918854,0.24094914870656015,0.11723247405874633,0.0,0.2189817141466272,0.0,0.0,0.0,0.1864406779661017,0.38095238095238093,0.0,0.2435344827586207,,17,2025_18_WAS_PHI,2026-01-05T21:25:00+00:00,fanatics,190,180.0,8,0.3448275862068966,0.35714285714285715,-0.10387843750033643,-0.116193708436297,-0.30124746875097563,-0.3253423836216316,False,False,,PHASE 4.5 HIERARCHICAL BASELINE,True
17885cb8dcade8f6c3bce14b2de805e8,WAS@PHI,Dallas Goedert,00-0034351,TE,PHI,WAS,2026-09-13T20:25:00+00:00,2026-09-13T19:25:00+00:00,2026-09-13T19:20:36Z,betmgm,2026-09-13T19:20:07+00:00,2026-09-13T19:20:07+00:00,2026-09-13T19:20:34+00:00,2.6977228605613743,0.12128533848060283,0.11072492175836768,0.298705152661418,0.2582219115098327,0.1443162775367497,0.0,0.2709665874520772,0.0,0.0,0.0,0.2542372881355932,0.23809523809523808,0.0,0.17672413793103448,,15,2025_17_PHI_BUF,2025-12-29T21:25:00+00:00,betrivers,230,210.0,8,0.30303030303030304,0.3225806451612903,-0.044808391520470336,-0.06435873365145761,-0.14786769201755212,-0.19951207431951856,False,False,,PHASE 4.5 HIERARCHICAL BASELINE,True
17885cb8dcade8f6c3bce14b2de805e8,WAS@PHI,Rachaad White,,,,,2026-09-13T20:25:00+00:00,2026-09-13T19:25:00+00:00,2026-09-13T19:20:36Z,betmgm,2026-09-13T19:20:07+00:00,2026-09-13T19:20:07+00:00,2026-09-13T19:20:16+00:00,,,,,,,,,,,,,,,,,,,,fanatics,265,237.5,8,0.273972602739726,0.2962962962962963,,,,,False,False,no_unambiguous_prior_same_team_history,PHASE 4.5 HIERARCHICAL BASELINE,True
17885cb8dcade8f6c3bce14b2de805e8,WAS@PHI,Terry McLaurin,00-0035659,WR,WAS,PHI,2026-09-13T20:25:00+00:00,2026-09-13T19:25:00+00:00,2026-09-13T19:20:36Z,betmgm,2026-09-13T19:20:07+00:00,2026-09-13T19:20:07+00:00,2026-09-13T19:20:16+00:00,1.8904733826866609,0.1108598853220301,0.07795952661790143,0.1473804099979949,0.1370343657874202,0.1293051953015267,0.0,0.32636082301007524,0.0,0.0,0.0,0.1702127659574468,0.2,0.0,0.1388888888888889,,10,2025_18_WAS_PHI,2026-01-05T21:25:00+00:00,fanatics,300,260.0,8,0.25,0.2777777777777778,-0.1129656342125798,-0.1407434119903576,-0.4518625368503192,-0.5066762831652872,False,False,,PHASE 4.5 HIERARCHICAL BASELINE,True
17885cb8dcade8f6c3bce14b2de805e8,WAS@PHI,Jayden Daniels,00-0039910,QB,WAS,PHI,2026-09-13T20:25:00+00:00,2026-09-13T19:25:00+00:00,2026-09-13T19:20:36Z,betmgm,2026-09-13T19:20:07+00:00,2026-09-13T19:20:07+00:00,2026-09-13T19:20:16+00:00,1.8904733826866609,0.12796987770910095,0.08999171394208288,0.17012693986985977,0.15644227130863417,0.1718117387227099,0.38385432315329754,0.0,0.05128205128205128,0.2857142857142857,0.2857142857142857,0.0,0.0,0.11983471074380166,0.0,,7,2025_14_WAS_MIN,2025-12-08T18:00:00+00:00,fanatics,280,260.0,8,0.2631578947368421,0.2777777777777778,-0.10671562342820792,-0.12133550646914362,-0.4055193690271902,-0.436807823288917,False,False,,PHASE 4.5 HIERARCHICAL BASELINE,True
17885cb8dcade8f6c3bce14b2de805e8,WAS@PHI,Dontayvion Wicks,,,,,2026-09-13T20:25:00+00:00,2026-09-13T19:25:00+00:00,2026-09-13T19:20:36Z,betmgm,2026-09-13T19:20:07+00:00,2026-09-13T19:20:07+00:00,2026-09-13T19:20:06+00:00,,,,,,,,,,,,,,,,,,,,bovada,350,312.5,8,0.2222222222222222,0.24242424242424243,,,,,False,False,no_unambiguous_prior_same_team_history,PHASE 4.5 HIERARCHICAL BASELINE,True
17885cb8dcade8f6c3bce14b2de805e8,WAS@PHI,Makai Lemon,,,,,2026-09-13T20:25:00+00:00,2026-09-13T19:25:00+00:00,2026-09-13T19:20:36Z,betmgm,2026-09-13T19:20:07+00:00,2026-09-13T19:20:07+00:00,2026-09-13T19:20:16+00:00,,,,,,,,,,,,,,,,,,,,fanatics,475,372.5,8,0.17391304347826086,0.21164021164021166,,,,,False,False,no_unambiguous_prior_same_team_history,PHASE 4.5 HIERARCHICAL BASELINE,True
17885cb8dcade8f6c3bce14b2de805e8,WAS@PHI,Tank Bigsby,00-0038555,RB,PHI,WAS,2026-09-13T20:25:00+00:00,2026-09-13T19:25:00+00:00,2026-09-13T19:20:36Z,betmgm,2026-09-13T19:20:07+00:00,2026-09-13T19:20:07+00:00,2026-09-13T19:20:34+00:00,2.6977228605613743,0.14775050774663545,0.13488574641379023,0.36388436166436633,0.3050284445495831,0.1645941179452162,0.34312630249176623,0.006756780756467699,0.2,0.42857142857142855,0.6428571428571429,0.01694915254237288,0.0,0.12133891213389121,0.008620689655172414,,14,2025_18_WAS_PHI,2026-01-05T21:25:00+00:00,betrivers,540,390.0,8,0.15625,0.2040816326530612,0.1487784445495831,0.10094681189652191,0.952182045117332,0.49463937829295745,True,True,,PHASE 4.5 HIERARCHICAL BASELINE,True
17885cb8dcade8f6c3bce14b2de805e8,WAS@PHI,Stefon Diggs,,,,,2026-09-13T20:25:00+00:00,2026-09-13T19:25:00+00:00,2026-09-13T19:20:36Z,betmgm,2026-09-13T19:20:07+00:00,2026-09-13T19:20:07+00:00,2026-09-13T19:20:16+00:00,,,,,,,,,,,,,,,,,,,,bovada,380,370.0,8,0.20833333333333334,0.2127659574468085,,,,,False,False,no_unambiguous_prior_same_team_history,PHASE 4.5 HIERARCHICAL BASELINE,True
17885cb8dcade8f6c3bce14b2de805e8,WAS@PHI,Chig Okonkwo,,,,,2026-09-13T20:25:00+00:00,2026-09-13T19:25:00+00:00,2026-09-13T19:20:36Z,betmgm,2026-09-13T19:20:07+00:00,2026-09-13T19:20:07+00:00,2026-09-13T19:20:16+00:00,,,,,,,,,,,,,,,,,,,,fanatics,525,422.5,8,0.16,0.19138755980861244,,,,,False,False,no_unambiguous_prior_same_team_history,PHASE 4.5 HIERARCHICAL BASELINE,True
17885cb8dcade8f6c3bce14b2de805e8,WAS@PHI,Philadelphia Eagles D/ST,,,,,2026-09-13T20:25:00+00:00,2026-09-13T19:25:00+00:00,2026-09-13T19:20:36Z,betmgm,2026-09-13T19:20:07+00:00,2026-09-13T19:20:07+00:00,2026-09-13T19:20:06+00:00,,,,,,,,,,,,,,,,,,,,bovada,500,487.5,4,0.16666666666666666,0.1702127659574468,,,,,False,False,no_unambiguous_prior_same_team_history,PHASE 4.5 HIERARCHICAL BASELINE,True
17885cb8dcade8f6c3bce14b2de805e8,WAS@PHI,Washington Commanders D/ST,,,,,2026-09-13T20:25:00+00:00,2026-09-13T19:25:00+00:00,2026-09-13T19:20:36Z,betmgm,2026-09-13T19:20:07+00:00,2026-09-13T19:20:07+00:00,2026-09-13T19:20:20+00:00,,,,,,,,,,,,,,,,,,,,betmgm,675,650.0,4,0.12903225806451613,0.13333333333333333,,,,,False,False,no_unambiguous_prior_same_team_history,PHASE 4.5 HIERARCHICAL BASELINE,True
17885cb8dcade8f6c3bce14b2de805e8,WAS@PHI,Antonio Williams,,,,,2026-09-13T20:25:00+00:00,2026-09-13T19:25:00+00:00,2026-09-13T19:20:36Z,betmgm,2026-09-13T19:20:07+00:00,2026-09-13T19:20:07+00:00,2026-09-13T19:20:34+00:00,,,,,,,,,,,,,,,,,,,,betmgm,1050,775.0,8,0.08695652173913043,0.11428571428571428,,,,,False,False,no_unambiguous_prior_same_team_history,PHASE 4.5 HIERARCHICAL BASELINE,True
17885cb8dcade8f6c3bce14b2de805e8,WAS@PHI,Johnny Mundt,,,,,2026-09-13T20:25:00+00:00,2026-09-13T19:25:00+00:00,2026-09-13T19:20:36Z,betmgm,2026-09-13T19:20:07+00:00,2026-09-13T19:20:07+00:00,2026-09-13T19:20:34+00:00,,,,,,,,,,,,,,,,,,,,betrivers,1400,1075.0,8,0.06666666666666667,0.0851063829787234,,,,,False,False,no_unambiguous_prior_same_team_history,PHASE 4.5 HIERARCHICAL BASELINE,True
17885cb8dcade8f6c3bce14b2de805e8,WAS@PHI,Jaylin Lane,00-0040164,WR,WAS,PHI,2026-09-13T20:25:00+00:00,2026-09-13T19:25:00+00:00,2026-09-13T19:20:36Z,betmgm,2026-09-13T19:20:07+00:00,2026-09-13T19:20:07+00:00,2026-09-13T19:20:23+00:00,1.8904733826866609,0.038818675028124826,0.027298292076848998,0.0516066945640892,0.05029768351824162,0.043607169098376385,0.0009959088964036943,0.07657817177374379,0.0,0.0,0.0,0.0425531914893617,0.13333333333333333,0.002066115702479339,0.07407407407407407,,15,2025_16_PHI_WAS,2025-12-15T18:00:00+00:00,betmgm,2000,975.0,8,0.047619047619047616,0.09302325581395349,0.0026786358991940026,-0.04272557229571187,0.05625135388307401,-0.4592999021789026,False,False,,PHASE 4.5 HIERARCHICAL BASELINE,True
17885cb8dcade8f6c3bce14b2de805e8,WAS@PHI,Kaytron Allen,,,,,2026-09-13T20:25:00+00:00,2026-09-13T19:25:00+00:00,2026-09-13T19:20:36Z,betmgm,2026-09-13T19:20:07+00:00,2026-09-13T19:20:07+00:00,2026-09-13T19:20:20+00:00,,,,,,,,,,,,,,,,,,,,betmgm,1100,925.0,8,0.08333333333333333,0.0975609756097561,,,,,False,False,no_unambiguous_prior_same_team_history,PHASE 4.5 HIERARCHICAL BASELINE,True
17885cb8dcade8f6c3bce14b2de805e8,WAS@PHI,Dyami Brown,,,,,2026-09-13T20:25:00+00:00,2026-09-13T19:25:00+00:00,2026-09-13T19:20:36Z,betmgm,2026-09-13T19:20:07+00:00,2026-09-13T19:20:07+00:00,2026-09-13T19:20:23+00:00,,,,,,,,,,,,,,,,,,,,betmgm,2200,1350.0,8,0.043478260869565216,0.06896551724137931,,,,,False,False,no_unambiguous_prior_same_team_history,PHASE 4.5 HIERARCHICAL BASELINE,True
17885cb8dcade8f6c3bce14b2de805e8,WAS@PHI,Will Shipley,00-0039746,RB,PHI,WAS,2026-09-13T20:25:00+00:00,2026-09-13T19:25:00+00:00,2026-09-13T19:20:36Z,betmgm,2026-09-13T19:20:07+00:00,2026-09-13T19:20:07+00:00,2026-09-13T19:20:16+00:00,2.6977228605613743,0.01317157887648641,0.012024718393859053,0.03243935770292642,0.03191884528373584,0.015449843682636882,0.015725897650085734,0.015304567458625837,0.0,0.0,0.0,0.01694915254237288,0.0,0.029288702928870293,0.02586206896551724,,14,2025_18_WAS_PHI,2026-01-05T21:25:00+00:00,fanatics,1500,1325.0,8,0.0625,0.07017543859649122,-0.03058115471626416,-0.03825659331275538,-0.48929847546022653,-0.5451564547067642,False,False,,PHASE 4.5 HIERARCHICAL BASELINE,True
17885cb8dcade8f6c3bce14b2de805e8,WAS@PHI,Darius Cooper,00-0040024,WR,PHI,WAS,2026-09-13T20:25:00+00:00,2026-09-13T19:25:00+00:00,2026-09-13T19:20:36Z,betmgm,2026-09-13T19:20:07+00:00,2026-09-13T19:20:07+00:00,2026-09-13T19:20:20+00:00,2.6977228605613743,0.01279702419925172,0.011682776508297393,0.031516893261263265,0.031025412825383784,0.01905914786738466,0.0,0.03633865736687375,0.0,0.0,0.0,0.0,0.0,0.0,0.023706896551724137,,6,2025_18_WAS_PHI,2026-01-05T21:25:00+00:00,betmgm,2500,1900.0,8,0.038461538461538464,0.05,-0.007436125636154679,-0.01897458717461622,-0.19333926654002165,-0.3794917434923243,False,False,,PHASE 4.5 HIERARCHICAL BASELINE,True
17885cb8dcade8f6c3bce14b2de805e8,WAS@PHI,John Bates,00-0036628,TE,WAS,PHI,2026-09-13T20:25:00+00:00,2026-09-13T19:25:00+00:00,2026-09-13T19:20:36Z,betmgm,2026-09-13T19:20:07+00:00,2026-09-13T19:20:07+00:00,2026-09-13T19:20:06+00:00,1.8904733826866609,0.031190171478647038,0.021933731904405025,0.041465136348262904,0.04061721765436716,0.03987104882482775,0.0,0.09112649624626855,0.0,0.0,0.0,0.0425531914893617,0.03333333333333333,0.0,0.037037037037037035,,10,2025_18_WAS_PHI,2026-01-05T21:25:00+00:00,bovada,2000,1675.0,8,0.047619047619047616,0.056338028169014086,-0.007001829964680455,-0.015720810514646924,-0.14703842925828958,-0.2790443866349829,False,False,,PHASE 4.5 HIERARCHICAL BASELINE,True
17885cb8dcade8f6c3bce14b2de805e8,WAS@PHI,E.J. Jenkins,,,,,2026-09-13T20:25:00+00:00,2026-09-13T19:25:00+00:00,2026-09-13T19:20:36Z,betmgm,2026-09-13T19:20:07+00:00,2026-09-13T19:20:07+00:00,2026-09-13T19:20:23+00:00,,,,,,,,,,,,,,,,,,,,fanatics,3000,2200,7,0.03225806451612903,0.043478260869565216,,,,,False,False,no_unambiguous_prior_same_team_history,PHASE 4.5 HIERARCHICAL BASELINE,True
17885cb8dcade8f6c3bce14b2de805e8,WAS@PHI,Britain Covey,,,,,2026-09-13T20:25:00+00:00,2026-09-13T19:25:00+00:00,2026-09-13T19:20:36Z,betmgm,2026-09-13T19:20:07+00:00,2026-09-13T19:20:07+00:00,2026-09-13T19:20:23+00:00,,,,,,,,,,,,,,,,,,,,fanduel,3000,2500.0,4,0.03225806451612903,0.038461538461538464,,,,,False,False,no_unambiguous_prior_same_team_history,PHASE 4.5 HIERARCHICAL BASELINE,True
17885cb8dcade8f6c3bce14b2de805e8,WAS@PHI,Colson Yankoff,00-0039686,TE,WAS,PHI,2026-09-13T20:25:00+00:00,2026-09-13T19:25:00+00:00,2026-09-13T19:20:36Z,betmgm,2026-09-13T19:20:07+00:00,2026-09-13T19:20:07+00:00,2026-09-13T19:20:20+00:00,1.8904733826866609,0.0028815234194040163,0.0020263614838007846,0.0038307824488268303,0.003823454362163397,0.004282610256570501,0.0,0.007228891844137865,0.0,0.0,0.0,0.0,0.0,0.0,0.006944444444444444,,10,2025_15_WAS_NYG,2025-12-08T18:00:00+00:00,betmgm,5500,2900.0,8,0.017857142857142856,0.03333333333333333,-0.01403368849497946,-0.029509878971169936,-0.7858865557188498,-0.8852963691350981,False,False,,PHASE 4.5 HIERARCHICAL BASELINE,True
17885cb8dcade8f6c3bce14b2de805e8,WAS@PHI,Ben Sinnott,00-0039912,TE,WAS,PHI,2026-09-13T20:25:00+00:00,2026-09-13T19:25:00+00:00,2026-09-13T19:20:36Z,betmgm,2026-09-13T19:20:07+00:00,2026-09-13T19:20:07+00:00,2026-09-13T19:20:16+00:00,1.8904733826866609,0.01561007581540135,0.010977407359778384,0.020752496424569687,0.020538645240698344,0.01993282656986594,0.0,0.048946796049299926,0.0,0.0,0.0,0.02127659574468085,0.0,0.0,0.03009259259259259,,9,2025_18_WAS_PHI,2026-01-05T21:25:00+00:00,draftkings,3500,2900.0,8,0.027777777777777776,0.03333333333333333,-0.007239132537079432,-0.012794688092634988,-0.2606087713348596,-0.3838406427790497,False,False,,PHASE 4.5 HIERARCHICAL BASELINE,True
17885cb8dcade8f6c3bce14b2de805e8,WAS@PHI,Washington Commanders Defense,,,,,2026-09-13T20:25:00+00:00,2026-09-13T19:25:00+00:00,2026-09-13T19:20:36Z,betmgm,2026-09-13T19:20:07+00:00,2026-09-13T19:20:07+00:00,2026-09-13T19:20:23+00:00,,,,,,,,,,,,,,,,,,,,fanduel,750,750,1,0.11764705882352941,0.11764705882352941,,,,,False,False,no_unambiguous_prior_same_team_history,PHASE 4.5 HIERARCHICAL BASELINE,True
17885cb8dcade8f6c3bce14b2de805e8,WAS@PHI,Philadelphia Eagles Defense,,,,,2026-09-13T20:25:00+00:00,2026-09-13T19:25:00+00:00,2026-09-13T19:20:36Z,betmgm,2026-09-13T19:20:07+00:00,2026-09-13T19:20:07+00:00,2026-09-13T19:20:23+00:00,,,,,,,,,,,,,,,,,,,,fanduel,800,800,1,0.1111111111111111,0.1111111111111111,,,,,False,False,no_unambiguous_prior_same_team_history,PHASE 4.5 HIERARCHICAL BASELINE,True
17885cb8dcade8f6c3bce14b2de805e8,WAS@PHI,Treylon Burks,00-0037742,WR,WAS,PHI,2026-09-13T20:25:00+00:00,2026-09-13T19:25:00+00:00,2026-09-13T19:20:36Z,betmgm,2026-09-13T19:20:07+00:00,2026-09-13T19:20:07+00:00,2026-09-13T19:19:35+00:00,1.8904733826866609,0.08126311315535405,0.05714631414858067,0.10803358581654189,0.10240255061908231,0.10516426285404139,0.0,0.24572852034478454,0.0,0.0,0.0,0.0851063829787234,0.13333333333333333,0.0,0.05092592592592592,,8,2025_18_WAS_PHI,2026-01-05T21:25:00+00:00,betonlineag,800,712.5,2,0.1111111111111111,0.12307692307692308,-0.008708560492028797,-0.020674372457840776,-0.07837704442825921,-0.16797927621995623,False,False,,PHASE 4.5 HIERARCHICAL BASELINE,True
17885cb8dcade8f6c3bce14b2de805e8,WAS@PHI,Hollywood Brown,,,,,2026-09-13T20:25:00+00:00,2026-09-13T19:25:00+00:00,2026-09-13T19:20:36Z,betmgm,2026-09-13T19:20:07+00:00,2026-09-13T19:20:07+00:00,2026-09-13T19:20:20+00:00,,,,,,,,,,,,,,,,,,,,betmgm,800,750.0,2,0.1111111111111111,0.11764705882352941,,,,,False,False,no_unambiguous_prior_same_team_history,PHASE 4.5 HIERARCHICAL BASELINE,True
17885cb8dcade8f6c3bce14b2de805e8,WAS@PHI,Elijah Moore,,,,,2026-09-13T20:25:00+00:00,2026-09-13T19:25:00+00:00,2026-09-13T19:20:36Z,betmgm,2026-09-13T19:20:07+00:00,2026-09-13T19:20:07+00:00,2026-09-13T19:20:20+00:00,,,,,,,,,,,,,,,,,,,,betmgm,2200,1800.0,2,0.043478260869565216,0.05263157894736842,,,,,False,False,no_unambiguous_prior_same_team_history,PHASE 4.5 HIERARCHICAL BASELINE,True
17885cb8dcade8f6c3bce14b2de805e8,WAS@PHI,Luke McCaffrey,00-0039355,WR,WAS,PHI,2026-09-13T20:25:00+00:00,2026-09-13T19:25:00+00:00,2026-09-13T19:20:36Z,betmgm,2026-09-13T19:20:07+00:00,2026-09-13T19:20:07+00:00,2026-09-13T19:20:20+00:00,1.8904733826866609,0.05122233701098457,0.03602086664657072,0.06809648961664766,0.06582966850877339,0.07219677851513902,0.0,0.13780574112687047,0.0,0.0,0.0,0.0425531914893617,0.06666666666666667,0.0,0.034722222222222224,,9,2025_09_SEA_WAS,2025-10-29T00:15:00+00:00,betmgm,1650,1475.0,2,0.05714285714285714,0.06349206349206349,0.008686811365916251,0.002337605016709904,0.15201919890353444,0.03681727901318088,False,False,,PHASE 4.5 HIERARCHICAL BASELINE,True
17885cb8dcade8f6c3bce14b2de805e8,WAS@PHI,No Scorer,,,,,2026-09-13T20:25:00+00:00,2026-09-13T19:25:00+00:00,2026-09-13T19:20:36Z,betmgm,2026-09-13T19:20:07+00:00,2026-09-13T19:20:07+00:00,2026-09-13T19:20:16+00:00,,,,,,,,,,,,,,,,,,,,fanatics,6000,6000,1,0.01639344262295082,0.01639344262295082,,,,,False,False,no_unambiguous_prior_same_team_history,PHASE 4.5 HIERARCHICAL BASELINE,True
3e646c7479c57f5d9752d8c7dfe7059b,DAL@NYG,Javonte Williams,00-0036997,RB,DAL,NYG,2026-09-14T00:20:00+00:00,2026-09-13T23:20:00+00:00,2026-09-13T23:15:36Z,betmgm,2026-09-13T23:14:55+00:00,2026-09-13T23:14:55+00:00,2026-09-13T23:14:46+00:00,2.670934453095551,0.2849489924688109,0.265627226760339,0.7094729116344141,0.5080965942957218,0.2071716609935367,0.592019942363589,0.05211060486962097,0.6097560975609756,1.25,1.75,0.1188118811881188,0.017543859649122806,0.5419354838709678,0.08401976935749589,,16,2025_17_DAL_WAS,2025-12-26T18:00:00+00:00,fanatics,-135,-157,7,0.574468085106383,0.6108949416342413,-0.06637149081066118,-0.10279834733851945,-0.11553555807781757,-0.16827500169426435,False,False,,PHASE 4.5 HIERARCHICAL BASELINE,True
3e646c7479c57f5d9752d8c7dfe7059b,DAL@NYG,Cam Skattebo,00-0040715,RB,NYG,DAL,2026-09-14T00:20:00+00:00,2026-09-13T23:20:00+00:00,2026-09-13T23:15:36Z,betmgm,2026-09-13T23:14:55+00:00,2026-09-13T23:14:55+00:00,2026-09-13T23:14:46+00:00,2.3834780335898302,0.24960522600213986,0.16160815139107368,0.38518947888968386,0.3196782826123622,0.27027730198185757,0.5496098620287577,0.05529258513269726,0.25,1.125,1.5,0.06153846153846154,0.0,0.19765166340508805,0.0636182902584493,,8,2025_08_NYG_PHI,2025-10-27T17:00:00+00:00,fanatics,115,105,7,0.46511627906976744,0.48780487804878053,-0.14543799645740524,-0.16812659543641834,-0.3126916923834213,-0.34465952064465755,False,False,,PHASE 4.5 HIERARCHICAL BASELINE,True
3e646c7479c57f5d9752d8c7dfe7059b,DAL@NYG,CeeDee Lamb,00-0036358,WR,DAL,NYG,2026-09-14T00:20:00+00:00,2026-09-13T23:20:00+00:00,2026-09-13T23:15:36Z,betmgm,2026-09-13T23:14:55+00:00,2026-09-13T23:14:55+00:00,2026-09-13T23:15:27+00:00,2.670934453095551,0.13641816848104057,0.12716795191795513,0.3396572641072648,0.28798568619053966,0.1873585619250604,0.0,0.2756923486919786,0.0,0.0,0.0,0.16831683168316833,0.21052631578947367,0.002150537634408602,0.1927512355848435,,13,2025_18_DAL_NYG,2026-01-05T18:00:00+00:00,fanatics,130,125.0,8,0.4347826086956522,0.4444444444444444,-0.14679692250511256,-0.15645875825390476,-0.33763292176175885,-0.3520322060712857,False,False,,PHASE 4.5 HIERARCHICAL BASELINE,True
3e646c7479c57f5d9752d8c7dfe7059b,DAL@NYG,George Pickens,00-0037247,WR,DAL,NYG,2026-09-14T00:20:00+00:00,2026-09-13T23:20:00+00:00,2026-09-13T23:15:36Z,betmgm,2026-09-13T23:14:55+00:00,2026-09-13T23:14:55+00:00,2026-09-13T23:14:46+00:00,2.670934453095551,0.12167780120769378,0.11342709659390433,0.30295634020725615,0.2613686558420884,0.14443873535752264,0.0,0.2125371468678437,0.0,0.0,0.0,0.22772277227722773,0.3157894736842105,0.0,0.2257001647446458,,17,2025_18_DAL_NYG,2026-01-05T18:00:00+00:00,fanatics,170,155,7,0.37037037037037035,0.3921568627450981,-0.10900171452828195,-0.13078820690300968,-0.29430462922636125,-0.3335099276026746,False,False,,PHASE 4.5 HIERARCHICAL BASELINE,True
3e646c7479c57f5d9752d8c7dfe7059b,DAL@NYG,Malik Nabers,00-0039337,WR,NYG,DAL,2026-09-14T00:20:00+00:00,2026-09-13T23:20:00+00:00,2026-09-13T23:15:36Z,betmgm,2026-09-13T23:14:55+00:00,2026-09-13T23:14:55+00:00,2026-09-13T23:14:46+00:00,2.3834780335898302,0.15362631640218607,0.09946612655683992,0.23707532773449402,0.21106814267023452,0.2357046081667561,0.0,0.41000330713781663,0.0,0.0,0.0,0.06153846153846154,0.13333333333333333,0.0,0.06958250497017893,,4,2025_04_LAC_NYG,2025-09-29T17:00:00+00:00,fanatics,210,197.5,8,0.3225806451612903,0.3361344537815126,-0.11151250249105579,-0.12506631111127806,-0.3456887577222729,-0.37207227555605227,False,False,,PHASE 4.5 HIERARCHICAL BASELINE,True
3e646c7479c57f5d9752d8c7dfe7059b,DAL@NYG,Jaxson Dart,00-0040691,QB,NYG,DAL,2026-09-14T00:20:00+00:00,2026-09-13T23:20:00+00:00,2026-09-13T23:15:36Z,betmgm,2026-09-13T23:14:55+00:00,2026-09-13T23:14:55+00:00,2026-09-13T23:14:46+00:00,2.3834780335898302,0.17190820543862137,0.11130282700753368,0.2652878432489054,0.2330148532974746,0.20390941775566598,0.45030645214216497,0.0,0.175,0.5,0.8571428571428571,0.0,0.0,0.16829745596868884,0.0,,14,2025_18_DAL_NYG,2026-01-05T18:00:00+00:00,fanatics,250,215.0,8,0.2857142857142857,0.31746031746031744,-0.052699432416811104,-0.08444546416284285,-0.18444801345883888,-0.2660032121129551,False,False,,PHASE 4.5 HIERARCHICAL BASELINE,True
3e646c7479c57f5d9752d8c7dfe7059b,DAL@NYG,Jake Ferguson,00-0038041,TE,DAL,NYG,2026-09-14T00:20:00+00:00,2026-09-13T23:20:00+00:00,2026-09-13T23:15:36Z,betmgm,2026-09-13T23:14:55+00:00,2026-09-13T23:14:55+00:00,2026-09-13T23:14:46+00:00,2.670934453095551,0.10274589790714493,0.09577892410011973,0.2558192282594336,0.22571807556697626,0.12623099816095543,0.00035648787800599777,0.18557694977629538,0.0,0.0,0.0,0.2376237623762376,0.19298245614035087,0.002150537634408602,0.16803953871499178,,17,2025_18_DAL_NYG,2026-01-05T18:00:00+00:00,fanatics,310,275.0,8,0.24390243902439027,0.26666666666666666,-0.018184363457414005,-0.0409485910996904,-0.07455589017539743,-0.15355721662383903,False,False,,PHASE 4.5 HIERARCHICAL BASELINE,True
3e646c7479c57f5d9752d8c7dfe7059b,DAL@NYG,Tyrone Tracy Jr.,00-0039384,RB,NYG,DAL,2026-09-14T00:20:00+00:00,2026-09-13T23:20:00+00:00,2026-09-13T23:15:36Z,betmgm,2026-09-13T23:14:55+00:00,2026-09-13T23:14:55+00:00,2026-09-13T23:14:17+00:00,2.3834780335898302,0.13864642488012469,0.08976732090403518,0.21395843750897703,0.19261805886998076,0.1491263211091551,0.16920948694445476,0.13128532371109924,0.125,0.13333333333333333,0.4,0.07692307692307693,0.06666666666666667,0.34442270058708413,0.09542743538767395,,15,2025_18_DAL_NYG,2026-01-05T18:00:00+00:00,betmgm,400,320.0,8,0.2,0.23809523809523808,-0.007381941130019248,-0.04547717922525732,-0.036909705650096214,-0.19100415274608074,False,False,,PHASE 4.5 HIERARCHICAL BASELINE,True
3e646c7479c57f5d9752d8c7dfe7059b,DAL@NYG,Isaiah Likely,,,,,2026-09-14T00:20:00+00:00,2026-09-13T23:20:00+00:00,2026-09-13T23:15:36Z,betmgm,2026-09-13T23:14:55+00:00,2026-09-13T23:14:55+00:00,2026-09-13T23:14:46+00:00,,,,,,,,,,,,,,,,,,,,fanatics,360,335.0,8,0.2173913043478261,0.2298850574712644,,,,,False,False,no_unambiguous_prior_same_team_history,PHASE 4.5 HIERARCHICAL BASELINE,True
3e646c7479c57f5d9752d8c7dfe7059b,DAL@NYG,Ryan Flournoy,00-0039410,WR,DAL,NYG,2026-09-14T00:20:00+00:00,2026-09-13T23:20:00+00:00,2026-09-13T23:15:36Z,betmgm,2026-09-13T23:14:55+00:00,2026-09-13T23:14:55+00:00,2026-09-13T23:14:46+00:00,2.670934453095551,0.06877471075724897,0.06411124858317256,0.17123694267176895,0.15737810326691878,0.0973520573267423,0.0,0.1423033599556781,0.0,0.0,0.0,0.06930693069306931,0.08771929824561403,0.008602150537634409,0.09225700164744646,,15,2025_18_DAL_NYG,2026-01-05T18:00:00+00:00,fanatics,420,370,7,0.1923076923076923,0.2127659574468085,-0.03492958904077351,-0.05538785417988973,-0.18163386301202233,-0.26032291464548174,False,False,,PHASE 4.5 HIERARCHICAL BASELINE,True
3e646c7479c57f5d9752d8c7dfe7059b,DAL@NYG,Malachi Fields,,,,,2026-09-14T00:20:00+00:00,2026-09-13T23:20:00+00:00,2026-09-13T23:15:36Z,betmgm,2026-09-13T23:14:55+00:00,2026-09-13T23:14:55+00:00,2026-09-13T23:15:03+00:00,,,,,,,,,,,,,,,,,,,,draftkings,425,420,7,0.19047619047619047,0.1923076923076923,,,,,False,False,no_unambiguous_prior_same_team_history,PHASE 4.5 HIERARCHICAL BASELINE,True
3e646c7479c57f5d9752d8c7dfe7059b,DAL@NYG,Emari Demercado,,,,,2026-09-14T00:20:00+00:00,2026-09-13T23:20:00+00:00,2026-09-13T23:15:36Z,betmgm,2026-09-13T23:14:55+00:00,2026-09-13T23:14:55+00:00,2026-09-13T23:14:17+00:00,,,,,,,,,,,,,,,,,,,,betmgm,600,460,7,0.14285714285714285,0.17857142857142858,,,,,False,False,no_unambiguous_prior_same_team_history,PHASE 4.5 HIERARCHICAL BASELINE,True
3e646c7479c57f5d9752d8c7dfe7059b,DAL@NYG,Theo Johnson,00-0039847,TE,NYG,DAL,2026-09-14T00:20:00+00:00,2026-09-13T23:20:00+00:00,2026-09-13T23:15:36Z,betmgm,2026-09-13T23:14:55+00:00,2026-09-13T23:14:55+00:00,2026-09-13T23:14:46+00:00,2.3834780335898302,0.09527013892303726,0.06168312771620749,0.1470203799546966,0.13672361629655003,0.11108790170020483,0.0,0.21642371624327322,0.0,0.0,0.0,0.2153846153846154,0.17777777777777778,0.0,0.147117296222664,,15,2025_16_MIN_NYG,2025-12-22T18:00:00+00:00,fanatics,620,550,7,0.1388888888888889,0.15384615384615385,-0.0021652725923388683,-0.017122537549603828,-0.015589962664839807,-0.11129649407242481,False,False,,PHASE 4.5 HIERARCHICAL BASELINE,True
3e646c7479c57f5d9752d8c7dfe7059b,DAL@NYG,New York Giants D/ST,,,,,2026-09-14T00:20:00+00:00,2026-09-13T23:20:00+00:00,2026-09-13T23:15:36Z,betmgm,2026-09-13T23:14:55+00:00,2026-09-13T23:14:55+00:00,2026-09-13T23:15:18+00:00,,,,,,,,,,,,,,,,,,,,bovada,600,600,3,0.14285714285714285,0.14285714285714285,,,,,False,False,no_unambiguous_prior_same_team_history,PHASE 4.5 HIERARCHICAL BASELINE,True
3e646c7479c57f5d9752d8c7dfe7059b,DAL@NYG,Dallas Cowboys D/ST,,,,,2026-09-14T00:20:00+00:00,2026-09-13T23:20:00+00:00,2026-09-13T23:15:36Z,betmgm,2026-09-13T23:14:55+00:00,2026-09-13T23:14:55+00:00,2026-09-13T23:15:18+00:00,,,,,,,,,,,,,,,,,,,,bovada,600,562.5,4,0.14285714285714285,0.1509433962264151,,,,,False,False,no_unambiguous_prior_same_team_history,PHASE 4.5 HIERARCHICAL BASELINE,True
3e646c7479c57f5d9752d8c7dfe7059b,DAL@NYG,Darnell Mooney,,,,,2026-09-14T00:20:00+00:00,2026-09-13T23:20:00+00:00,2026-09-13T23:15:36Z,betmgm,2026-09-13T23:14:55+00:00,2026-09-13T23:14:55+00:00,2026-09-13T23:15:27+00:00,,,,,,,,,,,,,,,,,,,,draftkings,650,612.5,8,0.13333333333333333,0.14035087719298245,,,,,False,False,no_unambiguous_prior_same_team_history,PHASE 4.5 HIERARCHICAL BASELINE,True
3e646c7479c57f5d9752d8c7dfe7059b,DAL@NYG,Dak Prescott,00-0033077,QB,DAL,NYG,2026-09-14T00:20:00+00:00,2026-09-13T23:20:00+00:00,2026-09-13T23:15:36Z,betmgm,2026-09-13T23:14:55+00:00,2026-09-13T23:14:55+00:00,2026-09-13T23:14:46+00:00,2.670934453095551,0.08340302511663224,0.07774764905539648,0.20765887450924025,0.18751585150180428,0.0672813728961113,0.1780654514546229,0.0,0.1951219512195122,0.4117647058823529,0.5882352941176471,0.0,0.0,0.11397849462365592,0.0,,17,2025_18_DAL_NYG,2026-01-05T18:00:00+00:00,fanatics,700,600,7,0.125,0.14285714285714285,0.06251585150180428,0.04465870864466143,0.5001268120144342,0.31261096051262993,True,True,,PHASE 4.5 HIERARCHICAL BASELINE,True
3e646c7479c57f5d9752d8c7dfe7059b,DAL@NYG,KaVontae Turpin,00-0037801,WR,DAL,NYG,2026-09-14T00:20:00+00:00,2026-09-13T23:20:00+00:00,2026-09-13T23:15:36Z,betmgm,2026-09-13T23:14:55+00:00,2026-09-13T23:14:55+00:00,2026-09-13T23:15:27+00:00,2.670934453095551,0.030229975260262148,0.028180146993486935,0.07526732549820127,0.0725044900144564,0.03374146314733875,0.016723800439725326,0.0417647665578705,0.0,0.0,0.0,0.04950495049504951,0.05263157894736842,0.03655913978494624,0.06260296540362438,,15,2025_18_DAL_NYG,2026-01-05T18:00:00+00:00,betrivers,750,712.5,8,0.11764705882352941,0.12307692307692308,-0.04514256880907301,-0.050572433062466685,-0.3837118348771206,-0.4109010186325418,False,False,,PHASE 4.5 HIERARCHICAL BASELINE,True
3e646c7479c57f5d9752d8c7dfe7059b,DAL@NYG,Devin Singletary,00-0035250,RB,NYG,DAL,2026-09-14T00:20:00+00:00,2026-09-13T23:20:00+00:00,2026-09-13T23:15:36Z,betmgm,2026-09-13T23:14:55+00:00,2026-09-13T23:14:55+00:00,2026-09-13T23:14:46+00:00,2.3834780335898302,0.2159131156716424,0.13979402612540673,0.3331959904969898,0.28337027222539357,0.23761476648864444,0.4949880827559045,0.008975681221405046,0.35,0.5882352941176471,1.0,0.03076923076923077,0.0,0.2328767123287671,0.03777335984095427,,17,2025_18_DAL_NYG,2026-01-05T18:00:00+00:00,fanatics,900,800.0,8,0.1,0.1111111111111111,0.18337027222539357,0.17225916111428247,1.8337027222539355,1.550332450028542,True,True,,PHASE 4.5 HIERARCHICAL BASELINE,True
3e646c7479c57f5d9752d8c7dfe7059b,DAL@NYG,Odell Beckham Jr.,,,,,2026-09-14T00:20:00+00:00,2026-09-13T23:20:00+00:00,2026-09-13T23:15:36Z,betmgm,2026-09-13T23:14:55+00:00,2026-09-13T23:14:55+00:00,2026-09-13T23:14:46+00:00,,,,,,,,,,,,,,,,,,,,fanatics,1000,850,7,0.09090909090909091,0.10526315789473684,,,,,False,False,no_unambiguous_prior_same_team_history,PHASE 4.5 HIERARCHICAL BASELINE,True
3e646c7479c57f5d9752d8c7dfe7059b,DAL@NYG,Luke Schoonmaker,00-0038547,TE,DAL,NYG,2026-09-14T00:20:00+00:00,2026-09-13T23:20:00+00:00,2026-09-13T23:15:36Z,betmgm,2026-09-13T23:14:55+00:00,2026-09-13T23:14:55+00:00,2026-09-13T23:14:46+00:00,2.670934453095551,0.009210723357030413,0.008586164423980068,0.02293308237995168,0.0226721179590225,0.009252367713639782,0.0,0.014914940415955563,0.0,0.0,0.0,0.019801980198019802,0.017543859649122806,0.0,0.03789126853377265,,14,2025_18_DAL_NYG,2026-01-05T18:00:00+00:00,fanatics,1200,1000,7,0.07692307692307693,0.09090909090909091,-0.05425095896405443,-0.06823697295006842,-0.7052624665327075,-0.7506067024507526,False,False,,PHASE 4.5 HIERARCHICAL BASELINE,True
3e646c7479c57f5d9752d8c7dfe7059b,DAL@NYG,Hunter Luepke,00-0038738,RB,DAL,NYG,2026-09-14T00:20:00+00:00,2026-09-13T23:20:00+00:00,2026-09-13T23:15:36Z,betmgm,2026-09-13T23:14:55+00:00,2026-09-13T23:14:55+00:00,2026-09-13T23:14:17+00:00,2.670934453095551,0.014190858918047677,0.013228607924138627,0.03533274467107468,0.03471583034954175,0.015310888160634358,0.008088779008128207,0.01969669206387546,0.0,0.0,0.0,0.039603960396039604,0.0,0.034408602150537634,0.02471169686985173,,14,2025_18_DAL_NYG,2026-01-05T18:00:00+00:00,betmgm,1300,1000.0,8,0.07142857142857142,0.09090909090909091,-0.03671274107902967,-0.05619326055954916,-0.5139783751064155,-0.6181258661550407,False,False,,PHASE 4.5 HIERARCHICAL BASELINE,True
3e646c7479c57f5d9752d8c7dfe7059b,DAL@NYG,Brevyn Spann-Ford,00-0039530,TE,DAL,NYG,2026-09-14T00:20:00+00:00,2026-09-13T23:20:00+00:00,2026-09-13T23:15:36Z,betmgm,2026-09-13T23:14:55+00:00,2026-09-13T23:14:55+00:00,2026-09-13T23:14:46+00:00,2.670934453095551,0.018408261914483425,0.017160038080701084,0.04583333692617618,0.04479885431559921,0.026576489395863486,0.0,0.04158283596436654,0.0,0.0,0.0,0.019801980198019802,0.017543859649122806,0.0,0.0214168039538715,,16,2025_18_DAL_NYG,2026-01-05T18:00:00+00:00,fanatics,1050,875.0,8,0.08695652173913043,0.10256410256410256,-0.04215766742353122,-0.05776524824850335,-0.4848131753706091,-0.5632111704229077,False,False,,PHASE 4.5 HIERARCHICAL BASELINE,True
3e646c7479c57f5d9752d8c7dfe7059b,DAL@NYG,Jonathan Mingo,00-0039062,WR,DAL,NYG,2026-09-14T00:20:00+00:00,2026-09-13T23:20:00+00:00,2026-09-13T23:15:36Z,betmgm,2026-09-13T23:14:55+00:00,2026-09-13T23:14:55+00:00,2026-09-13T23:14:46+00:00,2.670934453095551,0.0027194402016044953,0.0025350409307793747,0.006770928162026046,0.006748057076543486,0.003952437831313369,0.0,0.006272339512498823,0.0,0.0,0.0,0.0,0.0,0.0,0.008237232289950576,,5,2025_18_DAL_NYG,2026-01-05T18:00:00+00:00,fanatics,2500,1700,7,0.038461538461538464,0.05555555555555555,-0.031713481384994975,-0.048807498479012064,-0.8245505160098694,-0.8785349726222172,False,False,,PHASE 4.5 HIERARCHICAL BASELINE,True
3e646c7479c57f5d9752d8c7dfe7059b,DAL@NYG,Patrick Ricard,,,,,2026-09-14T00:20:00+00:00,2026-09-13T23:20:00+00:00,2026-09-13T23:15:36Z,betmgm,2026-09-13T23:14:55+00:00,2026-09-13T23:14:55+00:00,2026-09-13T23:14:17+00:00,,,,,,,,,,,,,,,,,,,,betmgm,4000,2250.0,8,0.024390243902439025,0.0425531914893617,,,,,False,False,no_unambiguous_prior_same_team_history,PHASE 4.5 HIERARCHICAL BASELINE,True
3e646c7479c57f5d9752d8c7dfe7059b,DAL@NYG,Braxton Berrios,,,,,2026-09-14T00:20:00+00:00,2026-09-13T23:20:00+00:00,2026-09-13T23:15:36Z,betmgm,2026-09-13T23:14:55+00:00,2026-09-13T23:14:55+00:00,2026-09-13T23:15:18+00:00,,,,,,,,,,,,,,,,,,,,bovada,2800,2200,7,0.034482758620689655,0.043478260869565216,,,,,False,False,no_unambiguous_prior_same_team_history,PHASE 4.5 HIERARCHICAL BASELINE,True
3e646c7479c57f5d9752d8c7dfe7059b,DAL@NYG,Chris Manhertz,,,,,2026-09-14T00:20:00+00:00,2026-09-13T23:20:00+00:00,2026-09-13T23:15:36Z,betmgm,2026-09-13T23:14:55+00:00,2026-09-13T23:14:55+00:00,2026-09-13T23:14:46+00:00,,,,,,,,,,,,,,,,,,,,fanatics,4500,2700,7,0.021739130434782608,0.03571428571428571,,,,,False,False,no_unambiguous_prior_same_team_history,PHASE 4.5 HIERARCHICAL BASELINE,True
3e646c7479c57f5d9752d8c7dfe7059b,DAL@NYG,No Scorer,,,,,2026-09-14T00:20:00+00:00,2026-09-13T23:20:00+00:00,2026-09-13T23:15:36Z,betmgm,2026-09-13T23:14:55+00:00,2026-09-13T23:14:55+00:00,2026-09-13T23:14:46+00:00,,,,,,,,,,,,,,,,,,,,fanatics,7000,7000,1,0.014084507042253521,0.014084507042253521,,,,,False,False,no_unambiguous_prior_same_team_history,PHASE 4.5 HIERARCHICAL BASELINE,True
3e646c7479c57f5d9752d8c7dfe7059b,DAL@NYG,New York Giants Defense,,,,,2026-09-14T00:20:00+00:00,2026-09-13T23:20:00+00:00,2026-09-13T23:15:36Z,betmgm,2026-09-13T23:14:55+00:00,2026-09-13T23:14:55+00:00,2026-09-13T23:15:27+00:00,,,,,,,,,,,,,,,,,,,,fanduel,800,800,1,0.1111111111111111,0.1111111111111111,,,,,False,False,no_unambiguous_prior_same_team_history,PHASE 4.5 HIERARCHICAL BASELINE,True
3e646c7479c57f5d9752d8c7dfe7059b,DAL@NYG,Dallas Cowboys Defense,,,,,2026-09-14T00:20:00+00:00,2026-09-13T23:20:00+00:00,2026-09-13T23:15:36Z,betmgm,2026-09-13T23:14:55+00:00,2026-09-13T23:14:55+00:00,2026-09-13T23:15:27+00:00,,,,,,,,,,,,,,,,,,,,fanduel,950,950,1,0.09523809523809523,0.09523809523809523,,,,,False,False,no_unambiguous_prior_same_team_history,PHASE 4.5 HIERARCHICAL BASELINE,True
3e646c7479c57f5d9752d8c7dfe7059b,DAL@NYG,Najee Harris,,,,,2026-09-14T00:20:00+00:00,2026-09-13T23:20:00+00:00,2026-09-13T23:15:36Z,betmgm,2026-09-13T23:14:55+00:00,2026-09-13T23:14:55+00:00,2026-09-13T23:14:48+00:00,,,,,,,,,,,,,,,,,,,,betonlineag,350,350,1,0.2222222222222222,0.2222222222222222,,,,,False,False,no_unambiguous_prior_same_team_history,PHASE 4.5 HIERARCHICAL BASELINE,True
3e646c7479c57f5d9752d8c7dfe7059b,DAL@NYG,Cam Brown,,,,,2026-09-14T00:20:00+00:00,2026-09-13T23:20:00+00:00,2026-09-13T23:15:36Z,betmgm,2026-09-13T23:14:55+00:00,2026-09-13T23:14:55+00:00,2026-09-13T23:14:48+00:00,,,,,,,,,,,,,,,,,,,,betonlineag,750,750,1,0.11764705882352941,0.11764705882352941,,,,,False,False,no_unambiguous_prior_same_team_history,PHASE 4.5 HIERARCHICAL BASELINE,True
3e646c7479c57f5d9752d8c7dfe7059b,DAL@NYG,Thomas Fidone,,,,,2026-09-14T00:20:00+00:00,2026-09-13T23:20:00+00:00,2026-09-13T23:15:36Z,betmgm,2026-09-13T23:14:55+00:00,2026-09-13T23:14:55+00:00,2026-09-13T23:14:48+00:00,,,,,,,,,,,,,,,,,,,,betonlineag,3400,3400,1,0.02857142857142857,0.02857142857142857,,,,,False,False,no_unambiguous_prior_same_team_history,PHASE 4.5 HIERARCHICAL BASELINE,True
3e646c7479c57f5d9752d8c7dfe7059b,DAL@NYG,Dalen Cambre,,,,,2026-09-14T00:20:00+00:00,2026-09-13T23:20:00+00:00,2026-09-13T23:15:36Z,betmgm,2026-09-13T23:14:55+00:00,2026-09-13T23:14:55+00:00,2026-09-13T23:14:48+00:00,,,,,,,,,,,,,,,,,,,,betonlineag,1400,1400,1,0.06666666666666667,0.06666666666666667,,,,,False,False,no_unambiguous_prior_same_team_history,PHASE 4.5 HIERARCHICAL BASELINE,True
3e646c7479c57f5d9752d8c7dfe7059b,DAL@NYG,Israel Abanikanda,,,,,2026-09-14T00:20:00+00:00,2026-09-13T23:20:00+00:00,2026-09-13T23:15:36Z,betmgm,2026-09-13T23:14:55+00:00,2026-09-13T23:14:55+00:00,2026-09-13T23:14:48+00:00,,,,,,,,,,,,,,,,,,,,betonlineag,1400,1400,1,0.06666666666666667,0.06666666666666667,,,,,False,False,no_unambiguous_prior_same_team_history,PHASE 4.5 HIERARCHICAL BASELINE,True
