game,player,position,team,opponent,prediction_time,latest_player_game_used,latest_team_game_used,latest_opponent_game_used,feature_available_at_max,availability_type,player_source_game_ids,last3_carries_per_game,last3_carry_share,last3_targets_per_game,last3_target_share,last3_snap_share,last3_red_zone_carries_per_game,last3_red_zone_targets_per_game,last3_end_zone_targets_per_game
2024_04_DAL_NYG,Brandin Cooks,WR,DAL,NYG,2024-09-26 23:15:00+00:00,2024-09-22 20:25:00+00:00,2024-09-22 20:25:00+00:00,2024-09-22 17:00:00+00:00,2024-09-23 20:25:00+00:00,assumed_kickoff_plus_24h,2024_01_DAL_CLE;2024_02_NO_DAL;2024_03_BAL_DAL,0.6666666666666666,0.03225806451612903,5.0,0.12295081967213115,0.8028169014084507,0.3333333333333333,0.3333333333333333,0.3333333333333333
2024_04_DAL_NYG,Ezekiel Elliott,RB,DAL,NYG,2024-09-26 23:15:00+00:00,2024-09-22 20:25:00+00:00,2024-09-22 20:25:00+00:00,2024-09-22 17:00:00+00:00,2024-09-23 20:25:00+00:00,assumed_kickoff_plus_24h,2024_01_DAL_CLE;2024_02_NO_DAL;2024_03_BAL_DAL,6.333333333333333,0.3064516129032258,2.3333333333333335,0.05737704918032787,0.352112676056338,0.6666666666666666,0.6666666666666666,0.0
2024_04_DAL_NYG,Dak Prescott,QB,DAL,NYG,2024-09-26 23:15:00+00:00,2024-09-22 20:25:00+00:00,2024-09-22 20:25:00+00:00,2024-09-22 17:00:00+00:00,2024-09-23 20:25:00+00:00,assumed_kickoff_plus_24h,2024_01_DAL_CLE;2024_02_NO_DAL;2024_03_BAL_DAL,1.6666666666666667,0.08064516129032258,0.0,0.0,0.9812206572769953,0.3333333333333333,0.0,0.0
2024_04_DAL_NYG,Cooper Rush,QB,DAL,NYG,2024-09-26 23:15:00+00:00,2024-09-15 17:00:00+00:00,2024-09-22 20:25:00+00:00,2024-09-22 17:00:00+00:00,2024-09-23 20:25:00+00:00,assumed_kickoff_plus_24h,2024_01_DAL_CLE;2024_02_NO_DAL,0.5,0.021739130434782608,0.0,0.0,0.03007518796992481,0.0,0.0,0.0
2024_04_DAL_NYG,Rico Dowdle,RB,DAL,NYG,2024-09-26 23:15:00+00:00,2024-09-22 20:25:00+00:00,2024-09-22 20:25:00+00:00,2024-09-22 17:00:00+00:00,2024-09-23 20:25:00+00:00,assumed_kickoff_plus_24h,2024_01_DAL_CLE;2024_02_NO_DAL;2024_03_BAL_DAL,7.666666666666667,0.3709677419354839,3.6666666666666665,0.09016393442622951,0.4460093896713615,0.0,0.0,0.0
2024_04_DAL_NYG,CeeDee Lamb,WR,DAL,NYG,2024-09-26 23:15:00+00:00,2024-09-22 20:25:00+00:00,2024-09-22 20:25:00+00:00,2024-09-22 17:00:00+00:00,2024-09-23 20:25:00+00:00,assumed_kickoff_plus_24h,2024_01_DAL_CLE;2024_02_NO_DAL;2024_03_BAL_DAL,1.0,0.04838709677419355,8.0,0.19672131147540983,0.8169014084507042,0.0,0.6666666666666666,0.6666666666666666
2024_04_DAL_NYG,Jalen Tolbert,WR,DAL,NYG,2024-09-26 23:15:00+00:00,2024-09-22 20:25:00+00:00,2024-09-22 20:25:00+00:00,2024-09-22 17:00:00+00:00,2024-09-23 20:25:00+00:00,assumed_kickoff_plus_24h,2024_01_DAL_CLE;2024_02_NO_DAL;2024_03_BAL_DAL,0.0,0.0,5.333333333333333,0.13114754098360656,0.7605633802816901,0.0,0.6666666666666666,0.6666666666666666
2024_04_DAL_NYG,KaVontae Turpin,WR,DAL,NYG,2024-09-26 23:15:00+00:00,2024-09-22 20:25:00+00:00,2024-09-22 20:25:00+00:00,2024-09-22 17:00:00+00:00,2024-09-23 20:25:00+00:00,assumed_kickoff_plus_24h,2024_01_DAL_CLE;2024_02_NO_DAL;2024_03_BAL_DAL,0.6666666666666666,0.03225806451612903,2.6666666666666665,0.06557377049180328,0.20187793427230047,0.0,0.3333333333333333,0.3333333333333333
2024_04_DAL_NYG,Jake Ferguson,TE,DAL,NYG,2024-09-26 23:15:00+00:00,2024-09-22 20:25:00+00:00,2024-09-22 20:25:00+00:00,2024-09-22 17:00:00+00:00,2024-09-23 20:25:00+00:00,assumed_kickoff_plus_24h,2024_01_DAL_CLE;2024_03_BAL_DAL,0.0,0.0,8.0,0.19753086419753085,0.6433566433566433,0.0,0.5,0.5
2024_04_DAL_NYG,Luke Schoonmaker,TE,DAL,NYG,2024-09-26 23:15:00+00:00,2024-09-22 20:25:00+00:00,2024-09-22 20:25:00+00:00,2024-09-22 17:00:00+00:00,2024-09-23 20:25:00+00:00,assumed_kickoff_plus_24h,2024_02_NO_DAL;2024_03_BAL_DAL,0.0,0.0,4.0,0.08791208791208792,0.35333333333333333,0.0,0.5,0.5
2024_04_DAL_NYG,Deuce Vaughn,RB,DAL,NYG,2024-09-26 23:15:00+00:00,2024-09-22 20:25:00+00:00,2024-09-22 20:25:00+00:00,2024-09-22 17:00:00+00:00,2024-09-23 20:25:00+00:00,assumed_kickoff_plus_24h,2024_01_DAL_CLE;2024_02_NO_DAL;2024_03_BAL_DAL,2.3333333333333335,0.11290322580645161,1.0,0.02459016393442623,0.07981220657276995,0.3333333333333333,0.0,0.0
2024_04_DAL_NYG,Jalen Brooks,WR,DAL,NYG,2024-09-26 23:15:00+00:00,2024-09-22 20:25:00+00:00,2024-09-22 20:25:00+00:00,2024-09-22 17:00:00+00:00,2024-09-23 20:25:00+00:00,assumed_kickoff_plus_24h,2024_01_DAL_CLE;2024_02_NO_DAL;2024_03_BAL_DAL,0.0,0.0,2.3333333333333335,0.05737704918032787,0.2535211267605634,0.0,0.0,0.0
2024_04_DAL_NYG,Hunter Luepke,RB,DAL,NYG,2024-09-26 23:15:00+00:00,2024-09-22 20:25:00+00:00,2024-09-22 20:25:00+00:00,2024-09-22 17:00:00+00:00,2024-09-23 20:25:00+00:00,assumed_kickoff_plus_24h,2024_01_DAL_CLE;2024_03_BAL_DAL,0.0,0.0,2.5,0.06172839506172839,0.34965034965034963,0.0,0.0,0.0
2024_04_DAL_NYG,Brevyn Spann-Ford,TE,DAL,NYG,2024-09-26 23:15:00+00:00,2024-09-22 20:25:00+00:00,2024-09-22 20:25:00+00:00,2024-09-22 17:00:00+00:00,2024-09-23 20:25:00+00:00,assumed_kickoff_plus_24h,2024_02_NO_DAL;2024_03_BAL_DAL,0.0,0.0,0.5,0.01098901098901099,0.20666666666666667,0.0,0.5,0.0
2024_04_DAL_NYG,Chris Manhertz,TE,NYG,DAL,2024-09-26 23:15:00+00:00,2024-09-22 17:00:00+00:00,2024-09-22 17:00:00+00:00,2024-09-22 20:25:00+00:00,2024-09-23 20:25:00+00:00,assumed_kickoff_plus_24h,2024_02_NYG_WAS;2024_03_NYG_CLE,0.0,0.0,0.0,0.0,0.4140625,0.0,0.0,0.0
2024_04_DAL_NYG,Devin Singletary,RB,NYG,DAL,2024-09-26 23:15:00+00:00,2024-09-22 17:00:00+00:00,2024-09-22 17:00:00+00:00,2024-09-22 20:25:00+00:00,2024-09-23 20:25:00+00:00,assumed_kickoff_plus_24h,2024_01_MIN_NYG;2024_02_NYG_WAS;2024_03_NYG_CLE,14.0,0.56,3.3333333333333335,0.10204081632653061,0.7185929648241206,2.3333333333333335,0.0,0.0
2024_04_DAL_NYG,Darius Slayton,WR,NYG,DAL,2024-09-26 23:15:00+00:00,2024-09-22 17:00:00+00:00,2024-09-22 17:00:00+00:00,2024-09-22 20:25:00+00:00,2024-09-23 20:25:00+00:00,assumed_kickoff_plus_24h,2024_01_MIN_NYG;2024_02_NYG_WAS;2024_03_NYG_CLE,0.0,0.0,3.3333333333333335,0.10204081632653061,0.7989949748743719,0.0,0.3333333333333333,0.3333333333333333
2024_04_DAL_NYG,Daniel Jones,QB,NYG,DAL,2024-09-26 23:15:00+00:00,2024-09-22 17:00:00+00:00,2024-09-22 17:00:00+00:00,2024-09-22 20:25:00+00:00,2024-09-23 20:25:00+00:00,assumed_kickoff_plus_24h,2024_01_MIN_NYG;2024_02_NYG_WAS;2024_03_NYG_CLE,6.333333333333333,0.25333333333333335,0.0,0.0,1.0,1.6666666666666667,0.0,0.0
2024_04_DAL_NYG,Jakob Johnson,RB,NYG,DAL,2024-09-26 23:15:00+00:00,2024-09-22 17:00:00+00:00,2024-09-22 17:00:00+00:00,2024-09-22 20:25:00+00:00,2024-09-23 20:25:00+00:00,assumed_kickoff_plus_24h,2024_03_NYG_CLE,0.0,0.0,0.0,0.0,0.027777777777777776,0.0,0.0,0.0
2024_04_DAL_NYG,Ihmir Smith-Marsette,WR,NYG,DAL,2024-09-26 23:15:00+00:00,2024-09-22 17:00:00+00:00,2024-09-22 17:00:00+00:00,2024-09-22 20:25:00+00:00,2024-09-23 20:25:00+00:00,assumed_kickoff_plus_24h,2024_03_NYG_CLE,0.0,0.0,0.0,0.0,0.0,0.0,0.0,0.0
2024_04_DAL_NYG,Daniel Bellinger,TE,NYG,DAL,2024-09-26 23:15:00+00:00,2024-09-22 17:00:00+00:00,2024-09-22 17:00:00+00:00,2024-09-22 20:25:00+00:00,2024-09-23 20:25:00+00:00,assumed_kickoff_plus_24h,2024_01_MIN_NYG;2024_03_NYG_CLE,0.0,0.0,1.0,0.028169014084507043,0.2937062937062937,0.0,0.5,0.0
2024_04_DAL_NYG,Wan'Dale Robinson,WR,NYG,DAL,2024-09-26 23:15:00+00:00,2024-09-22 17:00:00+00:00,2024-09-22 17:00:00+00:00,2024-09-22 20:25:00+00:00,2024-09-23 20:25:00+00:00,assumed_kickoff_plus_24h,2024_01_MIN_NYG;2024_02_NYG_WAS;2024_03_NYG_CLE,0.3333333333333333,0.013333333333333334,8.0,0.24489795918367346,0.6331658291457286,0.0,1.6666666666666667,0.3333333333333333
2024_04_DAL_NYG,Eric Gray,RB,NYG,DAL,2024-09-26 23:15:00+00:00,2024-09-22 17:00:00+00:00,2024-09-22 17:00:00+00:00,2024-09-22 20:25:00+00:00,2024-09-23 20:25:00+00:00,assumed_kickoff_plus_24h,2024_01_MIN_NYG;2024_02_NYG_WAS;2024_03_NYG_CLE,1.0,0.04,0.3333333333333333,0.01020408163265306,0.05025125628140704,0.6666666666666666,0.0,0.0
2024_04_DAL_NYG,Bryce Ford-Wheaton,WR,NYG,DAL,2024-09-26 23:15:00+00:00,2024-09-22 17:00:00+00:00,2024-09-22 17:00:00+00:00,2024-09-22 20:25:00+00:00,2024-09-23 20:25:00+00:00,assumed_kickoff_plus_24h,2024_03_NYG_CLE,0.0,0.0,0.0,0.0,0.0,0.0,0.0,0.0
2024_04_DAL_NYG,Jalin Hyatt,WR,NYG,DAL,2024-09-26 23:15:00+00:00,2024-09-22 17:00:00+00:00,2024-09-22 17:00:00+00:00,2024-09-22 20:25:00+00:00,2024-09-23 20:25:00+00:00,assumed_kickoff_plus_24h,2024_01_MIN_NYG;2024_03_NYG_CLE,0.0,0.0,1.0,0.028169014084507043,0.18181818181818182,0.0,0.0,0.0
2024_04_DAL_NYG,Malik Nabers,WR,NYG,DAL,2024-09-26 23:15:00+00:00,2024-09-22 17:00:00+00:00,2024-09-22 17:00:00+00:00,2024-09-22 20:25:00+00:00,2024-09-23 20:25:00+00:00,assumed_kickoff_plus_24h,2024_01_MIN_NYG;2024_02_NYG_WAS;2024_03_NYG_CLE,0.6666666666666666,0.02666666666666667,12.333333333333334,0.37755102040816324,0.914572864321608,0.0,1.6666666666666667,1.3333333333333333
2024_04_DAL_NYG,Tyrone Tracy Jr.,RB,NYG,DAL,2024-09-26 23:15:00+00:00,2024-09-22 17:00:00+00:00,2024-09-22 17:00:00+00:00,2024-09-22 20:25:00+00:00,2024-09-23 20:25:00+00:00,assumed_kickoff_plus_24h,2024_01_MIN_NYG;2024_02_NYG_WAS;2024_03_NYG_CLE,2.6666666666666665,0.10666666666666667,1.6666666666666667,0.05102040816326531,0.24623115577889448,0.0,0.3333333333333333,0.0
2024_04_DAL_NYG,Theo Johnson,TE,NYG,DAL,2024-09-26 23:15:00+00:00,2024-09-22 17:00:00+00:00,2024-09-22 17:00:00+00:00,2024-09-22 20:25:00+00:00,2024-09-23 20:25:00+00:00,assumed_kickoff_plus_24h,2024_01_MIN_NYG;2024_03_NYG_CLE,0.0,0.0,3.5,0.09859154929577464,0.8321678321678322,0.0,0.5,0.5
2024_04_CIN_CAR,Andy Dalton,QB,CAR,CIN,2024-09-29 16:00:00+00:00,2024-09-22 20:05:00+00:00,2024-09-22 20:05:00+00:00,2024-09-24 00:15:00+00:00,2024-09-25 00:15:00+00:00,assumed_kickoff_plus_24h,2024_01_CAR_NO;2024_03_CAR_LV,1.0,0.0392156862745098,0.0,0.0,0.5939849624060151,0.0,0.0,0.0
2024_04_CIN_CAR,Adam Thielen,WR,CAR,CIN,2024-09-29 16:00:00+00:00,2024-09-22 20:05:00+00:00,2024-09-22 20:05:00+00:00,2024-09-24 00:15:00+00:00,2024-09-25 00:15:00+00:00,assumed_kickoff_plus_24h,2024_01_CAR_NO;2024_02_LAC_CAR;2024_03_CAR_LV,0.0,0.0,4.0,0.13043478260869565,0.6022099447513812,0.0,0.0,0.3333333333333333
2024_04_CIN_CAR,Jordan Matthews,TE,CAR,CIN,2024-09-29 16:00:00+00:00,2024-09-08 17:00:00+00:00,2024-09-22 20:05:00+00:00,2024-09-24 00:15:00+00:00,2024-09-25 00:15:00+00:00,assumed_kickoff_plus_24h,2024_01_CAR_NO,0.0,0.0,1.0,0.034482758620689655,0.3389830508474576,0.0,0.0,0.0
2024_04_CIN_CAR,David Moore,WR,CAR,CIN,2024-09-29 16:00:00+00:00,2024-09-15 17:00:00+00:00,2024-09-22 20:05:00+00:00,2024-09-24 00:15:00+00:00,2024-09-25 00:15:00+00:00,assumed_kickoff_plus_24h,2024_01_CAR_NO;2024_02_LAC_CAR,0.0,0.0,2.0,0.07272727272727272,0.19626168224299065,0.0,0.5,0.5
2024_04_CIN_CAR,Mike Boone,RB,CAR,CIN,2024-09-29 16:00:00+00:00,2024-09-08 17:00:00+00:00,2024-09-22 20:05:00+00:00,2024-09-24 00:15:00+00:00,2024-09-25 00:15:00+00:00,assumed_kickoff_plus_24h,2024_01_CAR_NO,4.0,0.2,0.0,0.0,0.0847457627118644,0.0,0.0,0.0
2024_04_CIN_CAR,Diontae Johnson,WR,CAR,CIN,2024-09-29 16:00:00+00:00,2024-09-22 20:05:00+00:00,2024-09-22 20:05:00+00:00,2024-09-24 00:15:00+00:00,2024-09-25 00:15:00+00:00,assumed_kickoff_plus_24h,2024_01_CAR_NO;2024_02_LAC_CAR;2024_03_CAR_LV,0.0,0.0,8.666666666666666,0.2826086956521739,0.7845303867403315,0.0,2.3333333333333335,2.0
2024_04_CIN_CAR,Miles Sanders,RB,CAR,CIN,2024-09-29 16:00:00+00:00,2024-09-22 20:05:00+00:00,2024-09-22 20:05:00+00:00,2024-09-24 00:15:00+00:00,2024-09-25 00:15:00+00:00,assumed_kickoff_plus_24h,2024_01_CAR_NO;2024_02_LAC_CAR;2024_03_CAR_LV,6.333333333333333,0.2753623188405797,2.3333333333333335,0.07608695652173914,0.40331491712707185,0.6666666666666666,0.0,0.0
2024_04_CIN_CAR,Chuba Hubbard,RB,CAR,CIN,2024-09-29 16:00:00+00:00,2024-09-22 20:05:00+00:00,2024-09-22 20:05:00+00:00,2024-09-24 00:15:00+00:00,2024-09-25 00:15:00+00:00,assumed_kickoff_plus_24h,2024_01_CAR_NO;2024_02_LAC_CAR;2024_03_CAR_LV,12.333333333333334,0.5362318840579711,3.3333333333333335,0.10869565217391304,0.569060773480663,1.0,0.6666666666666666,0.0
2024_04_CIN_CAR,Feleipe Franks,TE,CAR,CIN,2024-09-29 16:00:00+00:00,2024-09-15 17:00:00+00:00,2024-09-22 20:05:00+00:00,2024-09-24 00:15:00+00:00,2024-09-25 00:15:00+00:00,assumed_kickoff_plus_24h,2024_01_CAR_NO;2024_02_LAC_CAR,0.0,0.0,0.0,0.0,0.037383177570093455,0.0,0.0,0.0
2024_04_CIN_CAR,Tommy Tremble,TE,CAR,CIN,2024-09-29 16:00:00+00:00,2024-09-22 20:05:00+00:00,2024-09-22 20:05:00+00:00,2024-09-24 00:15:00+00:00,2024-09-25 00:15:00+00:00,assumed_kickoff_plus_24h,2024_02_LAC_CAR;2024_03_CAR_LV,0.0,0.0,3.5,0.1111111111111111,0.7049180327868853,0.0,0.0,0.0
2024_04_CIN_CAR,Raheem Blackshear,RB,CAR,CIN,2024-09-29 16:00:00+00:00,2024-09-22 20:05:00+00:00,2024-09-22 20:05:00+00:00,2024-09-24 00:15:00+00:00,2024-09-25 00:15:00+00:00,assumed_kickoff_plus_24h,2024_01_CAR_NO;2024_02_LAC_CAR;2024_03_CAR_LV,0.0,0.0,0.0,0.0,0.011049723756906077,0.0,0.0,0.0
2024_04_CIN_CAR,Jonathan Mingo,WR,CAR,CIN,2024-09-29 16:00:00+00:00,2024-09-22 20:05:00+00:00,2024-09-22 20:05:00+00:00,2024-09-24 00:15:00+00:00,2024-09-25 00:15:00+00:00,assumed_kickoff_plus_24h,2024_01_CAR_NO;2024_02_LAC_CAR;2024_03_CAR_LV,0.6666666666666666,0.028985507246376812,3.6666666666666665,0.11956521739130435,0.6187845303867403,0.0,0.0,0.0
2024_04_CIN_CAR,Bryce Young,QB,CAR,CIN,2024-09-29 16:00:00+00:00,2024-09-15 17:00:00+00:00,2024-09-22 20:05:00+00:00,2024-09-24 00:15:00+00:00,2024-09-25 00:15:00+00:00,assumed_kickoff_plus_24h,2024_01_CAR_NO;2024_02_LAC_CAR,2.5,0.13157894736842105,0.0,0.0,0.9532710280373832,0.5,0.0,0.0
2024_04_CIN_CAR,Xavier Legette,WR,CAR,CIN,2024-09-29 16:00:00+00:00,2024-09-22 20:05:00+00:00,2024-09-22 20:05:00+00:00,2024-09-24 00:15:00+00:00,2024-09-25 00:15:00+00:00,assumed_kickoff_plus_24h,2024_01_CAR_NO;2024_03_CAR_LV,0.0,0.0,5.0,0.15151515151515152,0.5939849624060151,0.0,1.0,1.0
2024_04_CIN_CAR,Ja'Tavion Sanders,TE,CAR,CIN,2024-09-29 16:00:00+00:00,2024-09-22 20:05:00+00:00,2024-09-22 20:05:00+00:00,2024-09-24 00:15:00+00:00,2024-09-25 00:15:00+00:00,assumed_kickoff_plus_24h,2024_01_CAR_NO;2024_02_LAC_CAR;2024_03_CAR_LV,0.0,0.0,1.3333333333333333,0.043478260869565216,0.5138121546961326,0.0,0.0,0.0
2024_04_CIN_CAR,Tanner Hudson,TE,CIN,CAR,2024-09-29 16:00:00+00:00,2024-09-08 17:00:00+00:00,2024-09-24 00:15:00+00:00,2024-09-22 20:05:00+00:00,2024-09-25 00:15:00+00:00,assumed_kickoff_plus_24h,2024_01_NE_CIN,0.0,0.0,3.0,0.10344827586206896,0.17647058823529413,0.0,1.0,0.0
2024_04_CIN_CAR,Mike Gesicki,TE,CIN,CAR,2024-09-29 16:00:00+00:00,2024-09-24 00:15:00+00:00,2024-09-24 00:15:00+00:00,2024-09-22 20:05:00+00:00,2024-09-25 00:15:00+00:00,assumed_kickoff_plus_24h,2024_01_NE_CIN;2024_02_CIN_KC;2024_03_WAS_CIN,0.0,0.0,6.0,0.1782178217821782,0.4463276836158192,0.0,0.6666666666666666,0.6666666666666666
2024_04_CIN_CAR,Trayveon Williams,RB,CIN,CAR,2024-09-29 16:00:00+00:00,2024-09-24 00:15:00+00:00,2024-09-24 00:15:00+00:00,2024-09-22 20:05:00+00:00,2024-09-25 00:15:00+00:00,assumed_kickoff_plus_24h,2024_02_CIN_KC;2024_03_WAS_CIN,0.0,0.0,0.0,0.0,0.0,0.0,0.0,0.0
2024_04_CIN_CAR,Trenton Irwin,WR,CIN,CAR,2024-09-29 16:00:00+00:00,2024-09-15 20:25:00+00:00,2024-09-24 00:15:00+00:00,2024-09-22 20:05:00+00:00,2024-09-25 00:15:00+00:00,assumed_kickoff_plus_24h,2024_01_NE_CIN;2024_02_CIN_KC,0.0,0.0,4.0,0.12698412698412698,0.591304347826087,0.0,2.5,2.5
2024_04_CIN_CAR,Drew Sample,TE,CIN,CAR,2024-09-29 16:00:00+00:00,2024-09-15 20:25:00+00:00,2024-09-24 00:15:00+00:00,2024-09-22 20:05:00+00:00,2024-09-25 00:15:00+00:00,assumed_kickoff_plus_24h,2024_02_CIN_KC,0.0,0.0,3.0,0.08823529411764706,0.515625,0.0,0.0,0.0
2024_04_CIN_CAR,Zack Moss,RB,CIN,CAR,2024-09-29 16:00:00+00:00,2024-09-24 00:15:00+00:00,2024-09-24 00:15:00+00:00,2024-09-22 20:05:00+00:00,2024-09-25 00:15:00+00:00,assumed_kickoff_plus_24h,2024_01_NE_CIN;2024_02_CIN_KC;2024_03_WAS_CIN,11.0,0.5689655172413793,3.6666666666666665,0.10891089108910891,0.7401129943502824,3.6666666666666665,0.3333333333333333,0.0
2024_04_CIN_CAR,Tee Higgins,WR,CIN,CAR,2024-09-29 16:00:00+00:00,2024-09-24 00:15:00+00:00,2024-09-24 00:15:00+00:00,2024-09-22 20:05:00+00:00,2024-09-25 00:15:00+00:00,assumed_kickoff_plus_24h,2024_03_WAS_CIN,0.0,0.0,6.0,0.15789473684210525,0.9032258064516129,0.0,2.0,2.0
2024_04_CIN_CAR,Joe Burrow,QB,CIN,CAR,2024-09-29 16:00:00+00:00,2024-09-24 00:15:00+00:00,2024-09-24 00:15:00+00:00,2024-09-22 20:05:00+00:00,2024-09-25 00:15:00+00:00,assumed_kickoff_plus_24h,2024_01_NE_CIN;2024_02_CIN_KC;2024_03_WAS_CIN,3.6666666666666665,0.1896551724137931,0.0,0.0,1.0,1.0,0.0,0.0
2024_04_CIN_CAR,Ja'Marr Chase,WR,CIN,CAR,2024-09-29 16:00:00+00:00,2024-09-24 00:15:00+00:00,2024-09-24 00:15:00+00:00,2024-09-22 20:05:00+00:00,2024-09-25 00:15:00+00:00,assumed_kickoff_plus_24h,2024_01_NE_CIN;2024_02_CIN_KC;2024_03_WAS_CIN,0.0,0.0,6.0,0.1782178217821782,0.9209039548022598,0.0,1.0,0.3333333333333333
2024_04_CIN_CAR,Charlie Jones,WR,CIN,CAR,2024-09-29 16:00:00+00:00,2024-09-15 20:25:00+00:00,2024-09-24 00:15:00+00:00,2024-09-22 20:05:00+00:00,2024-09-25 00:15:00+00:00,assumed_kickoff_plus_24h,2024_01_NE_CIN;2024_02_CIN_KC,0.0,0.0,0.5,0.015873015873015872,0.08695652173913043,0.0,0.0,0.0
2024_04_CIN_CAR,Chase Brown,RB,CIN,CAR,2024-09-29 16:00:00+00:00,2024-09-24 00:15:00+00:00,2024-09-24 00:15:00+00:00,2024-09-22 20:05:00+00:00,2024-09-25 00:15:00+00:00,assumed_kickoff_plus_24h,2024_01_NE_CIN;2024_02_CIN_KC;2024_03_WAS_CIN,4.666666666666667,0.2413793103448276,2.0,0.0594059405940594,0.2542372881355932,0.6666666666666666,0.0,0.0
2024_04_CIN_CAR,Andrei Iosivas,WR,CIN,CAR,2024-09-29 16:00:00+00:00,2024-09-24 00:15:00+00:00,2024-09-24 00:15:00+00:00,2024-09-22 20:05:00+00:00,2024-09-25 00:15:00+00:00,assumed_kickoff_plus_24h,2024_01_NE_CIN;2024_02_CIN_KC;2024_03_WAS_CIN,0.0,0.0,5.666666666666667,0.16831683168316833,0.8361581920903954,0.0,1.3333333333333333,1.3333333333333333
2024_04_CIN_CAR,Jermaine Burton,WR,CIN,CAR,2024-09-29 16:00:00+00:00,2024-09-15 20:25:00+00:00,2024-09-24 00:15:00+00:00,2024-09-22 20:05:00+00:00,2024-09-25 00:15:00+00:00,assumed_kickoff_plus_24h,2024_02_CIN_KC,0.0,0.0,2.0,0.058823529411764705,0.15625,0.0,0.0,0.0
2024_04_CIN_CAR,Erick All,TE,CIN,CAR,2024-09-29 16:00:00+00:00,2024-09-24 00:15:00+00:00,2024-09-24 00:15:00+00:00,2024-09-22 20:05:00+00:00,2024-09-25 00:15:00+00:00,assumed_kickoff_plus_24h,2024_02_CIN_KC;2024_03_WAS_CIN,0.0,0.0,4.0,0.1111111111111111,0.42857142857142855,0.0,0.0,0.0
2024_04_DEN_NYJ,Josh Reynolds,WR,DEN,NYJ,2024-09-29 16:00:00+00:00,2024-09-22 17:00:00+00:00,2024-09-22 17:00:00+00:00,2024-09-20 00:15:00+00:00,2024-09-23 17:00:00+00:00,assumed_kickoff_plus_24h,2024_01_DEN_SEA;2024_02_PIT_DEN;2024_03_DEN_TB,0.0,0.0,5.0,0.13761467889908258,0.6616161616161617,0.0,0.3333333333333333,0.0
2024_04_DEN_NYJ,Courtland Sutton,WR,DEN,NYJ,2024-09-29 16:00:00+00:00,2024-09-22 17:00:00+00:00,2024-09-22 17:00:00+00:00,2024-09-20 00:15:00+00:00,2024-09-23 17:00:00+00:00,assumed_kickoff_plus_24h,2024_01_DEN_SEA;2024_02_PIT_DEN;2024_03_DEN_TB,0.0,0.0,9.0,0.24770642201834864,0.8434343434343434,0.0,2.0,1.3333333333333333
2024_04_DEN_NYJ,Lil'Jordan Humphrey,WR,DEN,NYJ,2024-09-29 16:00:00+00:00,2024-09-22 17:00:00+00:00,2024-09-22 17:00:00+00:00,2024-09-20 00:15:00+00:00,2024-09-23 17:00:00+00:00,assumed_kickoff_plus_24h,2024_01_DEN_SEA;2024_02_PIT_DEN;2024_03_DEN_TB,0.0,0.0,4.666666666666667,0.12844036697247707,0.5959595959595959,0.0,0.0,0.0
2024_04_DEN_NYJ,Adam Trautman,TE,DEN,NYJ,2024-09-29 16:00:00+00:00,2024-09-22 17:00:00+00:00,2024-09-22 17:00:00+00:00,2024-09-20 00:15:00+00:00,2024-09-23 17:00:00+00:00,assumed_kickoff_plus_24h,2024_01_DEN_SEA;2024_03_DEN_TB,0.0,0.0,1.0,0.02631578947368421,0.5109489051094891,0.0,0.0,0.0
2024_04_DEN_NYJ,Javonte Williams,RB,DEN,NYJ,2024-09-29 16:00:00+00:00,2024-09-22 17:00:00+00:00,2024-09-22 17:00:00+00:00,2024-09-20 00:15:00+00:00,2024-09-23 17:00:00+00:00,assumed_kickoff_plus_24h,2024_01_DEN_SEA;2024_02_PIT_DEN;2024_03_DEN_TB,8.0,0.3333333333333333,3.6666666666666665,0.10091743119266056,0.5606060606060606,2.3333333333333335,0.6666666666666666,0.0
2024_04_DEN_NYJ,Tyler Badie,RB,DEN,NYJ,2024-09-29 16:00:00+00:00,2024-09-22 17:00:00+00:00,2024-09-22 17:00:00+00:00,2024-09-20 00:15:00+00:00,2024-09-23 17:00:00+00:00,assumed_kickoff_plus_24h,2024_02_PIT_DEN;2024_03_DEN_TB,5.0,0.2127659574468085,0.5,0.014925373134328358,0.12403100775193798,0.0,0.5,0.0
2024_04_DEN_NYJ,Greg Dulcich,TE,DEN,NYJ,2024-09-29 16:00:00+00:00,2024-09-15 20:25:00+00:00,2024-09-22 17:00:00+00:00,2024-09-20 00:15:00+00:00,2024-09-23 17:00:00+00:00,assumed_kickoff_plus_24h,2024_01_DEN_SEA;2024_02_PIT_DEN,0.0,0.0,5.5,0.14666666666666667,0.6076923076923076,0.0,0.5,0.0
2024_04_DEN_NYJ,Nate Adkins,TE,DEN,NYJ,2024-09-29 16:00:00+00:00,2024-09-22 17:00:00+00:00,2024-09-22 17:00:00+00:00,2024-09-20 00:15:00+00:00,2024-09-23 17:00:00+00:00,assumed_kickoff_plus_24h,2024_02_PIT_DEN;2024_03_DEN_TB,0.0,0.0,1.0,0.029850746268656716,0.2868217054263566,0.0,0.0,0.0
2024_04_DEN_NYJ,Jaleel McLaughlin,RB,DEN,NYJ,2024-09-29 16:00:00+00:00,2024-09-22 17:00:00+00:00,2024-09-22 17:00:00+00:00,2024-09-20 00:15:00+00:00,2024-09-23 17:00:00+00:00,assumed_kickoff_plus_24h,2024_01_DEN_SEA;2024_02_PIT_DEN;2024_03_DEN_TB,6.0,0.25,2.0,0.05504587155963303,0.29797979797979796,1.0,0.3333333333333333,0.0
2024_04_DEN_NYJ,Marvin Mims Jr.,WR,DEN,NYJ,2024-09-29 16:00:00+00:00,2024-09-22 17:00:00+00:00,2024-09-22 17:00:00+00:00,2024-09-20 00:15:00+00:00,2024-09-23 17:00:00+00:00,assumed_kickoff_plus_24h,2024_01_DEN_SEA;2024_02_PIT_DEN;2024_03_DEN_TB,0.0,0.0,1.3333333333333333,0.03669724770642202,0.18686868686868688,0.0,0.0,0.0
2024_04_DEN_NYJ,Audric Estimé,RB,DEN,NYJ,2024-09-29 16:00:00+00:00,2024-09-08 20:05:00+00:00,2024-09-22 17:00:00+00:00,2024-09-20 00:15:00+00:00,2024-09-23 17:00:00+00:00,assumed_kickoff_plus_24h,2024_01_DEN_SEA,2.0,0.08,0.0,0.0,0.043478260869565216,0.0,0.0,0.0
2024_04_DEN_NYJ,Devaughn Vele,WR,DEN,NYJ,2024-09-29 16:00:00+00:00,2024-09-08 20:05:00+00:00,2024-09-22 17:00:00+00:00,2024-09-20 00:15:00+00:00,2024-09-23 17:00:00+00:00,assumed_kickoff_plus_24h,2024_01_DEN_SEA,0.0,0.0,8.0,0.19047619047619047,0.4927536231884058,0.0,0.0,0.0
2024_04_DEN_NYJ,Bo Nix,QB,DEN,NYJ,2024-09-29 16:00:00+00:00,2024-09-22 17:00:00+00:00,2024-09-22 17:00:00+00:00,2024-09-20 00:15:00+00:00,2024-09-23 17:00:00+00:00,assumed_kickoff_plus_24h,2024_01_DEN_SEA;2024_02_PIT_DEN;2024_03_DEN_TB,6.0,0.25,0.0,0.0,1.0,1.3333333333333333,0.0,0.0
2024_04_DEN_NYJ,Troy Franklin,WR,DEN,NYJ,2024-09-29 16:00:00+00:00,2024-09-22 17:00:00+00:00,2024-09-22 17:00:00+00:00,2024-09-20 00:15:00+00:00,2024-09-23 17:00:00+00:00,assumed_kickoff_plus_24h,2024_02_PIT_DEN;2024_03_DEN_TB,0.0,0.0,3.0,0.08955223880597014,0.2248062015503876,0.0,1.0,0.0
2024_04_DEN_NYJ,Aaron Rodgers,QB,NYJ,DEN,2024-09-29 16:00:00+00:00,2024-09-20 00:15:00+00:00,2024-09-20 00:15:00+00:00,2024-09-22 17:00:00+00:00,2024-09-23 17:00:00+00:00,assumed_kickoff_plus_24h,2024_01_NYJ_SF;2024_02_NYJ_TEN;2024_03_NE_NYJ,2.0,0.07894736842105263,0.0,0.0,0.9281767955801105,0.3333333333333333,0.0,0.0
2024_04_DEN_NYJ,Tyrod Taylor,QB,NYJ,DEN,2024-09-29 16:00:00+00:00,2024-09-10 00:15:00+00:00,2024-09-20 00:15:00+00:00,2024-09-22 17:00:00+00:00,2024-09-23 17:00:00+00:00,assumed_kickoff_plus_24h,2024_01_NYJ_SF,1.0,0.05263157894736842,0.0,0.0,0.2549019607843137,1.0,0.0,0.0
2024_04_DEN_NYJ,Mike Williams,WR,NYJ,DEN,2024-09-29 16:00:00+00:00,2024-09-20 00:15:00+00:00,2024-09-20 00:15:00+00:00,2024-09-22 17:00:00+00:00,2024-09-23 17:00:00+00:00,assumed_kickoff_plus_24h,2024_02_NYJ_TEN;2024_03_NE_NYJ,0.0,0.0,2.5,0.07936507936507936,0.5384615384615384,0.0,0.5,0.5
2024_04_DEN_NYJ,Tyler Conklin,TE,NYJ,DEN,2024-09-29 16:00:00+00:00,2024-09-20 00:15:00+00:00,2024-09-20 00:15:00+00:00,2024-09-22 17:00:00+00:00,2024-09-23 17:00:00+00:00,assumed_kickoff_plus_24h,2024_01_NYJ_SF;2024_02_NYJ_TEN;2024_03_NE_NYJ,0.0,0.0,3.3333333333333335,0.10869565217391304,0.9171270718232044,0.0,0.3333333333333333,0.3333333333333333
2024_04_DEN_NYJ,Allen Lazard,WR,NYJ,DEN,2024-09-29 16:00:00+00:00,2024-09-20 00:15:00+00:00,2024-09-20 00:15:00+00:00,2024-09-22 17:00:00+00:00,2024-09-23 17:00:00+00:00,assumed_kickoff_plus_24h,2024_01_NYJ_SF;2024_02_NYJ_TEN;2024_03_NE_NYJ,0.0,0.0,5.333333333333333,0.17391304347826086,0.8784530386740331,0.0,1.6666666666666667,0.3333333333333333
2024_04_DEN_NYJ,Irvin Charles,WR,NYJ,DEN,2024-09-29 16:00:00+00:00,2024-09-20 00:15:00+00:00,2024-09-20 00:15:00+00:00,2024-09-22 17:00:00+00:00,2024-09-23 17:00:00+00:00,assumed_kickoff_plus_24h,2024_02_NYJ_TEN;2024_03_NE_NYJ,0.0,0.0,0.0,0.0,0.0,0.0,0.0,0.0
2024_04_DEN_NYJ,Garrett Wilson,WR,NYJ,DEN,2024-09-29 16:00:00+00:00,2024-09-20 00:15:00+00:00,2024-09-20 00:15:00+00:00,2024-09-22 17:00:00+00:00,2024-09-23 17:00:00+00:00,assumed_kickoff_plus_24h,2024_01_NYJ_SF;2024_02_NYJ_TEN;2024_03_NE_NYJ,0.3333333333333333,0.013157894736842105,8.666666666666666,0.2826086956521739,0.9281767955801105,0.0,1.6666666666666667,0.3333333333333333
2024_04_DEN_NYJ,Jeremy Ruckert,TE,NYJ,DEN,2024-09-29 16:00:00+00:00,2024-09-20 00:15:00+00:00,2024-09-20 00:15:00+00:00,2024-09-22 17:00:00+00:00,2024-09-23 17:00:00+00:00,assumed_kickoff_plus_24h,2024_02_NYJ_TEN;2024_03_NE_NYJ,0.0,0.0,2.5,0.07936507936507936,0.4153846153846154,0.0,0.5,0.5
2024_04_DEN_NYJ,Breece Hall,RB,NYJ,DEN,2024-09-29 16:00:00+00:00,2024-09-20 00:15:00+00:00,2024-09-20 00:15:00+00:00,2024-09-22 17:00:00+00:00,2024-09-23 17:00:00+00:00,assumed_kickoff_plus_24h,2024_01_NYJ_SF;2024_02_NYJ_TEN;2024_03_NE_NYJ,15.333333333333334,0.6052631578947368,6.333333333333333,0.20652173913043478,0.7458563535911602,1.3333333333333333,0.3333333333333333,0.3333333333333333
2024_04_DEN_NYJ,Xavier Gipson,WR,NYJ,DEN,2024-09-29 16:00:00+00:00,2024-09-20 00:15:00+00:00,2024-09-20 00:15:00+00:00,2024-09-22 17:00:00+00:00,2024-09-23 17:00:00+00:00,assumed_kickoff_plus_24h,2024_01_NYJ_SF;2024_02_NYJ_TEN;2024_03_NE_NYJ,0.0,0.0,0.6666666666666666,0.021739130434782608,0.281767955801105,0.0,0.0,0.0
2024_04_DEN_NYJ,Braelon Allen,RB,NYJ,DEN,2024-09-29 16:00:00+00:00,2024-09-20 00:15:00+00:00,2024-09-20 00:15:00+00:00,2024-09-22 17:00:00+00:00,2024-09-23 17:00:00+00:00,assumed_kickoff_plus_24h,2024_01_NYJ_SF;2024_02_NYJ_TEN;2024_03_NE_NYJ,6.333333333333333,0.25,2.6666666666666665,0.08695652173913043,0.287292817679558,0.6666666666666666,0.3333333333333333,0.0
2024_04_DEN_NYJ,Isaiah Davis,RB,NYJ,DEN,2024-09-29 16:00:00+00:00,2024-09-20 00:15:00+00:00,2024-09-20 00:15:00+00:00,2024-09-22 17:00:00+00:00,2024-09-23 17:00:00+00:00,assumed_kickoff_plus_24h,2024_03_NE_NYJ,3.0,0.09090909090909091,0.0,0.0,0.0410958904109589,0.0,0.0,0.0
2024_04_DEN_NYJ,Malachi Corley,WR,NYJ,DEN,2024-09-29 16:00:00+00:00,2024-09-15 17:00:00+00:00,2024-09-20 00:15:00+00:00,2024-09-22 17:00:00+00:00,2024-09-23 17:00:00+00:00,assumed_kickoff_plus_24h,2024_02_NYJ_TEN,0.0,0.0,1.0,0.034482758620689655,0.017543859649122806,0.0,0.0,0.0
2024_04_JAX_HOU,Robert Woods,WR,HOU,JAX,2024-09-29 16:00:00+00:00,2024-09-22 17:00:00+00:00,2024-09-22 17:00:00+00:00,2024-09-23 23:30:00+00:00,2024-09-24 23:30:00+00:00,assumed_kickoff_plus_24h,2024_02_CHI_HOU;2024_03_HOU_MIN,0.0,0.0,1.0,0.025974025974025976,0.17054263565891473,0.0,0.0,0.0
2024_04_JAX_HOU,Stefon Diggs,WR,HOU,JAX,2024-09-29 16:00:00+00:00,2024-09-22 17:00:00+00:00,2024-09-22 17:00:00+00:00,2024-09-23 23:30:00+00:00,2024-09-24 23:30:00+00:00,assumed_kickoff_plus_24h,2024_01_HOU_IND;2024_02_CHI_HOU;2024_03_HOU_MIN,0.3333333333333333,0.013157894736842105,8.0,0.2222222222222222,0.8076923076923077,0.0,1.0,0.3333333333333333
2024_04_JAX_HOU,Dare Ogunbowale,RB,HOU,JAX,2024-09-29 16:00:00+00:00,2024-09-22 17:00:00+00:00,2024-09-22 17:00:00+00:00,2024-09-23 23:30:00+00:00,2024-09-24 23:30:00+00:00,assumed_kickoff_plus_24h,2024_01_HOU_IND;2024_02_CHI_HOU;2024_03_HOU_MIN,0.6666666666666666,0.02631578947368421,1.6666666666666667,0.046296296296296294,0.2932692307692308,0.0,0.0,0.0
2024_04_JAX_HOU,Joe Mixon,RB,HOU,JAX,2024-09-29 16:00:00+00:00,2024-09-16 00:20:00+00:00,2024-09-22 17:00:00+00:00,2024-09-23 23:30:00+00:00,2024-09-24 23:30:00+00:00,assumed_kickoff_plus_24h,2024_01_HOU_IND;2024_02_CHI_HOU,19.5,0.6290322580645161,4.0,0.12307692307692308,0.6099290780141844,3.0,0.0,0.0
2024_04_JAX_HOU,Dalton Schultz,TE,HOU,JAX,2024-09-29 16:00:00+00:00,2024-09-22 17:00:00+00:00,2024-09-22 17:00:00+00:00,2024-09-23 23:30:00+00:00,2024-09-24 23:30:00+00:00,assumed_kickoff_plus_24h,2024_01_HOU_IND;2024_02_CHI_HOU;2024_03_HOU_MIN,0.0,0.0,3.6666666666666665,0.10185185185185185,0.8221153846153846,0.0,0.3333333333333333,0.0
2024_04_JAX_HOU,Steven Sims,WR,HOU,JAX,2024-09-29 16:00:00+00:00,2024-09-22 17:00:00+00:00,2024-09-22 17:00:00+00:00,2024-09-23 23:30:00+00:00,2024-09-24 23:30:00+00:00,assumed_kickoff_plus_24h,2024_01_HOU_IND;2024_02_CHI_HOU;2024_03_HOU_MIN,0.0,0.0,0.0,0.0,0.0,0.0,0.0,0.0
2024_04_JAX_HOU,J.J. Taylor,RB,HOU,JAX,2024-09-29 16:00:00+00:00,2024-09-22 17:00:00+00:00,2024-09-22 17:00:00+00:00,2024-09-23 23:30:00+00:00,2024-09-24 23:30:00+00:00,assumed_kickoff_plus_24h,2024_03_HOU_MIN,1.0,0.07142857142857142,2.0,0.046511627906976744,0.14925373134328357,0.0,0.0,0.0
2024_04_JAX_HOU,Cam Akers,RB,HOU,JAX,2024-09-29 16:00:00+00:00,2024-09-22 17:00:00+00:00,2024-09-22 17:00:00+00:00,2024-09-23 23:30:00+00:00,2024-09-24 23:30:00+00:00,assumed_kickoff_plus_24h,2024_02_CHI_HOU;2024_03_HOU_MIN,8.0,0.4444444444444444,2.0,0.05194805194805195,0.32558139534883723,0.5,0.5,0.0
2024_04_JAX_HOU,Nico Collins,WR,HOU,JAX,2024-09-29 16:00:00+00:00,2024-09-22 17:00:00+00:00,2024-09-22 17:00:00+00:00,2024-09-23 23:30:00+00:00,2024-09-24 23:30:00+00:00,assumed_kickoff_plus_24h,2024_01_HOU_IND;2024_02_CHI_HOU;2024_03_HOU_MIN,0.0,0.0,9.333333333333334,0.25925925925925924,0.8173076923076923,0.0,1.3333333333333333,1.3333333333333333
2024_04_JAX_HOU,Brevin Jordan,TE,HOU,JAX,2024-09-29 16:00:00+00:00,2024-09-16 00:20:00+00:00,2024-09-22 17:00:00+00:00,2024-09-23 23:30:00+00:00,2024-09-24 23:30:00+00:00,assumed_kickoff_plus_24h,2024_01_HOU_IND;2024_02_CHI_HOU,0.0,0.0,1.5,0.046153846153846156,0.475177304964539,0.0,0.0,0.0
2024_04_JAX_HOU,Davis Mills,QB,HOU,JAX,2024-09-29 16:00:00+00:00,2024-09-22 17:00:00+00:00,2024-09-22 17:00:00+00:00,2024-09-23 23:30:00+00:00,2024-09-24 23:30:00+00:00,assumed_kickoff_plus_24h,2024_03_HOU_MIN,0.0,0.0,0.0,0.0,0.19402985074626866,0.0,0.0,0.0
2024_04_JAX_HOU,Dameon Pierce,RB,HOU,JAX,2024-09-29 16:00:00+00:00,2024-09-08 17:00:00+00:00,2024-09-22 17:00:00+00:00,2024-09-23 23:30:00+00:00,2024-09-24 23:30:00+00:00,assumed_kickoff_plus_24h,2024_01_HOU_IND,3.0,0.075,0.0,0.0,0.11392405063291139,1.0,0.0,0.0
2024_04_JAX_HOU,Xavier Hutchinson,WR,HOU,JAX,2024-09-29 16:00:00+00:00,2024-09-22 17:00:00+00:00,2024-09-22 17:00:00+00:00,2024-09-23 23:30:00+00:00,2024-09-24 23:30:00+00:00,assumed_kickoff_plus_24h,2024_01_HOU_IND;2024_02_CHI_HOU;2024_03_HOU_MIN,0.0,0.0,1.0,0.027777777777777776,0.15865384615384615,0.0,0.0,0.0
2024_04_JAX_HOU,Tank Dell,WR,HOU,JAX,2024-09-29 16:00:00+00:00,2024-09-22 17:00:00+00:00,2024-09-22 17:00:00+00:00,2024-09-23 23:30:00+00:00,2024-09-24 23:30:00+00:00,assumed_kickoff_plus_24h,2024_01_HOU_IND;2024_02_CHI_HOU;2024_03_HOU_MIN,1.6666666666666667,0.06578947368421052,5.666666666666667,0.1574074074074074,0.6634615384615384,0.0,1.0,0.3333333333333333
2024_04_JAX_HOU,C.J. Stroud,QB,HOU,JAX,2024-09-29 16:00:00+00:00,2024-09-22 17:00:00+00:00,2024-09-22 17:00:00+00:00,2024-09-23 23:30:00+00:00,2024-09-24 23:30:00+00:00,assumed_kickoff_plus_24h,2024_01_HOU_IND;2024_02_CHI_HOU;2024_03_HOU_MIN,2.6666666666666665,0.10526315789473684,0.0,0.0,0.9375,0.3333333333333333,0.0,0.0
2024_04_JAX_HOU,Cade Stover,TE,HOU,JAX,2024-09-29 16:00:00+00:00,2024-09-22 17:00:00+00:00,2024-09-22 17:00:00+00:00,2024-09-23 23:30:00+00:00,2024-09-24 23:30:00+00:00,assumed_kickoff_plus_24h,2024_02_CHI_HOU;2024_03_HOU_MIN,0.0,0.0,0.5,0.012987012987012988,0.2558139534883721,0.0,0.0,0.0
2024_04_JAX_HOU,British Brooks,RB,HOU,JAX,2024-09-29 16:00:00+00:00,2024-09-22 17:00:00+00:00,2024-09-22 17:00:00+00:00,2024-09-23 23:30:00+00:00,2024-09-24 23:30:00+00:00,assumed_kickoff_plus_24h,2024_01_HOU_IND;2024_03_HOU_MIN,0.5,0.018518518518518517,0.0,0.0,0.02054794520547945,0.0,0.0,0.0
2024_04_JAX_HOU,Evan Engram,TE,JAX,HOU,2024-09-29 16:00:00+00:00,2024-09-08 17:00:00+00:00,2024-09-23 23:30:00+00:00,2024-09-22 17:00:00+00:00,2024-09-24 23:30:00+00:00,assumed_kickoff_plus_24h,2024_01_JAX_MIA,0.0,0.0,4.0,0.21052631578947367,0.6792452830188679,0.0,0.0,0.0
2024_04_JAX_HOU,Christian Kirk,WR,JAX,HOU,2024-09-29 16:00:00+00:00,2024-09-23 23:30:00+00:00,2024-09-23 23:30:00+00:00,2024-09-22 17:00:00+00:00,2024-09-24 23:30:00+00:00,assumed_kickoff_plus_24h,2024_01_JAX_MIA;2024_02_CLE_JAX;2024_03_JAX_BUF,0.0,0.0,5.666666666666667,0.18888888888888888,0.7771739130434783,0.0,0.3333333333333333,0.6666666666666666
2024_04_JAX_HOU,D'Ernest Johnson,RB,JAX,HOU,2024-09-29 16:00:00+00:00,2024-09-23 23:30:00+00:00,2024-09-23 23:30:00+00:00,2024-09-22 17:00:00+00:00,2024-09-24 23:30:00+00:00,assumed_kickoff_plus_24h,2024_02_CLE_JAX;2024_03_JAX_BUF,3.5,0.18421052631578946,0.5,0.014084507042253521,0.22137404580152673,0.5,0.5,0.0
2024_04_JAX_HOU,Gabe Davis,WR,JAX,HOU,2024-09-29 16:00:00+00:00,2024-09-23 23:30:00+00:00,2024-09-23 23:30:00+00:00,2024-09-22 17:00:00+00:00,2024-09-24 23:30:00+00:00,assumed_kickoff_plus_24h,2024_01_JAX_MIA;2024_02_CLE_JAX;2024_03_JAX_BUF,0.0,0.0,5.333333333333333,0.17777777777777778,0.875,0.0,1.0,0.6666666666666666
2024_04_JAX_HOU,Devin Duvernay,WR,JAX,HOU,2024-09-29 16:00:00+00:00,2024-09-23 23:30:00+00:00,2024-09-23 23:30:00+00:00,2024-09-22 17:00:00+00:00,2024-09-24 23:30:00+00:00,assumed_kickoff_plus_24h,2024_01_JAX_MIA;2024_02_CLE_JAX;2024_03_JAX_BUF,0.6666666666666666,0.03125,0.3333333333333333,0.011111111111111112,0.10326086956521739,0.0,0.3333333333333333,0.0
2024_04_JAX_HOU,Josiah Deguara,TE,JAX,HOU,2024-09-29 16:00:00+00:00,2024-09-23 23:30:00+00:00,2024-09-23 23:30:00+00:00,2024-09-22 17:00:00+00:00,2024-09-24 23:30:00+00:00,assumed_kickoff_plus_24h,2024_03_JAX_BUF,0.0,0.0,1.0,0.022727272727272728,0.15492957746478872,0.0,1.0,0.0
2024_04_JAX_HOU,Tim Jones,WR,JAX,HOU,2024-09-29 16:00:00+00:00,2024-09-08 17:00:00+00:00,2024-09-23 23:30:00+00:00,2024-09-22 17:00:00+00:00,2024-09-24 23:30:00+00:00,assumed_kickoff_plus_24h,2024_01_JAX_MIA,0.0,0.0,0.0,0.0,0.018867924528301886,0.0,0.0,0.0
2024_04_JAX_HOU,Luke Farrell,TE,JAX,HOU,2024-09-29 16:00:00+00:00,2024-09-23 23:30:00+00:00,2024-09-23 23:30:00+00:00,2024-09-22 17:00:00+00:00,2024-09-24 23:30:00+00:00,assumed_kickoff_plus_24h,2024_01_JAX_MIA;2024_02_CLE_JAX;2024_03_JAX_BUF,0.0,0.0,1.3333333333333333,0.044444444444444446,0.375,0.0,0.0,0.0
2024_04_JAX_HOU,Trevor Lawrence,QB,JAX,HOU,2024-09-29 16:00:00+00:00,2024-09-23 23:30:00+00:00,2024-09-23 23:30:00+00:00,2024-09-22 17:00:00+00:00,2024-09-24 23:30:00+00:00,assumed_kickoff_plus_24h,2024_01_JAX_MIA;2024_02_CLE_JAX;2024_03_JAX_BUF,1.6666666666666667,0.078125,0.0,0.0,0.9239130434782609,0.0,0.0,0.0
2024_04_JAX_HOU,Mac Jones,QB,JAX,HOU,2024-09-29 16:00:00+00:00,2024-09-23 23:30:00+00:00,2024-09-23 23:30:00+00:00,2024-09-22 17:00:00+00:00,2024-09-24 23:30:00+00:00,assumed_kickoff_plus_24h,2024_03_JAX_BUF,0.0,0.0,0.0,0.0,0.19718309859154928,0.0,0.0,0.0
2024_04_JAX_HOU,Travis Etienne,RB,JAX,HOU,2024-09-29 16:00:00+00:00,2024-09-23 23:30:00+00:00,2024-09-23 23:30:00+00:00,2024-09-22 17:00:00+00:00,2024-09-24 23:30:00+00:00,assumed_kickoff_plus_24h,2024_01_JAX_MIA;2024_02_CLE_JAX;2024_03_JAX_BUF,12.0,0.5625,4.333333333333333,0.14444444444444443,0.7010869565217391,3.3333333333333335,0.6666666666666666,0.6666666666666666
2024_04_JAX_HOU,Tank Bigsby,RB,JAX,HOU,2024-09-29 16:00:00+00:00,2024-09-23 23:30:00+00:00,2024-09-23 23:30:00+00:00,2024-09-22 17:00:00+00:00,2024-09-24 23:30:00+00:00,assumed_kickoff_plus_24h,2024_01_JAX_MIA;2024_02_CLE_JAX;2024_03_JAX_BUF,4.666666666666667,0.21875,0.0,0.0,0.14130434782608695,0.0,0.0,0.0
2024_04_JAX_HOU,Parker Washington,WR,JAX,HOU,2024-09-29 16:00:00+00:00,2024-09-23 23:30:00+00:00,2024-09-23 23:30:00+00:00,2024-09-22 17:00:00+00:00,2024-09-24 23:30:00+00:00,assumed_kickoff_plus_24h,2024_01_JAX_MIA;2024_02_CLE_JAX;2024_03_JAX_BUF,0.0,0.0,1.6666666666666667,0.05555555555555555,0.22826086956521738,0.0,0.3333333333333333,0.3333333333333333
2024_04_JAX_HOU,Brenton Strange,TE,JAX,HOU,2024-09-29 16:00:00+00:00,2024-09-23 23:30:00+00:00,2024-09-23 23:30:00+00:00,2024-09-22 17:00:00+00:00,2024-09-24 23:30:00+00:00,assumed_kickoff_plus_24h,2024_02_CLE_JAX;2024_03_JAX_BUF,0.0,0.0,5.5,0.15492957746478872,0.6946564885496184,0.0,1.0,1.0
2024_04_JAX_HOU,Brian Thomas Jr.,WR,JAX,HOU,2024-09-29 16:00:00+00:00,2024-09-23 23:30:00+00:00,2024-09-23 23:30:00+00:00,2024-09-22 17:00:00+00:00,2024-09-24 23:30:00+00:00,assumed_kickoff_plus_24h,2024_01_JAX_MIA;2024_02_CLE_JAX;2024_03_JAX_BUF,0.0,0.0,5.666666666666667,0.18888888888888888,0.7445652173913043,0.0,0.3333333333333333,0.3333333333333333
2024_04_LA_CHI,Marcedes Lewis,TE,CHI,LA,2024-09-29 16:00:00+00:00,2024-09-22 17:00:00+00:00,2024-09-22 17:00:00+00:00,2024-09-22 20:25:00+00:00,2024-09-23 20:25:00+00:00,assumed_kickoff_plus_24h,2024_02_CHI_HOU;2024_03_CHI_IND,0.0,0.0,0.0,0.0,0.19375,0.0,0.0,0.0
2024_04_LA_CHI,Keenan Allen,WR,CHI,LA,2024-09-29 16:00:00+00:00,2024-09-08 17:00:00+00:00,2024-09-22 17:00:00+00:00,2024-09-22 20:25:00+00:00,2024-09-23 20:25:00+00:00,assumed_kickoff_plus_24h,2024_01_TEN_CHI,0.0,0.0,11.0,0.3793103448275862,0.6785714285714286,0.0,2.0,2.0
2024_04_LA_CHI,DeAndre Carter,WR,CHI,LA,2024-09-29 16:00:00+00:00,2024-09-22 17:00:00+00:00,2024-09-22 17:00:00+00:00,2024-09-22 20:25:00+00:00,2024-09-23 20:25:00+00:00,assumed_kickoff_plus_24h,2024_01_TEN_CHI;2024_02_CHI_HOU;2024_03_CHI_IND,0.0,0.0,4.0,0.10810810810810811,0.5555555555555556,0.0,0.6666666666666666,0.3333333333333333
2024_04_LA_CHI,Gerald Everett,TE,CHI,LA,2024-09-29 16:00:00+00:00,2024-09-22 17:00:00+00:00,2024-09-22 17:00:00+00:00,2024-09-22 20:25:00+00:00,2024-09-23 20:25:00+00:00,assumed_kickoff_plus_24h,2024_01_TEN_CHI;2024_02_CHI_HOU;2024_03_CHI_IND,0.0,0.0,1.6666666666666667,0.04504504504504504,0.41203703703703703,0.0,0.3333333333333333,0.3333333333333333
2024_04_LA_CHI,DJ Moore,WR,CHI,LA,2024-09-29 16:00:00+00:00,2024-09-22 17:00:00+00:00,2024-09-22 17:00:00+00:00,2024-09-22 20:25:00+00:00,2024-09-23 20:25:00+00:00,assumed_kickoff_plus_24h,2024_01_TEN_CHI;2024_02_CHI_HOU;2024_03_CHI_IND,0.6666666666666666,0.027777777777777776,9.333333333333334,0.25225225225225223,0.9444444444444444,0.0,1.0,0.0
2024_04_LA_CHI,Travis Homer,RB,CHI,LA,2024-09-29 16:00:00+00:00,2024-09-16 00:20:00+00:00,2024-09-22 17:00:00+00:00,2024-09-22 20:25:00+00:00,2024-09-23 20:25:00+00:00,assumed_kickoff_plus_24h,2024_01_TEN_CHI;2024_02_CHI_HOU,1.5,0.06818181818181818,0.0,0.0,0.24603174603174602,0.0,0.0,0.0
2024_04_LA_CHI,Collin Johnson,WR,CHI,LA,2024-09-29 16:00:00+00:00,2024-09-22 17:00:00+00:00,2024-09-22 17:00:00+00:00,2024-09-22 20:25:00+00:00,2024-09-23 20:25:00+00:00,assumed_kickoff_plus_24h,2024_03_CHI_IND,0.0,0.0,0.0,0.0,0.022222222222222223,0.0,0.0,0.0
2024_04_LA_CHI,D'Andre Swift,RB,CHI,LA,2024-09-29 16:00:00+00:00,2024-09-22 17:00:00+00:00,2024-09-22 17:00:00+00:00,2024-09-22 20:25:00+00:00,2024-09-23 20:25:00+00:00,assumed_kickoff_plus_24h,2024_01_TEN_CHI;2024_02_CHI_HOU;2024_03_CHI_IND,12.333333333333334,0.5138888888888888,3.3333333333333335,0.09009009009009009,0.6157407407407407,0.6666666666666666,0.0,0.0
2024_04_LA_CHI,Cole Kmet,TE,CHI,LA,2024-09-29 16:00:00+00:00,2024-09-22 17:00:00+00:00,2024-09-22 17:00:00+00:00,2024-09-22 20:25:00+00:00,2024-09-23 20:25:00+00:00,assumed_kickoff_plus_24h,2024_01_TEN_CHI;2024_02_CHI_HOU;2024_03_CHI_IND,0.0,0.0,5.666666666666667,0.15315315315315314,0.7129629629629629,0.0,1.3333333333333333,0.0
2024_04_LA_CHI,Khalil Herbert,RB,CHI,LA,2024-09-29 16:00:00+00:00,2024-09-22 17:00:00+00:00,2024-09-22 17:00:00+00:00,2024-09-22 20:25:00+00:00,2024-09-23 20:25:00+00:00,assumed_kickoff_plus_24h,2024_01_TEN_CHI;2024_02_CHI_HOU;2024_03_CHI_IND,2.6666666666666665,0.1111111111111111,0.6666666666666666,0.018018018018018018,0.09722222222222222,1.3333333333333333,0.0,0.0
2024_04_LA_CHI,Velus Jones Jr.,WR,CHI,LA,2024-09-29 16:00:00+00:00,2024-09-08 17:00:00+00:00,2024-09-22 17:00:00+00:00,2024-09-22 20:25:00+00:00,2024-09-23 20:25:00+00:00,assumed_kickoff_plus_24h,2024_01_TEN_CHI,2.0,0.09090909090909091,1.0,0.034482758620689655,0.07142857142857142,0.0,0.0,0.0
2024_04_LA_CHI,Roschon Johnson,RB,CHI,LA,2024-09-29 16:00:00+00:00,2024-09-22 17:00:00+00:00,2024-09-22 17:00:00+00:00,2024-09-22 20:25:00+00:00,2024-09-23 20:25:00+00:00,assumed_kickoff_plus_24h,2024_03_CHI_IND,8.0,0.2857142857142857,5.0,0.10416666666666667,0.36666666666666664,2.0,0.0,0.0
2024_04_LA_CHI,Caleb Williams,QB,CHI,LA,2024-09-29 16:00:00+00:00,2024-09-22 17:00:00+00:00,2024-09-22 17:00:00+00:00,2024-09-22 20:25:00+00:00,2024-09-23 20:25:00+00:00,assumed_kickoff_plus_24h,2024_01_TEN_CHI;2024_02_CHI_HOU;2024_03_CHI_IND,3.6666666666666665,0.1527777777777778,0.0,0.0,1.0,0.3333333333333333,0.0,0.0
2024_04_LA_CHI,Rome Odunze,WR,CHI,LA,2024-09-29 16:00:00+00:00,2024-09-22 17:00:00+00:00,2024-09-22 17:00:00+00:00,2024-09-22 20:25:00+00:00,2024-09-23 20:25:00+00:00,assumed_kickoff_plus_24h,2024_01_TEN_CHI;2024_02_CHI_HOU;2024_03_CHI_IND,0.3333333333333333,0.013888888888888888,6.666666666666667,0.18018018018018017,0.9166666666666666,0.0,0.6666666666666666,1.0
2024_04_LA_CHI,Matthew Stafford,QB,LA,CHI,2024-09-29 16:00:00+00:00,2024-09-22 20:25:00+00:00,2024-09-22 20:25:00+00:00,2024-09-22 17:00:00+00:00,2024-09-23 20:25:00+00:00,assumed_kickoff_plus_24h,2024_01_LA_DET;2024_02_LA_ARI;2024_03_SF_LA,0.0,0.0,0.0,0.0,1.0,0.0,0.0,0.0
2024_04_LA_CHI,Demarcus Robinson,WR,LA,CHI,2024-09-29 16:00:00+00:00,2024-09-22 20:25:00+00:00,2024-09-22 20:25:00+00:00,2024-09-22 17:00:00+00:00,2024-09-23 20:25:00+00:00,assumed_kickoff_plus_24h,2024_01_LA_DET;2024_02_LA_ARI;2024_03_SF_LA,0.0,0.0,5.0,0.15306122448979592,0.925531914893617,0.0,1.0,0.6666666666666666
2024_04_LA_CHI,Cooper Kupp,WR,LA,CHI,2024-09-29 16:00:00+00:00,2024-09-15 20:05:00+00:00,2024-09-22 20:25:00+00:00,2024-09-22 17:00:00+00:00,2024-09-23 20:25:00+00:00,assumed_kickoff_plus_24h,2024_01_LA_DET;2024_02_LA_ARI,1.0,0.046511627906976744,13.5,0.36,0.8076923076923077,0.5,1.5,0.5
2024_04_LA_CHI,Colby Parkinson,TE,LA,CHI,2024-09-29 16:00:00+00:00,2024-09-22 20:25:00+00:00,2024-09-22 20:25:00+00:00,2024-09-22 17:00:00+00:00,2024-09-23 20:25:00+00:00,assumed_kickoff_plus_24h,2024_01_LA_DET;2024_02_LA_ARI;2024_03_SF_LA,0.0,0.0,4.0,0.12244897959183673,0.898936170212766,0.0,0.6666666666666666,0.0
2024_04_LA_CHI,Tyler Johnson,WR,LA,CHI,2024-09-29 16:00:00+00:00,2024-09-22 20:25:00+00:00,2024-09-22 20:25:00+00:00,2024-09-22 17:00:00+00:00,2024-09-23 20:25:00+00:00,assumed_kickoff_plus_24h,2024_01_LA_DET;2024_02_LA_ARI;2024_03_SF_LA,0.0,0.0,4.666666666666667,0.14285714285714285,0.6648936170212766,0.0,1.0,0.6666666666666666
2024_04_LA_CHI,Tutu Atwell,WR,LA,CHI,2024-09-29 16:00:00+00:00,2024-09-22 20:25:00+00:00,2024-09-22 20:25:00+00:00,2024-09-22 17:00:00+00:00,2024-09-23 20:25:00+00:00,assumed_kickoff_plus_24h,2024_02_LA_ARI;2024_03_SF_LA,0.0,0.0,4.5,0.18,0.4818181818181818,0.0,0.0,0.0
2024_04_LA_CHI,Hunter Long,TE,LA,CHI,2024-09-29 16:00:00+00:00,2024-09-22 20:25:00+00:00,2024-09-22 20:25:00+00:00,2024-09-22 17:00:00+00:00,2024-09-23 20:25:00+00:00,assumed_kickoff_plus_24h,2024_02_LA_ARI;2024_03_SF_LA,0.0,0.0,0.0,0.0,0.32727272727272727,0.0,0.0,0.0
2024_04_LA_CHI,Ronnie Rivers,RB,LA,CHI,2024-09-29 16:00:00+00:00,2024-09-22 20:25:00+00:00,2024-09-22 20:25:00+00:00,2024-09-22 17:00:00+00:00,2024-09-23 20:25:00+00:00,assumed_kickoff_plus_24h,2024_01_LA_DET;2024_02_LA_ARI;2024_03_SF_LA,1.3333333333333333,0.057971014492753624,0.3333333333333333,0.01020408163265306,0.0851063829787234,0.0,0.0,0.0
2024_04_LA_CHI,Kyren Williams,RB,LA,CHI,2024-09-29 16:00:00+00:00,2024-09-22 20:25:00+00:00,2024-09-22 20:25:00+00:00,2024-09-22 17:00:00+00:00,2024-09-23 20:25:00+00:00,assumed_kickoff_plus_24h,2024_01_LA_DET;2024_02_LA_ARI;2024_03_SF_LA,18.0,0.782608695652174,3.3333333333333335,0.10204081632653061,0.8723404255319149,6.333333333333333,1.6666666666666667,0.0
2024_04_LA_CHI,Xavier Smith,WR,LA,CHI,2024-09-29 16:00:00+00:00,2024-09-22 20:25:00+00:00,2024-09-22 20:25:00+00:00,2024-09-22 17:00:00+00:00,2024-09-23 20:25:00+00:00,assumed_kickoff_plus_24h,2024_03_SF_LA,0.0,0.0,0.0,0.0,0.0,0.0,0.0,0.0
2024_04_LA_CHI,Davis Allen,TE,LA,CHI,2024-09-29 16:00:00+00:00,2024-09-09 00:20:00+00:00,2024-09-22 20:25:00+00:00,2024-09-22 17:00:00+00:00,2024-09-23 20:25:00+00:00,assumed_kickoff_plus_24h,2024_01_LA_DET,0.0,0.0,1.0,0.020833333333333332,0.07692307692307693,0.0,1.0,0.0
2024_04_LA_CHI,Puka Nacua,WR,LA,CHI,2024-09-29 16:00:00+00:00,2024-09-09 00:20:00+00:00,2024-09-22 20:25:00+00:00,2024-09-22 17:00:00+00:00,2024-09-23 20:25:00+00:00,assumed_kickoff_plus_24h,2024_01_LA_DET,1.0,0.043478260869565216,4.0,0.08333333333333333,0.32051282051282054,0.0,0.0,0.0
2024_04_LA_CHI,Blake Corum,RB,LA,CHI,2024-09-29 16:00:00+00:00,2024-09-15 20:05:00+00:00,2024-09-22 20:25:00+00:00,2024-09-22 17:00:00+00:00,2024-09-23 20:25:00+00:00,assumed_kickoff_plus_24h,2024_01_LA_DET;2024_02_LA_ARI,4.0,0.18604651162790697,0.0,0.0,0.06153846153846154,0.0,0.0,0.0
2024_04_LA_CHI,Jordan Whittington,WR,LA,CHI,2024-09-29 16:00:00+00:00,2024-09-22 20:25:00+00:00,2024-09-22 20:25:00+00:00,2024-09-22 17:00:00+00:00,2024-09-23 20:25:00+00:00,assumed_kickoff_plus_24h,2024_01_LA_DET;2024_02_LA_ARI;2024_03_SF_LA,0.0,0.0,1.6666666666666667,0.05102040816326531,0.26595744680851063,0.0,0.0,0.0
2024_04_MIN_GB,Josh Jacobs,RB,GB,MIN,2024-09-29 16:00:00+00:00,2024-09-22 17:00:00+00:00,2024-09-22 17:00:00+00:00,2024-09-22 17:00:00+00:00,2024-09-23 17:00:00+00:00,assumed_kickoff_plus_24h,2024_01_GB_PHI;2024_02_IND_GB;2024_03_GB_TEN,20.666666666666668,0.5585585585585585,1.3333333333333333,0.0625,0.645,3.3333333333333335,0.0,0.0
2024_04_MIN_GB,Jordan Love,QB,GB,MIN,2024-09-29 16:00:00+00:00,2024-09-07 00:15:00+00:00,2024-09-22 17:00:00+00:00,2024-09-22 17:00:00+00:00,2024-09-23 17:00:00+00:00,assumed_kickoff_plus_24h,2024_01_GB_PHI,0.0,0.0,0.0,0.0,0.9701492537313433,0.0,0.0,0.0
2024_04_MIN_GB,Bo Melton,WR,GB,MIN,2024-09-29 16:00:00+00:00,2024-09-22 17:00:00+00:00,2024-09-22 17:00:00+00:00,2024-09-22 17:00:00+00:00,2024-09-23 17:00:00+00:00,assumed_kickoff_plus_24h,2024_01_GB_PHI;2024_02_IND_GB;2024_03_GB_TEN,0.6666666666666666,0.018018018018018018,0.0,0.0,0.205,0.0,0.0,0.0
2024_04_MIN_GB,Romeo Doubs,WR,GB,MIN,2024-09-29 16:00:00+00:00,2024-09-22 17:00:00+00:00,2024-09-22 17:00:00+00:00,2024-09-22 17:00:00+00:00,2024-09-23 17:00:00+00:00,assumed_kickoff_plus_24h,2024_01_GB_PHI;2024_02_IND_GB;2024_03_GB_TEN,0.0,0.0,4.0,0.1875,0.795,0.0,0.6666666666666666,0.6666666666666666
2024_04_MIN_GB,Christian Watson,WR,GB,MIN,2024-09-29 16:00:00+00:00,2024-09-22 17:00:00+00:00,2024-09-22 17:00:00+00:00,2024-09-22 17:00:00+00:00,2024-09-23 17:00:00+00:00,assumed_kickoff_plus_24h,2024_01_GB_PHI;2024_03_GB_TEN,0.0,0.0,3.5,0.13725490196078433,0.5846153846153846,0.0,1.0,1.5
2024_04_MIN_GB,Malik Willis,QB,GB,MIN,2024-09-29 16:00:00+00:00,2024-09-22 17:00:00+00:00,2024-09-22 17:00:00+00:00,2024-09-22 17:00:00+00:00,2024-09-23 17:00:00+00:00,assumed_kickoff_plus_24h,2024_01_GB_PHI;2024_02_IND_GB;2024_03_GB_TEN,4.0,0.10810810810810811,0.0,0.0,0.675,1.0,0.0,0.0
2024_04_MIN_GB,Dontayvion Wicks,WR,GB,MIN,2024-09-29 16:00:00+00:00,2024-09-22 17:00:00+00:00,2024-09-22 17:00:00+00:00,2024-09-22 17:00:00+00:00,2024-09-23 17:00:00+00:00,assumed_kickoff_plus_24h,2024_01_GB_PHI;2024_02_IND_GB;2024_03_GB_TEN,0.0,0.0,3.0,0.140625,0.48,0.0,0.3333333333333333,0.0
2024_04_MIN_GB,Chris Brooks,RB,GB,MIN,2024-09-29 16:00:00+00:00,2024-09-22 17:00:00+00:00,2024-09-22 17:00:00+00:00,2024-09-22 17:00:00+00:00,2024-09-23 17:00:00+00:00,assumed_kickoff_plus_24h,2024_03_GB_TEN,3.0,0.08108108108108109,0.0,0.0,0.06349206349206349,0.0,0.0,0.0
2024_04_MIN_GB,Emanuel Wilson,RB,GB,MIN,2024-09-29 16:00:00+00:00,2024-09-22 17:00:00+00:00,2024-09-22 17:00:00+00:00,2024-09-22 17:00:00+00:00,2024-09-23 17:00:00+00:00,assumed_kickoff_plus_24h,2024_01_GB_PHI;2024_02_IND_GB;2024_03_GB_TEN,7.0,0.1891891891891892,1.6666666666666667,0.078125,0.275,0.3333333333333333,0.3333333333333333,0.0
2024_04_MIN_GB,Tucker Kraft,TE,GB,MIN,2024-09-29 16:00:00+00:00,2024-09-22 17:00:00+00:00,2024-09-22 17:00:00+00:00,2024-09-22 17:00:00+00:00,2024-09-23 17:00:00+00:00,assumed_kickoff_plus_24h,2024_01_GB_PHI;2024_02_IND_GB;2024_03_GB_TEN,0.0,0.0,2.6666666666666665,0.125,0.81,0.0,0.6666666666666666,0.0
2024_04_MIN_GB,Luke Musgrave,TE,GB,MIN,2024-09-29 16:00:00+00:00,2024-09-22 17:00:00+00:00,2024-09-22 17:00:00+00:00,2024-09-22 17:00:00+00:00,2024-09-23 17:00:00+00:00,assumed_kickoff_plus_24h,2024_01_GB_PHI;2024_02_IND_GB;2024_03_GB_TEN,0.0,0.0,1.3333333333333333,0.0625,0.415,0.0,0.0,0.0
2024_04_MIN_GB,Jayden Reed,WR,GB,MIN,2024-09-29 16:00:00+00:00,2024-09-22 17:00:00+00:00,2024-09-22 17:00:00+00:00,2024-09-22 17:00:00+00:00,2024-09-23 17:00:00+00:00,assumed_kickoff_plus_24h,2024_01_GB_PHI;2024_02_IND_GB;2024_03_GB_TEN,1.6666666666666667,0.04504504504504504,4.666666666666667,0.21875,0.615,0.0,0.3333333333333333,0.0
2024_04_MIN_GB,MarShawn Lloyd,RB,GB,MIN,2024-09-29 16:00:00+00:00,2024-09-15 17:00:00+00:00,2024-09-22 17:00:00+00:00,2024-09-22 17:00:00+00:00,2024-09-23 17:00:00+00:00,assumed_kickoff_plus_24h,2024_02_IND_GB,6.0,0.11320754716981132,1.0,0.07692307692307693,0.14285714285714285,0.0,0.0,0.0
2024_04_MIN_GB,Johnny Mundt,TE,MIN,GB,2024-09-29 16:00:00+00:00,2024-09-22 17:00:00+00:00,2024-09-22 17:00:00+00:00,2024-09-22 17:00:00+00:00,2024-09-23 17:00:00+00:00,assumed_kickoff_plus_24h,2024_01_MIN_NYG;2024_02_SF_MIN;2024_03_HOU_MIN,0.0,0.0,3.0,0.125,0.686046511627907,0.0,0.6666666666666666,0.3333333333333333
2024_04_MIN_GB,Aaron Jones,RB,MIN,GB,2024-09-29 16:00:00+00:00,2024-09-22 17:00:00+00:00,2024-09-22 17:00:00+00:00,2024-09-22 17:00:00+00:00,2024-09-23 17:00:00+00:00,assumed_kickoff_plus_24h,2024_01_MIN_NYG;2024_02_SF_MIN;2024_03_HOU_MIN,14.0,0.5384615384615384,4.666666666666667,0.19444444444444445,0.5872093023255814,2.6666666666666665,2.0,0.0
2024_04_MIN_GB,Nick Mullens,QB,MIN,GB,2024-09-29 16:00:00+00:00,2024-09-22 17:00:00+00:00,2024-09-22 17:00:00+00:00,2024-09-22 17:00:00+00:00,2024-09-23 17:00:00+00:00,assumed_kickoff_plus_24h,2024_03_HOU_MIN,1.0,0.03571428571428571,0.0,0.0,0.031746031746031744,0.0,0.0,0.0
2024_04_MIN_GB,Trent Sherfield,WR,MIN,GB,2024-09-29 16:00:00+00:00,2024-09-22 17:00:00+00:00,2024-09-22 17:00:00+00:00,2024-09-22 17:00:00+00:00,2024-09-23 17:00:00+00:00,assumed_kickoff_plus_24h,2024_02_SF_MIN;2024_03_HOU_MIN,0.0,0.0,1.5,0.061224489795918366,0.26495726495726496,0.0,0.0,0.0
2024_04_MIN_GB,Brandon Powell,WR,MIN,GB,2024-09-29 16:00:00+00:00,2024-09-22 17:00:00+00:00,2024-09-22 17:00:00+00:00,2024-09-22 17:00:00+00:00,2024-09-23 17:00:00+00:00,assumed_kickoff_plus_24h,2024_01_MIN_NYG;2024_02_SF_MIN;2024_03_HOU_MIN,0.0,0.0,1.3333333333333333,0.05555555555555555,0.5174418604651163,0.0,0.3333333333333333,0.0
2024_04_MIN_GB,Sam Darnold,QB,MIN,GB,2024-09-29 16:00:00+00:00,2024-09-22 17:00:00+00:00,2024-09-22 17:00:00+00:00,2024-09-22 17:00:00+00:00,2024-09-23 17:00:00+00:00,assumed_kickoff_plus_24h,2024_01_MIN_NYG;2024_02_SF_MIN;2024_03_HOU_MIN,2.6666666666666665,0.10256410256410256,0.0,0.0,0.9883720930232558,0.0,0.0,0.0
2024_04_MIN_GB,Josh Oliver,TE,MIN,GB,2024-09-29 16:00:00+00:00,2024-09-22 17:00:00+00:00,2024-09-22 17:00:00+00:00,2024-09-22 17:00:00+00:00,2024-09-23 17:00:00+00:00,assumed_kickoff_plus_24h,2024_01_MIN_NYG;2024_03_HOU_MIN,0.0,0.0,1.5,0.0625,0.4830508474576271,0.0,0.0,0.0
2024_04_MIN_GB,Myles Gaskin,RB,MIN,GB,2024-09-29 16:00:00+00:00,2024-09-22 17:00:00+00:00,2024-09-22 17:00:00+00:00,2024-09-22 17:00:00+00:00,2024-09-23 17:00:00+00:00,assumed_kickoff_plus_24h,2024_01_MIN_NYG;2024_03_HOU_MIN,0.5,0.018518518518518517,0.0,0.0,0.01694915254237288,0.0,0.0,0.0
2024_04_MIN_GB,Justin Jefferson,WR,MIN,GB,2024-09-29 16:00:00+00:00,2024-09-22 17:00:00+00:00,2024-09-22 17:00:00+00:00,2024-09-22 17:00:00+00:00,2024-09-23 17:00:00+00:00,assumed_kickoff_plus_24h,2024_01_MIN_NYG;2024_02_SF_MIN;2024_03_HOU_MIN,0.0,0.0,7.0,0.2916666666666667,0.8197674418604651,0.0,1.3333333333333333,0.6666666666666666
2024_04_MIN_GB,Ty Chandler,RB,MIN,GB,2024-09-29 16:00:00+00:00,2024-09-22 17:00:00+00:00,2024-09-22 17:00:00+00:00,2024-09-22 17:00:00+00:00,2024-09-23 17:00:00+00:00,assumed_kickoff_plus_24h,2024_01_MIN_NYG;2024_02_SF_MIN;2024_03_HOU_MIN,8.333333333333334,0.32051282051282054,1.0,0.041666666666666664,0.3488372093023256,1.0,0.3333333333333333,0.0
2024_04_MIN_GB,Jalen Nailor,WR,MIN,GB,2024-09-29 16:00:00+00:00,2024-09-22 17:00:00+00:00,2024-09-22 17:00:00+00:00,2024-09-22 17:00:00+00:00,2024-09-23 17:00:00+00:00,assumed_kickoff_plus_24h,2024_01_MIN_NYG;2024_02_SF_MIN;2024_03_HOU_MIN,0.3333333333333333,0.01282051282051282,3.0,0.125,0.7558139534883721,0.0,1.0,1.3333333333333333
2024_04_MIN_GB,Jordan Addison,WR,MIN,GB,2024-09-29 16:00:00+00:00,2024-09-08 17:00:00+00:00,2024-09-22 17:00:00+00:00,2024-09-22 17:00:00+00:00,2024-09-23 17:00:00+00:00,assumed_kickoff_plus_24h,2024_01_MIN_NYG,0.0,0.0,4.0,0.17391304347826086,0.509090909090909,0.0,1.0,0.0
2024_04_NO_ATL,Kirk Cousins,QB,ATL,NO,2024-09-29 16:00:00+00:00,2024-09-23 00:20:00+00:00,2024-09-23 00:20:00+00:00,2024-09-22 17:00:00+00:00,2024-09-24 00:20:00+00:00,assumed_kickoff_plus_24h,2024_01_PIT_ATL;2024_02_ATL_PHI;2024_03_KC_ATL,2.0,0.08,0.0,0.0,1.0,0.0,0.0,0.0
2024_04_NO_ATL,Ross Dwelley,TE,ATL,NO,2024-09-29 16:00:00+00:00,2024-09-23 00:20:00+00:00,2024-09-23 00:20:00+00:00,2024-09-22 17:00:00+00:00,2024-09-24 00:20:00+00:00,assumed_kickoff_plus_24h,2024_03_KC_ATL,0.0,0.0,0.0,0.0,0.04918032786885246,0.0,0.0,0.0
2024_04_NO_ATL,Ray-Ray McCloud,WR,ATL,NO,2024-09-29 16:00:00+00:00,2024-09-23 00:20:00+00:00,2024-09-23 00:20:00+00:00,2024-09-22 17:00:00+00:00,2024-09-24 00:20:00+00:00,assumed_kickoff_plus_24h,2024_01_PIT_ATL;2024_02_ATL_PHI;2024_03_KC_ATL,0.6666666666666666,0.02666666666666667,5.0,0.189873417721519,0.8370786516853933,0.0,0.6666666666666666,0.3333333333333333
2024_04_NO_ATL,KhaDarel Hodge,WR,ATL,NO,2024-09-29 16:00:00+00:00,2024-09-23 00:20:00+00:00,2024-09-23 00:20:00+00:00,2024-09-22 17:00:00+00:00,2024-09-24 00:20:00+00:00,assumed_kickoff_plus_24h,2024_01_PIT_ATL;2024_02_ATL_PHI;2024_03_KC_ATL,0.0,0.0,0.0,0.0,0.02247191011235955,0.0,0.0,0.0
2024_04_NO_ATL,Darnell Mooney,WR,ATL,NO,2024-09-29 16:00:00+00:00,2024-09-23 00:20:00+00:00,2024-09-23 00:20:00+00:00,2024-09-22 17:00:00+00:00,2024-09-24 00:20:00+00:00,assumed_kickoff_plus_24h,2024_01_PIT_ATL;2024_02_ATL_PHI;2024_03_KC_ATL,0.0,0.0,6.0,0.22784810126582278,0.9606741573033708,0.0,0.3333333333333333,0.0
2024_04_NO_ATL,Charlie Woerner,TE,ATL,NO,2024-09-29 16:00:00+00:00,2024-09-08 17:00:00+00:00,2024-09-23 00:20:00+00:00,2024-09-22 17:00:00+00:00,2024-09-24 00:20:00+00:00,assumed_kickoff_plus_24h,2024_01_PIT_ATL,0.0,0.0,2.0,0.08695652173913043,0.4107142857142857,0.0,0.0,0.0
2024_04_NO_ATL,Avery Williams,RB,ATL,NO,2024-09-29 16:00:00+00:00,2024-09-23 00:20:00+00:00,2024-09-23 00:20:00+00:00,2024-09-22 17:00:00+00:00,2024-09-24 00:20:00+00:00,assumed_kickoff_plus_24h,2024_01_PIT_ATL;2024_02_ATL_PHI;2024_03_KC_ATL,0.0,0.0,0.0,0.0,0.011235955056179775,0.0,0.0,0.0
2024_04_NO_ATL,Kyle Pitts,TE,ATL,NO,2024-09-29 16:00:00+00:00,2024-09-23 00:20:00+00:00,2024-09-23 00:20:00+00:00,2024-09-22 17:00:00+00:00,2024-09-24 00:20:00+00:00,assumed_kickoff_plus_24h,2024_01_PIT_ATL;2024_02_ATL_PHI;2024_03_KC_ATL,0.0,0.0,4.0,0.1518987341772152,0.7921348314606742,0.0,1.0,1.0
2024_04_NO_ATL,Drake London,WR,ATL,NO,2024-09-29 16:00:00+00:00,2024-09-23 00:20:00+00:00,2024-09-23 00:20:00+00:00,2024-09-22 17:00:00+00:00,2024-09-24 00:20:00+00:00,assumed_kickoff_plus_24h,2024_01_PIT_ATL;2024_02_ATL_PHI;2024_03_KC_ATL,0.0,0.0,6.333333333333333,0.24050632911392406,0.9887640449438202,0.0,2.0,1.0
2024_04_NO_ATL,Tyler Allgeier,RB,ATL,NO,2024-09-29 16:00:00+00:00,2024-09-23 00:20:00+00:00,2024-09-23 00:20:00+00:00,2024-09-22 17:00:00+00:00,2024-09-24 00:20:00+00:00,assumed_kickoff_plus_24h,2024_01_PIT_ATL;2024_02_ATL_PHI;2024_03_KC_ATL,6.333333333333333,0.25333333333333335,0.3333333333333333,0.012658227848101266,0.20224719101123595,2.0,0.0,0.0
2024_04_NO_ATL,Bijan Robinson,RB,ATL,NO,2024-09-29 16:00:00+00:00,2024-09-23 00:20:00+00:00,2024-09-23 00:20:00+00:00,2024-09-22 17:00:00+00:00,2024-09-24 00:20:00+00:00,assumed_kickoff_plus_24h,2024_01_PIT_ATL;2024_02_ATL_PHI;2024_03_KC_ATL,16.0,0.64,4.0,0.1518987341772152,0.8202247191011236,2.0,0.3333333333333333,0.0
2024_04_NO_ATL,Derek Carr,QB,NO,ATL,2024-09-29 16:00:00+00:00,2024-09-22 17:00:00+00:00,2024-09-22 17:00:00+00:00,2024-09-23 00:20:00+00:00,2024-09-24 00:20:00+00:00,assumed_kickoff_plus_24h,2024_01_CAR_NO;2024_02_NO_DAL;2024_03_PHI_NO,1.6666666666666667,0.047619047619047616,0.0,0.0,0.9337016574585635,0.3333333333333333,0.0,0.0
2024_04_NO_ATL,Taysom Hill,TE,NO,ATL,2024-09-29 16:00:00+00:00,2024-09-15 17:00:00+00:00,2024-09-22 17:00:00+00:00,2024-09-23 00:20:00+00:00,2024-09-24 00:20:00+00:00,assumed_kickoff_plus_24h,2024_01_CAR_NO;2024_02_NO_DAL,4.0,0.10526315789473684,1.5,0.07692307692307693,0.392,0.0,0.0,0.5
2024_04_NO_ATL,Alvin Kamara,RB,NO,ATL,2024-09-29 16:00:00+00:00,2024-09-22 17:00:00+00:00,2024-09-22 17:00:00+00:00,2024-09-23 00:20:00+00:00,2024-09-24 00:20:00+00:00,assumed_kickoff_plus_24h,2024_01_CAR_NO;2024_02_NO_DAL;2024_03_PHI_NO,20.333333333333332,0.580952380952381,3.6666666666666665,0.1774193548387097,0.6574585635359116,4.333333333333333,0.3333333333333333,0.0
2024_04_NO_ATL,Jamaal Williams,RB,NO,ATL,2024-09-29 16:00:00+00:00,2024-09-22 17:00:00+00:00,2024-09-22 17:00:00+00:00,2024-09-23 00:20:00+00:00,2024-09-24 00:20:00+00:00,assumed_kickoff_plus_24h,2024_01_CAR_NO;2024_02_NO_DAL;2024_03_PHI_NO,6.666666666666667,0.19047619047619047,1.3333333333333333,0.06451612903225806,0.2596685082872928,2.0,0.3333333333333333,0.0
2024_04_NO_ATL,Cedrick Wilson Jr.,WR,NO,ATL,2024-09-29 16:00:00+00:00,2024-09-22 17:00:00+00:00,2024-09-22 17:00:00+00:00,2024-09-23 00:20:00+00:00,2024-09-24 00:20:00+00:00,assumed_kickoff_plus_24h,2024_01_CAR_NO;2024_02_NO_DAL;2024_03_PHI_NO,0.0,0.0,0.3333333333333333,0.016129032258064516,0.36464088397790057,0.0,0.0,0.0
2024_04_NO_ATL,Foster Moreau,TE,NO,ATL,2024-09-29 16:00:00+00:00,2024-09-22 17:00:00+00:00,2024-09-22 17:00:00+00:00,2024-09-23 00:20:00+00:00,2024-09-24 00:20:00+00:00,assumed_kickoff_plus_24h,2024_01_CAR_NO;2024_02_NO_DAL;2024_03_PHI_NO,0.0,0.0,2.0,0.0967741935483871,0.7624309392265194,0.0,0.3333333333333333,0.3333333333333333
2024_04_NO_ATL,Juwan Johnson,TE,NO,ATL,2024-09-29 16:00:00+00:00,2024-09-08 17:00:00+00:00,2024-09-22 17:00:00+00:00,2024-09-23 00:20:00+00:00,2024-09-24 00:20:00+00:00,assumed_kickoff_plus_24h,2024_01_CAR_NO,0.0,0.0,3.0,0.125,0.3484848484848485,0.0,1.0,1.0
2024_04_NO_ATL,Chris Olave,WR,NO,ATL,2024-09-29 16:00:00+00:00,2024-09-22 17:00:00+00:00,2024-09-22 17:00:00+00:00,2024-09-23 00:20:00+00:00,2024-09-24 00:20:00+00:00,assumed_kickoff_plus_24h,2024_01_CAR_NO;2024_02_NO_DAL;2024_03_PHI_NO,0.3333333333333333,0.009523809523809525,4.666666666666667,0.22580645161290322,0.7679558011049724,0.0,0.6666666666666666,0.3333333333333333
2024_04_NO_ATL,Rashid Shaheed,WR,NO,ATL,2024-09-29 16:00:00+00:00,2024-09-22 17:00:00+00:00,2024-09-22 17:00:00+00:00,2024-09-23 00:20:00+00:00,2024-09-24 00:20:00+00:00,assumed_kickoff_plus_24h,2024_01_CAR_NO;2024_02_NO_DAL;2024_03_PHI_NO,1.0,0.02857142857142857,4.666666666666667,0.22580645161290322,0.6961325966850829,0.3333333333333333,0.3333333333333333,0.0
2024_04_NO_ATL,Jordan Mims,RB,NO,ATL,2024-09-29 16:00:00+00:00,2024-09-22 17:00:00+00:00,2024-09-22 17:00:00+00:00,2024-09-23 00:20:00+00:00,2024-09-24 00:20:00+00:00,assumed_kickoff_plus_24h,2024_01_CAR_NO;2024_03_PHI_NO,2.0,0.06060606060606061,0.0,0.0,0.04918032786885246,0.0,0.0,0.0
2024_04_NO_ATL,Jake Haener,QB,NO,ATL,2024-09-29 16:00:00+00:00,2024-09-15 17:00:00+00:00,2024-09-22 17:00:00+00:00,2024-09-23 00:20:00+00:00,2024-09-24 00:20:00+00:00,assumed_kickoff_plus_24h,2024_01_CAR_NO;2024_02_NO_DAL,1.5,0.039473684210526314,0.0,0.0,0.096,0.0,0.0,0.0
2024_04_NO_ATL,Bub Means,WR,NO,ATL,2024-09-29 16:00:00+00:00,2024-09-08 17:00:00+00:00,2024-09-22 17:00:00+00:00,2024-09-23 00:20:00+00:00,2024-09-24 00:20:00+00:00,assumed_kickoff_plus_24h,2024_01_CAR_NO,0.0,0.0,1.0,0.041666666666666664,0.09090909090909091,0.0,0.0,0.0
2024_04_NO_ATL,Mason Tipton,WR,NO,ATL,2024-09-29 16:00:00+00:00,2024-09-22 17:00:00+00:00,2024-09-22 17:00:00+00:00,2024-09-23 00:20:00+00:00,2024-09-24 00:20:00+00:00,assumed_kickoff_plus_24h,2024_01_CAR_NO;2024_03_PHI_NO,0.0,0.0,2.0,0.0851063829787234,0.28688524590163933,0.0,0.0,0.0
2024_04_PHI_TB,Dallas Goedert,TE,PHI,TB,2024-09-29 16:00:00+00:00,2024-09-22 17:00:00+00:00,2024-09-22 17:00:00+00:00,2024-09-22 17:00:00+00:00,2024-09-23 17:00:00+00:00,assumed_kickoff_plus_24h,2024_01_GB_PHI;2024_02_ATL_PHI;2024_03_PHI_NO,0.0,0.0,6.666666666666667,0.2127659574468085,0.8812785388127854,0.0,0.3333333333333333,0.3333333333333333
2024_04_PHI_TB,Saquon Barkley,RB,PHI,TB,2024-09-29 16:00:00+00:00,2024-09-22 17:00:00+00:00,2024-09-22 17:00:00+00:00,2024-09-22 17:00:00+00:00,2024-09-23 17:00:00+00:00,assumed_kickoff_plus_24h,2024_01_GB_PHI;2024_02_ATL_PHI;2024_03_PHI_NO,21.0,0.63,3.6666666666666665,0.11702127659574468,0.8356164383561644,5.0,1.3333333333333333,0.3333333333333333
2024_04_PHI_TB,Parris Campbell,WR,PHI,TB,2024-09-29 16:00:00+00:00,2024-09-22 17:00:00+00:00,2024-09-22 17:00:00+00:00,2024-09-22 17:00:00+00:00,2024-09-23 17:00:00+00:00,assumed_kickoff_plus_24h,2024_03_PHI_NO,0.0,0.0,2.0,0.05555555555555555,0.5,0.0,0.0,0.0
2024_04_PHI_TB,A.J. Brown,WR,PHI,TB,2024-09-29 16:00:00+00:00,2024-09-07 00:15:00+00:00,2024-09-22 17:00:00+00:00,2024-09-22 17:00:00+00:00,2024-09-23 17:00:00+00:00,assumed_kickoff_plus_24h,2024_01_GB_PHI,0.0,0.0,10.0,0.3448275862068966,0.9473684210526315,0.0,1.0,1.0
2024_04_PHI_TB,Jalen Hurts,QB,PHI,TB,2024-09-29 16:00:00+00:00,2024-09-22 17:00:00+00:00,2024-09-22 17:00:00+00:00,2024-09-22 17:00:00+00:00,2024-09-23 17:00:00+00:00,assumed_kickoff_plus_24h,2024_01_GB_PHI;2024_02_ATL_PHI;2024_03_PHI_NO,11.333333333333334,0.34,0.0,0.0,1.0,3.3333333333333335,0.0,0.0
2024_04_PHI_TB,Jack Stoll,TE,PHI,TB,2024-09-29 16:00:00+00:00,2024-09-22 17:00:00+00:00,2024-09-22 17:00:00+00:00,2024-09-22 17:00:00+00:00,2024-09-23 17:00:00+00:00,assumed_kickoff_plus_24h,2024_03_PHI_NO,0.0,0.0,0.0,0.0,0.18055555555555555,0.0,0.0,0.0
2024_04_PHI_TB,DeVonta Smith,WR,PHI,TB,2024-09-29 16:00:00+00:00,2024-09-22 17:00:00+00:00,2024-09-22 17:00:00+00:00,2024-09-22 17:00:00+00:00,2024-09-23 17:00:00+00:00,assumed_kickoff_plus_24h,2024_01_GB_PHI;2024_02_ATL_PHI;2024_03_PHI_NO,0.0,0.0,9.333333333333334,0.2978723404255319,0.9223744292237442,0.0,1.3333333333333333,1.0
2024_04_PHI_TB,Kenny Gainwell,RB,PHI,TB,2024-09-29 16:00:00+00:00,2024-09-22 17:00:00+00:00,2024-09-22 17:00:00+00:00,2024-09-22 17:00:00+00:00,2024-09-23 17:00:00+00:00,assumed_kickoff_plus_24h,2024_01_GB_PHI;2024_02_ATL_PHI;2024_03_PHI_NO,1.0,0.03,1.3333333333333333,0.0425531914893617,0.1643835616438356,0.6666666666666666,0.0,0.0
2024_04_PHI_TB,Grant Calcaterra,TE,PHI,TB,2024-09-29 16:00:00+00:00,2024-09-22 17:00:00+00:00,2024-09-22 17:00:00+00:00,2024-09-22 17:00:00+00:00,2024-09-23 17:00:00+00:00,assumed_kickoff_plus_24h,2024_01_GB_PHI;2024_02_ATL_PHI;2024_03_PHI_NO,0.0,0.0,1.0,0.031914893617021274,0.4155251141552511,0.0,0.0,0.0
2024_04_PHI_TB,Britain Covey,WR,PHI,TB,2024-09-29 16:00:00+00:00,2024-09-22 17:00:00+00:00,2024-09-22 17:00:00+00:00,2024-09-22 17:00:00+00:00,2024-09-23 17:00:00+00:00,assumed_kickoff_plus_24h,2024_01_GB_PHI;2024_02_ATL_PHI;2024_03_PHI_NO,0.0,0.0,2.3333333333333335,0.07446808510638298,0.1780821917808219,0.0,0.6666666666666666,0.0
2024_04_PHI_TB,Jahan Dotson,WR,PHI,TB,2024-09-29 16:00:00+00:00,2024-09-22 17:00:00+00:00,2024-09-22 17:00:00+00:00,2024-09-22 17:00:00+00:00,2024-09-23 17:00:00+00:00,assumed_kickoff_plus_24h,2024_01_GB_PHI;2024_02_ATL_PHI;2024_03_PHI_NO,0.0,0.0,1.6666666666666667,0.05319148936170213,0.6894977168949772,0.0,0.3333333333333333,0.0
2024_04_PHI_TB,Johnny Wilson,WR,PHI,TB,2024-09-29 16:00:00+00:00,2024-09-22 17:00:00+00:00,2024-09-22 17:00:00+00:00,2024-09-22 17:00:00+00:00,2024-09-23 17:00:00+00:00,assumed_kickoff_plus_24h,2024_01_GB_PHI;2024_02_ATL_PHI;2024_03_PHI_NO,0.0,0.0,1.3333333333333333,0.0425531914893617,0.2420091324200913,0.0,0.3333333333333333,0.3333333333333333
2024_04_PHI_TB,Will Shipley,RB,PHI,TB,2024-09-29 16:00:00+00:00,2024-09-22 17:00:00+00:00,2024-09-22 17:00:00+00:00,2024-09-22 17:00:00+00:00,2024-09-23 17:00:00+00:00,assumed_kickoff_plus_24h,2024_01_GB_PHI;2024_02_ATL_PHI;2024_03_PHI_NO,0.0,0.0,0.0,0.0,0.0182648401826484,0.0,0.0,0.0
2024_04_PHI_TB,Mike Evans,WR,TB,PHI,2024-09-29 16:00:00+00:00,2024-09-22 17:00:00+00:00,2024-09-22 17:00:00+00:00,2024-09-22 17:00:00+00:00,2024-09-23 17:00:00+00:00,assumed_kickoff_plus_24h,2024_01_WAS_TB;2024_02_TB_DET;2024_03_DEN_TB,0.0,0.0,5.0,0.18518518518518517,0.7692307692307693,0.0,1.0,1.0
2024_04_PHI_TB,Chris Godwin Jr.,WR,TB,PHI,2024-09-29 16:00:00+00:00,2024-09-22 17:00:00+00:00,2024-09-22 17:00:00+00:00,2024-09-22 17:00:00+00:00,2024-09-23 17:00:00+00:00,assumed_kickoff_plus_24h,2024_01_WAS_TB;2024_02_TB_DET;2024_03_DEN_TB,0.0,0.0,8.333333333333334,0.30864197530864196,0.8224852071005917,0.0,0.6666666666666666,0.3333333333333333
2024_04_PHI_TB,Baker Mayfield,QB,TB,PHI,2024-09-29 16:00:00+00:00,2024-09-22 17:00:00+00:00,2024-09-22 17:00:00+00:00,2024-09-22 17:00:00+00:00,2024-09-23 17:00:00+00:00,assumed_kickoff_plus_24h,2024_01_WAS_TB;2024_02_TB_DET;2024_03_DEN_TB,2.6666666666666665,0.11594202898550725,0.0,0.0,0.9881656804733728,0.3333333333333333,0.0,0.0
2024_04_PHI_TB,Kyle Trask,QB,TB,PHI,2024-09-29 16:00:00+00:00,2024-09-08 20:25:00+00:00,2024-09-22 17:00:00+00:00,2024-09-22 17:00:00+00:00,2024-09-23 17:00:00+00:00,assumed_kickoff_plus_24h,2024_01_WAS_TB,2.0,0.06666666666666667,0.0,0.0,0.03125,0.0,0.0,0.0
2024_04_PHI_TB,Rachaad White,RB,TB,PHI,2024-09-29 16:00:00+00:00,2024-09-22 17:00:00+00:00,2024-09-22 17:00:00+00:00,2024-09-22 17:00:00+00:00,2024-09-23 17:00:00+00:00,assumed_kickoff_plus_24h,2024_01_WAS_TB;2024_02_TB_DET;2024_03_DEN_TB,10.333333333333334,0.4492753623188406,4.333333333333333,0.16049382716049382,0.7159763313609467,1.6666666666666667,0.6666666666666666,0.0
2024_04_PHI_TB,Ko Kieft,TE,TB,PHI,2024-09-29 16:00:00+00:00,2024-09-15 17:00:00+00:00,2024-09-22 17:00:00+00:00,2024-09-22 17:00:00+00:00,2024-09-23 17:00:00+00:00,assumed_kickoff_plus_24h,2024_02_TB_DET,0.0,0.0,0.0,0.0,0.020833333333333332,0.0,0.0,0.0
2024_04_PHI_TB,Cade Otton,TE,TB,PHI,2024-09-29 16:00:00+00:00,2024-09-22 17:00:00+00:00,2024-09-22 17:00:00+00:00,2024-09-22 17:00:00+00:00,2024-09-23 17:00:00+00:00,assumed_kickoff_plus_24h,2024_01_WAS_TB;2024_02_TB_DET;2024_03_DEN_TB,0.3333333333333333,0.014492753623188406,4.0,0.14814814814814814,0.9171597633136095,0.0,0.6666666666666666,0.3333333333333333
2024_04_PHI_TB,Sean Tucker,RB,TB,PHI,2024-09-29 16:00:00+00:00,2024-09-22 17:00:00+00:00,2024-09-22 17:00:00+00:00,2024-09-22 17:00:00+00:00,2024-09-23 17:00:00+00:00,assumed_kickoff_plus_24h,2024_01_WAS_TB;2024_02_TB_DET;2024_03_DEN_TB,0.3333333333333333,0.014492753623188406,0.0,0.0,0.01775147928994083,0.0,0.0,0.0
2024_04_PHI_TB,Payne Durham,TE,TB,PHI,2024-09-29 16:00:00+00:00,2024-09-22 17:00:00+00:00,2024-09-22 17:00:00+00:00,2024-09-22 17:00:00+00:00,2024-09-23 17:00:00+00:00,assumed_kickoff_plus_24h,2024_03_DEN_TB,0.0,0.0,1.0,0.03125,0.21052631578947367,0.0,0.0,0.0
2024_04_PHI_TB,Trey Palmer,WR,TB,PHI,2024-09-29 16:00:00+00:00,2024-09-22 17:00:00+00:00,2024-09-22 17:00:00+00:00,2024-09-22 17:00:00+00:00,2024-09-23 17:00:00+00:00,assumed_kickoff_plus_24h,2024_01_WAS_TB;2024_02_TB_DET;2024_03_DEN_TB,0.0,0.0,1.0,0.037037037037037035,0.2485207100591716,0.0,0.0,0.0
2024_04_PHI_TB,Bucky Irving,RB,TB,PHI,2024-09-29 16:00:00+00:00,2024-09-22 17:00:00+00:00,2024-09-22 17:00:00+00:00,2024-09-22 17:00:00+00:00,2024-09-23 17:00:00+00:00,assumed_kickoff_plus_24h,2024_01_WAS_TB;2024_02_TB_DET;2024_03_DEN_TB,8.333333333333334,0.36231884057971014,2.0,0.07407407407407407,0.3254437869822485,0.3333333333333333,0.0,0.0
2024_04_PHI_TB,Kameron Johnson,WR,TB,PHI,2024-09-29 16:00:00+00:00,2024-09-08 20:25:00+00:00,2024-09-22 17:00:00+00:00,2024-09-22 17:00:00+00:00,2024-09-23 17:00:00+00:00,assumed_kickoff_plus_24h,2024_01_WAS_TB,1.0,0.03333333333333333,0.0,0.0,0.171875,0.0,0.0,0.0
2024_04_PHI_TB,Jalen McMillan,WR,TB,PHI,2024-09-29 16:00:00+00:00,2024-09-22 17:00:00+00:00,2024-09-22 17:00:00+00:00,2024-09-22 17:00:00+00:00,2024-09-23 17:00:00+00:00,assumed_kickoff_plus_24h,2024_01_WAS_TB;2024_02_TB_DET;2024_03_DEN_TB,0.0,0.0,2.0,0.07407407407407407,0.7988165680473372,0.0,0.0,0.0
2024_04_PIT_IND,Mo Alie-Cox,TE,IND,PIT,2024-09-29 16:00:00+00:00,2024-09-22 17:00:00+00:00,2024-09-22 17:00:00+00:00,2024-09-22 17:00:00+00:00,2024-09-23 17:00:00+00:00,assumed_kickoff_plus_24h,2024_01_HOU_IND;2024_02_IND_GB;2024_03_CHI_IND,0.0,0.0,1.0,0.04411764705882353,0.4267515923566879,0.0,0.3333333333333333,0.3333333333333333
2024_04_PIT_IND,Ashton Dulin,WR,IND,PIT,2024-09-29 16:00:00+00:00,2024-09-22 17:00:00+00:00,2024-09-22 17:00:00+00:00,2024-09-22 17:00:00+00:00,2024-09-23 17:00:00+00:00,assumed_kickoff_plus_24h,2024_01_HOU_IND;2024_02_IND_GB;2024_03_CHI_IND,0.0,0.0,1.3333333333333333,0.058823529411764705,0.31210191082802546,0.0,0.3333333333333333,0.3333333333333333
2024_04_PIT_IND,Jonathan Taylor,RB,IND,PIT,2024-09-29 16:00:00+00:00,2024-09-22 17:00:00+00:00,2024-09-22 17:00:00+00:00,2024-09-22 17:00:00+00:00,2024-09-23 17:00:00+00:00,assumed_kickoff_plus_24h,2024_01_HOU_IND;2024_02_IND_GB;2024_03_CHI_IND,17.0,0.6986301369863014,2.0,0.08823529411764706,0.7707006369426752,3.0,0.0,0.0
2024_04_PIT_IND,Michael Pittman,WR,IND,PIT,2024-09-29 16:00:00+00:00,2024-09-22 17:00:00+00:00,2024-09-22 17:00:00+00:00,2024-09-22 17:00:00+00:00,2024-09-23 17:00:00+00:00,assumed_kickoff_plus_24h,2024_01_HOU_IND;2024_02_IND_GB;2024_03_CHI_IND,0.0,0.0,6.666666666666667,0.29411764705882354,0.8598726114649682,0.0,0.3333333333333333,0.0
2024_04_PIT_IND,Kylen Granson,TE,IND,PIT,2024-09-29 16:00:00+00:00,2024-09-22 17:00:00+00:00,2024-09-22 17:00:00+00:00,2024-09-22 17:00:00+00:00,2024-09-23 17:00:00+00:00,assumed_kickoff_plus_24h,2024_01_HOU_IND;2024_02_IND_GB;2024_03_CHI_IND,0.0,0.0,1.3333333333333333,0.058823529411764705,0.5414012738853503,0.0,0.6666666666666666,0.0
2024_04_PIT_IND,Trey Sermon,RB,IND,PIT,2024-09-29 16:00:00+00:00,2024-09-22 17:00:00+00:00,2024-09-22 17:00:00+00:00,2024-09-22 17:00:00+00:00,2024-09-23 17:00:00+00:00,assumed_kickoff_plus_24h,2024_02_IND_GB;2024_03_CHI_IND,2.0,0.0784313725490196,0.5,0.02040816326530612,0.20535714285714285,1.5,0.0,0.0
2024_04_PIT_IND,Tyler Goodson,RB,IND,PIT,2024-09-29 16:00:00+00:00,2024-09-22 17:00:00+00:00,2024-09-22 17:00:00+00:00,2024-09-22 17:00:00+00:00,2024-09-23 17:00:00+00:00,assumed_kickoff_plus_24h,2024_02_IND_GB;2024_03_CHI_IND,0.0,0.0,0.5,0.02040816326530612,0.09821428571428571,0.0,0.0,0.0
2024_04_PIT_IND,Andrew Ogletree,TE,IND,PIT,2024-09-29 16:00:00+00:00,2024-09-22 17:00:00+00:00,2024-09-22 17:00:00+00:00,2024-09-22 17:00:00+00:00,2024-09-23 17:00:00+00:00,assumed_kickoff_plus_24h,2024_02_IND_GB;2024_03_CHI_IND,0.0,0.0,1.0,0.04081632653061224,0.30357142857142855,0.0,0.0,0.0
2024_04_PIT_IND,Alec Pierce,WR,IND,PIT,2024-09-29 16:00:00+00:00,2024-09-22 17:00:00+00:00,2024-09-22 17:00:00+00:00,2024-09-22 17:00:00+00:00,2024-09-23 17:00:00+00:00,assumed_kickoff_plus_24h,2024_01_HOU_IND;2024_02_IND_GB;2024_03_CHI_IND,0.0,0.0,4.0,0.17647058823529413,0.8535031847133758,0.0,0.3333333333333333,0.3333333333333333
2024_04_PIT_IND,Josh Downs,WR,IND,PIT,2024-09-29 16:00:00+00:00,2024-09-22 17:00:00+00:00,2024-09-22 17:00:00+00:00,2024-09-22 17:00:00+00:00,2024-09-23 17:00:00+00:00,assumed_kickoff_plus_24h,2024_03_CHI_IND,0.0,0.0,5.0,0.2777777777777778,0.5714285714285714,0.0,0.0,0.0
2024_04_PIT_IND,Anthony Richardson,QB,IND,PIT,2024-09-29 16:00:00+00:00,2024-09-22 17:00:00+00:00,2024-09-22 17:00:00+00:00,2024-09-22 17:00:00+00:00,2024-09-23 17:00:00+00:00,assumed_kickoff_plus_24h,2024_01_HOU_IND;2024_02_IND_GB;2024_03_CHI_IND,6.0,0.2465753424657534,0.0,0.0,1.0,2.0,0.0,0.0
2024_04_PIT_IND,Anthony Gould,WR,IND,PIT,2024-09-29 16:00:00+00:00,2024-09-22 17:00:00+00:00,2024-09-22 17:00:00+00:00,2024-09-22 17:00:00+00:00,2024-09-23 17:00:00+00:00,assumed_kickoff_plus_24h,2024_01_HOU_IND;2024_02_IND_GB;2024_03_CHI_IND,0.0,0.0,0.0,0.0,0.07006369426751592,0.0,0.0,0.0
2024_04_PIT_IND,Adonai Mitchell,WR,IND,PIT,2024-09-29 16:00:00+00:00,2024-09-22 17:00:00+00:00,2024-09-22 17:00:00+00:00,2024-09-22 17:00:00+00:00,2024-09-23 17:00:00+00:00,assumed_kickoff_plus_24h,2024_01_HOU_IND;2024_02_IND_GB;2024_03_CHI_IND,0.0,0.0,3.3333333333333335,0.14705882352941177,0.4394904458598726,0.0,0.0,0.3333333333333333
2024_04_PIT_IND,Cordarrelle Patterson,RB,PIT,IND,2024-09-29 16:00:00+00:00,2024-09-22 17:00:00+00:00,2024-09-22 17:00:00+00:00,2024-09-22 17:00:00+00:00,2024-09-23 17:00:00+00:00,assumed_kickoff_plus_24h,2024_01_PIT_ATL;2024_02_PIT_DEN;2024_03_LAC_PIT,3.3333333333333335,0.09259259259259259,1.6666666666666667,0.07042253521126761,0.1782178217821782,0.0,0.3333333333333333,0.0
2024_04_PIT_IND,MyCole Pruitt,TE,PIT,IND,2024-09-29 16:00:00+00:00,2024-09-15 20:25:00+00:00,2024-09-22 17:00:00+00:00,2024-09-22 17:00:00+00:00,2024-09-23 17:00:00+00:00,assumed_kickoff_plus_24h,2024_01_PIT_ATL;2024_02_PIT_DEN,0.0,0.0,1.0,0.05,0.5074626865671642,0.0,0.0,0.0
2024_04_PIT_IND,Scott Miller,WR,PIT,IND,2024-09-29 16:00:00+00:00,2024-09-22 17:00:00+00:00,2024-09-22 17:00:00+00:00,2024-09-22 17:00:00+00:00,2024-09-23 17:00:00+00:00,assumed_kickoff_plus_24h,2024_01_PIT_ATL;2024_03_LAC_PIT,0.0,0.0,1.0,0.03773584905660377,0.40441176470588236,0.0,0.0,0.0
2024_04_PIT_IND,Van Jefferson,WR,PIT,IND,2024-09-29 16:00:00+00:00,2024-09-15 20:25:00+00:00,2024-09-22 17:00:00+00:00,2024-09-22 17:00:00+00:00,2024-09-23 17:00:00+00:00,assumed_kickoff_plus_24h,2024_01_PIT_ATL;2024_02_PIT_DEN,0.0,0.0,2.5,0.125,0.7686567164179104,0.0,1.0,0.0
2024_04_PIT_IND,Ben Skowronek,WR,PIT,IND,2024-09-29 16:00:00+00:00,2024-09-15 20:25:00+00:00,2024-09-22 17:00:00+00:00,2024-09-22 17:00:00+00:00,2024-09-23 17:00:00+00:00,assumed_kickoff_plus_24h,2024_02_PIT_DEN,0.0,0.0,0.0,0.0,0.09090909090909091,0.0,0.0,0.0
2024_04_PIT_IND,Najee Harris,RB,PIT,IND,2024-09-29 16:00:00+00:00,2024-09-22 17:00:00+00:00,2024-09-22 17:00:00+00:00,2024-09-22 17:00:00+00:00,2024-09-23 17:00:00+00:00,assumed_kickoff_plus_24h,2024_01_PIT_ATL;2024_02_PIT_DEN;2024_03_LAC_PIT,18.333333333333332,0.5092592592592593,3.0,0.1267605633802817,0.5346534653465347,3.3333333333333335,0.0,0.0
2024_04_PIT_IND,Pat Freiermuth,TE,PIT,IND,2024-09-29 16:00:00+00:00,2024-09-22 17:00:00+00:00,2024-09-22 17:00:00+00:00,2024-09-22 17:00:00+00:00,2024-09-23 17:00:00+00:00,assumed_kickoff_plus_24h,2024_01_PIT_ATL;2024_02_PIT_DEN;2024_03_LAC_PIT,0.0,0.0,4.333333333333333,0.18309859154929578,0.7079207920792079,0.0,0.3333333333333333,0.0
2024_04_PIT_IND,Justin Fields,QB,PIT,IND,2024-09-29 16:00:00+00:00,2024-09-22 17:00:00+00:00,2024-09-22 17:00:00+00:00,2024-09-22 17:00:00+00:00,2024-09-23 17:00:00+00:00,assumed_kickoff_plus_24h,2024_01_PIT_ATL;2024_02_PIT_DEN;2024_03_LAC_PIT,9.333333333333334,0.25925925925925924,0.0,0.0,1.0,2.0,0.0,0.0
2024_04_PIT_IND,Jaylen Warren,RB,PIT,IND,2024-09-29 16:00:00+00:00,2024-09-22 17:00:00+00:00,2024-09-22 17:00:00+00:00,2024-09-22 17:00:00+00:00,2024-09-23 17:00:00+00:00,assumed_kickoff_plus_24h,2024_01_PIT_ATL;2024_02_PIT_DEN;2024_03_LAC_PIT,4.666666666666667,0.12962962962962962,1.6666666666666667,0.07042253521126761,0.37623762376237624,0.3333333333333333,0.3333333333333333,0.0
2024_04_PIT_IND,George Pickens,WR,PIT,IND,2024-09-29 16:00:00+00:00,2024-09-22 17:00:00+00:00,2024-09-22 17:00:00+00:00,2024-09-22 17:00:00+00:00,2024-09-23 17:00:00+00:00,assumed_kickoff_plus_24h,2024_01_PIT_ATL;2024_02_PIT_DEN;2024_03_LAC_PIT,0.3333333333333333,0.009259259259259259,6.0,0.2535211267605634,0.7277227722772277,0.0,0.3333333333333333,0.3333333333333333
2024_04_PIT_IND,Rod Williams,TE,PIT,IND,2024-09-29 16:00:00+00:00,2024-09-22 17:00:00+00:00,2024-09-22 17:00:00+00:00,2024-09-22 17:00:00+00:00,2024-09-23 17:00:00+00:00,assumed_kickoff_plus_24h,2024_03_LAC_PIT,0.0,0.0,0.0,0.0,,0.0,0.0,0.0
2024_04_PIT_IND,Calvin Austin III,WR,PIT,IND,2024-09-29 16:00:00+00:00,2024-09-22 17:00:00+00:00,2024-09-22 17:00:00+00:00,2024-09-22 17:00:00+00:00,2024-09-23 17:00:00+00:00,assumed_kickoff_plus_24h,2024_01_PIT_ATL;2024_02_PIT_DEN;2024_03_LAC_PIT,0.0,0.0,3.0,0.1267605633802817,0.47029702970297027,0.0,0.3333333333333333,0.3333333333333333
2024_04_PIT_IND,Darnell Washington,TE,PIT,IND,2024-09-29 16:00:00+00:00,2024-09-15 20:25:00+00:00,2024-09-22 17:00:00+00:00,2024-09-22 17:00:00+00:00,2024-09-23 17:00:00+00:00,assumed_kickoff_plus_24h,2024_01_PIT_ATL;2024_02_PIT_DEN,0.0,0.0,1.0,0.05,0.4925373134328358,0.0,0.5,0.5
2024_04_NE_SF,Austin Hooper,TE,NE,SF,2024-09-29 19:05:00+00:00,2024-09-20 00:15:00+00:00,2024-09-20 00:15:00+00:00,2024-09-22 20:25:00+00:00,2024-09-23 20:25:00+00:00,assumed_kickoff_plus_24h,2024_01_NE_CIN;2024_02_SEA_NE;2024_03_NE_NYJ,0.0,0.0,3.0,0.1267605633802817,0.5567567567567567,0.0,0.0,0.0
2024_04_NE_SF,Hunter Henry,TE,NE,SF,2024-09-29 19:05:00+00:00,2024-09-20 00:15:00+00:00,2024-09-20 00:15:00+00:00,2024-09-22 20:25:00+00:00,2024-09-23 20:25:00+00:00,assumed_kickoff_plus_24h,2024_01_NE_CIN;2024_02_SEA_NE;2024_03_NE_NYJ,0.0,0.0,6.0,0.2535211267605634,0.7783783783783784,0.0,0.6666666666666666,0.3333333333333333
2024_04_NE_SF,Jacoby Brissett,QB,NE,SF,2024-09-29 19:05:00+00:00,2024-09-20 00:15:00+00:00,2024-09-20 00:15:00+00:00,2024-09-22 20:25:00+00:00,2024-09-23 20:25:00+00:00,assumed_kickoff_plus_24h,2024_01_NE_CIN;2024_02_SEA_NE;2024_03_NE_NYJ,3.0,0.1,0.0,0.0,0.9135135135135135,0.3333333333333333,0.0,0.0
2024_04_NE_SF,JaMycal Hasty,RB,NE,SF,2024-09-29 19:05:00+00:00,2024-09-20 00:15:00+00:00,2024-09-20 00:15:00+00:00,2024-09-22 20:25:00+00:00,2024-09-23 20:25:00+00:00,assumed_kickoff_plus_24h,2024_01_NE_CIN;2024_02_SEA_NE;2024_03_NE_NYJ,0.6666666666666666,0.022222222222222223,0.0,0.0,0.06486486486486487,0.0,0.0,0.0
2024_04_NE_SF,Antonio Gibson,RB,NE,SF,2024-09-29 19:05:00+00:00,2024-09-20 00:15:00+00:00,2024-09-20 00:15:00+00:00,2024-09-22 20:25:00+00:00,2024-09-23 20:25:00+00:00,assumed_kickoff_plus_24h,2024_01_NE_CIN;2024_02_SEA_NE;2024_03_NE_NYJ,7.666666666666667,0.25555555555555554,1.3333333333333333,0.056338028169014086,0.2648648648648649,1.0,0.0,0.0
2024_04_NE_SF,K.J. Osborn,WR,NE,SF,2024-09-29 19:05:00+00:00,2024-09-15 17:00:00+00:00,2024-09-20 00:15:00+00:00,2024-09-22 20:25:00+00:00,2024-09-23 20:25:00+00:00,assumed_kickoff_plus_24h,2024_01_NE_CIN;2024_02_SEA_NE,0.0,0.0,4.0,0.1702127659574468,0.6842105263157895,0.0,1.0,0.0
2024_04_NE_SF,Rhamondre Stevenson,RB,NE,SF,2024-09-29 19:05:00+00:00,2024-09-20 00:15:00+00:00,2024-09-20 00:15:00+00:00,2024-09-22 20:25:00+00:00,2024-09-23 20:25:00+00:00,assumed_kickoff_plus_24h,2024_01_NE_CIN;2024_02_SEA_NE;2024_03_NE_NYJ,17.333333333333332,0.5777777777777777,2.6666666666666665,0.11267605633802817,0.6702702702702703,3.0,1.3333333333333333,0.3333333333333333
2024_04_NE_SF,Tyquan Thornton,WR,NE,SF,2024-09-29 19:05:00+00:00,2024-09-20 00:15:00+00:00,2024-09-20 00:15:00+00:00,2024-09-22 20:25:00+00:00,2024-09-23 20:25:00+00:00,assumed_kickoff_plus_24h,2024_01_NE_CIN;2024_03_NE_NYJ,0.0,0.0,2.0,0.0851063829787234,0.4700854700854701,0.0,0.0,0.5
2024_04_NE_SF,Kayshon Boutte,WR,NE,SF,2024-09-29 19:05:00+00:00,2024-09-20 00:15:00+00:00,2024-09-20 00:15:00+00:00,2024-09-22 20:25:00+00:00,2024-09-23 20:25:00+00:00,assumed_kickoff_plus_24h,2024_03_NE_NYJ,0.0,0.0,2.0,0.08333333333333333,0.34615384615384615,0.0,0.0,0.0
2024_04_NE_SF,DeMario Douglas,WR,NE,SF,2024-09-29 19:05:00+00:00,2024-09-20 00:15:00+00:00,2024-09-20 00:15:00+00:00,2024-09-22 20:25:00+00:00,2024-09-23 20:25:00+00:00,assumed_kickoff_plus_24h,2024_01_NE_CIN;2024_03_NE_NYJ,0.5,0.018518518518518517,6.0,0.2553191489361702,0.7008547008547008,0.0,0.0,0.0
2024_04_NE_SF,Drake Maye,QB,NE,SF,2024-09-29 19:05:00+00:00,2024-09-20 00:15:00+00:00,2024-09-20 00:15:00+00:00,2024-09-22 20:25:00+00:00,2024-09-23 20:25:00+00:00,assumed_kickoff_plus_24h,2024_03_NE_NYJ,2.0,0.13333333333333333,0.0,0.0,0.3076923076923077,0.0,0.0,0.0
2024_04_NE_SF,Ja'Lynn Polk,WR,NE,SF,2024-09-29 19:05:00+00:00,2024-09-20 00:15:00+00:00,2024-09-20 00:15:00+00:00,2024-09-22 20:25:00+00:00,2024-09-23 20:25:00+00:00,assumed_kickoff_plus_24h,2024_01_NE_CIN;2024_02_SEA_NE;2024_03_NE_NYJ,0.3333333333333333,0.011111111111111112,2.0,0.08450704225352113,0.5513513513513514,0.3333333333333333,0.3333333333333333,0.3333333333333333
2024_04_NE_SF,Chris Conley,WR,SF,NE,2024-09-29 19:05:00+00:00,2024-09-22 20:25:00+00:00,2024-09-22 20:25:00+00:00,2024-09-20 00:15:00+00:00,2024-09-23 20:25:00+00:00,assumed_kickoff_plus_24h,2024_02_SF_MIN;2024_03_SF_LA,0.0,0.0,0.5,0.015151515151515152,0.20567375886524822,0.0,0.0,0.0
2024_04_NE_SF,Brandon Allen,QB,SF,NE,2024-09-29 19:05:00+00:00,2024-09-10 00:15:00+00:00,2024-09-22 20:25:00+00:00,2024-09-20 00:15:00+00:00,2024-09-23 20:25:00+00:00,assumed_kickoff_plus_24h,2024_01_NYJ_SF,1.0,0.02631578947368421,0.0,0.0,0.013888888888888888,0.0,0.0,0.0
2024_04_NE_SF,George Kittle,TE,SF,NE,2024-09-29 19:05:00+00:00,2024-09-15 17:00:00+00:00,2024-09-22 20:25:00+00:00,2024-09-20 00:15:00+00:00,2024-09-23 20:25:00+00:00,assumed_kickoff_plus_24h,2024_01_NYJ_SF;2024_02_SF_MIN,0.0,0.0,6.5,0.2,0.823943661971831,0.0,1.0,0.0
2024_04_NE_SF,Eric Saubert,TE,SF,NE,2024-09-29 19:05:00+00:00,2024-09-22 20:25:00+00:00,2024-09-22 20:25:00+00:00,2024-09-20 00:15:00+00:00,2024-09-23 20:25:00+00:00,assumed_kickoff_plus_24h,2024_01_NYJ_SF;2024_02_SF_MIN;2024_03_SF_LA,0.0,0.0,1.6666666666666667,0.05263157894736842,0.49765258215962443,0.0,0.0,0.0
2024_04_NE_SF,Deebo Samuel Sr.,WR,SF,NE,2024-09-29 19:05:00+00:00,2024-09-15 17:00:00+00:00,2024-09-22 20:25:00+00:00,2024-09-20 00:15:00+00:00,2024-09-23 20:25:00+00:00,assumed_kickoff_plus_24h,2024_01_NYJ_SF;2024_02_SF_MIN,5.0,0.15873015873015872,9.5,0.2923076923076923,0.795774647887324,2.0,1.0,0.0
2024_04_NE_SF,Jauan Jennings,WR,SF,NE,2024-09-29 19:05:00+00:00,2024-09-22 20:25:00+00:00,2024-09-22 20:25:00+00:00,2024-09-20 00:15:00+00:00,2024-09-23 20:25:00+00:00,assumed_kickoff_plus_24h,2024_01_NYJ_SF;2024_02_SF_MIN;2024_03_SF_LA,0.0,0.0,7.0,0.22105263157894736,0.6244131455399061,0.0,1.3333333333333333,1.0
2024_04_NE_SF,Brandon Aiyuk,WR,SF,NE,2024-09-29 19:05:00+00:00,2024-09-22 20:25:00+00:00,2024-09-22 20:25:00+00:00,2024-09-20 00:15:00+00:00,2024-09-23 20:25:00+00:00,assumed_kickoff_plus_24h,2024_01_NYJ_SF;2024_02_SF_MIN;2024_03_SF_LA,0.0,0.0,6.666666666666667,0.21052631578947367,0.755868544600939,0.0,1.6666666666666667,1.0
2024_04_NE_SF,Jake Tonges,TE,SF,NE,2024-09-29 19:05:00+00:00,2024-09-15 17:00:00+00:00,2024-09-22 20:25:00+00:00,2024-09-20 00:15:00+00:00,2024-09-23 20:25:00+00:00,assumed_kickoff_plus_24h,2024_02_SF_MIN,0.0,0.0,0.0,0.0,0.014285714285714285,0.0,0.0,0.0
2024_04_NE_SF,Jordan Mason,RB,SF,NE,2024-09-29 19:05:00+00:00,2024-09-22 20:25:00+00:00,2024-09-22 20:25:00+00:00,2024-09-20 00:15:00+00:00,2024-09-23 20:25:00+00:00,assumed_kickoff_plus_24h,2024_01_NYJ_SF;2024_02_SF_MIN;2024_03_SF_LA,22.333333333333332,0.6907216494845361,1.3333333333333333,0.042105263157894736,0.7887323943661971,5.333333333333333,0.3333333333333333,0.0
2024_04_NE_SF,Brock Purdy,QB,SF,NE,2024-09-29 19:05:00+00:00,2024-09-22 20:25:00+00:00,2024-09-22 20:25:00+00:00,2024-09-20 00:15:00+00:00,2024-09-23 20:25:00+00:00,assumed_kickoff_plus_24h,2024_01_NYJ_SF;2024_02_SF_MIN;2024_03_SF_LA,4.333333333333333,0.13402061855670103,0.0,0.0,0.9953051643192489,1.0,0.0,0.0
2024_04_NE_SF,Ronnie Bell,WR,SF,NE,2024-09-29 19:05:00+00:00,2024-09-22 20:25:00+00:00,2024-09-22 20:25:00+00:00,2024-09-20 00:15:00+00:00,2024-09-23 20:25:00+00:00,assumed_kickoff_plus_24h,2024_03_SF_LA,0.0,0.0,3.0,0.1,0.4225352112676056,0.0,0.0,0.0
2024_04_NE_SF,Isaac Guerendo,RB,SF,NE,2024-09-29 19:05:00+00:00,2024-09-22 20:25:00+00:00,2024-09-22 20:25:00+00:00,2024-09-20 00:15:00+00:00,2024-09-23 20:25:00+00:00,assumed_kickoff_plus_24h,2024_01_NYJ_SF;2024_02_SF_MIN;2024_03_SF_LA,2.0,0.061855670103092786,0.0,0.0,0.06572769953051644,0.0,0.0,0.0
2024_04_NE_SF,Jacob Cowing,WR,SF,NE,2024-09-29 19:05:00+00:00,2024-09-22 20:25:00+00:00,2024-09-22 20:25:00+00:00,2024-09-20 00:15:00+00:00,2024-09-23 20:25:00+00:00,assumed_kickoff_plus_24h,2024_01_NYJ_SF;2024_02_SF_MIN;2024_03_SF_LA,0.0,0.0,0.0,0.0,0.0,0.0,0.0,0.0
2024_04_WAS_ARI,James Conner,RB,ARI,WAS,2024-09-29 19:05:00+00:00,2024-09-22 20:25:00+00:00,2024-09-22 20:25:00+00:00,2024-09-24 00:15:00+00:00,2024-09-25 00:15:00+00:00,assumed_kickoff_plus_24h,2024_01_ARI_BUF;2024_02_LA_ARI;2024_03_DET_ARI,15.333333333333334,0.5542168674698795,2.0,0.06976744186046512,0.6774193548387096,3.3333333333333335,0.0,0.0
2024_04_WAS_ARI,Kyler Murray,QB,ARI,WAS,2024-09-29 19:05:00+00:00,2024-09-22 20:25:00+00:00,2024-09-22 20:25:00+00:00,2024-09-24 00:15:00+00:00,2024-09-25 00:15:00+00:00,assumed_kickoff_plus_24h,2024_01_ARI_BUF;2024_02_LA_ARI;2024_03_DET_ARI,5.0,0.18072289156626506,0.0,0.0,0.967741935483871,0.3333333333333333,0.0,0.0
2024_04_WAS_ARI,Greg Dortch,WR,ARI,WAS,2024-09-29 19:05:00+00:00,2024-09-22 20:25:00+00:00,2024-09-22 20:25:00+00:00,2024-09-24 00:15:00+00:00,2024-09-25 00:15:00+00:00,assumed_kickoff_plus_24h,2024_01_ARI_BUF;2024_02_LA_ARI;2024_03_DET_ARI,0.3333333333333333,0.012048192771084338,5.333333333333333,0.18604651162790697,0.532258064516129,0.3333333333333333,0.3333333333333333,0.0
2024_04_WAS_ARI,DeeJay Dallas,RB,ARI,WAS,2024-09-29 19:05:00+00:00,2024-09-22 20:25:00+00:00,2024-09-22 20:25:00+00:00,2024-09-24 00:15:00+00:00,2024-09-25 00:15:00+00:00,assumed_kickoff_plus_24h,2024_01_ARI_BUF;2024_02_LA_ARI;2024_03_DET_ARI,0.0,0.0,0.0,0.0,0.0,0.0,0.0,0.0
2024_04_WAS_ARI,Trey McBride,TE,ARI,WAS,2024-09-29 19:05:00+00:00,2024-09-22 20:25:00+00:00,2024-09-22 20:25:00+00:00,2024-09-24 00:15:00+00:00,2024-09-25 00:15:00+00:00,assumed_kickoff_plus_24h,2024_01_ARI_BUF;2024_02_LA_ARI;2024_03_DET_ARI,0.0,0.0,7.0,0.2441860465116279,0.8440860215053764,0.0,0.3333333333333333,0.0
2024_04_WAS_ARI,Michael Wilson,WR,ARI,WAS,2024-09-29 19:05:00+00:00,2024-09-22 20:25:00+00:00,2024-09-22 20:25:00+00:00,2024-09-24 00:15:00+00:00,2024-09-25 00:15:00+00:00,assumed_kickoff_plus_24h,2024_01_ARI_BUF;2024_02_LA_ARI;2024_03_DET_ARI,0.0,0.0,4.333333333333333,0.1511627906976744,0.7903225806451613,0.0,0.3333333333333333,0.3333333333333333
2024_04_WAS_ARI,Clayton Tune,QB,ARI,WAS,2024-09-29 19:05:00+00:00,2024-09-15 20:05:00+00:00,2024-09-22 20:25:00+00:00,2024-09-24 00:15:00+00:00,2024-09-25 00:15:00+00:00,assumed_kickoff_plus_24h,2024_02_LA_ARI,1.0,0.025,0.0,0.0,0.09090909090909091,1.0,0.0,0.0
2024_04_WAS_ARI,Emari Demercado,RB,ARI,WAS,2024-09-29 19:05:00+00:00,2024-09-22 20:25:00+00:00,2024-09-22 20:25:00+00:00,2024-09-24 00:15:00+00:00,2024-09-25 00:15:00+00:00,assumed_kickoff_plus_24h,2024_01_ARI_BUF;2024_02_LA_ARI;2024_03_DET_ARI,1.3333333333333333,0.04819277108433735,0.6666666666666666,0.023255813953488372,0.17204301075268819,0.0,0.3333333333333333,0.0
2024_04_WAS_ARI,Elijah Higgins,TE,ARI,WAS,2024-09-29 19:05:00+00:00,2024-09-22 20:25:00+00:00,2024-09-22 20:25:00+00:00,2024-09-24 00:15:00+00:00,2024-09-25 00:15:00+00:00,assumed_kickoff_plus_24h,2024_01_ARI_BUF;2024_02_LA_ARI;2024_03_DET_ARI,0.0,0.0,1.3333333333333333,0.046511627906976744,0.43010752688172044,0.0,0.3333333333333333,0.3333333333333333
2024_04_WAS_ARI,Tip Reiman,TE,ARI,WAS,2024-09-29 19:05:00+00:00,2024-09-22 20:25:00+00:00,2024-09-22 20:25:00+00:00,2024-09-24 00:15:00+00:00,2024-09-25 00:15:00+00:00,assumed_kickoff_plus_24h,2024_03_DET_ARI,0.0,0.0,0.0,0.0,0.3389830508474576,0.0,0.0,0.0
2024_04_WAS_ARI,Marvin Harrison Jr.,WR,ARI,WAS,2024-09-29 19:05:00+00:00,2024-09-22 20:25:00+00:00,2024-09-22 20:25:00+00:00,2024-09-24 00:15:00+00:00,2024-09-25 00:15:00+00:00,assumed_kickoff_plus_24h,2024_01_ARI_BUF;2024_02_LA_ARI;2024_03_DET_ARI,0.0,0.0,7.333333333333333,0.2558139534883721,0.8225806451612904,0.0,1.0,1.6666666666666667
2024_04_WAS_ARI,Trey Benson,RB,ARI,WAS,2024-09-29 19:05:00+00:00,2024-09-22 20:25:00+00:00,2024-09-22 20:25:00+00:00,2024-09-24 00:15:00+00:00,2024-09-25 00:15:00+00:00,assumed_kickoff_plus_24h,2024_01_ARI_BUF;2024_02_LA_ARI;2024_03_DET_ARI,5.333333333333333,0.1927710843373494,0.6666666666666666,0.023255813953488372,0.17204301075268819,0.6666666666666666,0.0,0.0
2024_04_WAS_ARI,Zach Ertz,TE,WAS,ARI,2024-09-29 19:05:00+00:00,2024-09-24 00:15:00+00:00,2024-09-24 00:15:00+00:00,2024-09-22 20:25:00+00:00,2024-09-25 00:15:00+00:00,assumed_kickoff_plus_24h,2024_01_WAS_TB;2024_02_NYG_WAS;2024_03_WAS_CIN,0.0,0.0,4.333333333333333,0.17105263157894737,0.6684210526315789,0.0,0.0,0.0
2024_04_WAS_ARI,Jamison Crowder,WR,WAS,ARI,2024-09-29 19:05:00+00:00,2024-09-08 20:25:00+00:00,2024-09-24 00:15:00+00:00,2024-09-22 20:25:00+00:00,2024-09-25 00:15:00+00:00,assumed_kickoff_plus_24h,2024_01_WAS_TB,0.0,0.0,1.0,0.041666666666666664,0.05084745762711865,0.0,0.0,0.0
2024_04_WAS_ARI,Noah Brown,WR,WAS,ARI,2024-09-29 19:05:00+00:00,2024-09-24 00:15:00+00:00,2024-09-24 00:15:00+00:00,2024-09-22 20:25:00+00:00,2024-09-25 00:15:00+00:00,assumed_kickoff_plus_24h,2024_02_NYG_WAS;2024_03_WAS_CIN,0.0,0.0,3.0,0.11538461538461539,0.4122137404580153,0.0,0.5,0.0
2024_04_WAS_ARI,Austin Ekeler,RB,WAS,ARI,2024-09-29 19:05:00+00:00,2024-09-24 00:15:00+00:00,2024-09-24 00:15:00+00:00,2024-09-22 20:25:00+00:00,2024-09-25 00:15:00+00:00,assumed_kickoff_plus_24h,2024_01_WAS_TB;2024_02_NYG_WAS;2024_03_WAS_CIN,4.333333333333333,0.13402061855670103,3.0,0.11842105263157894,0.39473684210526316,2.0,0.0,0.0
2024_04_WAS_ARI,Jeremy McNichols,RB,WAS,ARI,2024-09-29 19:05:00+00:00,2024-09-24 00:15:00+00:00,2024-09-24 00:15:00+00:00,2024-09-22 20:25:00+00:00,2024-09-25 00:15:00+00:00,assumed_kickoff_plus_24h,2024_01_WAS_TB;2024_03_WAS_CIN,0.5,0.016129032258064516,0.0,0.0,0.06779661016949153,0.0,0.0,0.0
2024_04_WAS_ARI,Olamide Zaccheaus,WR,WAS,ARI,2024-09-29 19:05:00+00:00,2024-09-15 17:00:00+00:00,2024-09-24 00:15:00+00:00,2024-09-22 20:25:00+00:00,2024-09-25 00:15:00+00:00,assumed_kickoff_plus_24h,2024_01_WAS_TB;2024_02_NYG_WAS,0.0,0.0,3.0,0.11320754716981132,0.3816793893129771,0.0,0.0,0.0
2024_04_WAS_ARI,Terry McLaurin,WR,WAS,ARI,2024-09-29 19:05:00+00:00,2024-09-24 00:15:00+00:00,2024-09-24 00:15:00+00:00,2024-09-22 20:25:00+00:00,2024-09-25 00:15:00+00:00,assumed_kickoff_plus_24h,2024_01_WAS_TB;2024_02_NYG_WAS;2024_03_WAS_CIN,0.0,0.0,6.0,0.23684210526315788,0.8631578947368421,0.0,0.0,1.0
2024_04_WAS_ARI,Dyami Brown,WR,WAS,ARI,2024-09-29 19:05:00+00:00,2024-09-24 00:15:00+00:00,2024-09-24 00:15:00+00:00,2024-09-22 20:25:00+00:00,2024-09-25 00:15:00+00:00,assumed_kickoff_plus_24h,2024_02_NYG_WAS;2024_03_WAS_CIN,0.0,0.0,3.0,0.11538461538461539,0.48091603053435117,0.0,1.0,1.0
2024_04_WAS_ARI,John Bates,TE,WAS,ARI,2024-09-29 19:05:00+00:00,2024-09-15 17:00:00+00:00,2024-09-24 00:15:00+00:00,2024-09-22 20:25:00+00:00,2024-09-25 00:15:00+00:00,assumed_kickoff_plus_24h,2024_01_WAS_TB;2024_02_NYG_WAS,0.0,0.0,1.0,0.03773584905660377,0.40458015267175573,0.0,0.0,0.0
2024_04_WAS_ARI,Brian Robinson,RB,WAS,ARI,2024-09-29 19:05:00+00:00,2024-09-24 00:15:00+00:00,2024-09-24 00:15:00+00:00,2024-09-22 20:25:00+00:00,2024-09-25 00:15:00+00:00,assumed_kickoff_plus_24h,2024_01_WAS_TB;2024_02_NYG_WAS;2024_03_WAS_CIN,15.0,0.4639175257731959,2.6666666666666665,0.10526315789473684,0.6368421052631579,3.0,0.6666666666666666,0.0
2024_04_WAS_ARI,Luke McCaffrey,WR,WAS,ARI,2024-09-29 19:05:00+00:00,2024-09-24 00:15:00+00:00,2024-09-24 00:15:00+00:00,2024-09-22 20:25:00+00:00,2024-09-25 00:15:00+00:00,assumed_kickoff_plus_24h,2024_01_WAS_TB;2024_03_WAS_CIN,0.0,0.0,3.0,0.1276595744680851,0.4745762711864407,0.0,0.5,0.0
2024_04_WAS_ARI,Colson Yankoff,TE,WAS,ARI,2024-09-29 19:05:00+00:00,2024-09-15 17:00:00+00:00,2024-09-24 00:15:00+00:00,2024-09-22 20:25:00+00:00,2024-09-25 00:15:00+00:00,assumed_kickoff_plus_24h,2024_02_NYG_WAS,0.0,0.0,0.0,0.0,0.0,0.0,0.0,0.0
2024_04_WAS_ARI,Jayden Daniels,QB,WAS,ARI,2024-09-29 19:05:00+00:00,2024-09-24 00:15:00+00:00,2024-09-24 00:15:00+00:00,2024-09-22 20:25:00+00:00,2024-09-25 00:15:00+00:00,assumed_kickoff_plus_24h,2024_01_WAS_TB;2024_02_NYG_WAS;2024_03_WAS_CIN,12.666666666666666,0.3917525773195876,0.0,0.0,0.9947368421052631,3.0,0.0,0.0
2024_04_WAS_ARI,Ben Sinnott,TE,WAS,ARI,2024-09-29 19:05:00+00:00,2024-09-15 17:00:00+00:00,2024-09-24 00:15:00+00:00,2024-09-22 20:25:00+00:00,2024-09-25 00:15:00+00:00,assumed_kickoff_plus_24h,2024_02_NYG_WAS,0.0,0.0,0.0,0.0,0.18055555555555555,0.0,0.0,0.0
2024_04_CLE_LV,Jameis Winston,QB,CLE,LV,2024-09-29 19:25:00+00:00,2024-09-22 17:00:00+00:00,2024-09-22 17:00:00+00:00,2024-09-22 20:05:00+00:00,2024-09-23 20:05:00+00:00,assumed_kickoff_plus_24h,2024_02_CLE_JAX;2024_03_NYG_CLE,2.0,0.0851063829787234,0.0,0.0,0.03597122302158273,0.0,0.0,0.0
2024_04_CLE_LV,Amari Cooper,WR,CLE,LV,2024-09-29 19:25:00+00:00,2024-09-22 17:00:00+00:00,2024-09-22 17:00:00+00:00,2024-09-22 20:05:00+00:00,2024-09-23 20:05:00+00:00,assumed_kickoff_plus_24h,2024_01_DAL_CLE;2024_02_CLE_JAX;2024_03_NYG_CLE,0.0,0.0,9.666666666666666,0.26126126126126126,0.9069767441860465,0.0,1.0,1.0
2024_04_CLE_LV,Deshaun Watson,QB,CLE,LV,2024-09-29 19:25:00+00:00,2024-09-22 17:00:00+00:00,2024-09-22 17:00:00+00:00,2024-09-22 20:05:00+00:00,2024-09-23 20:05:00+00:00,assumed_kickoff_plus_24h,2024_01_DAL_CLE;2024_02_CLE_JAX;2024_03_NYG_CLE,4.666666666666667,0.21212121212121213,0.0,0.0,0.9767441860465116,0.3333333333333333,0.0,0.0
2024_04_CLE_LV,David Njoku,TE,CLE,LV,2024-09-29 19:25:00+00:00,2024-09-08 20:25:00+00:00,2024-09-22 17:00:00+00:00,2024-09-22 20:05:00+00:00,2024-09-23 20:05:00+00:00,assumed_kickoff_plus_24h,2024_01_DAL_CLE,0.0,0.0,5.0,0.11627906976744186,0.3684210526315789,0.0,0.0,0.0
2024_04_CLE_LV,D'Onta Foreman,RB,CLE,LV,2024-09-29 19:25:00+00:00,2024-09-22 17:00:00+00:00,2024-09-22 17:00:00+00:00,2024-09-22 20:05:00+00:00,2024-09-23 20:05:00+00:00,assumed_kickoff_plus_24h,2024_02_CLE_JAX;2024_03_NYG_CLE,8.0,0.3404255319148936,0.5,0.014705882352941176,0.2733812949640288,1.0,0.0,0.0
2024_04_CLE_LV,Jordan Akins,TE,CLE,LV,2024-09-29 19:25:00+00:00,2024-09-22 17:00:00+00:00,2024-09-22 17:00:00+00:00,2024-09-22 20:05:00+00:00,2024-09-23 20:05:00+00:00,assumed_kickoff_plus_24h,2024_01_DAL_CLE;2024_02_CLE_JAX;2024_03_NYG_CLE,0.0,0.0,4.0,0.10810810810810811,0.5720930232558139,0.0,0.0,0.0
2024_04_CLE_LV,James Proche,WR,CLE,LV,2024-09-29 19:25:00+00:00,2024-09-22 17:00:00+00:00,2024-09-22 17:00:00+00:00,2024-09-22 20:05:00+00:00,2024-09-23 20:05:00+00:00,assumed_kickoff_plus_24h,2024_02_CLE_JAX;2024_03_NYG_CLE,0.0,0.0,0.0,0.0,0.014388489208633094,0.0,0.0,0.0
2024_04_CLE_LV,Jerry Jeudy,WR,CLE,LV,2024-09-29 19:25:00+00:00,2024-09-22 17:00:00+00:00,2024-09-22 17:00:00+00:00,2024-09-22 20:05:00+00:00,2024-09-23 20:05:00+00:00,assumed_kickoff_plus_24h,2024_01_DAL_CLE;2024_02_CLE_JAX;2024_03_NYG_CLE,0.0,0.0,7.0,0.1891891891891892,0.8325581395348837,0.0,1.0,0.6666666666666666
2024_04_CLE_LV,Jaelon Darden,WR,CLE,LV,2024-09-29 19:25:00+00:00,2024-09-08 20:25:00+00:00,2024-09-22 17:00:00+00:00,2024-09-22 20:05:00+00:00,2024-09-23 20:05:00+00:00,assumed_kickoff_plus_24h,2024_01_DAL_CLE,0.0,0.0,0.0,0.0,0.0,0.0,0.0,0.0
2024_04_CLE_LV,Elijah Moore,WR,CLE,LV,2024-09-29 19:25:00+00:00,2024-09-22 17:00:00+00:00,2024-09-22 17:00:00+00:00,2024-09-22 20:05:00+00:00,2024-09-23 20:05:00+00:00,assumed_kickoff_plus_24h,2024_01_DAL_CLE;2024_02_CLE_JAX;2024_03_NYG_CLE,0.0,0.0,5.666666666666667,0.15315315315315314,0.8232558139534883,0.0,0.3333333333333333,0.0
2024_04_CLE_LV,David Bell,WR,CLE,LV,2024-09-29 19:25:00+00:00,2024-09-15 17:00:00+00:00,2024-09-22 17:00:00+00:00,2024-09-22 20:05:00+00:00,2024-09-23 20:05:00+00:00,assumed_kickoff_plus_24h,2024_02_CLE_JAX,0.0,0.0,3.0,0.09090909090909091,0.125,0.0,1.0,0.0
2024_04_CLE_LV,Jerome Ford,RB,CLE,LV,2024-09-29 19:25:00+00:00,2024-09-22 17:00:00+00:00,2024-09-22 17:00:00+00:00,2024-09-22 20:05:00+00:00,2024-09-23 20:05:00+00:00,assumed_kickoff_plus_24h,2024_01_DAL_CLE;2024_02_CLE_JAX;2024_03_NYG_CLE,9.666666666666666,0.4393939393939394,4.333333333333333,0.11711711711711711,0.6604651162790698,0.6666666666666666,0.0,0.0
2024_04_CLE_LV,Pierre Strong,RB,CLE,LV,2024-09-29 19:25:00+00:00,2024-09-15 17:00:00+00:00,2024-09-22 17:00:00+00:00,2024-09-22 20:05:00+00:00,2024-09-23 20:05:00+00:00,assumed_kickoff_plus_24h,2024_01_DAL_CLE;2024_02_CLE_JAX,1.5,0.0625,2.5,0.06578947368421052,0.1891891891891892,0.0,0.0,0.0
2024_04_CLE_LV,Cedric Tillman,WR,CLE,LV,2024-09-29 19:25:00+00:00,2024-09-22 17:00:00+00:00,2024-09-22 17:00:00+00:00,2024-09-22 20:05:00+00:00,2024-09-23 20:05:00+00:00,assumed_kickoff_plus_24h,2024_01_DAL_CLE;2024_02_CLE_JAX;2024_03_NYG_CLE,0.0,0.0,1.6666666666666667,0.04504504504504504,0.34418604651162793,0.0,0.0,0.0
2024_04_CLE_LV,Davante Adams,WR,LV,CLE,2024-09-29 19:25:00+00:00,2024-09-22 20:05:00+00:00,2024-09-22 20:05:00+00:00,2024-09-22 17:00:00+00:00,2024-09-23 20:05:00+00:00,assumed_kickoff_plus_24h,2024_01_LV_LAC;2024_02_LV_BAL;2024_03_CAR_LV,0.0,0.0,9.0,0.2523364485981308,0.9518716577540107,0.0,1.3333333333333333,1.0
2024_04_CLE_LV,Ameer Abdullah,RB,LV,CLE,2024-09-29 19:25:00+00:00,2024-09-22 20:05:00+00:00,2024-09-22 20:05:00+00:00,2024-09-22 17:00:00+00:00,2024-09-23 20:05:00+00:00,assumed_kickoff_plus_24h,2024_01_LV_LAC;2024_02_LV_BAL;2024_03_CAR_LV,0.6666666666666666,0.03636363636363636,1.3333333333333333,0.037383177570093455,0.16042780748663102,0.0,0.0,0.0
2024_04_CLE_LV,Jakobi Meyers,WR,LV,CLE,2024-09-29 19:25:00+00:00,2024-09-22 20:05:00+00:00,2024-09-22 20:05:00+00:00,2024-09-22 17:00:00+00:00,2024-09-23 20:05:00+00:00,assumed_kickoff_plus_24h,2024_01_LV_LAC;2024_02_LV_BAL;2024_03_CAR_LV,0.3333333333333333,0.01818181818181818,5.666666666666667,0.1588785046728972,0.9090909090909091,0.0,1.0,0.3333333333333333
2024_04_CLE_LV,Alexander Mattison,RB,LV,CLE,2024-09-29 19:25:00+00:00,2024-09-22 20:05:00+00:00,2024-09-22 20:05:00+00:00,2024-09-22 17:00:00+00:00,2024-09-23 20:05:00+00:00,assumed_kickoff_plus_24h,2024_01_LV_LAC;2024_02_LV_BAL;2024_03_CAR_LV,4.0,0.21818181818181817,3.0,0.08411214953271028,0.41711229946524064,1.0,0.0,0.0
2024_04_CLE_LV,Gardner Minshew,QB,LV,CLE,2024-09-29 19:25:00+00:00,2024-09-22 20:05:00+00:00,2024-09-22 20:05:00+00:00,2024-09-22 17:00:00+00:00,2024-09-23 20:05:00+00:00,assumed_kickoff_plus_24h,2024_01_LV_LAC;2024_02_LV_BAL;2024_03_CAR_LV,2.3333333333333335,0.12727272727272726,0.0,0.0,0.93048128342246,0.3333333333333333,0.0,0.0
2024_04_CLE_LV,Harrison Bryant,TE,LV,CLE,2024-09-29 19:25:00+00:00,2024-09-15 17:00:00+00:00,2024-09-22 20:05:00+00:00,2024-09-22 17:00:00+00:00,2024-09-23 20:05:00+00:00,assumed_kickoff_plus_24h,2024_02_LV_BAL,0.0,0.0,1.0,0.027777777777777776,0.1111111111111111,0.0,0.0,0.0
2024_04_CLE_LV,DJ Turner,WR,LV,CLE,2024-09-29 19:25:00+00:00,2024-09-22 20:05:00+00:00,2024-09-22 20:05:00+00:00,2024-09-22 17:00:00+00:00,2024-09-23 20:05:00+00:00,assumed_kickoff_plus_24h,2024_01_LV_LAC;2024_02_LV_BAL;2024_03_CAR_LV,0.3333333333333333,0.01818181818181818,0.3333333333333333,0.009345794392523364,0.11229946524064172,0.0,0.0,0.0
2024_04_CLE_LV,Tyreik McAllister,WR,LV,CLE,2024-09-29 19:25:00+00:00,2024-09-08 20:05:00+00:00,2024-09-22 20:05:00+00:00,2024-09-22 17:00:00+00:00,2024-09-23 20:05:00+00:00,assumed_kickoff_plus_24h,2024_01_LV_LAC,0.0,0.0,0.0,0.0,0.0,0.0,0.0,0.0
2024_04_CLE_LV,Zamir White,RB,LV,CLE,2024-09-29 19:25:00+00:00,2024-09-22 20:05:00+00:00,2024-09-22 20:05:00+00:00,2024-09-22 17:00:00+00:00,2024-09-23 20:05:00+00:00,assumed_kickoff_plus_24h,2024_01_LV_LAC;2024_02_LV_BAL;2024_03_CAR_LV,10.666666666666666,0.5818181818181818,2.0,0.056074766355140186,0.4117647058823529,0.3333333333333333,0.0,0.0
2024_04_CLE_LV,Tre Tucker,WR,LV,CLE,2024-09-29 19:25:00+00:00,2024-09-22 20:05:00+00:00,2024-09-22 20:05:00+00:00,2024-09-22 17:00:00+00:00,2024-09-23 20:05:00+00:00,assumed_kickoff_plus_24h,2024_01_LV_LAC;2024_02_LV_BAL;2024_03_CAR_LV,0.0,0.0,4.666666666666667,0.1308411214953271,0.732620320855615,0.0,0.3333333333333333,0.3333333333333333
2024_04_CLE_LV,Aidan O'Connell,QB,LV,CLE,2024-09-29 19:25:00+00:00,2024-09-22 20:05:00+00:00,2024-09-22 20:05:00+00:00,2024-09-22 17:00:00+00:00,2024-09-23 20:05:00+00:00,assumed_kickoff_plus_24h,2024_03_CAR_LV,0.0,0.0,0.0,0.0,0.203125,0.0,0.0,0.0
2024_04_CLE_LV,Michael Mayer,TE,LV,CLE,2024-09-29 19:25:00+00:00,2024-09-22 20:05:00+00:00,2024-09-22 20:05:00+00:00,2024-09-22 17:00:00+00:00,2024-09-23 20:05:00+00:00,assumed_kickoff_plus_24h,2024_01_LV_LAC;2024_02_LV_BAL;2024_03_CAR_LV,0.0,0.0,2.3333333333333335,0.06542056074766354,0.5561497326203209,0.0,0.3333333333333333,0.0
2024_04_CLE_LV,Brock Bowers,TE,LV,CLE,2024-09-29 19:25:00+00:00,2024-09-22 20:05:00+00:00,2024-09-22 20:05:00+00:00,2024-09-22 17:00:00+00:00,2024-09-23 20:05:00+00:00,assumed_kickoff_plus_24h,2024_01_LV_LAC;2024_02_LV_BAL;2024_03_CAR_LV,0.0,0.0,7.0,0.19626168224299065,0.6737967914438503,0.0,0.3333333333333333,0.0
2024_04_KC_LAC,Travis Kelce,TE,KC,LAC,2024-09-29 19:25:00+00:00,2024-09-23 00:20:00+00:00,2024-09-23 00:20:00+00:00,2024-09-22 17:00:00+00:00,2024-09-24 00:20:00+00:00,assumed_kickoff_plus_24h,2024_01_BAL_KC;2024_02_CIN_KC;2024_03_KC_ATL,0.3333333333333333,0.011764705882352941,4.0,0.13953488372093023,0.8497409326424871,0.3333333333333333,0.6666666666666666,0.0
2024_04_KC_LAC,Samaje Perine,RB,KC,LAC,2024-09-29 19:25:00+00:00,2024-09-23 00:20:00+00:00,2024-09-23 00:20:00+00:00,2024-09-22 17:00:00+00:00,2024-09-24 00:20:00+00:00,assumed_kickoff_plus_24h,2024_01_BAL_KC;2024_02_CIN_KC;2024_03_KC_ATL,2.0,0.07058823529411765,2.3333333333333335,0.08139534883720931,0.23316062176165803,0.0,0.0,0.0
2024_04_KC_LAC,JuJu Smith-Schuster,WR,KC,LAC,2024-09-29 19:25:00+00:00,2024-09-23 00:20:00+00:00,2024-09-23 00:20:00+00:00,2024-09-22 17:00:00+00:00,2024-09-24 00:20:00+00:00,assumed_kickoff_plus_24h,2024_01_BAL_KC;2024_03_KC_ATL,0.0,0.0,2.0,0.06349206349206349,0.4140625,0.0,1.0,0.5
2024_04_KC_LAC,Patrick Mahomes,QB,KC,LAC,2024-09-29 19:25:00+00:00,2024-09-23 00:20:00+00:00,2024-09-23 00:20:00+00:00,2024-09-22 17:00:00+00:00,2024-09-24 00:20:00+00:00,assumed_kickoff_plus_24h,2024_01_BAL_KC;2024_02_CIN_KC;2024_03_KC_ATL,4.0,0.1411764705882353,0.3333333333333333,0.011627906976744186,1.0,0.0,0.0,0.0
2024_04_KC_LAC,Justin Watson,WR,KC,LAC,2024-09-29 19:25:00+00:00,2024-09-23 00:20:00+00:00,2024-09-23 00:20:00+00:00,2024-09-22 17:00:00+00:00,2024-09-24 00:20:00+00:00,assumed_kickoff_plus_24h,2024_01_BAL_KC;2024_02_CIN_KC;2024_03_KC_ATL,0.0,0.0,1.6666666666666667,0.05813953488372093,0.44559585492227977,0.0,0.3333333333333333,0.0
2024_04_KC_LAC,Mecole Hardman,WR,KC,LAC,2024-09-29 19:25:00+00:00,2024-09-23 00:20:00+00:00,2024-09-23 00:20:00+00:00,2024-09-22 17:00:00+00:00,2024-09-24 00:20:00+00:00,assumed_kickoff_plus_24h,2024_01_BAL_KC;2024_02_CIN_KC;2024_03_KC_ATL,0.0,0.0,0.0,0.0,0.02072538860103627,0.0,0.0,0.0
2024_04_KC_LAC,Noah Gray,TE,KC,LAC,2024-09-29 19:25:00+00:00,2024-09-23 00:20:00+00:00,2024-09-23 00:20:00+00:00,2024-09-22 17:00:00+00:00,2024-09-24 00:20:00+00:00,assumed_kickoff_plus_24h,2024_01_BAL_KC;2024_03_KC_ATL,0.0,0.0,2.5,0.07936507936507936,0.515625,0.0,1.0,0.5
2024_04_KC_LAC,Isiah Pacheco,RB,KC,LAC,2024-09-29 19:25:00+00:00,2024-09-15 20:25:00+00:00,2024-09-23 00:20:00+00:00,2024-09-22 17:00:00+00:00,2024-09-24 00:20:00+00:00,assumed_kickoff_plus_24h,2024_01_BAL_KC;2024_02_CIN_KC,17.0,0.6538461538461539,4.0,0.16,0.7226890756302521,3.5,0.5,0.0
2024_04_KC_LAC,Keaontay Ingram,RB,KC,LAC,2024-09-29 19:25:00+00:00,2024-09-23 00:20:00+00:00,2024-09-23 00:20:00+00:00,2024-09-22 17:00:00+00:00,2024-09-24 00:20:00+00:00,assumed_kickoff_plus_24h,2024_03_KC_ATL,0.0,0.0,0.0,0.0,0.0,0.0,0.0,0.0
2024_04_KC_LAC,Peyton Hendershot,TE,KC,LAC,2024-09-29 19:25:00+00:00,2024-09-15 20:25:00+00:00,2024-09-23 00:20:00+00:00,2024-09-22 17:00:00+00:00,2024-09-24 00:20:00+00:00,assumed_kickoff_plus_24h,2024_02_CIN_KC,0.0,0.0,0.0,0.0,0.0,0.0,0.0,0.0
2024_04_KC_LAC,Rashee Rice,WR,KC,LAC,2024-09-29 19:25:00+00:00,2024-09-23 00:20:00+00:00,2024-09-23 00:20:00+00:00,2024-09-22 17:00:00+00:00,2024-09-24 00:20:00+00:00,assumed_kickoff_plus_24h,2024_01_BAL_KC;2024_02_CIN_KC;2024_03_KC_ATL,0.3333333333333333,0.011764705882352941,9.666666666666666,0.3372093023255814,0.7823834196891192,0.0,0.6666666666666666,0.0
2024_04_KC_LAC,Carson Steele,RB,KC,LAC,2024-09-29 19:25:00+00:00,2024-09-23 00:20:00+00:00,2024-09-23 00:20:00+00:00,2024-09-22 17:00:00+00:00,2024-09-24 00:20:00+00:00,assumed_kickoff_plus_24h,2024_01_BAL_KC;2024_02_CIN_KC;2024_03_KC_ATL,8.666666666666666,0.3058823529411765,0.6666666666666666,0.023255813953488372,0.33678756476683935,2.6666666666666665,0.6666666666666666,0.0
2024_04_KC_LAC,Jared Wiley,TE,KC,LAC,2024-09-29 19:25:00+00:00,2024-09-15 20:25:00+00:00,2024-09-23 00:20:00+00:00,2024-09-22 17:00:00+00:00,2024-09-24 00:20:00+00:00,assumed_kickoff_plus_24h,2024_02_CIN_KC,0.0,0.0,1.0,0.043478260869565216,0.18461538461538463,0.0,0.0,0.0
2024_04_KC_LAC,Xavier Worthy,WR,KC,LAC,2024-09-29 19:25:00+00:00,2024-09-23 00:20:00+00:00,2024-09-23 00:20:00+00:00,2024-09-22 17:00:00+00:00,2024-09-24 00:20:00+00:00,assumed_kickoff_plus_24h,2024_01_BAL_KC;2024_02_CIN_KC;2024_03_KC_ATL,1.6666666666666667,0.058823529411764705,3.6666666666666665,0.12790697674418605,0.5958549222797928,0.3333333333333333,0.6666666666666666,0.6666666666666666
2024_04_KC_LAC,Eric Tomlinson,TE,LAC,KC,2024-09-29 19:25:00+00:00,2024-09-15 17:00:00+00:00,2024-09-22 17:00:00+00:00,2024-09-23 00:20:00+00:00,2024-09-24 00:20:00+00:00,assumed_kickoff_plus_24h,2024_01_LV_LAC;2024_02_LAC_CAR,0.0,0.0,0.5,0.022727272727272728,0.1746031746031746,0.0,0.0,0.0
2024_04_KC_LAC,Taylor Heinicke,QB,LAC,KC,2024-09-29 19:25:00+00:00,2024-09-22 17:00:00+00:00,2024-09-22 17:00:00+00:00,2024-09-23 00:20:00+00:00,2024-09-24 00:20:00+00:00,assumed_kickoff_plus_24h,2024_03_LAC_PIT,0.0,0.0,0.0,0.0,0.21739130434782608,0.0,0.0,0.0
2024_04_KC_LAC,Will Dissly,TE,LAC,KC,2024-09-29 19:25:00+00:00,2024-09-22 17:00:00+00:00,2024-09-22 17:00:00+00:00,2024-09-23 00:20:00+00:00,2024-09-24 00:20:00+00:00,assumed_kickoff_plus_24h,2024_01_LV_LAC;2024_02_LAC_CAR;2024_03_LAC_PIT,0.0,0.0,2.3333333333333335,0.1111111111111111,0.48255813953488375,0.0,0.0,0.0
2024_04_KC_LAC,Gus Edwards,RB,LAC,KC,2024-09-29 19:25:00+00:00,2024-09-22 17:00:00+00:00,2024-09-22 17:00:00+00:00,2024-09-23 00:20:00+00:00,2024-09-24 00:20:00+00:00,assumed_kickoff_plus_24h,2024_01_LV_LAC;2024_02_LAC_CAR;2024_03_LAC_PIT,10.666666666666666,0.3516483516483517,0.3333333333333333,0.015873015873015872,0.42441860465116277,1.3333333333333333,0.0,0.0
2024_04_KC_LAC,Hayden Hurst,TE,LAC,KC,2024-09-29 19:25:00+00:00,2024-09-22 17:00:00+00:00,2024-09-22 17:00:00+00:00,2024-09-23 00:20:00+00:00,2024-09-24 00:20:00+00:00,assumed_kickoff_plus_24h,2024_01_LV_LAC;2024_02_LAC_CAR;2024_03_LAC_PIT,0.0,0.0,2.3333333333333335,0.1111111111111111,0.5872093023255814,0.0,0.3333333333333333,0.3333333333333333
2024_04_KC_LAC,J.K. Dobbins,RB,LAC,KC,2024-09-29 19:25:00+00:00,2024-09-22 17:00:00+00:00,2024-09-22 17:00:00+00:00,2024-09-23 00:20:00+00:00,2024-09-24 00:20:00+00:00,assumed_kickoff_plus_24h,2024_01_LV_LAC;2024_02_LAC_CAR;2024_03_LAC_PIT,14.0,0.46153846153846156,2.3333333333333335,0.1111111111111111,0.5523255813953488,1.3333333333333333,0.0,0.0
2024_04_KC_LAC,Justin Herbert,QB,LAC,KC,2024-09-29 19:25:00+00:00,2024-09-22 17:00:00+00:00,2024-09-22 17:00:00+00:00,2024-09-23 00:20:00+00:00,2024-09-24 00:20:00+00:00,assumed_kickoff_plus_24h,2024_01_LV_LAC;2024_02_LAC_CAR;2024_03_LAC_PIT,3.6666666666666665,0.12087912087912088,0.0,0.0,0.9418604651162791,0.3333333333333333,0.0,0.0
2024_04_KC_LAC,Simi Fehoko,WR,LAC,KC,2024-09-29 19:25:00+00:00,2024-09-22 17:00:00+00:00,2024-09-22 17:00:00+00:00,2024-09-23 00:20:00+00:00,2024-09-24 00:20:00+00:00,assumed_kickoff_plus_24h,2024_03_LAC_PIT,0.0,0.0,3.0,0.15789473684210525,0.717391304347826,0.0,1.0,1.0
2024_04_KC_LAC,Josh Palmer,WR,LAC,KC,2024-09-29 19:25:00+00:00,2024-09-15 17:00:00+00:00,2024-09-22 17:00:00+00:00,2024-09-23 00:20:00+00:00,2024-09-24 00:20:00+00:00,assumed_kickoff_plus_24h,2024_01_LV_LAC;2024_02_LAC_CAR,0.0,0.0,3.0,0.13636363636363635,0.6031746031746031,0.0,1.0,0.5
2024_04_KC_LAC,Stone Smartt,TE,LAC,KC,2024-09-29 19:25:00+00:00,2024-09-22 17:00:00+00:00,2024-09-22 17:00:00+00:00,2024-09-23 00:20:00+00:00,2024-09-24 00:20:00+00:00,assumed_kickoff_plus_24h,2024_03_LAC_PIT,0.0,0.0,0.0,0.0,0.0,0.0,0.0,0.0
2024_04_KC_LAC,Hassan Haskins,RB,LAC,KC,2024-09-29 19:25:00+00:00,2024-09-15 17:00:00+00:00,2024-09-22 17:00:00+00:00,2024-09-23 00:20:00+00:00,2024-09-24 00:20:00+00:00,assumed_kickoff_plus_24h,2024_02_LAC_CAR,3.0,0.06818181818181818,0.0,0.0,0.07246376811594203,0.0,0.0,0.0
2024_04_KC_LAC,Quentin Johnston,WR,LAC,KC,2024-09-29 19:25:00+00:00,2024-09-22 17:00:00+00:00,2024-09-22 17:00:00+00:00,2024-09-23 00:20:00+00:00,2024-09-24 00:20:00+00:00,assumed_kickoff_plus_24h,2024_01_LV_LAC;2024_02_LAC_CAR;2024_03_LAC_PIT,0.0,0.0,4.333333333333333,0.20634920634920634,0.7151162790697675,0.0,0.3333333333333333,1.0
2024_04_KC_LAC,Derius Davis,WR,LAC,KC,2024-09-29 19:25:00+00:00,2024-09-22 17:00:00+00:00,2024-09-22 17:00:00+00:00,2024-09-23 00:20:00+00:00,2024-09-24 00:20:00+00:00,assumed_kickoff_plus_24h,2024_01_LV_LAC;2024_02_LAC_CAR;2024_03_LAC_PIT,1.0,0.03296703296703297,0.0,0.0,0.1744186046511628,0.3333333333333333,0.0,0.0
2024_04_KC_LAC,Ladd McConkey,WR,LAC,KC,2024-09-29 19:25:00+00:00,2024-09-22 17:00:00+00:00,2024-09-22 17:00:00+00:00,2024-09-23 00:20:00+00:00,2024-09-24 00:20:00+00:00,assumed_kickoff_plus_24h,2024_01_LV_LAC;2024_02_LAC_CAR;2024_03_LAC_PIT,0.0,0.0,5.666666666666667,0.2698412698412698,0.6104651162790697,0.0,0.6666666666666666,0.3333333333333333
2024_04_BUF_BAL,Nelson Agholor,WR,BAL,BUF,2024-09-29 23:20:00+00:00,2024-09-22 20:25:00+00:00,2024-09-22 20:25:00+00:00,2024-09-23 23:30:00+00:00,2024-09-24 23:30:00+00:00,assumed_kickoff_plus_24h,2024_01_BAL_KC;2024_02_LV_BAL;2024_03_BAL_DAL,0.0,0.0,1.6666666666666667,0.05813953488372093,0.5,0.0,0.0,0.0
2024_04_BUF_BAL,Derrick Henry,RB,BAL,BUF,2024-09-29 23:20:00+00:00,2024-09-22 20:25:00+00:00,2024-09-22 20:25:00+00:00,2024-09-23 23:30:00+00:00,2024-09-24 23:30:00+00:00,assumed_kickoff_plus_24h,2024_01_BAL_KC;2024_02_LV_BAL;2024_03_BAL_DAL,18.666666666666668,0.5384615384615384,1.3333333333333333,0.046511627906976744,0.5,2.0,0.0,0.0
2024_04_BUF_BAL,Patrick Ricard,RB,BAL,BUF,2024-09-29 23:20:00+00:00,2024-09-15 17:00:00+00:00,2024-09-22 20:25:00+00:00,2024-09-23 23:30:00+00:00,2024-09-24 23:30:00+00:00,assumed_kickoff_plus_24h,2024_02_LV_BAL,0.0,0.0,1.0,0.03225806451612903,0.27692307692307694,0.0,0.0,0.0
2024_04_BUF_BAL,Mark Andrews,TE,BAL,BUF,2024-09-29 23:20:00+00:00,2024-09-22 20:25:00+00:00,2024-09-22 20:25:00+00:00,2024-09-23 23:30:00+00:00,2024-09-24 23:30:00+00:00,assumed_kickoff_plus_24h,2024_01_BAL_KC;2024_02_LV_BAL;2024_03_BAL_DAL,0.0,0.0,2.6666666666666665,0.09302325581395349,0.5817307692307693,0.0,0.0,0.0
2024_04_BUF_BAL,Lamar Jackson,QB,BAL,BUF,2024-09-29 23:20:00+00:00,2024-09-22 20:25:00+00:00,2024-09-22 20:25:00+00:00,2024-09-23 23:30:00+00:00,2024-09-24 23:30:00+00:00,assumed_kickoff_plus_24h,2024_01_BAL_KC;2024_02_LV_BAL;2024_03_BAL_DAL,11.666666666666666,0.33653846153846156,0.0,0.0,1.0,1.3333333333333333,0.0,0.0
2024_04_BUF_BAL,John Kelly,RB,BAL,BUF,2024-09-29 23:20:00+00:00,2024-09-15 17:00:00+00:00,2024-09-22 20:25:00+00:00,2024-09-23 23:30:00+00:00,2024-09-24 23:30:00+00:00,assumed_kickoff_plus_24h,2024_02_LV_BAL,0.0,0.0,0.0,0.0,0.0,0.0,0.0,0.0
2024_04_BUF_BAL,Justice Hill,RB,BAL,BUF,2024-09-29 23:20:00+00:00,2024-09-22 20:25:00+00:00,2024-09-22 20:25:00+00:00,2024-09-23 23:30:00+00:00,2024-09-24 23:30:00+00:00,assumed_kickoff_plus_24h,2024_01_BAL_KC;2024_02_LV_BAL;2024_03_BAL_DAL,3.3333333333333335,0.09615384615384616,4.0,0.13953488372093023,0.5,0.3333333333333333,0.6666666666666666,0.0
2024_04_BUF_BAL,Deonte Harty,WR,BAL,BUF,2024-09-29 23:20:00+00:00,2024-09-22 20:25:00+00:00,2024-09-22 20:25:00+00:00,2024-09-23 23:30:00+00:00,2024-09-24 23:30:00+00:00,assumed_kickoff_plus_24h,2024_01_BAL_KC;2024_02_LV_BAL;2024_03_BAL_DAL,0.0,0.0,0.0,0.0,0.02403846153846154,0.0,0.0,0.0
2024_04_BUF_BAL,Rashod Bateman,WR,BAL,BUF,2024-09-29 23:20:00+00:00,2024-09-22 20:25:00+00:00,2024-09-22 20:25:00+00:00,2024-09-23 23:30:00+00:00,2024-09-24 23:30:00+00:00,assumed_kickoff_plus_24h,2024_01_BAL_KC;2024_02_LV_BAL;2024_03_BAL_DAL,0.0,0.0,4.333333333333333,0.1511627906976744,0.7644230769230769,0.0,0.6666666666666666,0.6666666666666666
2024_04_BUF_BAL,Isaiah Likely,TE,BAL,BUF,2024-09-29 23:20:00+00:00,2024-09-22 20:25:00+00:00,2024-09-22 20:25:00+00:00,2024-09-23 23:30:00+00:00,2024-09-24 23:30:00+00:00,assumed_kickoff_plus_24h,2024_01_BAL_KC;2024_02_LV_BAL;2024_03_BAL_DAL,0.0,0.0,5.333333333333333,0.18604651162790697,0.5961538461538461,0.0,1.0,0.6666666666666666
2024_04_BUF_BAL,Charlie Kolar,TE,BAL,BUF,2024-09-29 23:20:00+00:00,2024-09-22 20:25:00+00:00,2024-09-22 20:25:00+00:00,2024-09-23 23:30:00+00:00,2024-09-24 23:30:00+00:00,assumed_kickoff_plus_24h,2024_02_LV_BAL;2024_03_BAL_DAL,0.0,0.0,1.0,0.043478260869565216,0.3125,0.0,0.0,0.0
2024_04_BUF_BAL,Zay Flowers,WR,BAL,BUF,2024-09-29 23:20:00+00:00,2024-09-22 20:25:00+00:00,2024-09-22 20:25:00+00:00,2024-09-23 23:30:00+00:00,2024-09-24 23:30:00+00:00,assumed_kickoff_plus_24h,2024_01_BAL_KC;2024_02_LV_BAL;2024_03_BAL_DAL,1.0,0.028846153846153848,8.333333333333334,0.29069767441860467,0.8221153846153846,0.0,1.0,0.6666666666666666
2024_04_BUF_BAL,Curtis Samuel,WR,BUF,BAL,2024-09-29 23:20:00+00:00,2024-09-23 23:30:00+00:00,2024-09-23 23:30:00+00:00,2024-09-22 20:25:00+00:00,2024-09-24 23:30:00+00:00,assumed_kickoff_plus_24h,2024_01_ARI_BUF;2024_02_BUF_MIA;2024_03_JAX_BUF,0.3333333333333333,0.011363636363636364,2.3333333333333335,0.09859154929577464,0.26900584795321636,0.3333333333333333,0.0,0.3333333333333333
2024_04_BUF_BAL,Mack Hollins,WR,BUF,BAL,2024-09-29 23:20:00+00:00,2024-09-23 23:30:00+00:00,2024-09-23 23:30:00+00:00,2024-09-22 20:25:00+00:00,2024-09-24 23:30:00+00:00,assumed_kickoff_plus_24h,2024_01_ARI_BUF;2024_02_BUF_MIA;2024_03_JAX_BUF,0.0,0.0,1.6666666666666667,0.07042253521126761,0.6666666666666666,0.0,0.3333333333333333,0.3333333333333333
2024_04_BUF_BAL,Mitchell Trubisky,QB,BUF,BAL,2024-09-29 23:20:00+00:00,2024-09-23 23:30:00+00:00,2024-09-23 23:30:00+00:00,2024-09-22 20:25:00+00:00,2024-09-24 23:30:00+00:00,assumed_kickoff_plus_24h,2024_02_BUF_MIA;2024_03_JAX_BUF,1.5,0.05454545454545454,0.0,0.0,0.11009174311926606,0.0,0.0,0.0
2024_04_BUF_BAL,Marquez Valdes-Scantling,WR,BUF,BAL,2024-09-29 23:20:00+00:00,2024-09-23 23:30:00+00:00,2024-09-23 23:30:00+00:00,2024-09-22 20:25:00+00:00,2024-09-24 23:30:00+00:00,assumed_kickoff_plus_24h,2024_01_ARI_BUF;2024_02_BUF_MIA;2024_03_JAX_BUF,0.0,0.0,1.6666666666666667,0.07042253521126761,0.38596491228070173,0.0,0.0,0.0
2024_04_BUF_BAL,Josh Allen,QB,BUF,BAL,2024-09-29 23:20:00+00:00,2024-09-23 23:30:00+00:00,2024-09-23 23:30:00+00:00,2024-09-22 20:25:00+00:00,2024-09-24 23:30:00+00:00,assumed_kickoff_plus_24h,2024_01_ARI_BUF;2024_02_BUF_MIA;2024_03_JAX_BUF,5.666666666666667,0.19318181818181818,0.0,0.0,0.9298245614035088,3.0,0.0,0.0
2024_04_BUF_BAL,Ty Johnson,RB,BUF,BAL,2024-09-29 23:20:00+00:00,2024-09-23 23:30:00+00:00,2024-09-23 23:30:00+00:00,2024-09-22 20:25:00+00:00,2024-09-24 23:30:00+00:00,assumed_kickoff_plus_24h,2024_01_ARI_BUF;2024_02_BUF_MIA;2024_03_JAX_BUF,2.0,0.06818181818181818,2.0,0.08450704225352113,0.22807017543859648,1.3333333333333333,0.6666666666666666,0.3333333333333333
2024_04_BUF_BAL,Dawson Knox,TE,BUF,BAL,2024-09-29 23:20:00+00:00,2024-09-23 23:30:00+00:00,2024-09-23 23:30:00+00:00,2024-09-22 20:25:00+00:00,2024-09-24 23:30:00+00:00,assumed_kickoff_plus_24h,2024_01_ARI_BUF;2024_03_JAX_BUF,0.0,0.0,2.0,0.07547169811320754,0.5476190476190477,0.0,0.5,0.0
2024_04_BUF_BAL,Reggie Gilliam,RB,BUF,BAL,2024-09-29 23:20:00+00:00,2024-09-23 23:30:00+00:00,2024-09-23 23:30:00+00:00,2024-09-22 20:25:00+00:00,2024-09-24 23:30:00+00:00,assumed_kickoff_plus_24h,2024_03_JAX_BUF,0.0,0.0,0.0,0.0,0.109375,0.0,0.0,0.0
2024_04_BUF_BAL,Quintin Morris,TE,BUF,BAL,2024-09-29 23:20:00+00:00,2024-09-08 17:00:00+00:00,2024-09-23 23:30:00+00:00,2024-09-22 20:25:00+00:00,2024-09-24 23:30:00+00:00,assumed_kickoff_plus_24h,2024_01_ARI_BUF,0.0,0.0,0.0,0.0,0.0967741935483871,0.0,0.0,0.0
2024_04_BUF_BAL,James Cook,RB,BUF,BAL,2024-09-29 23:20:00+00:00,2024-09-23 23:30:00+00:00,2024-09-23 23:30:00+00:00,2024-09-22 20:25:00+00:00,2024-09-24 23:30:00+00:00,assumed_kickoff_plus_24h,2024_01_ARI_BUF;2024_02_BUF_MIA;2024_03_JAX_BUF,13.666666666666666,0.4659090909090909,3.0,0.1267605633802817,0.5321637426900585,2.6666666666666665,0.3333333333333333,0.0
2024_04_BUF_BAL,Khalil Shakir,WR,BUF,BAL,2024-09-29 23:20:00+00:00,2024-09-23 23:30:00+00:00,2024-09-23 23:30:00+00:00,2024-09-22 20:25:00+00:00,2024-09-24 23:30:00+00:00,assumed_kickoff_plus_24h,2024_01_ARI_BUF;2024_02_BUF_MIA;2024_03_JAX_BUF,0.3333333333333333,0.011363636363636364,4.666666666666667,0.19718309859154928,0.5789473684210527,0.0,0.6666666666666666,0.0
2024_04_BUF_BAL,Dalton Kincaid,TE,BUF,BAL,2024-09-29 23:20:00+00:00,2024-09-23 23:30:00+00:00,2024-09-23 23:30:00+00:00,2024-09-22 20:25:00+00:00,2024-09-24 23:30:00+00:00,assumed_kickoff_plus_24h,2024_01_ARI_BUF;2024_02_BUF_MIA;2024_03_JAX_BUF,0.0,0.0,3.6666666666666665,0.15492957746478872,0.6140350877192983,0.0,1.0,0.6666666666666666
2024_04_BUF_BAL,Ray Davis,RB,BUF,BAL,2024-09-29 23:20:00+00:00,2024-09-23 23:30:00+00:00,2024-09-23 23:30:00+00:00,2024-09-22 20:25:00+00:00,2024-09-24 23:30:00+00:00,assumed_kickoff_plus_24h,2024_01_ARI_BUF;2024_02_BUF_MIA;2024_03_JAX_BUF,6.333333333333333,0.2159090909090909,1.0,0.04225352112676056,0.1871345029239766,0.6666666666666666,0.0,0.0
2024_04_BUF_BAL,Keon Coleman,WR,BUF,BAL,2024-09-29 23:20:00+00:00,2024-09-23 23:30:00+00:00,2024-09-23 23:30:00+00:00,2024-09-22 20:25:00+00:00,2024-09-24 23:30:00+00:00,assumed_kickoff_plus_24h,2024_01_ARI_BUF;2024_02_BUF_MIA;2024_03_JAX_BUF,0.0,0.0,2.3333333333333335,0.09859154929577464,0.6198830409356725,0.0,0.6666666666666666,0.3333333333333333
2024_04_TEN_MIA,Raheem Mostert,RB,MIA,TEN,2024-09-30 22:30:00+00:00,2024-09-08 17:00:00+00:00,2024-09-22 20:05:00+00:00,2024-09-22 17:00:00+00:00,2024-09-23 20:05:00+00:00,assumed_kickoff_plus_24h,2024_01_JAX_MIA,6.0,0.24,3.0,0.08333333333333333,0.43661971830985913,0.0,0.0,0.0
2024_04_TEN_MIA,Robbie Chosen,WR,MIA,TEN,2024-09-30 22:30:00+00:00,2024-09-13 00:15:00+00:00,2024-09-22 20:05:00+00:00,2024-09-22 17:00:00+00:00,2024-09-23 20:05:00+00:00,assumed_kickoff_plus_24h,2024_02_BUF_MIA,0.0,0.0,4.0,0.10810810810810811,0.2236842105263158,0.0,2.0,2.0
2024_04_TEN_MIA,Tyreek Hill,WR,MIA,TEN,2024-09-30 22:30:00+00:00,2024-09-22 20:05:00+00:00,2024-09-22 20:05:00+00:00,2024-09-22 17:00:00+00:00,2024-09-23 20:05:00+00:00,assumed_kickoff_plus_24h,2024_01_JAX_MIA;2024_02_BUF_MIA;2024_03_MIA_SEA,0.3333333333333333,0.012987012987012988,7.666666666666667,0.22115384615384615,0.7115384615384616,0.0,0.6666666666666666,0.0
2024_04_TEN_MIA,Jonnu Smith,TE,MIA,TEN,2024-09-30 22:30:00+00:00,2024-09-22 20:05:00+00:00,2024-09-22 20:05:00+00:00,2024-09-22 17:00:00+00:00,2024-09-23 20:05:00+00:00,assumed_kickoff_plus_24h,2024_01_JAX_MIA;2024_02_BUF_MIA;2024_03_MIA_SEA,0.0,0.0,4.0,0.11538461538461539,0.3605769230769231,0.0,0.3333333333333333,0.0
2024_04_TEN_MIA,Jeff Wilson,RB,MIA,TEN,2024-09-30 22:30:00+00:00,2024-09-22 20:05:00+00:00,2024-09-22 20:05:00+00:00,2024-09-22 17:00:00+00:00,2024-09-23 20:05:00+00:00,assumed_kickoff_plus_24h,2024_01_JAX_MIA;2024_02_BUF_MIA;2024_03_MIA_SEA,2.6666666666666665,0.1038961038961039,0.6666666666666666,0.019230769230769232,0.17307692307692307,0.0,0.0,0.0
2024_04_TEN_MIA,Tim Boyle,QB,MIA,TEN,2024-09-30 22:30:00+00:00,2024-09-22 20:05:00+00:00,2024-09-22 20:05:00+00:00,2024-09-22 17:00:00+00:00,2024-09-23 20:05:00+00:00,assumed_kickoff_plus_24h,2024_03_MIA_SEA,1.0,0.05555555555555555,0.0,0.0,0.4262295081967213,0.0,0.0,0.0
2024_04_TEN_MIA,Braxton Berrios,WR,MIA,TEN,2024-09-30 22:30:00+00:00,2024-09-22 20:05:00+00:00,2024-09-22 20:05:00+00:00,2024-09-22 17:00:00+00:00,2024-09-23 20:05:00+00:00,assumed_kickoff_plus_24h,2024_01_JAX_MIA;2024_02_BUF_MIA;2024_03_MIA_SEA,0.0,0.0,1.3333333333333333,0.038461538461538464,0.3701923076923077,0.0,0.3333333333333333,0.3333333333333333
2024_04_TEN_MIA,Durham Smythe,TE,MIA,TEN,2024-09-30 22:30:00+00:00,2024-09-22 20:05:00+00:00,2024-09-22 20:05:00+00:00,2024-09-22 17:00:00+00:00,2024-09-23 20:05:00+00:00,assumed_kickoff_plus_24h,2024_01_JAX_MIA;2024_02_BUF_MIA;2024_03_MIA_SEA,0.0,0.0,2.0,0.057692307692307696,0.3894230769230769,0.0,0.6666666666666666,0.3333333333333333
2024_04_TEN_MIA,Tua Tagovailoa,QB,MIA,TEN,2024-09-30 22:30:00+00:00,2024-09-13 00:15:00+00:00,2024-09-22 20:05:00+00:00,2024-09-22 17:00:00+00:00,2024-09-23 20:05:00+00:00,assumed_kickoff_plus_24h,2024_01_JAX_MIA;2024_02_BUF_MIA,1.5,0.05084745762711865,0.0,0.0,0.8571428571428571,0.5,0.0,0.0
2024_04_TEN_MIA,Jaylen Waddle,WR,MIA,TEN,2024-09-30 22:30:00+00:00,2024-09-22 20:05:00+00:00,2024-09-22 20:05:00+00:00,2024-09-22 17:00:00+00:00,2024-09-23 20:05:00+00:00,assumed_kickoff_plus_24h,2024_01_JAX_MIA;2024_02_BUF_MIA;2024_03_MIA_SEA,0.6666666666666666,0.025974025974025976,4.666666666666667,0.1346153846153846,0.7548076923076923,0.3333333333333333,0.6666666666666666,0.0
2024_04_TEN_MIA,Dee Eskridge,WR,MIA,TEN,2024-09-30 22:30:00+00:00,2024-09-22 20:05:00+00:00,2024-09-22 20:05:00+00:00,2024-09-22 17:00:00+00:00,2024-09-23 20:05:00+00:00,assumed_kickoff_plus_24h,2024_03_MIA_SEA,0.0,0.0,1.0,0.03225806451612903,0.13114754098360656,0.0,0.0,0.0
2024_04_TEN_MIA,Skylar Thompson,QB,MIA,TEN,2024-09-30 22:30:00+00:00,2024-09-22 20:05:00+00:00,2024-09-22 20:05:00+00:00,2024-09-22 17:00:00+00:00,2024-09-23 20:05:00+00:00,assumed_kickoff_plus_24h,2024_02_BUF_MIA;2024_03_MIA_SEA,0.5,0.019230769230769232,0.0,0.0,0.40875912408759124,0.0,0.0,0.0
2024_04_TEN_MIA,Tanner Conner,TE,MIA,TEN,2024-09-30 22:30:00+00:00,2024-09-22 20:05:00+00:00,2024-09-22 20:05:00+00:00,2024-09-22 17:00:00+00:00,2024-09-23 20:05:00+00:00,assumed_kickoff_plus_24h,2024_01_JAX_MIA;2024_03_MIA_SEA,0.0,0.0,1.0,0.029850746268656716,0.08333333333333333,0.0,0.5,0.0
2024_04_TEN_MIA,Erik Ezukanma,WR,MIA,TEN,2024-09-30 22:30:00+00:00,2024-09-22 20:05:00+00:00,2024-09-22 20:05:00+00:00,2024-09-22 17:00:00+00:00,2024-09-23 20:05:00+00:00,assumed_kickoff_plus_24h,2024_03_MIA_SEA,0.0,0.0,2.0,0.06451612903225806,0.18032786885245902,0.0,0.0,1.0
2024_04_TEN_MIA,Grant DuBose,WR,MIA,TEN,2024-09-30 22:30:00+00:00,2024-09-13 00:15:00+00:00,2024-09-22 20:05:00+00:00,2024-09-22 17:00:00+00:00,2024-09-23 20:05:00+00:00,assumed_kickoff_plus_24h,2024_02_BUF_MIA,0.0,0.0,3.0,0.08108108108108109,0.34210526315789475,0.0,0.0,0.0
2024_04_TEN_MIA,Julian Hill,TE,MIA,TEN,2024-09-30 22:30:00+00:00,2024-09-22 20:05:00+00:00,2024-09-22 20:05:00+00:00,2024-09-22 17:00:00+00:00,2024-09-23 20:05:00+00:00,assumed_kickoff_plus_24h,2024_01_JAX_MIA;2024_02_BUF_MIA;2024_03_MIA_SEA,0.0,0.0,1.6666666666666667,0.04807692307692308,0.4567307692307692,0.0,1.0,0.6666666666666666
2024_04_TEN_MIA,De'Von Achane,RB,MIA,TEN,2024-09-30 22:30:00+00:00,2024-09-22 20:05:00+00:00,2024-09-22 20:05:00+00:00,2024-09-22 17:00:00+00:00,2024-09-23 20:05:00+00:00,assumed_kickoff_plus_24h,2024_01_JAX_MIA;2024_02_BUF_MIA;2024_03_MIA_SEA,14.333333333333334,0.5584415584415584,6.333333333333333,0.18269230769230768,0.6201923076923077,2.3333333333333335,1.3333333333333333,0.3333333333333333
2024_04_TEN_MIA,Jaylen Wright,RB,MIA,TEN,2024-09-30 22:30:00+00:00,2024-09-22 20:05:00+00:00,2024-09-22 20:05:00+00:00,2024-09-22 17:00:00+00:00,2024-09-23 20:05:00+00:00,assumed_kickoff_plus_24h,2024_02_BUF_MIA;2024_03_MIA_SEA,3.5,0.1346153846153846,0.0,0.0,0.22627737226277372,0.0,0.0,0.0
2024_04_TEN_MIA,DeAndre Hopkins,WR,TEN,MIA,2024-09-30 22:30:00+00:00,2024-09-22 17:00:00+00:00,2024-09-22 17:00:00+00:00,2024-09-22 20:05:00+00:00,2024-09-23 20:05:00+00:00,assumed_kickoff_plus_24h,2024_01_TEN_CHI;2024_02_NYJ_TEN;2024_03_GB_TEN,0.0,0.0,3.3333333333333335,0.11363636363636363,0.3858695652173913,0.0,0.6666666666666666,0.3333333333333333
2024_04_TEN_MIA,Nick Vannett,TE,TEN,MIA,2024-09-30 22:30:00+00:00,2024-09-22 17:00:00+00:00,2024-09-22 17:00:00+00:00,2024-09-22 20:05:00+00:00,2024-09-23 20:05:00+00:00,assumed_kickoff_plus_24h,2024_01_TEN_CHI;2024_03_GB_TEN,0.0,0.0,2.0,0.06557377049180328,0.2627118644067797,0.0,0.5,0.5
2024_04_TEN_MIA,Tyler Boyd,WR,TEN,MIA,2024-09-30 22:30:00+00:00,2024-09-22 17:00:00+00:00,2024-09-22 17:00:00+00:00,2024-09-22 20:05:00+00:00,2024-09-23 20:05:00+00:00,assumed_kickoff_plus_24h,2024_01_TEN_CHI;2024_02_NYJ_TEN;2024_03_GB_TEN,0.0,0.0,4.666666666666667,0.1590909090909091,0.7663043478260869,0.0,0.6666666666666666,0.0
2024_04_TEN_MIA,Calvin Ridley,WR,TEN,MIA,2024-09-30 22:30:00+00:00,2024-09-22 17:00:00+00:00,2024-09-22 17:00:00+00:00,2024-09-22 20:05:00+00:00,2024-09-23 20:05:00+00:00,assumed_kickoff_plus_24h,2024_01_TEN_CHI;2024_02_NYJ_TEN;2024_03_GB_TEN,0.3333333333333333,0.015384615384615385,5.333333333333333,0.18181818181818182,0.7989130434782609,0.3333333333333333,0.0,0.0
2024_04_TEN_MIA,Tony Pollard,RB,TEN,MIA,2024-09-30 22:30:00+00:00,2024-09-22 17:00:00+00:00,2024-09-22 17:00:00+00:00,2024-09-22 20:05:00+00:00,2024-09-23 20:05:00+00:00,assumed_kickoff_plus_24h,2024_01_TEN_CHI;2024_02_NYJ_TEN;2024_03_GB_TEN,13.0,0.6,4.666666666666667,0.1590909090909091,0.6358695652173914,1.3333333333333333,0.6666666666666666,0.0
2024_04_TEN_MIA,Nick Westbrook-Ikhine,WR,TEN,MIA,2024-09-30 22:30:00+00:00,2024-09-08 17:00:00+00:00,2024-09-22 17:00:00+00:00,2024-09-22 20:05:00+00:00,2024-09-23 20:05:00+00:00,assumed_kickoff_plus_24h,2024_01_TEN_CHI,0.0,0.0,0.0,0.0,0.1875,0.0,0.0,0.0
2024_04_TEN_MIA,Julius Chestnut,RB,TEN,MIA,2024-09-30 22:30:00+00:00,2024-09-08 17:00:00+00:00,2024-09-22 17:00:00+00:00,2024-09-22 20:05:00+00:00,2024-09-23 20:05:00+00:00,assumed_kickoff_plus_24h,2024_01_TEN_CHI,0.0,0.0,0.0,0.0,0.0,0.0,0.0,0.0
2024_04_TEN_MIA,Treylon Burks,WR,TEN,MIA,2024-09-30 22:30:00+00:00,2024-09-22 17:00:00+00:00,2024-09-22 17:00:00+00:00,2024-09-22 20:05:00+00:00,2024-09-23 20:05:00+00:00,assumed_kickoff_plus_24h,2024_01_TEN_CHI;2024_02_NYJ_TEN;2024_03_GB_TEN,0.6666666666666666,0.03076923076923077,2.0,0.06818181818181818,0.5597826086956522,0.0,0.0,0.0
2024_04_TEN_MIA,Chig Okonkwo,TE,TEN,MIA,2024-09-30 22:30:00+00:00,2024-09-22 17:00:00+00:00,2024-09-22 17:00:00+00:00,2024-09-22 20:05:00+00:00,2024-09-23 20:05:00+00:00,assumed_kickoff_plus_24h,2024_01_TEN_CHI;2024_02_NYJ_TEN;2024_03_GB_TEN,0.0,0.0,2.3333333333333335,0.07954545454545454,0.5434782608695652,0.0,0.3333333333333333,0.3333333333333333
2024_04_TEN_MIA,Josh Whyle,TE,TEN,MIA,2024-09-30 22:30:00+00:00,2024-09-22 17:00:00+00:00,2024-09-22 17:00:00+00:00,2024-09-22 20:05:00+00:00,2024-09-23 20:05:00+00:00,assumed_kickoff_plus_24h,2024_02_NYJ_TEN;2024_03_GB_TEN,0.0,0.0,3.5,0.11475409836065574,0.44166666666666665,0.0,0.5,0.0
2024_04_TEN_MIA,Tyjae Spears,RB,TEN,MIA,2024-09-30 22:30:00+00:00,2024-09-22 17:00:00+00:00,2024-09-22 17:00:00+00:00,2024-09-22 20:05:00+00:00,2024-09-23 20:05:00+00:00,assumed_kickoff_plus_24h,2024_01_TEN_CHI;2024_02_NYJ_TEN;2024_03_GB_TEN,4.0,0.18461538461538463,3.3333333333333335,0.11363636363636363,0.3858695652173913,0.3333333333333333,0.0,0.0
2024_04_TEN_MIA,Will Levis,QB,TEN,MIA,2024-09-30 22:30:00+00:00,2024-09-22 17:00:00+00:00,2024-09-22 17:00:00+00:00,2024-09-22 20:05:00+00:00,2024-09-23 20:05:00+00:00,assumed_kickoff_plus_24h,2024_01_TEN_CHI;2024_02_NYJ_TEN;2024_03_GB_TEN,3.6666666666666665,0.16923076923076924,0.0,0.0,1.0,0.6666666666666666,0.0,0.0
2024_04_TEN_MIA,Jha'Quan Jackson,WR,TEN,MIA,2024-09-30 22:30:00+00:00,2024-09-22 17:00:00+00:00,2024-09-22 17:00:00+00:00,2024-09-22 20:05:00+00:00,2024-09-23 20:05:00+00:00,assumed_kickoff_plus_24h,2024_01_TEN_CHI;2024_02_NYJ_TEN;2024_03_GB_TEN,0.0,0.0,0.0,0.0,0.005434782608695652,0.0,0.0,0.0
2024_04_SEA_DET,Kalif Raymond,WR,DET,SEA,2024-09-30 23:15:00+00:00,2024-09-22 20:25:00+00:00,2024-09-22 20:25:00+00:00,2024-09-22 20:05:00+00:00,2024-09-23 20:25:00+00:00,assumed_kickoff_plus_24h,2024_01_LA_DET;2024_02_TB_DET;2024_03_DET_ARI,0.3333333333333333,0.009900990099009901,1.3333333333333333,0.038834951456310676,0.3395348837209302,0.0,0.3333333333333333,0.0
2024_04_SEA_DET,Jared Goff,QB,DET,SEA,2024-09-30 23:15:00+00:00,2024-09-22 20:25:00+00:00,2024-09-22 20:25:00+00:00,2024-09-22 20:05:00+00:00,2024-09-23 20:25:00+00:00,assumed_kickoff_plus_24h,2024_01_LA_DET;2024_02_TB_DET;2024_03_DET_ARI,2.0,0.0594059405940594,0.0,0.0,0.9953488372093023,0.3333333333333333,0.0,0.0
2024_04_SEA_DET,Tim Patrick,WR,DET,SEA,2024-09-30 23:15:00+00:00,2024-09-22 20:25:00+00:00,2024-09-22 20:25:00+00:00,2024-09-22 20:05:00+00:00,2024-09-23 20:25:00+00:00,assumed_kickoff_plus_24h,2024_02_TB_DET;2024_03_DET_ARI,0.0,0.0,2.5,0.06666666666666667,0.43506493506493504,0.0,0.0,0.0
2024_04_SEA_DET,Tom Kennedy,WR,DET,SEA,2024-09-30 23:15:00+00:00,2024-09-15 17:00:00+00:00,2024-09-22 20:25:00+00:00,2024-09-22 20:05:00+00:00,2024-09-23 20:25:00+00:00,assumed_kickoff_plus_24h,2024_02_TB_DET,0.0,0.0,1.0,0.018867924528301886,0.05813953488372093,0.0,0.0,0.0
2024_04_SEA_DET,David Montgomery,RB,DET,SEA,2024-09-30 23:15:00+00:00,2024-09-22 20:25:00+00:00,2024-09-22 20:25:00+00:00,2024-09-22 20:05:00+00:00,2024-09-23 20:25:00+00:00,assumed_kickoff_plus_24h,2024_01_LA_DET;2024_02_TB_DET;2024_03_DET_ARI,17.0,0.504950495049505,2.6666666666666665,0.07766990291262135,0.4418604651162791,3.0,0.3333333333333333,0.0
2024_04_SEA_DET,Brock Wright,TE,DET,SEA,2024-09-30 23:15:00+00:00,2024-09-22 20:25:00+00:00,2024-09-22 20:25:00+00:00,2024-09-22 20:05:00+00:00,2024-09-23 20:25:00+00:00,assumed_kickoff_plus_24h,2024_01_LA_DET;2024_03_DET_ARI,0.0,0.0,3.0,0.12,0.5968992248062015,0.0,0.5,0.0
2024_04_SEA_DET,Amon-Ra St. Brown,WR,DET,SEA,2024-09-30 23:15:00+00:00,2024-09-22 20:25:00+00:00,2024-09-22 20:25:00+00:00,2024-09-22 20:05:00+00:00,2024-09-23 20:25:00+00:00,assumed_kickoff_plus_24h,2024_01_LA_DET;2024_02_TB_DET;2024_03_DET_ARI,0.0,0.0,10.666666666666666,0.3106796116504854,0.9488372093023256,0.0,1.6666666666666667,0.0
2024_04_SEA_DET,Jameson Williams,WR,DET,SEA,2024-09-30 23:15:00+00:00,2024-09-22 20:25:00+00:00,2024-09-22 20:25:00+00:00,2024-09-22 20:05:00+00:00,2024-09-23 20:25:00+00:00,assumed_kickoff_plus_24h,2024_01_LA_DET;2024_02_TB_DET;2024_03_DET_ARI,1.0,0.0297029702970297,7.666666666666667,0.22330097087378642,0.827906976744186,0.0,1.6666666666666667,1.3333333333333333
2024_04_SEA_DET,Sam LaPorta,TE,DET,SEA,2024-09-30 23:15:00+00:00,2024-09-22 20:25:00+00:00,2024-09-22 20:25:00+00:00,2024-09-22 20:05:00+00:00,2024-09-23 20:25:00+00:00,assumed_kickoff_plus_24h,2024_01_LA_DET;2024_02_TB_DET;2024_03_DET_ARI,0.0,0.0,3.3333333333333335,0.0970873786407767,0.772093023255814,0.0,0.3333333333333333,0.3333333333333333
2024_04_SEA_DET,Jahmyr Gibbs,RB,DET,SEA,2024-09-30 23:15:00+00:00,2024-09-22 20:25:00+00:00,2024-09-22 20:25:00+00:00,2024-09-22 20:05:00+00:00,2024-09-23 20:25:00+00:00,assumed_kickoff_plus_24h,2024_01_LA_DET;2024_02_TB_DET;2024_03_DET_ARI,13.333333333333334,0.39603960396039606,4.333333333333333,0.1262135922330097,0.5348837209302325,3.0,1.6666666666666667,0.0
2024_04_SEA_DET,Sione Vaki,RB,DET,SEA,2024-09-30 23:15:00+00:00,2024-09-15 17:00:00+00:00,2024-09-22 20:25:00+00:00,2024-09-22 20:05:00+00:00,2024-09-23 20:25:00+00:00,assumed_kickoff_plus_24h,2024_02_TB_DET,0.0,0.0,1.0,0.018867924528301886,0.046511627906976744,0.0,0.0,0.0
2024_04_SEA_DET,Geno Smith,QB,SEA,DET,2024-09-30 23:15:00+00:00,2024-09-22 20:05:00+00:00,2024-09-22 20:05:00+00:00,2024-09-22 20:25:00+00:00,2024-09-23 20:25:00+00:00,assumed_kickoff_plus_24h,2024_01_DEN_SEA;2024_02_SEA_NE;2024_03_MIA_SEA,3.6666666666666665,0.14666666666666667,0.0,0.0,1.0,0.3333333333333333,0.0,0.0
2024_04_SEA_DET,Tyler Lockett,WR,SEA,DET,2024-09-30 23:15:00+00:00,2024-09-22 20:05:00+00:00,2024-09-22 20:05:00+00:00,2024-09-22 20:25:00+00:00,2024-09-23 20:25:00+00:00,assumed_kickoff_plus_24h,2024_01_DEN_SEA;2024_02_SEA_NE;2024_03_MIA_SEA,0.0,0.0,5.666666666666667,0.16831683168316833,0.6417910447761194,0.0,0.0,0.0
2024_04_SEA_DET,Pharaoh Brown,TE,SEA,DET,2024-09-30 23:15:00+00:00,2024-09-22 20:05:00+00:00,2024-09-22 20:05:00+00:00,2024-09-22 20:25:00+00:00,2024-09-23 20:25:00+00:00,assumed_kickoff_plus_24h,2024_03_MIA_SEA,0.0,0.0,2.0,0.06060606060606061,0.46875,0.0,0.0,0.0
2024_04_SEA_DET,DK Metcalf,WR,SEA,DET,2024-09-30 23:15:00+00:00,2024-09-22 20:05:00+00:00,2024-09-22 20:05:00+00:00,2024-09-22 20:25:00+00:00,2024-09-23 20:25:00+00:00,assumed_kickoff_plus_24h,2024_01_DEN_SEA;2024_02_SEA_NE;2024_03_MIA_SEA,0.0,0.0,8.0,0.2376237623762376,0.8606965174129353,0.0,0.3333333333333333,0.0
2024_04_SEA_DET,Noah Fant,TE,SEA,DET,2024-09-30 23:15:00+00:00,2024-09-22 20:05:00+00:00,2024-09-22 20:05:00+00:00,2024-09-22 20:25:00+00:00,2024-09-23 20:25:00+00:00,assumed_kickoff_plus_24h,2024_01_DEN_SEA;2024_02_SEA_NE;2024_03_MIA_SEA,0.0,0.0,4.333333333333333,0.12871287128712872,0.6716417910447762,0.0,0.3333333333333333,0.3333333333333333
2024_04_SEA_DET,Laviska Shenault Jr.,WR,SEA,DET,2024-09-30 23:15:00+00:00,2024-09-22 20:05:00+00:00,2024-09-22 20:05:00+00:00,2024-09-22 20:25:00+00:00,2024-09-23 20:25:00+00:00,assumed_kickoff_plus_24h,2024_01_DEN_SEA;2024_02_SEA_NE;2024_03_MIA_SEA,0.3333333333333333,0.013333333333333334,1.0,0.0297029702970297,0.0945273631840796,0.0,0.0,0.0
2024_04_SEA_DET,Dareke Young,WR,SEA,DET,2024-09-30 23:15:00+00:00,2024-09-08 20:05:00+00:00,2024-09-22 20:05:00+00:00,2024-09-22 20:25:00+00:00,2024-09-23 20:25:00+00:00,assumed_kickoff_plus_24h,2024_01_DEN_SEA,0.0,0.0,1.0,0.04,0.1044776119402985,0.0,0.0,0.0
2024_04_SEA_DET,Kenneth Walker III,RB,SEA,DET,2024-09-30 23:15:00+00:00,2024-09-08 20:05:00+00:00,2024-09-22 20:05:00+00:00,2024-09-22 20:25:00+00:00,2024-09-23 20:25:00+00:00,assumed_kickoff_plus_24h,2024_01_DEN_SEA,20.0,0.6060606060606061,3.0,0.12,0.6567164179104478,2.0,2.0,0.0
2024_04_SEA_DET,Brady Russell,RB,SEA,DET,2024-09-30 23:15:00+00:00,2024-09-08 20:05:00+00:00,2024-09-22 20:05:00+00:00,2024-09-22 20:25:00+00:00,2024-09-23 20:25:00+00:00,assumed_kickoff_plus_24h,2024_01_DEN_SEA,0.0,0.0,0.0,0.0,0.05970149253731343,0.0,0.0,0.0
2024_04_SEA_DET,Jaxon Smith-Njigba,WR,SEA,DET,2024-09-30 23:15:00+00:00,2024-09-22 20:05:00+00:00,2024-09-22 20:05:00+00:00,2024-09-22 20:25:00+00:00,2024-09-23 20:25:00+00:00,assumed_kickoff_plus_24h,2024_01_DEN_SEA;2024_02_SEA_NE;2024_03_MIA_SEA,0.0,0.0,7.0,0.2079207920792079,0.8308457711442786,0.0,0.0,0.0
2024_04_SEA_DET,Kenny McIntosh,RB,SEA,DET,2024-09-30 23:15:00+00:00,2024-09-22 20:05:00+00:00,2024-09-22 20:05:00+00:00,2024-09-22 20:25:00+00:00,2024-09-23 20:25:00+00:00,assumed_kickoff_plus_24h,2024_03_MIA_SEA,3.0,0.13043478260869565,0.0,0.0,0.15625,0.0,0.0,0.0
2024_04_SEA_DET,Jake Bobo,WR,SEA,DET,2024-09-30 23:15:00+00:00,2024-09-15 17:00:00+00:00,2024-09-22 20:05:00+00:00,2024-09-22 20:25:00+00:00,2024-09-23 20:25:00+00:00,assumed_kickoff_plus_24h,2024_02_SEA_NE,0.0,0.0,2.0,0.046511627906976744,0.2,0.0,0.0,0.0
2024_04_SEA_DET,Zach Charbonnet,RB,SEA,DET,2024-09-30 23:15:00+00:00,2024-09-22 20:05:00+00:00,2024-09-22 20:05:00+00:00,2024-09-22 20:25:00+00:00,2024-09-23 20:25:00+00:00,assumed_kickoff_plus_24h,2024_01_DEN_SEA;2024_02_SEA_NE;2024_03_MIA_SEA,13.333333333333334,0.5333333333333333,4.0,0.1188118811881188,0.7164179104477612,1.6666666666666667,0.0,0.0
2024_04_SEA_DET,AJ Barner,TE,SEA,DET,2024-09-30 23:15:00+00:00,2024-09-22 20:05:00+00:00,2024-09-22 20:05:00+00:00,2024-09-22 20:25:00+00:00,2024-09-23 20:25:00+00:00,assumed_kickoff_plus_24h,2024_02_SEA_NE;2024_03_MIA_SEA,0.0,0.0,1.5,0.039473684210526314,0.3208955223880597,0.0,0.0,0.0
